10 0.2492663860321045 0.2100476324558258 0.9033623933792114 imager_546951863443
20 0.2317821979522705 0.17748486995697021 0.8136997222900391 imaged_547001880072
30 0.2275102287530899 0.19742023944854736 0.6840513944625854 imagel_547086864973
40 0.2734045386314392 0.22732630372047424 0.5381653904914856 imageu_547121866605
50 0.24213658273220062 0.19463473558425903 0.4430099129676819 imageu_546958870432
60 0.11980438977479935 0.08126449584960938 0.39879992604255676 imageu_546919864808
70 0.10972786694765091 0.06931845843791962 0.376937597990036 imageb_546892871169
80 0.39201852679252625 0.3723112642765045 0.36426687240600586 imageb_547014859704
90 0.23908086121082306 0.18825125694274902 0.35462555289268494 imaged_546941853440
100 0.17151616513729095 0.13294246792793274 0.346075177192688 imaged_547048860337
110 0.43965479731559753 0.3526563048362732 0.3387053906917572 imageu_546848860533
120 0.1523612141609192 0.12993037700653076 0.3325728178024292 imager_547125870610
130 0.20575831830501556 0.17923398315906525 0.32638469338417053 imagel_547084862980
140 0.16374017298221588 0.1369461566209793 0.31942686438560486 imagel_546912857810
150 0.2504177987575531 0.1772695928812027 0.3126440644264221 imaged_547169881238
160 0.05063994601368904 0.03878888860344887 0.3080059587955475 imager_546921866804
170 0.12911082804203033 0.10862856358289719 0.30318334698677063 imager_546963875440
180 0.19256235659122467 0.15293291211128235 0.2969104051589966 imaged_546929874807
190 0.18911848962306976 0.15285000205039978 0.29018068313598633 imaged_546912857810
200 0.587306797504425 0.4813906252384186 0.285399854183197 imagel_546846858536
210 0.13820432126522064 0.11128198355436325 0.28229525685310364 imagef_547023868703
220 0.2537700831890106 0.23607304692268372 0.27845659852027893 imager_547019864709
230 0.13705632090568542 0.10989441722631454 0.2737196385860443 imagel_546996875070
240 0.08484986424446106 0.0570661686360836 0.26996055245399475 imageu_547050862335
250 0.202705979347229 0.16229888796806335 0.2667640149593353 imaged_546997876076
260 0.262896329164505 0.17607282102108002 0.2641296088695526 imageb_547172884238
270 0.19655607640743256 0.16285410523414612 0.26183193922042847 imaged_547064876339
280 0.12656521797180176 0.09727397561073303 0.2593153417110443 imagef_547126871606
290 0.22602224349975586 0.19766037166118622 0.2561902403831482 imageb_547098876976
300 0.4116920232772827 0.4023117125034332 0.25383248925209045 imageu_547160872234
310 0.168155238032341 0.13872073590755463 0.25082457065582275 imageb_547132877611
320 0.04496481642127037 0.03368974104523659 0.24699775874614716 imager_546931876806
330 0.14752016961574554 0.11244809627532959 0.24309970438480377 imaged_547121866605
340 0.13141268491744995 0.09680745005607605 0.2399059534072876 imageb_546946858444
350 0.29580312967300415 0.23961319029331207 0.23713140189647675 imageu_546851863543
360 0.15644831955432892 0.13006573915481567 0.23496600985527039 imagel_546919864808
370 0.09493747353553772 0.07927031069993973 0.23296083509922028 imager_547009854705
380 0.19172978401184082 0.15036314725875854 0.23084615170955658 imaged_547016861703
390 0.0768047571182251 0.05221373587846756 0.22845792770385742 imagef_547081859975
400 0.392951101064682 0.3264966607093811 0.22656665742397308 imageb_547193871872
410 0.07901137322187424 0.0540129691362381 0.22475267946720123 imagef_547135880603
420 0.11602695286273956 0.10142960399389267 0.22326445579528809 imageb_546868880541
430 0.06528196483850479 0.04248475283384323 0.22196868062019348 imageu_547062874337
440 0.3759351372718811 0.3478851318359375 0.22078922390937805 imager_547167879238
450 0.07769492268562317 0.05196291208267212 0.21904295682907104 imageu_547103881966
460 0.15892615914344788 0.12589716911315918 0.2171919047832489 imageu_547006885077
470 0.10730596631765366 0.0773266926407814 0.21472667157649994 imageb_547052864345
480 0.1720750480890274 0.1374983787536621 0.21299220621585846 imaged_547089867973
490 0.36110708117485046 0.31439900398254395 0.2117753028869629 imaged_547172884238
500 0.11520024389028549 0.08388524502515793 0.21055535972118378 imageu_546934879798
510 0.23146343231201172 0.20262347161769867 0.20793907344341278 imagel_547147859235
520 0.08548489212989807 0.058165524154901505 0.20466984808444977 imagef_546924869806
530 0.13528400659561157 0.10830207169055939 0.20237652957439423 imageb_547104882977
540 0.08321274071931839 0.058305274695158005 0.20024047791957855 imagef_547002881074
550 0.3456118106842041 0.27855417132377625 0.19885343313217163 imagef_547198876871
560 0.07623079419136047 0.05028099939227104 0.1977846324443817 imagef_547007852711
570 0.06378138065338135 0.04099620133638382 0.19683174788951874 imagef_547069881338
580 0.3686550259590149 0.3186544179916382 0.1957080066204071 imaged_547174852869
590 0.1273581087589264 0.10694664716720581 0.19441497325897217 imageb_547162874244
600 0.17185616493225098 0.1413847655057907 0.1926538348197937 imaged_546890869170
610 0.09822387248277664 0.07864521443843842 0.1913597583770752 imageu_546866878536
620 0.08198364824056625 0.06135344132781029 0.1905345469713211 imagef_547053865336
630 0.07727569341659546 0.04687316715717316 0.18899166584014893 imagef_547111856605
640 0.0773605927824974 0.05236475169658661 0.18742552399635315 imagef_546989868066
650 0.06782601773738861 0.04587283357977867 0.18545399606227875 imagef_547065877343
660 0.10709136724472046 0.07415703684091568 0.18325580656528473 imageb_547072884335
670 0.03610273078083992 0.028378022834658623 0.18197861313819885 imager_546924869806
680 0.7512081861495972 0.7193973660469055 0.18101206421852112 imager_546861873539
690 0.08879339694976807 0.05994695797562599 0.17978878319263458 imagef_546979858070
700 0.08250028640031815 0.05628184601664543 0.17861932516098022 imageb_547091869975
710 0.11595089733600616 0.08381712436676025 0.1769234836101532 imageu_547009854705
720 0.09759554266929626 0.06912891566753387 0.17543254792690277 imageb_546962874438
730 0.23920884728431702 0.23918741941452026 0.17441719770431519 imager_547164876237
740 0.12224224954843521 0.0924357995390892 0.17329801619052887 imageb_546948860438
750 0.042048148810863495 0.030063465237617493 0.17217320203781128 imager_546922867806
760 0.08265528827905655 0.05255059525370598 0.1710909754037857 imageu_546980859076
770 0.36700403690338135 0.2933845818042755 0.17014172673225403 imageu_546849861536
780 0.16521111130714417 0.13063009083271027 0.16947178542613983 imaged_546933878804
790 0.7999874353408813 0.7513216137886047 0.16888485848903656 imager_547205883874
800 0.1541208177804947 0.14431703090667725 0.16803137958049774 imagef_547164876237
810 0.1425248682498932 0.11109333485364914 0.16696012020111084 imageu_546963875440
820 0.14088651537895203 0.1230526864528656 0.16577103734016418 imagel_546853865537
830 0.15991126000881195 0.13323907554149628 0.1646595299243927 imagel_546914859807
840 0.6689830422401428 0.5980933904647827 0.16388964653015137 imageu_546843855539
850 0.046478692442178726 0.03634621202945709 0.16329221427440643 imager_547094872971
860 0.10130318254232407 0.08256801962852478 0.16275882720947266 imagef_547157869236
870 0.10283304005861282 0.07064741104841232 0.1622370183467865 imageb_546997876076
880 0.6533069610595703 0.5649349689483643 0.16121257841587067 imageb_547205883874
890 0.16645629703998566 0.13712243735790253 0.1600147783756256 imaged_546996875070
900 0.04831690713763237 0.03899779170751572 0.15934409201145172 imager_547086864973
910 0.15356650948524475 0.1262790709733963 0.15880180895328522 imaged_547075853978
920 0.14767508208751678 0.12188411504030228 0.15811219811439514 imagel_546899878172
930 0.12531046569347382 0.09540589153766632 0.1573641300201416 imageb_546904883185
940 0.19446998834609985 0.16902031004428864 0.15649017691612244 imagel_547132877611
950 0.06992907077074051 0.04158371686935425 0.15591922402381897 imagef_547035880703
960 0.09592384099960327 0.06715171039104462 0.1553684026002884 imageb_547099877967
970 0.430785208940506 0.3811011016368866 0.1545952707529068 imageu_547169881238
980 0.07567053288221359 0.062359098345041275 0.15385225415229797 imagef_546866878536
990 0.09686918556690216 0.06903651356697083 0.15321362018585205 imageb_547074852968
1000 0.07264149188995361 0.0484686903655529 0.15251629054546356 imageb_547089867973
1010 0.16063283383846283 0.13579273223876953 0.15206080675125122 imaged_547074852968
1020 0.04328697919845581 0.03710479661822319 0.1512981802225113 imager_546883862169
1030 0.20125903189182281 0.17245061695575714 0.15060144662857056 imagel_547149861238
1040 0.0902814120054245 0.0671854242682457 0.1499144434928894 imageb_547013858709
1050 0.20930351316928864 0.18661442399024963 0.14900095760822296 imagel_547018863705
1060 0.05721043795347214 0.04766743257641792 0.14825594425201416 imager_547149861238
1070 0.08076043426990509 0.05431026220321655 0.1476452499628067 imageu_546914859807
1080 0.052960824221372604 0.04148409143090248 0.14694415032863617 imager_547087865974
1090 0.6415773034095764 0.5514017343521118 0.14606159925460815 imaged_546849861536
1100 0.07463804632425308 0.05227837339043617 0.1448262333869934 imageu_546945857437
1110 0.12126369774341583 0.07873404771089554 0.14394018054008484 imagef_546863875543
1120 0.041754428297281265 0.03117862530052662 0.14318332076072693 imager_546900879170
1130 0.19450734555721283 0.13686710596084595 0.14235222339630127 imageb_547169881238
1140 0.651788592338562 0.5631583333015442 0.14160796999931335 imageb_547203881874
1150 0.11934418231248856 0.08410073071718216 0.14093062281608582 imageb_546899878172
1160 0.9229117631912231 0.9019299149513245 0.14053435623645782 imager_547174852869
1170 0.09957268834114075 0.061683397740125656 0.14014416933059692 imagef_546902881194
1180 0.07829234004020691 0.050855159759521484 0.13974624872207642 imagef_546941853440
1190 0.04622194916009903 0.03944024443626404 0.13930076360702515 imager_546916861809
1200 0.18127001821994781 0.15926334261894226 0.13897256553173065 imagel_547137882603
1210 0.08258385956287384 0.055585745722055435 0.13874918222427368 imageu_547074852968
1220 0.3584611117839813 0.3131859302520752 0.13825635612010956 imagef_547191869875
1230 0.1908748298883438 0.16605244576931 0.13772661983966827 imagel_547014859704
1240 0.14630363881587982 0.11359129846096039 0.13735367357730865 imaged_546936881803
1250 0.5882744789123535 0.4960496723651886 0.13690194487571716 imageb_546848860533
1260 0.048078540712594986 0.040631625801324844 0.13640902936458588 imager_547064876339
1270 0.10544952005147934 0.07741712033748627 0.13604694604873657 imageu_546977856071
1280 0.1979919821023941 0.16754373908042908 0.1355162113904953 imagel_547024869702
1290 0.17826195061206818 0.14915907382965088 0.13530640304088593 imaged_547033878707
1300 0.0801021158695221 0.04958701133728027 0.1351669579744339 imagef_546894873172
1310 0.08097048103809357 0.05250472202897072 0.1351078450679779 imageu_546875854173
1320 0.06872133910655975 0.04193480685353279 0.13511225581169128 imagef_546933878804
1330 0.06211778149008751 0.04075810685753822 0.13523587584495544 imageu_547067879338
1340 0.08277934789657593 0.05336768180131912 0.13517510890960693 imagef_546946858444
1350 0.09154322743415833 0.06995967030525208 0.13502709567546844 imageu_547121866605
1360 0.3721134066581726 0.3230177164077759 0.1344718337059021 imageu_547176854870
1370 0.13364869356155396 0.12191243469715118 0.13385072350502014 imagel_547160872234
1380 0.05370509997010231 0.03295886144042015 0.13364259898662567 imagef_546996875070
1390 0.0902053713798523 0.06335906684398651 0.13334617018699646 imageb_546926871803
1400 0.09880229830741882 0.0732460469007492 0.13307487964630127 imageb_546970882435
1410 0.07986495643854141 0.0475701242685318 0.1328383833169937 imagef_546938883810
1420 0.04929962009191513 0.02834370918571949 0.13252577185630798 imagef_546956868435
1430 0.051791977137327194 0.04426933079957962 0.13229042291641235 imager_547002881074
1440 0.10735909640789032 0.07303231209516525 0.1320764571428299 imageb_546880859173
1450 0.1519862413406372 0.12638123333454132 0.13208386301994324 imaged_546921866804
1460 0.06275763362646103 0.04040118679404259 0.1320302039384842 imagef_547084862980
1470 0.16220319271087646 0.13022007048130035 0.1320568025112152 imaged_546933878804
1480 0.1593620926141739 0.12777960300445557 0.13178102672100067 imagel_546977856071
1490 0.17006902396678925 0.14134959876537323 0.13151785731315613 imagel_547075853978
1500 0.06065205857157707 0.03574712947010994 0.13113407790660858 imagef_547074852968
1510 0.04683134704828262 0.036709725856781006 0.13057270646095276 imager_546897876191
1520 0.07419798523187637 0.05081748962402344 0.1300368756055832 imageb_546938883810
1530 0.6304431557655334 0.5365254878997803 0.12954680621623993 imageb_546841853547
1540 0.09623623639345169 0.057236190885305405 0.12925732135772705 imagef_546967879439
1550 0.042966727167367935 0.03499047830700874 0.1291479468345642 imager_547055867337
1560 0.09992718696594238 0.08050055056810379 0.1289013773202896 imageb_546866878536
1570 0.46926742792129517 0.35161498188972473 0.12888330221176147 imaged_547198876871
1580 0.07514443248510361 0.049658022820949554 0.12873715162277222 imageu_546912857810
1590 0.16870196163654327 0.1419382244348526 0.12862223386764526 imagel_547064876339
1600 0.0650453194975853 0.043066415935754776 0.1283007711172104 imagef_547016861703
1610 0.5920359492301941 0.4891597628593445 0.12766310572624207 imagel_547201879876
1620 0.10436902195215225 0.0691748559474945 0.12715600430965424 imageb_546883862169
1630 0.06281440705060959 0.0454891063272953 0.12689414620399475 imagef_547094872971
1640 0.05428771302103996 0.046802785247564316 0.12677878141403198 imager_546946858444
1650 0.1431088000535965 0.12142319232225418 0.12654557824134827 imageu_547142854240
1660 0.15459699928760529 0.13249322772026062 0.12606646120548248 imagel_547092870974
1670 0.15431103110313416 0.1240495964884758 0.1259118914604187 imaged_546960872437
1680 0.05194069445133209 0.03458307310938835 0.12576507031917572 imagef_547018863705
1690 0.14454960823059082 0.11554095149040222 0.12567947804927826 imaged_546924869806
1700 0.08079233020544052 0.05678827688097954 0.12531346082687378 imageu_546933878804
1710 0.12173876911401749 0.10514597594738007 0.12492448836565018 imageb_547164876237
1720 0.17198829352855682 0.14414618909358978 0.12458775192499161 imagel_547043855348
1730 0.4362555146217346 0.29904407262802124 0.124481201171875 imageu_547203881874
1740 0.16091854870319366 0.13404884934425354 0.12432537972927094 imagel_546950862437
1750 0.08812928944826126 0.051391761749982834 0.12415152788162231 imageu_546892871169
1760 0.04360952973365784 0.0369144082069397 0.12386245280504227 imager_547138883611
1770 0.1962231993675232 0.16712813079357147 0.12377360463142395 imaged_546992871071
1780 0.3002886176109314 0.25675928592681885 0.12362267822027206 imagef_547179857873
1790 0.09154585748910904 0.058860935270786285 0.12338852882385254 imagef_546970882435
1800 0.16094845533370972 0.13397908210754395 0.12313157320022583 imagel_547132877611
1810 0.053531464189291 0.0490022711455822 0.1227153018116951 imager_547123868601
1820 0.42986470460891724 0.292300283908844 0.1222318485379219 imageu_547205883874
1830 0.06210952624678612 0.041458237916231155 0.12161925435066223 imagef_547101879972
1840 0.5626592636108398 0.45249754190444946 0.12109802663326263 imageb_546844856539
1850 0.47178369760513306 0.4171040952205658 0.12069424986839294 imaged_546858870537
1860 0.9091079831123352 0.884918749332428 0.12028668820858002 imager_547188866869
1870 0.32339534163475037 0.2653751075267792 0.11981737613677979 imagef_547198876871
1880 0.08066587150096893 0.0492708720266819 0.1195024773478508 imageu_546894873172
1890 0.18247665464878082 0.1521298587322235 0.11905980110168457 imaged_546990869071
1900 0.1762426793575287 0.14468224346637726 0.11881475150585175 imaged_546897876191
1910 0.06787928938865662 0.03976712375879288 0.11838787794113159 imageu_546885864170
1920 0.06581473350524902 0.045469872653484344 0.11790270358324051 imageu_547028873712
1930 0.09616100788116455 0.06831778585910797 0.11741256713867188 imageb_546900879170
1940 0.07040120661258698 0.050167910754680634 0.116958849132061 imageb_547125870610
1950 0.16568979620933533 0.13373339176177979 0.11655737459659576 imagel_547033878707
1960 0.085105299949646 0.062136661261320114 0.11639002710580826 imageb_546929874807
1970 0.08224402368068695 0.05195418745279312 0.11622925102710724 imageb_547137882603
1980 0.08640342205762863 0.06334269046783447 0.11608077585697174 imageb_546987866076
1990 0.04185028746724129 0.037030868232250214 0.11573703587055206 imager_546985864078
2000 0.17915569245815277 0.1478014886379242 0.11543496698141098 imaged_547130875605
2010 0.03319810330867767 0.027616320177912712 0.1153455525636673 imager_546871883543
2020 0.9044471979141235 0.879156768321991 0.11528242379426956 imager_547184862870
2030 0.0742880329489708 0.05284889414906502 0.11521130055189133 imageu_547092870974
2040 0.6798142194747925 0.5986101627349854 0.115020751953125 imaged_546851863543
2050 0.08615624904632568 0.060331959277391434 0.11460945010185242 imageb_547070882331
2060 0.07856973260641098 0.0553419291973114 0.1143481507897377 imageu_547115860606
2070 0.08004625886678696 0.05553349107503891 0.11412056535482407 imageu_547045857339
2080 0.03195604309439659 0.0252043716609478 0.1138586774468422 imager_547116861604
2090 0.0889120101928711 0.06299345195293427 0.11375865340232849 imageu_546977856071
2100 0.07221847027540207 0.06979615986347198 0.1133655533194542 imager_546977856071
2110 0.03864898160099983 0.029327722266316414 0.11302059888839722 imager_546968880435
2120 0.09219784289598465 0.06542085111141205 0.11276925355195999 imageb_547052864345
2130 0.11030615121126175 0.07016944885253906 0.11224662512540817 imagef_546863875543
2140 0.0825299322605133 0.058187004178762436 0.11190272867679596 imageb_547033878707
2150 0.08985158056020737 0.07325395941734314 0.11159150302410126 imageu_546866878536
2160 0.07562629133462906 0.052419792860746384 0.11134272813796997 imageb_546958870432
2170 0.059597309678792953 0.03962608426809311 0.11128450185060501 imageu_546953865434
2180 0.17179308831691742 0.14421728253364563 0.1112259104847908 imaged_546909854806
2190 0.07341581583023071 0.05067421868443489 0.11107616126537323 imageb_547058870341
2200 0.13771487772464752 0.10154899209737778 0.11076955497264862 imageu_546858870537
2210 0.6827915906906128 0.602511465549469 0.11052925139665604 imagel_546839884906
2220 0.7946529388427734 0.7473602890968323 0.11019817739725113 imager_547205883874
2230 0.06475666910409927 0.045747168362140656 0.11004951596260071 imagef_547145857237
2240 0.03282950818538666 0.024921564385294914 0.10994896292686462 imager_546951863443
2250 0.15167827904224396 0.12452254444360733 0.11007677763700485 imaged_546900879170
2260 0.21134676039218903 0.1757897585630417 0.11000126600265503 imaged_547086864973
2270 0.03521435707807541 0.02893909066915512 0.10970330238342285 imager_546929874807
2280 0.19873163104057312 0.16959954798221588 0.10942546278238297 imaged_546883862169
2290 0.07207435369491577 0.04310043156147003 0.10904647409915924 imageb_547111856605
2300 0.2362026423215866 0.23712417483329773 0.10888296365737915 imageu_547162874244
2310 0.06877271085977554 0.04047708213329315 0.10866069793701172 imagef_546883862169
2320 0.10980473458766937 0.07587559521198273 0.10847007483243942 imageu_546888867171
2330 0.050013117492198944 0.03985556587576866 0.10832680016756058 imager_547060872343
2340 0.0462988056242466 0.032066114246845245 0.10820259898900986 imager_547074852968
2350 0.039716221392154694 0.02994927205145359 0.10796836018562317 imager_546938883810
2360 0.15412506461143494 0.14634202420711517 0.10770004987716675 imageu_547154866233
2370 0.06989695876836777 0.04279433563351631 0.1072535514831543 imagef_546945857437
2380 0.2508249580860138 0.225950226187706 0.1070028617978096 imaged_546873885533
2390 0.7962009310722351 0.7685680389404297 0.10675767809152603 imager_546860872536
2400 0.07914716005325317 0.05460476130247116 0.10657434910535812 imageb_547050862335
2410 0.07550646364688873 0.055668629705905914 0.10642117261886597 imageu_547033878707
2420 0.1024717316031456 0.08137522637844086 0.10617654025554657 imageu_547013858709
2430 0.16190101206302643 0.1358983963727951 0.10592062771320343 imagel_547079857970
2440 0.08286070078611374 0.05112653970718384 0.1057676151394844 imagef_546929874807
2450 0.0999506413936615 0.06610644608736038 0.10542155057191849 imageb_546922867806
2460 0.07676249742507935 0.05467921867966652 0.10525695234537125 imagef_547128873606
2470 0.06626959890127182 0.040091756731271744 0.10520442575216293 imagef_546953865434
2480 0.6209969520568848 0.5253249406814575 0.10492407530546188 imageb_546846858536
2490 0.06502114236354828 0.042772550135850906 0.10461865365505219 imageb_547011856705
2500 0.19685572385787964 0.1629418581724167 0.10434050858020782 imaged_546979858070
2510 0.1854453980922699 0.15968990325927734 0.10403940081596375 imagel_547149861238
2520 0.15263020992279053 0.1219819039106369 0.103770911693573 imaged_547084862980
2530 0.107698954641819 0.0873289406299591 0.10339241474866867 imagel_546882861171
2540 0.5935271978378296 0.4984143376350403 0.10325788706541061 imagef_546846858536
2550 0.1755649894475937 0.14197023212909698 0.10322319716215134 imaged_547024869702
2560 0.15082232654094696 0.11970788240432739 0.10320813953876495 imaged_546962874438
2570 0.0656038373708725 0.04265432432293892 0.10295850783586502 imagef_546985864078
2580 0.5550885796546936 0.4507082402706146 0.10286733508110046 imagef_547193871872
2590 0.1823563575744629 0.15460138022899628 0.10268386453390121 imagel_546926871803
2600 0.13112607598304749 0.10877761244773865 0.10249568521976471 imagel_546877856173
2610 0.045181795954704285 0.0368647463619709 0.10233330726623535 imager_547058870341
2620 0.0676056444644928 0.048781584948301315 0.10228025913238525 imageu_547030875702
2630 0.566757082939148 0.4581019878387451 0.10217662155628204 imageb_547196874870
2640 0.06747261434793472 0.035856131464242935 0.10205294191837311 imagef_546931876806
2650 0.06109035015106201 0.04033485800027847 0.10203203558921814 imageu_546968880435
2660 0.08649051189422607 0.05034296214580536 0.1018645390868187 imageu_546892871169
2670 0.08117402344942093 0.05141398310661316 0.10170576721429825 imageb_546967879439
2680 0.12624216079711914 0.09737807512283325 0.10149228572845459 imaged_547126871606
2690 0.07087340950965881 0.0461590550839901 0.1011854037642479 imageb_547098876976
2700 0.13907717168331146 0.10908018052577972 0.10094065964221954 imaged_546962874438
2710 0.1271803379058838 0.10242275148630142 0.10094218701124191 imagel_546899878172
2720 0.11604868620634079 0.09231365472078323 0.10096237063407898 imagel_546996875070
2730 0.12704616785049438 0.12441511452198029 0.1009332612156868 imager_547162874244
2740 0.14335417747497559 0.1257689893245697 0.1006745994091034 imagel_547126871606
2750 0.14565971493721008 0.11977924406528473 0.10040173679590225 imaged_546900879170
2760 0.03563137352466583 0.028628991916775703 0.10019552707672119 imager_547126871606
2770 0.044366832822561264 0.030145816504955292 0.10015754401683807 imager_547050862335
2780 0.6796642541885376 0.5986101627349854 0.10002414882183075 imaged_546851863543
2790 0.14596235752105713 0.11767883598804474 0.0998765379190445 imaged_547147859235
2800 0.5916801691055298 0.4992552697658539 0.0996568575501442 imagef_546841853547
2810 0.48078635334968567 0.3966856896877289 0.09951367974281311 imageu_547189867877
2820 0.07109715044498444 0.048272378742694855 0.09939798712730408 imageb_546938883810
2830 0.0365850105881691 0.026730282232165337 0.09936023503541946 imager_546962874438
2840 0.038648564368486404 0.0304250568151474 0.09936384111642838 imager_547062874337
2850 0.06899376213550568 0.041163939982652664 0.09948211163282394 imagef_546885864170
2860 0.06528789550065994 0.045999567955732346 0.0995822548866272 imageu_547033878707
2870 0.1668710708618164 0.14403800666332245 0.09954072535037994 imagel_547099877967
2880 0.32995057106018066 0.24232040345668793 0.09917417913675308 imagel_547191869875
2890 0.5142505168914795 0.43729618191719055 0.09891805052757263 imageu_546846858536
2900 0.13335996866226196 0.10696915537118912 0.09881080687046051 imagel_547030875702
2910 0.1691029965877533 0.14133340120315552 0.09871051460504532 imagel_546933878804
2920 0.0712178573012352 0.041785381734371185 0.09853862971067429 imagef_547057869336
2930 0.48181822896003723 0.3781489431858063 0.0983395129442215 imaged_547205883874
2940 0.027567099779844284 0.022066745907068253 0.09797291457653046 imager_546868880541
2950 0.06657273322343826 0.0424954928457737 0.09775517880916595 imageu_547070882331
2960 0.17184244096279144 0.1766079217195511 0.09763436764478683 imageu_547160872234
2970 0.11768243461847305 0.08891170471906662 0.09720867872238159 imaged_546929874807
2980 0.18540500104427338 0.15586063265800476 0.09690006077289581 imaged_546984863078
2990 0.2892191708087921 0.22519254684448242 0.09665177762508392 imagel_547186864875
3000 0.07840380072593689 0.05271264165639877 0.09645666182041168 imageu_547038883711
3010 0.1306813359260559 0.10481288284063339 0.09624455124139786 imaged_547075853978
3020 0.11420305073261261 0.08904126286506653 0.0960858166217804 imaged_547150862236
3030 0.07163815945386887 0.04788739234209061 0.0957675501704216 imagef_546924869806
3040 0.055158380419015884 0.035303130745887756 0.09564780443906784 imageu_546989868066
3050 0.08304748684167862 0.050097256898880005 0.0953187420964241 imageb_547113858603
3060 0.08118390291929245 0.05354763939976692 0.09499004483222961 imageb_546890869170
3070 0.06362273544073105 0.03903139382600784 0.09468112885951996 imagef_547142854240
3080 0.07914868742227554 0.05780720338225365 0.09444168210029602 imagef_547096874977
3090 0.07466993480920792 0.049944918602705 0.09425192326307297 imagef_547150862236
3100 0.11096446961164474 0.08334711194038391 0.09414000064134598 imageb_546875854173
3110 0.07157222181558609 0.05021798610687256 0.09394708275794983 imageu_546921866804
3120 0.08885355293750763 0.0655335932970047 0.0937088206410408 imageb_546970882435
3130 0.07952476292848587 0.05667196586728096 0.09360496699810028 imageb_546914859807
3140 0.10086210072040558 0.07469264417886734 0.09357429295778275 imageb_547023868703
3150 0.17388354241847992 0.15840554237365723 0.09333547204732895 imageu_547150862236
3160 0.4312284588813782 0.296857088804245 0.0931694284081459 imageu_547203881874
3170 0.15502436459064484 0.1341601312160492 0.09308800846338272 imagel_547098876976
3180 0.16855821013450623 0.1373361200094223 0.09294386208057404 imagel_547024869702
3190 0.06066599115729332 0.0384250208735466 0.09289207309484482 imagef_547133878607
3200 0.06505144387483597 0.04369475319981575 0.09286073595285416 imageu_546975854071
3210 0.035406459122896194 0.026451168581843376 0.092745840549469 imager_546878857194
3220 0.07019458711147308 0.04994992911815643 0.09256178885698318 imageu_546999878077
3230 0.07422758638858795 0.057031258940696716 0.09232140332460403 imageu_547019864709
3240 0.0598604790866375 0.039471570402383804 0.09202093631029129 imagef_547052864345
3250 0.14178836345672607 0.11716566979885101 0.09189553558826447 imaged_547152864241
3260 0.16516907513141632 0.13676761090755463 0.09167831391096115 imaged_547069881338
3270 0.04646025225520134 0.0369214192032814 0.09155155718326569 imager_546897876191
3280 0.1532800793647766 0.13540220260620117 0.09151951223611832 imagel_547142854240
3290 0.20309309661388397 0.17563337087631226 0.09137232601642609 imaged_546887866191
3300 0.07068058103322983 0.04129556566476822 0.09120066463947296 imageb_547115860606
3310 0.14011743664741516 0.11356813460588455 0.0909811407327652 imaged_547142854240
3320 0.02982928603887558 0.024801043793559074 0.0906146913766861 imager_546871883543
3330 0.147445946931839 0.11620227992534637 0.09046061336994171 imaged_547140885602
3340 0.07106554508209229 0.04619459807872772 0.09043192863464355 imageu_546917862811
3350 0.1262459009885788 0.10619751363992691 0.09029518812894821 imagel_546999878077
3360 0.3459042012691498 0.2937113642692566 0.09002149850130081 imaged_547186864875
3370 0.13615155220031738 0.10673259943723679 0.0897909626364708 imaged_546945857437
3380 0.12625828385353088 0.09328416734933853 0.08967823535203934 imageb_546921866804
3390 0.0967254638671875 0.0684058889746666 0.08946473151445389 imageb_546902881194
3400 0.14330796897411346 0.11489570140838623 0.08923695236444473 imaged_546917862811
3410 0.4177645444869995 0.37017232179641724 0.08899345993995667 imaged_546861873539
3420 0.12837518751621246 0.1053566113114357 0.08880898356437683 imagel_547067879338
3430 0.13635478913784027 0.1051148772239685 0.0887865275144577 imaged_546938883810
3440 0.16991999745368958 0.14030121266841888 0.08873076736927032 imaged_546894873172
3450 0.07039546966552734 0.04716745764017105 0.08865918219089508 imagef_547011856705
3460 0.16522489488124847 0.13921315968036652 0.08860879391431808 imagel_547041853338
3470 0.06196289137005806 0.04915165156126022 0.08852426707744598 imagel_546868880541
3480 0.14723417162895203 0.12862956523895264 0.08836721628904343 imagel_547115860606
3490 0.06508610397577286 0.043695978820323944 0.08822910487651825 imageu_546934879798
3500 0.16217032074928284 0.13295726478099823 0.08810470998287201 imaged_547021866708
3510 0.13492298126220703 0.11187677830457687 0.08796989172697067 imagel_546916861809
3520 0.17728818953037262 0.14124460518360138 0.08778981119394302 imaged_546980859076
3530 0.6163761019706726 0.519896388053894 0.08767585456371307 imagel_547203881874
3540 0.038222867995500565 0.032066311687231064 0.08751486241817474 imager_547031876706
3550 0.059556037187576294 0.0371771901845932 0.08768375217914581 imagef_546985864078
3560 0.17384840548038483 0.14019742608070374 0.08786264061927795 imagel_546941853440
3570 0.042252182960510254 0.030954819172620773 0.08789309859275818 imager_547043855348
3580 0.6825647950172424 0.602511465549469 0.08785335719585419 imagel_546839884906
3590 0.041602618992328644 0.03648649528622627 0.087767094373703 imager_546914859807
3600 0.16441725194454193 0.1300727277994156 0.08765117824077606 imaged_547072884335
3610 0.16304072737693787 0.1411207914352417 0.08742459118366241 imagel_546975854071
3620 0.08157989382743835 0.05706668272614479 0.08706255257129669 imagef_547023868703
3630 0.17376963794231415 0.15403613448143005 0.0867839902639389 imagel_547150862236
3640 0.1642572283744812 0.1357080042362213 0.0865940973162651 imagel_547036881708
3650 0.05762605741620064 0.037687964737415314 0.0865120142698288 imageu_546950862437
3660 0.06557809561491013 0.03956111520528793 0.08647327870130539 imagef_546945857437
3670 0.3970855176448822 0.2970949113368988 0.08631160110235214 imaged_547191869875
3680 0.1578512042760849 0.13231241703033447 0.0861777514219284 imagel_546987866076
3690 0.0788852646946907 0.052527643740177155 0.08603903651237488 imageb_547007852711
3700 0.652552604675293 0.5649349689483643 0.0857773944735527 imageb_547205883874
3710 0.0634889155626297 0.03665519133210182 0.08560407161712646 imageu_546880859173
3720 0.14506132900714874 0.1211482584476471 0.08537549525499344 imaged_547074852968
3730 0.12932917475700378 0.10486756265163422 0.08526813983917236 imageb_546865877539
3740 0.15886148810386658 0.13204506039619446 0.08518008142709732 imaged_547070882331
3750 0.1668493002653122 0.13355444371700287 0.0850289911031723 imagel_546982861070
3760 0.16686202585697174 0.1362108737230301 0.08484538644552231 imaged_546987866076
3770 0.07658003270626068 0.04802908003330231 0.08468668162822723 imageb_547137882603
3780 0.1401847004890442 0.12121941149234772 0.08454007655382156 imagel_546854866535
3790 0.04648071154952049 0.03812772408127785 0.08439460396766663 imager_546939884803
3800 0.1591878980398178 0.12862804532051086 0.08410003781318665 imaged_547019864709
3810 0.08821569383144379 0.06499739736318588 0.08385574817657471 imageb_546911856805
3820 0.9220322966575623 0.9016070365905762 0.08378015458583832 imager_547174852869
3830 0.17310191690921783 0.14783203601837158 0.08377328515052795 imagel_547007852711
3840 0.15286539494991302 0.12450965493917465 0.08356700092554092 imaged_546996875070
3850 0.49877914786338806 0.44157060980796814 0.08344044536352158 imaged_546856868537
3860 0.20856250822544098 0.16629046201705933 0.08330591768026352 imagel_547159871241
3870 0.0712953731417656 0.04886830598115921 0.08316892385482788 imageu_546965877440
3880 0.04255188629031181 0.03304712846875191 0.0830526128411293 imager_547053865336
3890 0.09818985313177109 0.07366829365491867 0.08285119384527206 imageb_546973885436
3900 0.22130809724330902 0.15091276168823242 0.08268433809280396 imageb_547181859871
3910 0.046907100826501846 0.02998504228889942 0.08252820372581482 imagef_547091869975
3920 0.8986465334892273 0.8723088502883911 0.08229605108499527 imager_547193871872
3930 0.7872868776321411 0.7605171203613281 0.08211872726678848 imager_546860872536
3940 0.06978016346693039 0.04458427056670189 0.08196675777435303 imagef_546941853440
3950 0.051142118871212006 0.027151815593242645 0.08187917619943619 imagef_546897876191
3960 0.15761402249336243 0.12581948935985565 0.08180701732635498 imaged_546975854071
3970 0.12437774240970612 0.09565117210149765 0.08183673769235611 imagel_546922867806
3980 0.0449148491024971 0.03112148307263851 0.08190203458070755 imagef_547033878707
3990 0.12164729833602905 0.10282425582408905 0.08173704147338867 imagel_547120865600
4000 0.1689693182706833 0.13888099789619446 0.08155278861522675 imageu_547147859235
4010 0.0595894493162632 0.03424922004342079 0.08118875324726105 imagef_546945857437
4020 0.07138518989086151 0.04766193777322769 0.08094439655542374 imageu_547045857339
4030 0.27664870023727417 0.24927623569965363 0.0807967409491539 imaged_546868880541
4040 0.152772918343544 0.13413473963737488 0.08065643161535263 imagel_547142854240
4050 0.4797824025154114 0.39597299695014954 0.0805492103099823 imageu_547189867877
4060 0.0809900239109993 0.05529232323169708 0.08056259155273438 imageb_546941853440
4070 0.04500306025147438 0.03231585770845413 0.08049575984477997 imager_546967879439
4080 0.5849162340164185 0.4880274832248688 0.08044616878032684 imagel_547200878871
4090 0.5082401633262634 0.39894309639930725 0.08035023510456085 imageu_547194872874
4100 0.14437231421470642 0.11656329035758972 0.08025438338518143 imaged_547123868601
4110 0.05922987684607506 0.03937659412622452 0.08013103902339935 imageu_546968880435
4120 0.11324599385261536 0.08581104874610901 0.0800081416964531 imaged_547121866605
4130 0.15407860279083252 0.12355116754770279 0.07985273748636246 imagel_547060872343
4140 0.07409285008907318 0.0532996766269207 0.07975315302610397 imagef_547096874977
4150 0.12096956372261047 0.09850940853357315 0.07962581515312195 imagel_547183861871
4160 0.056401871144771576 0.033369362354278564 0.0794931948184967 imagef_547138883611
4170 0.07361254096031189 0.0485941506922245 0.07939939200878143 imageb_546980859076
4180 0.14089657366275787 0.11260423064231873 0.07936318218708038 imaged_546958870432
4190 0.07543662935495377 0.04855034127831459 0.07929997891187668 imageu_546899878172
4200 0.030912820249795914 0.023609209805727005 0.07926829159259796 imager_547120865600
4210 0.03505396097898483 0.029096584767103195 0.07917477935552597 imager_547028873712
4220 0.14456604421138763 0.11669915169477463 0.07908949255943298 imagel_547006885077
4230 0.06864558160305023 0.05264098942279816 0.07901604473590851 imagel_546870882540
4240 0.15143735706806183 0.13066694140434265 0.07886731624603271 imagel_547162874244
4250 0.049955010414123535 0.030123665928840637 0.07894644886255264 imagef_547137882603
4260 0.16259366273880005 0.13448604941368103 0.07896871119737625 imagel_547045857339
4270 0.14617286622524261 0.12033722549676895 0.07902892678976059 imagel_546968880435
4280 0.04725661501288414 0.0309501513838768 0.07903539389371872 imagef_546990869071
4290 0.1369990110397339 0.1077948585152626 0.07897861301898956 imaged_547104882977
4300 0.12630146741867065 0.09905192255973816 0.07872192561626434 imaged_547143855237
4310 0.1888473629951477 0.1606801152229309 0.07851962000131607 imaged_546882861171
4320 0.08950211107730865 0.06496696174144745 0.07838434725999832 imageu_547011856705
4330 0.15310533344745636 0.12345398217439651 0.07819556444883347 imaged_546911856805
4340 0.32419031858444214 0.26010972261428833 0.07812405377626419 imageu_546849861536
4350 0.16594786942005157 0.13589514791965485 0.0779661014676094 imaged_547062874337
4360 0.8952000737190247 0.868079423904419 0.07781271636486053 imager_546853865537
4370 0.045487627387046814 0.03979998454451561 0.07771573215723038 imager_546973885436
4380 0.4217641353607178 0.364554226398468 0.077527716755867 imagef_547188866869
4390 0.43272700905799866 0.39764994382858276 0.07736454904079437 imageu_547167879238
4400 0.08246509730815887 0.062180403620004654 0.07731222361326218 imageb_547166878243
4410 0.07989736646413803 0.04822841286659241 0.07728534936904907 imageb_546892871169
4420 0.2713392972946167 0.23038990795612335 0.07718717306852341 imageu_546854866535
4430 0.16352497041225433 0.12839527428150177 0.07698972523212433 imaged_546982861070
4440 0.16720078885555267 0.14083713293075562 0.07686640322208405 imagel_547101879972
4450 0.10376370698213577 0.07933256030082703 0.07683076709508896 imageb_546985864078
4460 0.145623579621315 0.11538533866405487 0.07679858058691025 imaged_547014859704
4470 0.18524563312530518 0.14665377140045166 0.07666739821434021 imageu_546856868537
4480 0.06837717443704605 0.04265962913632393 0.07650674134492874 imageb_547145857237
4490 0.07430022954940796 0.04359748214483261 0.07631050050258636 imageb_547147859235
4500 0.11622683703899384 0.09148702025413513 0.07622307538986206 imagel_546997876076
4510 0.08646878600120544 0.06245240941643715 0.07601795345544815 imageb_547030875702
4520 0.05749005824327469 0.03700583428144455 0.07581102848052979 imagef_547113858603
4530 0.13073186576366425 0.10398745536804199 0.07567930966615677 imaged_547109854609
4540 0.15640628337860107 0.13359807431697845 0.07558821141719818 imagel_547103881966
4550 0.14460156857967377 0.11743752658367157 0.07547036558389664 imaged_546890869170
4560 0.07670070976018906 0.057460684329271317 0.07534930109977722 imagef_547152864241
4570 0.44597285985946655 0.3080275058746338 0.07527508586645126 imageu_547201879876
4580 0.15683656930923462 0.12875208258628845 0.07530377060174942 imagel_547062874337
4590 0.06774599850177765 0.042449772357940674 0.07533338665962219 imageu_547035880703
4600 0.07031767815351486 0.04363863915205002 0.07520049065351486 imagef_546948860438
4610 0.0905996710062027 0.06509845703840256 0.0751437097787857 imageb_547028873712
4620 0.13736741244792938 0.10917641222476959 0.07510419934988022 imaged_546917862811
4630 0.11785959452390671 0.08444244414567947 0.07504314184188843 imaged_547007852711
4640 0.16926860809326172 0.1317865252494812 0.07491178810596466 imaged_546892871169
4650 0.06934286653995514 0.045729439705610275 0.07486245036125183 imageu_547055867337
4660 0.13221698999404907 0.1058291494846344 0.07476931065320969 imagel_546962874438
4670 0.06550393998622894 0.04459165409207344 0.07473130524158478 imageu_546928873809
4680 0.13899390399456024 0.11150303483009338 0.07470503449440002 imagel_546990869071
4690 0.14054960012435913 0.11332986503839493 0.07467693835496902 imaged_546900879170
4700 0.06916553527116776 0.043307412415742874 0.07465019822120667 imageu_546916861809
4710 0.0771661326289177 0.05661213397979736 0.0745902806520462 imageb_546934879798
4720 0.12867899239063263 0.11883511394262314 0.07458827644586563 imageu_547154866233
4730 0.12532886862754822 0.10192667692899704 0.07457985728979111 imageb_546865877539
4740 0.03332604467868805 0.023720355704426765 0.07450469583272934 imager_546922867806
4750 0.07517299801111221 0.05124688148498535 0.07439608871936798 imageb_546945857437
4760 0.10788741707801819 0.08433478325605392 0.07423941045999527 imagel_546880859173
4770 0.03170105442404747 0.024003662168979645 0.07419662922620773 imager_546917862811
4780 0.17035488784313202 0.13951672613620758 0.07421012222766876 imaged_546965877440
4790 0.0655868723988533 0.03914918005466461 0.0742170512676239 imageb_547118863609
4800 0.09502144157886505 0.06972986459732056 0.0742236077785492 imageb_546984863078
4810 0.14935344457626343 0.1149778813123703 0.07411874830722809 imaged_546968880435
4820 0.04040690138936043 0.0356278121471405 0.074139304459095 imager_546914859807
4830 0.06163151189684868 0.03867834061384201 0.07401284575462341 imagef_547087865974
4840 0.13715000450611115 0.10994399338960648 0.07379307597875595 imagel_546911856805
4850 0.1485418975353241 0.11610942333936691 0.07361837476491928 imaged_546972884442
4860 0.055865440517663956 0.03419768065214157 0.07341376692056656 imagef_547118863609
4870 0.028232138603925705 0.0237045306712389 0.0732734352350235 imager_546955867436
4880 0.07104428857564926 0.04759158566594124 0.0731775164604187 imagef_546926871803
4890 0.14525705575942993 0.12055349349975586 0.07307849824428558 imagel_546970882435
4900 0.06931161135435104 0.04553345590829849 0.07292827218770981 imageu_546972884442
4910 0.04192749038338661 0.03467771038413048 0.07277233898639679 imager_547150862236
4920 0.03551768511533737 0.030290737748146057 0.0727337896823883 imager_546979858070
4930 0.07126832008361816 0.04779898375272751 0.0727207139134407 imageb_547053865336
4940 0.16976624727249146 0.14263929426670074 0.0726349875330925 imagel_546948860438
4950 0.06682449579238892 0.044404223561286926 0.07250752300024033 imagef_547086864973
4960 0.14603786170482635 0.12034175544977188 0.07247307896614075 imagel_546929874807
4970 0.3037600815296173 0.2268628627061844 0.07248859852552414 imageb_546853865537
4980 0.09120503067970276 0.07187456637620926 0.07250872254371643 imagel_546871883543
4990 0.14798229932785034 0.12760122120380402 0.07234419882297516 imagel_547177855874
5000 0.05777684599161148 0.03835422545671463 0.07223674654960632 imageb_546963875440
5010 0.030504625290632248 0.023603137582540512 0.07212341576814651 imager_547092870974
5020 0.07627830654382706 0.04736035317182541 0.07196393609046936 imagef_546965877440
5030 0.0663229301571846 0.03912210464477539 0.07173691689968109 imagef_546894873172
5040 0.15457335114479065 0.13141492009162903 0.07163076102733612 imagel_547128873606
5050 0.15115973353385925 0.11937321722507477 0.07150828838348389 imaged_546902881194
5060 0.05779994651675224 0.03616255894303322 0.07134874165058136 imageb_547130875605
5070 0.14123518764972687 0.1147751584649086 0.07129665464162827 imaged_547162874244
5080 0.3725726306438446 0.27796950936317444 0.07116369903087616 imagel_547193871872
5090 0.16150714457035065 0.13480141758918762 0.07107121497392654 imaged_547077855978
5100 0.15703655779361725 0.12669624388217926 0.0709531381726265 imaged_546985864078
5110 0.03884385526180267 0.03135903179645538 0.07092058658599854 imager_547069881338
5120 0.03258943930268288 0.02646636962890625 0.07100743055343628 imager_546868880541
5130 0.14242872595787048 0.11435867846012115 0.07099210470914841 imagel_547072884335
5140 0.14241941273212433 0.12149468064308167 0.07092775404453278 imageu_547145857237
5150 0.10654895007610321 0.09522264450788498 0.07082357257604599 imageb_546868880541
5160 0.5839167237281799 0.4797990918159485 0.07087454944849014 imagel_547205883874
5170 0.09317202121019363 0.06849157065153122 0.0710909366607666 imageb_546943855437
5180 0.6058048009872437 0.5065739154815674 0.07112207263708115 imageu_547186864875
5190 0.07389198243618011 0.059963375329971313 0.07102340459823608 imagef_546868880541
5200 0.03591957315802574 0.029338061809539795 0.07086997479200363 imager_546975854071
5210 0.04979069530963898 0.030162837356328964 0.07078185677528381 imagef_547121866605
5220 0.07331570237874985 0.054671045392751694 0.07073080539703369 imagef_547152864241
5230 0.10128588229417801 0.07769780606031418 0.07073774188756943 imagel_546875854173
5240 0.05693311616778374 0.0336262546479702 0.07076860219240189 imagef_547098876976
5250 0.14298218488693237 0.11495792120695114 0.07069366425275803 imaged_546895874174
5260 0.5493787527084351 0.4370695948600769 0.07065697759389877 imageb_547200878871
5270 0.13302050530910492 0.10435768961906433 0.07057386636734009 imagel_547149861238
5280 0.09689583629369736 0.06654350459575653 0.07053686678409576 imageb_546877856173
5290 0.09669984132051468 0.06409888714551926 0.07048283517360687 imageb_546899878172
5300 0.05959315225481987 0.03995394706726074 0.07046099752187729 imagef_546870882540
5310 0.1616136133670807 0.14394362270832062 0.07032037526369095 imagel_547152864241
5320 0.9086096882820129 0.884918749332428 0.07045826315879822 imager_547188866869
5330 0.06272833049297333 0.03763055056333542 0.07060156017541885 imageu_546980859076
5340 0.04821516200900078 0.028390681371092796 0.07063944637775421 imageb_547123868601
5350 0.06851597130298615 0.04811462387442589 0.07057040929794312 imageu_547007852711
5360 0.1433131992816925 0.1167403981089592 0.07045378535985947 imagel_546926871803
5370 0.11992078274488449 0.10062902420759201 0.07030384987592697 imagel_547120865600
5380 0.1072031781077385 0.08706231415271759 0.0701538622379303 imageb_546873885533
5390 0.06869705766439438 0.05243583768606186 0.07004356384277344 imageu_547121866605
5400 0.14089976251125336 0.11151512712240219 0.06994590163230896 imaged_547045857339
5410 0.05584491416811943 0.03379460796713829 0.06997262686491013 imagef_546989868066
5420 0.09444646537303925 0.06732183694839478 0.06992078572511673 imageb_546994873075
5430 0.42306339740753174 0.3461381793022156 0.06979447603225708 imaged_547196874870
5440 0.3626680374145508 0.31807729601860046 0.06972703337669373 imaged_547183861871
5450 0.05155549943447113 0.03181101754307747 0.06972689181566238 imagef_546963875440
5460 0.5083708167076111 0.399181067943573 0.0696767196059227 imageu_547194872874
5470 0.089362233877182 0.0680435299873352 0.06958194822072983 imageu_547123868601
5480 0.03617347031831741 0.02903577871620655 0.06948406249284744 imager_547089867973
5490 0.47706732153892517 0.41277679800987244 0.06943262368440628 imageu_547183861871
5500 0.1255013644695282 0.09784354269504547 0.0693284124135971 imaged_546924869806
5510 0.023565497249364853 0.01796659454703331 0.06921208649873734 imager_546956868435
5520 0.1639396697282791 0.12985201179981232 0.06910727173089981 imagel_546941853440
5530 0.479453980922699 0.35056230425834656 0.06890799105167389 imageb_547201879876
5540 0.11885806173086166 0.09268628060817719 0.06875172257423401 imagel_546861873539
5550 0.04634813591837883 0.03251524642109871 0.0686647966504097 imagef_547033878707
5560 0.06623716652393341 0.04394180700182915 0.06857574731111526 imageb_547053865336
5570 0.09071610867977142 0.06392837315797806 0.06850989907979965 imageb_547023868703
5580 0.10207801312208176 0.08227764070034027 0.06843449920415878 imaged_547160872234
5590 0.6696693301200867 0.5882540941238403 0.06839683651924133 imaged_546839884906
5600 0.06691735237836838 0.04215729981660843 0.06831531226634979 imageu_546914859807
5610 0.05910264700651169 0.03724289685487747 0.068152517080307 imageb_547084862980
5620 0.15602990984916687 0.13007421791553497 0.06801296770572662 imagel_546980859076
5630 0.49166789650917053 0.3994201123714447 0.06785707920789719 imageb_547186864875
5640 0.17767703533172607 0.14056487381458282 0.06771758198738098 imagel_547171883239
5650 0.03504370525479317 0.02620798535645008 0.06764650344848633 imager_546943855437
5660 0.06815522164106369 0.039608798921108246 0.06761491298675537 imagef_547057869336
5670 0.07088033109903336 0.04854895919561386 0.06760279089212418 imageb_547009854705
5680 0.053765345364809036 0.03606518730521202 0.06756436079740524 imageb_546956868435
5690 0.05950767919421196 0.03970946744084358 0.06747807562351227 imageu_547031876706
5700 0.05107054114341736 0.029116729274392128 0.06732407212257385 imagef_547099877967
5710 0.033455196768045425 0.026242652907967567 0.06720516085624695 imager_547069881338
5720 0.026580357924103737 0.020668664947152138 0.06725122034549713 imager_546883862169
5730 0.05412011966109276 0.0424187108874321 0.06733792275190353 imager_547057869336
5740 0.0832064151763916 0.06068115308880806 0.06734622269868851 imageb_547067879338
5750 0.055987607687711716 0.029583269730210304 0.06730010360479355 imageb_547132877611
5760 0.07441362738609314 0.048955097794532776 0.06736980378627777 imageu_546860872536
5770 0.030973926186561584 0.026361525058746338 0.06736426055431366 imager_546885864170
5780 0.036636147648096085 0.027882201597094536 0.06730073690414429 imager_546938883810
5790 0.16196590662002563 0.1320725679397583 0.06720011681318283 imaged_547065877343
5800 0.07635677605867386 0.04814019799232483 0.06708133965730667 imageu_547043855348
5810 0.06491725146770477 0.043123673647642136 0.0669427365064621 imageu_546861873539
5820 0.06296297907829285 0.03644756227731705 0.06682374328374863 imageu_546883862169
5830 0.05376313999295235 0.03355731815099716 0.06677316129207611 imagef_547113858603
5840 0.12102159857749939 0.09126109629869461 0.06672806292772293 imaged_546939884803
5850 0.1737753450870514 0.136465385556221 0.06664256006479263 imaged_546967879439
5860 0.14896246790885925 0.1413011997938156 0.06664139777421951 imagel_547160872234
5870 0.3898727297782898 0.336770623922348 0.06660280376672745 imageu_547181859871
5880 0.26406532526016235 0.18163429200649261 0.06653831154108047 imageb_547171883239
5890 0.15068617463111877 0.12471040338277817 0.06650720536708832 imagel_547064876339
5900 0.05379858985543251 0.036593880504369736 0.06644393503665924 imagef_546997876076
5910 0.38617798686027527 0.33875423669815063 0.06638508290052414 imagef_547189867877
5920 0.044944729655981064 0.03622542694211006 0.06637699902057648 imager_547094872971
5930 0.08523178100585938 0.05988970026373863 0.06641647219657898 imageb_546939884803
5940 0.12160420417785645 0.09133724123239517 0.06637124717235565 imaged_546938883810
5950 0.06133774295449257 0.03719637542963028 0.06634045392274857 imagef_547077855978
5960 0.24709463119506836 0.1859375238418579 0.06632479280233383 imageb_546858870537
5970 0.14743173122406006 0.07452386617660522 0.06638909131288528 imagef_547171883239
5980 0.0798405334353447 0.05004861578345299 0.06651658564805984 imagef_546970882435
5990 0.5232853293418884 0.4266781806945801 0.06658968329429626 imageb_546849861536
6000 0.09183807671070099 0.07077217102050781 0.06669768691062927 imageb_547162874244
6010 0.04595544561743736 0.03848831728100777 0.06667494773864746 imager_546946858444
6020 0.0731109231710434 0.05720636993646622 0.06657416373491287 imagel_546870882540
6030 0.05638232082128525 0.03413086757063866 0.06648887693881989 imagef_546987866076
6040 0.05847567319869995 0.03520052507519722 0.06643232703208923 imagef_547111856605
6050 0.11796876788139343 0.08555105328559875 0.06638296693563461 imageb_546921866804
6060 0.16195544600486755 0.13977117836475372 0.06631357222795486 imagel_547104882977
6070 0.12112060934305191 0.09891954064369202 0.06619776040315628 imagel_546895874174
6080 0.034017350524663925 0.026408325880765915 0.0660790354013443 imager_547121866605
6090 0.13216543197631836 0.10348782688379288 0.06597698479890823 imaged_547018863705
6100 0.0627375915646553 0.03870140388607979 0.06589473783969879 imagef_546984863078
6110 0.08719055354595184 0.060255665332078934 0.06580063700675964 imageb_546941853440
6120 0.5842909216880798 0.4918278157711029 0.06573226302862167 imagef_546839884906
6130 0.05374866724014282 0.035065848380327225 0.06568282842636108 imagef_546996875070
6140 0.07668246328830719 0.05001480504870415 0.06564083695411682 imageu_547002881074
6150 0.0831495150923729 0.04478954151272774 0.06555407494306564 imageu_547072884335
6160 0.05750009045004845 0.035690661519765854 0.06556329876184464 imageu_546887866191
6170 0.10110306739807129 0.05594148859381676 0.06553231924772263 imagef_546856868537
6180 0.15509968996047974 0.12838757038116455 0.06544482707977295 imagel_547014859704
6190 0.3213547170162201 0.2757859528064728 0.06537111103534698 imaged_547174852869
6200 0.05723841115832329 0.034944094717502594 0.06529255211353302 imageb_547120865600
6210 0.1327761709690094 0.10455849766731262 0.06524381786584854 imagel_546902881194
6220 0.09273878484964371 0.06856852024793625 0.0652042105793953 imageb_546926871803
6230 0.0689297765493393 0.05076218023896217 0.06509839743375778 imageb_547125870610
6240 0.10573707520961761 0.07927017658948898 0.06502498686313629 imageb_546875854173
6250 0.13391807675361633 0.11366404592990875 0.06499693542718887 imagel_547125870610
6260 0.0763985812664032 0.04856109619140625 0.06497343629598618 imagef_546939884803
6270 0.33452528715133667 0.2906801700592041 0.06496303528547287 imagef_547183861871
6280 0.06769096851348877 0.040818896144628525 0.06495730578899384 imageu_547075853978
6290 0.18145598471164703 0.12946030497550964 0.06495626270771027 imagef_546854866535
6300 0.1563965231180191 0.13401727378368378 0.06495371460914612 imagel_547123868601
6310 0.08213592320680618 0.06034114956855774 0.06493869423866272 imageb_546911856805
6320 0.15091970562934875 0.1202324852347374 0.064944788813591 imaged_547125870610
6330 0.2982701063156128 0.24333567917346954 0.0649648979306221 imageb_547194872874
6340 0.051414839923381805 0.04441537335515022 0.06493087857961655 imager_547096874977
6350 0.21201278269290924 0.1909019500017166 0.06496205925941467 imaged_546871883543
6360 0.17217928171157837 0.1442227065563202 0.06492454558610916 imagel_547089867973
6370 0.04570246487855911 0.031081417575478554 0.06480918824672699 imager_547050862335
6380 0.5812536478042603 0.47595492005348206 0.06469662487506866 imageu_547188866869
6390 0.05305051803588867 0.034623079001903534 0.06463585048913956 imagef_547101879972
6400 0.05917225778102875 0.047448210418224335 0.06447422504425049 imageu_546868880541
6410 0.37337616086006165 0.25824815034866333 0.06434190273284912 imaged_547200878871
6420 0.09903315454721451 0.07461036741733551 0.06420394033193588 imageb_546973885436
6430 0.09620022028684616 0.05869925767183304 0.0639958381652832 imagef_546863875543
6440 0.05895053967833519 0.03630312532186508 0.0638318657875061 imagef_547048860337
6450 0.06900603324174881 0.04866349324584007 0.06370624899864197 imageb_547069881338
6460 0.03840363398194313 0.030108898878097534 0.06358397752046585 imager_547004883077
6470 0.2138480246067047 0.16745911538600922 0.06349439918994904 imagef_547167879238
6480 0.15595997869968414 0.13540932536125183 0.06346052885055542 imagel_547162874244
6490 0.0391225591301918 0.02965606562793255 0.06343372911214828 imager_547053865336
6500 0.06537918746471405 0.041618771851062775 0.06337061524391174 imageu_547001880072
6510 0.0963623970746994 0.05282348021864891 0.06331425160169601 imagef_546861873539
6520 0.37461191415786743 0.3308546543121338 0.06332221627235413 imaged_547184862870
6530 0.9237036108970642 0.9038711190223694 0.06327997893095016 imager_547177855874
6540 0.06758628040552139 0.04240605607628822 0.06321640312671661 imageb_547094872971
6550 0.055065423250198364 0.03572336211800575 0.06319654732942581 imagef_547147859235
6560 0.054799485951662064 0.03330759331583977 0.06323932856321335 imageu_547084862980
6570 0.07191995531320572 0.04707403481006622 0.06325218826532364 imageb_547028873712
6580 0.04924635961651802 0.029905622825026512 0.06325442343950272 imager_546907852806
6590 0.09263059496879578 0.06804949045181274 0.06326139718294144 imageb_546946858444
6600 0.37235885858535767 0.25769561529159546 0.06313791126012802 imaged_547200878871
6610 0.05491888150572777 0.03184263035655022 0.06304135173559189 imagef_547035880703
6620 0.14365972578525543 0.11808343231678009 0.06301708519458771 imaged_547079857970
6630 0.045555341988801956 0.03454408422112465 0.06301507353782654 imager_546909854806
6640 0.8994235396385193 0.8738328218460083 0.06307031214237213 imager_546854866535
6650 0.03246172145009041 0.02286754548549652 0.06311485171318054 imagef_546866878536
6660 0.040532536804676056 0.03211895748972893 0.06303795427083969 imager_547009854705
6670 0.15014247596263885 0.12116344273090363 0.06297814100980759 imaged_547062874337
6680 0.3927189111709595 0.29453805088996887 0.06286642700433731 imaged_547191869875
6690 0.12916836142539978 0.1031249538064003 0.06277985125780106 imaged_547106884970
6700 0.06956217437982559 0.04805544391274452 0.06270404905080795 imageu_547014859704
6710 0.02602868154644966 0.02131870947778225 0.06262389570474625 imager_546999878077
6720 0.1126970499753952 0.09105265885591507 0.06268506497144699 imaged_547152864241
6730 0.05724922940135002 0.03619598597288132 0.06273506581783295 imageb_547152864241
6740 0.0515507273375988 0.029154103249311447 0.0627155601978302 imageu_546985864078
6750 0.053265031427145004 0.03282662108540535 0.0626448541879654 imagef_546882861171
6760 0.4787329137325287 0.3956393301486969 0.06260473281145096 imageu_547189867877
6770 0.07018823176622391 0.047215115278959274 0.06262137740850449 imageb_546970882435
6780 0.06742777675390244 0.04643351212143898 0.06270838528871536 imageb_546914859807
6790 0.0898369699716568 0.07926154881715775 0.06272630393505096 imageb_546870882540
6800 0.9172555208206177 0.8958161473274231 0.06271444261074066 imager_547186864875
6810 0.06350860744714737 0.04347806051373482 0.06267273426055908 imageu_547092870974
6820 0.5835276246070862 0.48712676763534546 0.06260526180267334 imagel_547200878871
6830 0.332496702671051 0.27727869153022766 0.06247074529528618 imageu_547172884238
6840 0.22093409299850464 0.14021041989326477 0.0623319149017334 imageb_547172884238
6850 0.2864692509174347 0.2500995099544525 0.06226996332406998 imagef_547179857873
6860 0.03514425829052925 0.029207244515419006 0.06227366253733635 imager_546890869170
6870 0.13710428774356842 0.11063573509454727 0.062330376356840134 imagel_546943855437
6880 0.1240195631980896 0.09640622138977051 0.06232666224241257 imagel_546990869071
6890 0.0657905638217926 0.04886858910322189 0.06232345849275589 imageu_547018863705
6900 0.6056732535362244 0.5065443515777588 0.06225317716598511 imageu_547186864875
6910 0.13684460520744324 0.11099213361740112 0.06217554956674576 imagel_547004883077
6920 0.04526689276099205 0.028823746368288994 0.0621272511780262 imagef_547089867973
6930 0.13365274667739868 0.10203921049833298 0.06213551387190819 imaged_546933878804
6940 0.055232495069503784 0.035643547773361206 0.062138523906469345 imagef_547135880603
6950 0.05026659741997719 0.031351786106824875 0.06213206425309181 imagef_547113858603
6960 0.054463036358356476 0.03300214931368828 0.06214478984475136 imageb_547133878607
6970 0.7811833620071411 0.7301654815673828 0.062137480825185776 imager_547200878871
6980 0.08077596873044968 0.05290214717388153 0.06208670139312744 imageu_547040885702
6990 0.07407668977975845 0.04768022522330284 0.0619959756731987 imageu_547094872971
7000 0.14926333725452423 0.11705493927001953 0.061924636363983154 imaged_547050862335
7010 0.4788791239261627 0.37585368752479553 0.06192723289132118 imaged_547205883874
7020 0.1282382309436798 0.10400866717100143 0.06197907403111458 imagel_546956868435
7030 0.11295109987258911 0.09040755778551102 0.06206301972270012 imageb_546865877539
7040 0.14860782027244568 0.1184815913438797 0.06205400079488754 imaged_547128873606
7050 0.17898771166801453 0.12890033423900604 0.06197746843099594 imagef_546854866535
7060 0.050036538392305374 0.030319450423121452 0.06198405101895332 imagef_547062874337
7070 0.3700513541698456 0.27588582038879395 0.061969537287950516 imagel_547193871872
7080 0.04235471785068512 0.03296130523085594 0.06193207576870918 imager_547060872343
7090 0.06104844808578491 0.03621521219611168 0.061926838010549545 imageu_546912857810
7100 0.05893215537071228 0.04459231719374657 0.061869483441114426 imagef_547154866233
7110 0.06032112240791321 0.03984557464718819 0.06184143200516701 imageu_546921866804
7120 0.061061155050992966 0.035098642110824585 0.061806220561265945 imageb_547138883611
7130 0.03345964103937149 0.02524757944047451 0.06171540170907974 imager_547069881338
7140 0.05564090609550476 0.03562914952635765 0.06164633855223656 imageu_546928873809
7150 0.0597708635032177 0.03799125552177429 0.06153617426753044 imagef_547055867337
7160 0.09678316116333008 0.05058949440717697 0.061512380838394165 imagef_546877856173
7170 0.15806077420711517 0.12533850967884064 0.061462756246328354 imaged_547023868703
7180 0.7759951949119568 0.7260861992835999 0.06141224503517151 imager_547206884871
7190 0.12585456669330597 0.09924483299255371 0.06134999915957451 imaged_547043855348
7200 0.032511334866285324 0.025652945041656494 0.06127553805708885 imager_547126871606
7210 0.12395482510328293 0.09258539974689484 0.061216339468955994 imaged_547099877967
7220 0.8686203956604004 0.8367069363594055 0.06120598688721657 imager_546849861536
7230 0.1349155306816101 0.10741442441940308 0.06115707755088806 imagel_546953865434
7240 0.06867918372154236 0.046492911875247955 0.06107800081372261 imageb_546945857437
7250 0.07210134714841843 0.05097994953393936 0.06096562743186951 imagel_546873885533
7260 0.07620935142040253 0.04646666720509529 0.060882020741701126 imagef_546968880435
7270 0.049770861864089966 0.04338322952389717 0.0608028881251812 imager_547038883711
7280 0.05300503969192505 0.03354916349053383 0.060745369642972946 imagef_547052864345
7290 0.05930318310856819 0.03635919466614723 0.06072928011417389 imageb_547135880603
7300 0.058132071048021317 0.035243865102529526 0.06073443219065666 imageu_546911856805
7310 0.10834870487451553 0.09063701331615448 0.06070662662386894 imagel_546856868537
7320 0.14194150269031525 0.11104319989681244 0.060664400458335876 imagel_547060872343
7330 0.07737366855144501 0.05418642610311508 0.06058933958411217 imageb_546989868066
7340 0.08495216071605682 0.05976918712258339 0.060475513339042664 imageb_546951863443
7350 0.06740530580282211 0.04493666812777519 0.06038932129740715 imageu_547004883077
7360 0.13441291451454163 0.10103575885295868 0.060297977179288864 imaged_546934879798
7370 0.02565024420619011 0.02007077820599079 0.06028668209910393 imager_546883862169
7380 0.09638087451457977 0.0755826011300087 0.06025828793644905 imagel_546894873172
7390 0.1516922563314438 0.1291494369506836 0.06020141392946243 imagel_547113858603
7400 0.2171783745288849 0.15418946743011475 0.060084737837314606 imagef_547172884238
7410 0.14511452615261078 0.1161125972867012 0.05994820222258568 imaged_547055867337
7420 0.055070407688617706 0.03411967307329178 0.059877727180719376 imagef_547064876339
7430 0.05591735243797302 0.03781789541244507 0.05983268842101097 imagef_547155867242
7440 0.11550907045602798 0.08578553795814514 0.05980690196156502 imaged_546939884803
7450 0.06714608520269394 0.04004453122615814 0.05981770157814026 imagef_546883862169
7460 0.05315756797790527 0.03250318393111229 0.05977657437324524 imagef_546985864078
7470 0.1554032266139984 0.11910732835531235 0.05971511825919151 imaged_547024869702
7480 0.037324123084545135 0.030016958713531494 0.059703800827264786 imager_547150862236
7490 0.14498485624790192 0.11508341878652573 0.059748563915491104 imaged_546911856805
7500 0.13813501596450806 0.11047183722257614 0.059753552079200745 imagel_547072884335
7510 0.05220966413617134 0.03285517543554306 0.05969122424721718 imagef_547001880072
7520 0.1250258833169937 0.09443343430757523 0.059646863490343094 imaged_546919864808
7530 0.11634445935487747 0.08746631443500519 0.059607114642858505 imaged_546963875440
7540 0.0637374222278595 0.03762820363044739 0.05957786366343498 imagef_546885864170
7550 0.08564385026693344 0.055233389139175415 0.059566888958215714 imageb_546922867806
7560 0.19108456373214722 0.16491849720478058 0.05948270112276077 imaged_547169881238
7570 0.09967261552810669 0.08644911646842957 0.05950891226530075 imager_547162874244
7580 0.09390424937009811 0.053181666880846024 0.05947710573673248 imagef_546914859807
7590 0.06704194843769073 0.041548456996679306 0.0594509020447731 imagef_546948860438
7600 0.8437715172767639 0.829585611820221 0.05943642556667328 imager_547171883239
7610 0.5054873824119568 0.4106036424636841 0.05941549316048622 imagef_546849861536
7620 0.14238113164901733 0.11748187243938446 0.05937110632658005 imagel_546924869806
7630 0.17490896582603455 0.14806611835956573 0.059303801506757736 imaged_546887866191
7640 0.039354030042886734 0.028508566319942474 0.059215813875198364 imager_547006885077
7650 0.16519597172737122 0.13949286937713623 0.0590924397110939 imagel_546931876806
7660 0.06858216226100922 0.04023730382323265 0.059028174728155136 imageu_546899878172
7670 0.08881011605262756 0.06766717880964279 0.05900278314948082 imagel_546885864170
7680 0.16494695842266083 0.13180111348628998 0.05900825560092926 imaged_546990869071
7690 0.07088588178157806 0.05088537558913231 0.05895087495446205 imageb_546934879798
7700 0.060713883489370346 0.03682764619588852 0.058961156755685806 imageu_547070882331
7710 0.0453907810151577 0.03702889382839203 0.059018850326538086 imager_547016861703
7720 0.06785671412944794 0.03794233128428459 0.05903986841440201 imagef_546880859173
7730 0.056559376418590546 0.03599148243665695 0.05902740731835365 imageu_547098876976
7740 0.16469056904315948 0.14280061423778534 0.05894856154918671 imagel_547104882977
7750 0.0581711083650589 0.034655988216400146 0.058902621269226074 imagef_546897876191
7760 0.09574583917856216 0.06853574514389038 0.058881014585494995 imageb_546904883185
7770 0.04481195658445358 0.035634856671094894 0.05882894992828369 imager_547154866233
7780 0.04326340928673744 0.029664289206266403 0.058747339993715286 imager_547074852968
7790 0.0678408071398735 0.049821868538856506 0.0586882121860981 imageb_547125870610
7800 0.04991165176033974 0.030697759240865707 0.058685727417469025 imagef_546963875440
7810 0.04294530674815178 0.030208712443709373 0.058672692626714706 imager_547155867242
7820 0.07461942732334137 0.05209305137395859 0.0586816631257534 imageu_547014859704
7830 0.04992567002773285 0.03157651051878929 0.0586630254983902 imagef_547084862980
7840 0.062254246324300766 0.037859957665205 0.0586877316236496 imagef_547109854609
7850 0.05257254093885422 0.03060959465801716 0.058695193380117416 imageu_546909854806
7860 0.05553043633699417 0.03402414545416832 0.058698538690805435 imagef_546989868066
7870 0.14089219272136688 0.11110405623912811 0.05868775025010109 imagel_547045857339
7880 0.6198643445968628 0.5246216058731079 0.05864502489566803 imageb_546846858536
7890 0.07562625408172607 0.05950191989541054 0.05858417600393295 imager_547162874244
7900 0.059581611305475235 0.03572339564561844 0.05856648087501526 imageb_547145857237
7910 0.8256439566612244 0.7813827991485596 0.05854630097746849 imager_546844856539
7920 0.5983912944793701 0.4975212514400482 0.05848841369152069 imageb_547189867877
7930 0.44844868779182434 0.31043127179145813 0.058422017842531204 imageu_547200878871
7940 0.05211668089032173 0.03137267753481865 0.05838552489876747 imagef_547099877967
7950 0.06044556200504303 0.039766307920217514 0.0584496334195137 imageu_547007852711
7960 0.09288394451141357 0.07016945630311966 0.05846743658185005 imageu_547133878607
7970 0.9011001586914062 0.8756829500198364 0.058449070900678635 imager_547189867877
7980 0.11267926543951035 0.08868283033370972 0.058435581624507904 imagel_547070882331
7990 0.05252299830317497 0.031349487602710724 0.05839083343744278 imagef_547024869702
8000 0.583791971206665 0.4797990918159485 0.05839945748448372 imagel_547205883874
8010 0.15996234118938446 0.11932145059108734 0.058389537036418915 imagel_547166878243
8020 0.031509533524513245 0.020746560767292976 0.0584186390042305 imager_547047859335
8030 0.06399208307266235 0.04746784269809723 0.05839771404862404 imageu_547121866605
8040 0.08777442574501038 0.06441627442836761 0.058333463966846466 imagel_546875854173
8050 0.15523293614387512 0.11695734411478043 0.0583077073097229 imaged_546967879439
8060 0.2593308091163635 0.22083522379398346 0.0583600252866745 imageu_546854866535
8070 0.07135888934135437 0.04680972546339035 0.05833113193511963 imageb_546890869170
8080 0.09294388443231583 0.06827802956104279 0.0582687184214592 imageb_546977856071
8090 0.8949927687644958 0.8680686950683594 0.05823878198862076 imager_546853865537
8100 0.12085806578397751 0.10015884041786194 0.05820043757557869 imagel_547125870610
8110 0.047982823103666306 0.02793215401470661 0.05822882428765297 imagef_547064876339
8120 0.07313209772109985 0.037138842046260834 0.058268092572689056 imagef_546892871169
8130 0.0736839547753334 0.0493147186934948 0.05832405015826225 imageb_547024869702
8140 0.6020132899284363 0.502016544342041 0.05837687477469444 imageb_547191869875
8150 0.7220426201820374 0.6930336952209473 0.05841287598013878 imager_546861873539
8160 0.12973502278327942 0.10140673816204071 0.058397069573402405 imagel_547041853338
8170 0.8377886414527893 0.7969118356704712 0.058372389525175095 imager_546843855539
8180 0.057862892746925354 0.03288966044783592 0.058339037001132965 imageb_547111856605
8190 0.4809982478618622 0.36058738827705383 0.05830128863453865 imagel_547198876871
8200 0.43087369203567505 0.3789958357810974 0.058325037360191345 imaged_546860872536
8210 0.03638036549091339 0.02614167518913746 0.05834348872303963 imager_547006885077
8220 0.04958852380514145 0.03259746730327606 0.058326613157987595 imagef_546997876076
8230 0.07816039770841599 0.04892904683947563 0.058333177119493484 imagef_546970882435
8240 0.14043794572353363 0.10318486392498016 0.058386895805597305 imaged_546905884197
8250 0.09005937725305557 0.048929426819086075 0.0584217868745327 imagef_546861873539
8260 0.04472391679883003 0.02874111570417881 0.05840948969125748 imagef_547079857970
8270 0.3566770851612091 0.27146202325820923 0.05837399512529373 imagef_546851863543
8280 0.03861160948872566 0.03129442408680916 0.058367326855659485 imager_547101879972
8290 0.13143952190876007 0.10390381515026093 0.05838198959827423 imaged_547070882331
8300 0.09696591645479202 0.06870418041944504 0.058377861976623535 imaged_547092870974
8310 0.05635426193475723 0.03898206353187561 0.05830075591802597 imagef_547155867242
8320 0.13065755367279053 0.10066767781972885 0.05820026248693466 imaged_546989868066
8330 0.05058767646551132 0.03062118962407112 0.05813690647482872 imagef_547028873712
8340 0.09956751018762589 0.07711955159902573 0.058069370687007904 imagel_547067879338
8350 0.13983507454395294 0.10963310301303864 0.058033112436532974 imaged_547045857339
8360 0.1115710511803627 0.08521807193756104 0.058015793561935425 imagel_547086864973
8370 0.137229785323143 0.10756926983594894 0.058064114302396774 imaged_547052864345
8380 0.4737885296344757 0.4096667170524597 0.058062512427568436 imageu_547183861871
8390 0.05972898006439209 0.03518546745181084 0.05803857743740082 imageb_547154866233
8400 0.06855085492134094 0.04285556823015213 0.058020927011966705 imagef_546941853440
8410 0.04614006355404854 0.02862332947552204 0.057988837361335754 imageu_547028873712
8420 0.14186552166938782 0.11569903790950775 0.058008063584566116 imagel_546968880435
8430 0.053253185003995895 0.03335670754313469 0.058013539761304855 imagef_547031876706
8440 0.04188923165202141 0.02966078370809555 0.0579831562936306 imager_546905884197
8450 0.050040632486343384 0.038878194987773895 0.05792002007365227 imager_547160872234
8460 0.03366705775260925 0.028281575068831444 0.05788096413016319 imager_546873885533
8470 0.3549932837486267 0.30515995621681213 0.057850975543260574 imageu_547179857873
8480 0.056861694902181625 0.032427623867988586 0.057793427258729935 imagef_546950862437
8490 0.05066638067364693 0.03394777327775955 0.05773928016424179 imageu_546955867436
8500 0.02339434064924717 0.018705183640122414 0.057674407958984375 imager_546888867171
8510 0.0493190735578537 0.038937944918870926 0.05757736787199974 imager_546909854806
8520 0.05064741522073746 0.031171415001153946 0.05752300098538399 imagef_547121866605
8530 0.033970680087804794 0.02515428513288498 0.057462237775325775 imager_547007852711
8540 0.11148349940776825 0.08707897365093231 0.057446107268333435 imaged_547142854240
8550 0.052772797644138336 0.034242983907461166 0.057438924908638 imageb_547089867973
8560 0.3867175579071045 0.3369888961315155 0.05742301419377327 imageu_547174852869
8570 0.13585297763347626 0.10728154331445694 0.05737481266260147 imaged_546895874174
8580 0.052530623972415924 0.02949412539601326 0.05732719972729683 imageu_546985864078
8590 0.123602956533432 0.09339729696512222 0.0572756826877594 imaged_546919864808
8600 0.05084562301635742 0.03220783546566963 0.05720815062522888 imageu_546931876806
8610 0.06853870302438736 0.03843913972377777 0.05718286335468292 imagef_546931876806
8620 0.0619610920548439 0.03778985142707825 0.057213570922613144 imageb_547155867242
8630 0.13803759217262268 0.10937719792127609 0.05721881240606308 imaged_547004883077
8640 0.06264979392290115 0.04461625963449478 0.05721665173768997 imageb_547125870610
8650 0.3866484761238098 0.3128775358200073 0.05722789466381073 imageu_546848860533
8660 0.02996605448424816 0.024611517786979675 0.0572488009929657 imager_547065877343
8670 0.05995533987879753 0.03532581776380539 0.057257238775491714 imageb_547118863609
8680 0.3666805922985077 0.3120962977409363 0.05727912485599518 imaged_547177855874
8690 0.045538563281297684 0.031980663537979126 0.05734257027506828 imager_547050862335
8700 0.09473483264446259 0.06268180906772614 0.057342614978551865 imageb_546880859173
8710 0.13854950666427612 0.11009491980075836 0.05733044445514679 imaged_547055867337
8720 0.4414595067501068 0.33323436975479126 0.05728951469063759 imaged_547206884871
8730 0.11909665167331696 0.09415122121572495 0.057196736335754395 imagel_547069881338
8740 0.05272476375102997 0.032656632363796234 0.05713015794754028 imageu_546956868435
8750 0.13546475768089294 0.11015797406435013 0.057094987481832504 imagel_547106884970
8760 0.05713576078414917 0.032699353992938995 0.05705776810646057 imageu_547057869336
8770 0.026073995977640152 0.02119007520377636 0.0569671131670475 imager_547067879338
8780 0.08054551482200623 0.057001449167728424 0.056909214705228806 imageb_547052864345
8790 0.07501377910375595 0.05040726810693741 0.05692613869905472 imagef_547009854705
8800 0.4610455632209778 0.414474219083786 0.056921400129795074 imaged_546863875543
8810 0.07540973275899887 0.04277106001973152 0.056886088103055954 imagef_546911856805
8820 0.3619729280471802 0.2949014902114868 0.05683921277523041 imagef_547203881874
8830 0.053639113903045654 0.034224193543195724 0.05678083747625351 imagef_547052864345
8840 0.08112446218729019 0.05609181523323059 0.05678333714604378 imageb_546928873809
8850 0.141044482588768 0.1109926775097847 0.0567973330616951 imaged_546899878172
8860 0.1249018982052803 0.09642916917800903 0.056781526654958725 imaged_547018863705
8870 0.1325955092906952 0.10550601035356522 0.05673791468143463 imagel_546962874438
8880 0.07235301285982132 0.05012425035238266 0.05670410767197609 imagef_546977856071
8890 0.04731540381908417 0.037247586995363235 0.05663780868053436 imageu_546866878536
8900 0.03620058670639992 0.027202323079109192 0.05655554309487343 imager_546962874438
8910 0.03433419391512871 0.025047743692994118 0.056470781564712524 imager_546899878172
8920 0.10854338109493256 0.08950889855623245 0.056378476321697235 imagel_546999878077
8930 0.06082174554467201 0.04036632552742958 0.0562601238489151 imageu_547115860606
8940 0.0967884287238121 0.0764206200838089 0.056185588240623474 imaged_547160872234
8950 0.08389872312545776 0.05930923670530319 0.05614650622010231 imageb_546951863443
8960 0.3831673562526703 0.2598862051963806 0.05613303929567337 imaged_547201879876
8970 0.408006876707077 0.3609537184238434 0.05610889941453934 imaged_546861873539
8980 0.09324172884225845 0.06128606200218201 0.05609285086393356 imagef_546919864808
8990 0.036121729761362076 0.029683806002140045 0.0560615248978138 imager_546975854071
9000 0.4299716055393219 0.31276199221611023 0.05601881444454193 imagel_547196874870
9010 0.06638990342617035 0.04420395568013191 0.055982187390327454 imageu_547111856605
9020 0.06240977719426155 0.03745801001787186 0.05593276396393776 imageu_546914859807
9030 0.027325501665472984 0.020602338016033173 0.05588965117931366 imager_546916861809
9040 0.08310549706220627 0.0649009421467781 0.05584976449608803 imageb_546866878536
9050 0.053939759731292725 0.03376185521483421 0.055828213691711426 imageu_547098876976
9060 0.11501315236091614 0.08629485219717026 0.055758100003004074 imaged_546945857437
9070 0.08835385739803314 0.07500673085451126 0.05569220706820488 imageu_547155867242
9080 0.03904511034488678 0.029317691922187805 0.05562223121523857 imager_546982861070
9090 0.041812628507614136 0.03300512954592705 0.055576011538505554 imager_547133878607
9100 0.06447388231754303 0.0380951426923275 0.05556447431445122 imageb_547138883611
9110 0.06051173433661461 0.042434051632881165 0.05550654977560043 imageu_547018863705
9120 0.05514077842235565 0.03493216261267662 0.05547788366675377 imagef_547030875702
9130 0.06183703616261482 0.041170936077833176 0.05555623769760132 imageb_546936881803
9140 0.06468836963176727 0.03567773476243019 0.055656030774116516 imageb_547113858603
9150 0.09334131330251694 0.07827917486429214 0.05568024516105652 imageu_547143855237
9160 0.1277082860469818 0.09870781004428864 0.055645737797021866 imagel_546934879798
9170 0.37897789478302 0.3317011296749115 0.05560353770852089 imagef_547186864875
9180 0.640672504901886 0.5514017343521118 0.05558246374130249 imaged_546849861536
9190 0.04872504994273186 0.027357984334230423 0.05560614913702011 imagef_547138883611
9200 0.08664687722921371 0.06118873879313469 0.05564597621560097 imageb_546875854173
9210 0.07566546648740768 0.040493760257959366 0.0556502640247345 imageu_546892871169
9220 0.10726460069417953 0.08053871989250183 0.05563586205244064 imagel_546962874438
9230 0.044990669935941696 0.027698397636413574 0.05566462501883507 imageu_546994873075
9240 0.05072341486811638 0.03020435757935047 0.05566306412220001 imageu_546997876076
9250 0.04801468923687935 0.029330652207136154 0.055625706911087036 imagef_547001880072
9260 0.07660432159900665 0.05343291535973549 0.05559081211686134 imageb_546926871803
9270 0.4513159394264221 0.4062027335166931 0.05555601418018341 imaged_546863875543
9280 0.12017956376075745 0.09328734874725342 0.055505163967609406 imaged_547043855348
9290 0.032791994512081146 0.0208660289645195 0.05547817423939705 imager_547157869236
9300 0.05016113817691803 0.025571567937731743 0.05547705665230751 imageb_547132877611
9310 0.06999259442090988 0.05067352578043938 0.05544520169496536 imageb_546968880435
9320 0.6674951314926147 0.583965003490448 0.05534718930721283 imagel_546843855539
9330 0.06369311362504959 0.03558715432882309 0.055270176380872726 imagef_547057869336
9340 0.056962814182043076 0.034084104001522064 0.055219486355781555 imageb_547109854609
9350 0.11052439361810684 0.08380796760320663 0.05520253628492355 imaged_547133878607
9360 0.07287470251321793 0.04310018941760063 0.05521564558148384 imageu_546905884197
9370 0.04612324759364128 0.027476681396365166 0.05523752048611641 imagef_547019864709
9380 0.09744857251644135 0.0665985718369484 0.055240314453840256 imageb_546897876191
9390 0.13182471692562103 0.10612735897302628 0.05520794913172722 imaged_546885864170
9400 0.12417297810316086 0.09216958284378052 0.0551602877676487 imageu_547147859235
9410 0.046881478279829025 0.02863343618810177 0.05509241297841072 imagef_547104882977
9420 0.04868568480014801 0.028845159336924553 0.05507850646972656 imageb_547121866605
9430 0.05608278512954712 0.03202170506119728 0.055053211748600006 imageu_546912857810
9440 0.09256019443273544 0.0693565383553505 0.05499225854873657 imageb_546985864078
9450 0.05355723947286606 0.036036815494298935 0.05495551973581314 imagef_546870882540
9460 0.04599110782146454 0.028280509635806084 0.05492803826928139 imagef_546996875070
9470 0.09891364723443985 0.0733548253774643 0.054955363273620605 imaged_547116861604
9480 0.05938519164919853 0.03634636104106903 0.054934900254011154 imageu_547001880072
9490 0.08309627324342728 0.06168852373957634 0.05490683764219284 imageb_547026871704
9500 0.05745445564389229 0.03144057095050812 0.05484103783965111 imageu_546877856173
9510 0.10349088162183762 0.07702674716711044 0.05481302738189697 imagel_546890869170
9520 0.05629095807671547 0.036412037909030914 0.05481521785259247 imagef_547123868601
9530 0.03804734721779823 0.027927378192543983 0.05483021214604378 imager_547159871241
9540 0.15237972140312195 0.11742601543664932 0.05483008921146393 imaged_546970882435
9550 0.12087637186050415 0.0937829539179802 0.054826125502586365 imagel_547077855978
9560 0.34800267219543457 0.30709999799728394 0.05483005568385124 imagef_547191869875
9570 0.02547384425997734 0.020138530060648918 0.05488282069563866 imager_546882861171
9580 0.06615977734327316 0.04215194284915924 0.0548904649913311 imageb_547086864973
9590 0.06792934238910675 0.04701099544763565 0.05485904961824417 imageb_546931876806
9600 0.09392467886209488 0.06954164803028107 0.05481470003724098 imagel_546899878172
9610 0.09198960661888123 0.07312338799238205 0.05478416383266449 imaged_547160872234
9620 0.1424614042043686 0.11812400072813034 0.05473433807492256 imagel_547169881238
9630 0.05323763191699982 0.033303774893283844 0.054707955569028854 imagef_547133878607
9640 0.16277751326560974 0.14106832444667816 0.054702337831258774 imagel_547104882977
9650 0.13691529631614685 0.10994746536016464 0.05471377074718475 imagel_546931876806
9660 0.05592461675405502 0.032847318798303604 0.05469178780913353 imagef_547035880703
9670 0.06884653866291046 0.04098238795995712 0.05465857684612274 imageu_546939884803
9680 0.09446458518505096 0.07021881639957428 0.054595086723566055 imaged_547001880072
9690 0.06083543971180916 0.0357482023537159 0.05455378070473671 imageu_546916861809
9700 0.028942177072167397 0.022527633234858513 0.05454050004482269 imager_547028873712
9710 0.05937043949961662 0.03458767011761665 0.05451338738203049 imageu_547041853338
9720 0.0606892928481102 0.03625756502151489 0.054542750120162964 imageb_547154866233
9730 0.043461963534355164 0.026558315381407738 0.05455182492733002 imagef_547053865336
9740 0.15607890486717224 0.12710553407669067 0.054574549198150635 imagel_547172884238
9750 0.046889789402484894 0.028932936489582062 0.05455777421593666 imageu_547028873712
9760 0.1249891147017479 0.09816990792751312 0.054517630487680435 imagel_547094872971
9770 0.05613596364855766 0.031857799738645554 0.05453282594680786 imageu_547035880703
9780 0.05471453443169594 0.03469231724739075 0.05451013892889023 imageu_547079857970
9790 0.13341842591762543 0.10591741651296616 0.054490238428115845 imagel_547062874337
9800 0.13975293934345245 0.10562704503536224 0.05444572493433952 imaged_547072884335
9810 0.09948091208934784 0.07560992240905762 0.054457299411296844 imagel_546916861809
9820 0.37809279561042786 0.2757646143436432 0.054516274482011795 imagel_547188866869
9830 0.08860529959201813 0.05846636742353439 0.05455605685710907 imagef_546888867171
9840 0.047688260674476624 0.030711067840456963 0.05460793897509575 imagef_546994873075
9850 0.11767926812171936 0.091570183634758 0.05462165176868439 imaged_547147859235
9860 0.057922475039958954 0.034502770751714706 0.05462338775396347 imageu_546933878804
9870 0.05943316966295242 0.035553622990846634 0.05469973757863045 imagef_547160872234
9880 0.34248197078704834 0.290185809135437 0.05475633963942528 imaged_547186864875
9890 0.12178636342287064 0.09152355045080185 0.05479378253221512 imagel_546989868066
9900 0.09673427045345306 0.07301953434944153 0.05479597672820091 imagel_546880859173
9910 0.12376445531845093 0.09626709669828415 0.054733775556087494 imaged_547118863609
9920 0.07416199147701263 0.04511861875653267 0.05466071143746376 imagef_546936881803
9930 0.6260238289833069 0.5319498181343079 0.0546325258910656 imageb_546839884906
9940 0.02231157384812832 0.017430342733860016 0.054613299667835236 imager_547033878707
9950 0.037213440984487534 0.028567785397171974 0.05459060147404671 imager_546938883810
9960 0.08445356786251068 0.07091876864433289 0.0545295812189579 imageu_547155867242
9970 0.38455551862716675 0.3110421597957611 0.054491255432367325 imageu_546848860533
9980 0.03183054178953171 0.024559015408158302 0.054496198892593384 imager_547104882977
9990 0.0692477747797966 0.0427907295525074 0.0544782392680645 imageu_547002881074
10000 0.34780997037887573 0.29844751954078674 0.05443825200200081 imagef_547184862870
10010 0.14589370787143707 0.11419706791639328 0.054408714175224304 imaged_546984863078
10020 0.47930872440338135 0.35056230425834656 0.054382964968681335 imageb_547201879876
10030 0.06421244144439697 0.04260963574051857 0.054346464574337006 imageu_547013858709
10040 0.5846953392028809 0.49246084690093994 0.05427795648574829 imagef_546843855539
10050 0.12097006291151047 0.09392322599887848 0.05424416810274124 imaged_546900879170
10060 0.1355152726173401 0.12527576088905334 0.05423780158162117 imagel_547160872234
10070 0.05327748879790306 0.03249727934598923 0.0542140007019043 imageb_547152864241
10080 0.04405739903450012 0.030795373022556305 0.05415203794836998 imager_547160872234
10090 0.05133578181266785 0.03519507870078087 0.054135262966156006 imagef_547145857237
10100 0.40835800766944885 0.36668622493743896 0.05411313846707344 imaged_546865877539
10110 0.06368184089660645 0.03667747601866722 0.05407058820128441 imagef_546982861070
10120 0.04113718494772911 0.03478541597723961 0.05404375120997429 imager_547024869702
10130 0.2722848951816559 0.21864505112171173 0.054037898778915405 imagef_547174852869
10140 0.10168703645467758 0.06989149004220963 0.05403861403465271 imageb_546885864170
10150 0.09044394642114639 0.06625780463218689 0.05401722714304924 imageb_546973885436
10160 0.05314068868756294 0.031549129635095596 0.05404303967952728 imagef_547026871704
10170 0.052736736834049225 0.032240401953458786 0.053998980671167374 imageb_546962874438
10180 0.05247997120022774 0.033209361135959625 0.05394795164465904 imageb_547149861238
10190 0.0917409360408783 0.07460035383701324 0.05394071340560913 imaged_547159871241
10200 0.0445052832365036 0.02913716994225979 0.05391403287649155 imageb_547091869975
10210 0.13100981712341309 0.10601626336574554 0.05388690158724785 imagel_546924869806
10220 0.8983620405197144 0.8723088502883911 0.05384528636932373 imager_547193871872
10230 0.12471699714660645 0.09751803427934647 0.05383310094475746 imaged_547041853338
10240 0.06470091640949249 0.05221699923276901 0.053796425461769104 imagel_546870882540
10250 0.060153793543577194 0.03621021285653114 0.05378296226263046 imagef_546984863078
10260 0.049441829323768616 0.03126920014619827 0.053762052208185196 imagef_547137882603
10270 0.09849781543016434 0.08740470558404922 0.0537177249789238 imageu_547152864241
10280 0.03908905014395714 0.03196302801370621 0.05367954447865486 imager_547135880603
10290 0.04041814059019089 0.027871394529938698 0.05362853780388832 imagef_546999878077
10300 0.1478063315153122 0.11464483290910721 0.05359387397766113 imagel_547024869702
10310 0.1755380928516388 0.1383228600025177 0.05357374995946884 imagel_547166878243
10320 0.05946958810091019 0.03688981011509895 0.053568169474601746 imageu_547004883077
10330 0.06928236037492752 0.04665258154273033 0.053541939705610275 imageb_546938883810
10340 0.05979733541607857 0.039740800857543945 0.05354982614517212 imageu_547115860606
10350 0.062392719089984894 0.03869657590985298 0.0535561628639698 imagef_547013858709
10360 0.11238396912813187 0.08371429145336151 0.05354323983192444 imaged_546945857437
10370 0.04399380087852478 0.037774112075567245 0.05352931469678879 imager_546970882435
10380 0.04411127418279648 0.033260710537433624 0.053509701043367386 imager_547087865974
10390 0.12935060262680054 0.09745152294635773 0.0534864142537117 imaged_546946858444
10400 0.371345192193985 0.2568455934524536 0.05347318947315216 imaged_547200878871
10410 0.14126738905906677 0.12315946072340012 0.05343032628297806 imagel_547152864241
10420 0.028829233720898628 0.023409975692629814 0.05338848754763603 imager_546984863078
10430 0.13856038451194763 0.10890290141105652 0.05333312600851059 imaged_546897876191
10440 0.3077349364757538 0.27043938636779785 0.05329642444849014 imagef_547181859871
10450 0.05580141395330429 0.03376445919275284 0.05325453355908394 imageb_547101879972
10460 0.3370888829231262 0.2853815257549286 0.053263355046510696 imaged_547186864875
10470 0.6261672973632812 0.5321395397186279 0.05327725037932396 imageb_546843855539
10480 0.029587751254439354 0.02269962802529335 0.0532950684428215 imager_547142854240
10490 0.10015282034873962 0.0727841705083847 0.05328603833913803 imagel_546892871169
10500 0.14032670855522156 0.12178835272789001 0.053256675601005554 imagel_547121866605
10510 0.4896000027656555 0.3977228105068207 0.053246431052684784 imageb_547186864875
10520 0.04278799518942833 0.02575487643480301 0.05327662453055382 imageu_546951863443
10530 0.40857115387916565 0.32090190052986145 0.05328813195228577 imageb_546851863543
10540 0.12436498701572418 0.09752369672060013 0.05328833684325218 imaged_547055867337
10550 0.04199393093585968 0.029397420585155487 0.053292062133550644 imager_547052864345
10560 0.07727763056755066 0.048363588750362396 0.053297121077775955 imageb_546922867806
10570 0.05538497120141983 0.037137702107429504 0.05327838286757469 imageu_547116861604
10580 0.12659144401550293 0.09635854512453079 0.053252413868904114 imaged_547089867973
10590 0.036696016788482666 0.029030727222561836 0.053305063396692276 imager_547086864973
10600 0.026774318888783455 0.017030615359544754 0.053306180983781815 imager_546894873172
10610 0.08520447462797165 0.06828226149082184 0.0533134751021862 imaged_547159871241
10620 0.025634735822677612 0.019646069034934044 0.053323496133089066 imager_546980859076
10630 0.10872622579336166 0.0874624028801918 0.05336197465658188 imagel_547055867337
10640 0.07184484601020813 0.04812362417578697 0.053368620574474335 imageb_546900879170
10650 0.09317854791879654 0.07535645365715027 0.05336996167898178 imaged_547157869236
10660 0.07015419006347656 0.043615370988845825 0.053331173956394196 imageu_546938883810
10670 0.05055355653166771 0.03043115884065628 0.05328211933374405 imagef_547028873712
10680 0.13090340793132782 0.10169412195682526 0.05323787406086922 imaged_547019864709
10690 0.1200122982263565 0.09077135473489761 0.05322768911719322 imagel_547026871704
10700 0.03196965903043747 0.026020267978310585 0.0531756617128849 imager_546890869170
10710 0.6482367515563965 0.5787674784660339 0.05314425751566887 imageu_546843855539
10720 0.11578404903411865 0.0889679342508316 0.05310896411538124 imagel_546919864808
10730 0.04298342764377594 0.035465095192193985 0.05305158719420433 imagel_546865877539
10740 0.08612771332263947 0.06112871319055557 0.05301938205957413 imaged_547092870974
10750 0.05862423777580261 0.03564314916729927 0.05304950103163719 imageu_546941853440
10760 0.14351992309093475 0.11909202486276627 0.053064364939928055 imaged_547169881238
10770 0.08581285178661346 0.06056300550699234 0.05311165004968643 imageb_546994873075
10780 0.1260634958744049 0.0966772809624672 0.0531902015209198 imagel_546948860438
10790 0.10296680778265 0.06879192590713501 0.053219277411699295 imageb_547167879238
10800 0.17778295278549194 0.09732988476753235 0.05320556461811066 imageb_547174852869
10810 0.05364737659692764 0.029875585809350014 0.053188081830739975 imageu_546980859076
10820 0.11278148740530014 0.07023945450782776 0.05317112058401108 imagef_547166878243
10830 0.06470077484846115 0.0377618670463562 0.053197212517261505 imagef_546965877440
10840 0.12385716289281845 0.0930585116147995 0.053184233605861664 imaged_546972884442
10850 0.05175456777215004 0.034132275730371475 0.053182411938905716 imageu_547018863705
10860 0.13699933886528015 0.10232330858707428 0.05319949984550476 imaged_546982861070
10870 0.37751030921936035 0.3081589937210083 0.05320977047085762 imagef_547201879876
10880 0.03343566134572029 0.025790197774767876 0.053196776658296585 imager_546958870432
10890 0.05146428197622299 0.031510382890701294 0.05320262536406517 imageu_547098876976
10900 0.051860079169273376 0.03261864185333252 0.05321463942527771 imageu_547104882977
10910 0.6406487822532654 0.5514017343521118 0.05321149900555611 imaged_546849861536
10920 0.05695955455303192 0.03980356454849243 0.053195737302303314 imageb_546953865434
10930 0.032883170992136 0.028810998424887657 0.05320286378264427 imager_546926871803
10940 0.03021864965558052 0.023389078676700592 0.05320127680897713 imager_546875854173
10950 0.06727476418018341 0.042504195123910904 0.0532032772898674 imageb_547001880072
10960 0.05313196778297424 0.033345263451337814 0.0532335489988327 imageu_546946858444
10970 0.04997878521680832 0.030317269265651703 0.05324548855423927 imagef_547001880072
10980 0.05122700706124306 0.03291144222021103 0.05324312672019005 imageb_547011856705
10990 0.11875429004430771 0.09057848155498505 0.05325879901647568 imaged_547018863705
11000 0.12792742252349854 0.10266624391078949 0.05323748663067818 imagel_546912857810
11010 0.16019198298454285 0.12264339625835419 0.053212713450193405 imagel_547167879238
11020 0.05462528392672539 0.03495767340064049 0.05317587032914162 imagef_547135880603
11030 0.031904637813568115 0.025036407634615898 0.05315413698554039 imager_546975854071
11040 0.05841203033924103 0.038959357887506485 0.05315770208835602 imageb_547047859335
11050 0.05865184962749481 0.034250061959028244 0.05315376818180084 imagef_547132877611
11060 0.06155063584446907 0.043844256550073624 0.05309951305389404 imageb_547062874337
11070 0.05143500491976738 0.04075182229280472 0.053051114082336426 imageu_546868880541
11080 0.02770307846367359 0.021021338179707527 0.05301062390208244 imager_546951863443
11090 0.060629479587078094 0.03553440049290657 0.052946750074625015 imagef_546950862437
11100 0.09352772682905197 0.07421068847179413 0.05290887504816055 imaged_547160872234
11110 0.29133141040802 0.2172463983297348 0.05290349945425987 imageb_546853865537
11120 0.05154133588075638 0.03149179369211197 0.052886176854372025 imagef_547031876706
11130 0.11574051529169083 0.09041274338960648 0.05285630747675896 imagel_546987866076
11140 0.06174046918749809 0.04195084050297737 0.05286048725247383 imageb_547069881338
11150 0.06929634511470795 0.042767029255628586 0.0528351366519928 imagef_546946858444
11160 0.14756107330322266 0.12030444294214249 0.052820805460214615 imaged_547033878707
11170 0.0518379844725132 0.03118901513516903 0.05281538888812065 imageu_546987866076
11180 0.13245610892772675 0.10074317455291748 0.052781037986278534 imagel_547013858709
11190 0.05439275503158569 0.03208933398127556 0.05275380611419678 imageu_547053865336
11200 0.1053265705704689 0.07723571360111237 0.05274781957268715 imaged_547132877611
11210 0.0357668474316597 0.02740822546184063 0.05272001773118973 imagel_546868880541
11220 0.13049986958503723 0.10888466238975525 0.05269062519073486 imagel_547096874977
11230 0.028592783957719803 0.02232418581843376 0.052630532532930374 imager_546916861809
11240 0.03884618356823921 0.02622874453663826 0.05259859934449196 imagef_546865877539
11250 0.07252450287342072 0.04191109910607338 0.05259382724761963 imageu_546905884197
11260 0.1381128877401352 0.1054922342300415 0.05257943272590637 imaged_547101879972
11270 0.14220452308654785 0.12373887747526169 0.05254388228058815 imagel_547143855237
11280 0.08464416116476059 0.06200976297259331 0.052470024675130844 imageb_546973885436
11290 0.13220016658306122 0.10106553882360458 0.0524400994181633 imagel_547149861238
11300 0.12728294730186462 0.1075519248843193 0.052412137389183044 imagel_547142854240
11310 0.15888983011245728 0.12857545912265778 0.05239101126790047 imagel_547157869236
11320 0.11236882954835892 0.08735217899084091 0.05236459895968437 imagel_546972884442
11330 0.056028615683317184 0.033754702657461166 0.052365127950906754 imageb_547104882977
11340 0.5910919308662415 0.4890616834163666 0.052366338670253754 imagel_547201879876
11350 0.13897964358329773 0.10974814742803574 0.05234166607260704 imagel_547081859975
11360 0.06432416290044785 0.04460572451353073 0.052326664328575134 imageb_547050862335
11370 0.11675544828176498 0.0979626476764679 0.05232030525803566 imagel_547125870610
11380 0.633545458316803 0.5568519830703735 0.05230871960520744 imageu_546844856539
11390 0.027514658868312836 0.02181314304471016 0.05228925868868828 imager_546956868435
11400 0.5824096202850342 0.4864010214805603 0.05229717120528221 imagel_547200878871
11410 0.06266970932483673 0.036677051335573196 0.05228832736611366 imageu_546895874174
11420 0.0339723601937294 0.024995923042297363 0.052304383367300034 imager_547154866233
11430 0.10563845932483673 0.07515586167573929 0.05229421332478523 imaged_547007852711
11440 0.050074465572834015 0.030189188197255135 0.05228803679347038 imageb_547150862236
11450 0.4483875334262848 0.31043127179145813 0.052305784076452255 imageu_547200878871
11460 0.12839113175868988 0.09896137565374374 0.052269645035266876 imaged_546958870432
11470 0.0732322707772255 0.05747836455702782 0.05220848321914673 imagel_546887866191
11480 0.0948295146226883 0.07157376408576965 0.052164748311042786 imageb_546985864078
11490 0.1459127962589264 0.11292718350887299 0.052183352410793304 imagel_546939884803
11500 0.5304015874862671 0.4125911593437195 0.052154362201690674 imageu_547196874870
11510 0.12642955780029297 0.09569326788187027 0.052138086408376694 imagel_547023868703
11520 0.07723330706357956 0.056083522737026215 0.05215170606970787 imageb_546970882435
11530 0.1306115686893463 0.1029529944062233 0.052178625017404556 imaged_546895874174
11540 0.06130659952759743 0.03383979946374893 0.05217146873474121 imagef_546900879170
11550 0.09599795192480087 0.07491251826286316 0.05219978094100952 imagel_546994873075
11560 0.07301998138427734 0.04371695592999458 0.052149757742881775 imagef_546968880435
11570 0.026264239102602005 0.020734090358018875 0.05210859701037407 imager_546882861171
11580 0.11720128357410431 0.08480355143547058 0.0520922876894474 imaged_547057869336
11590 0.12971505522727966 0.11014359444379807 0.052075888961553574 imagel_547152864241
11600 0.05831171199679375 0.051413439214229584 0.052047327160835266 imager_547106884970
11610 0.06926824152469635 0.04768405854701996 0.05201837420463562 imageb_546914859807
11620 0.06908327341079712 0.043070923537015915 0.0519850067794323 imageu_547009854705
11630 0.1362665891647339 0.10674650222063065 0.05193091183900833 imaged_546941853440
11640 0.3511447012424469 0.3012179136276245 0.05189015716314316 imageu_547177855874
11650 0.1351594179868698 0.10487406700849533 0.0518597774207592 imaged_547125870610
11660 0.027761641889810562 0.02179582603275776 0.05186351388692856 imager_546979858070
11670 0.05707686394453049 0.03399263694882393 0.05185716971755028 imageu_547058870341
11680 0.05111955478787422 0.03749305009841919 0.05182960629463196 imager_547057869336
11690 0.03505606949329376 0.024588217958807945 0.05177712440490723 imager_547040885702
11700 0.03889906406402588 0.027890333905816078 0.05173226818442345 imager_547043855348
11710 0.03317052870988846 0.025149935856461525 0.051713135093450546 imager_547070882331
11720 0.05473301187157631 0.03645704686641693 0.05173749476671219 imageu_547116861604
11730 0.05331635847687721 0.03054547682404518 0.0517914704978466 imageu_547024869702
11740 0.037533894181251526 0.028387142345309258 0.05183626711368561 imager_547060872343
11750 0.05698995664715767 0.034117504954338074 0.05185255780816078 imageu_547045857339
11760 0.057760294526815414 0.03264111652970314 0.0518578365445137 imageu_546902881194
11770 0.2310679703950882 0.21587207913398743 0.05181524157524109 imageu_547164876237
11780 0.06263476610183716 0.03512921556830406 0.051777955144643784 imagef_546968880435
11790 0.05991233140230179 0.04073566570878029 0.05178817734122276 imageb_547082860970
11800 0.5579811930656433 0.4921838641166687 0.051832038909196854 imaged_546854866535
11810 0.3622117042541504 0.2929191291332245 0.05188075080513954 imagef_547205883874
11820 0.09585729986429214 0.06683462858200073 0.05193372070789337 imagel_546902881194
11830 0.10110186040401459 0.07617734372615814 0.051964614540338516 imaged_547002881074
11840 0.15066654980182648 0.11617249250411987 0.05199941247701645 imaged_546977856071
11850 0.05738374590873718 0.03660538047552109 0.052004098892211914 imagef_547011856705
11860 0.9066759943962097 0.8827312588691711 0.05197630077600479 imager_547183861871
11870 0.3768351078033447 0.31650012731552124 0.0519532635807991 imageb_547193871872
11880 0.05619186535477638 0.037066079676151276 0.05190576985478401 imageb_547050862335
11890 0.6791825294494629 0.5986101627349854 0.051847800612449646 imaged_546851863543
11900 0.029726659879088402 0.02371327020227909 0.05181717872619629 imager_547030875702
11910 0.1182272881269455 0.0882498025894165 0.05184422805905342 imageb_546905884197
11920 0.04939274489879608 0.03071557730436325 0.05187753960490227 imagef_547147859235
11930 0.0811387300491333 0.06026846542954445 0.05186956375837326 imageu_547137882603
11940 0.17950165271759033 0.12854546308517456 0.05183565244078636 imagef_547167879238
11950 0.06257756054401398 0.03901015967130661 0.051802851259708405 imageb_547074852968
11960 0.15604840219020844 0.12598130106925964 0.05179741978645325 imaged_546992871071
11970 0.10205944627523422 0.08149755746126175 0.051838528364896774 imagel_547176854870
11980 0.9038129448890686 0.879156768321991 0.051857106387615204 imager_547184862870
11990 0.14110402762889862 0.10831975936889648 0.051847632974386215 imaged_547096874977
12000 0.1225060373544693 0.10116884857416153 0.05183509737253189 imagel_547109854609
12010 0.04319935292005539 0.027384094893932343 0.051804523915052414 imagef_547082860970
12020 0.0369701087474823 0.025622481480240822 0.05177466943860054 imager_547160872234
12030 0.11474565416574478 0.08855223655700684 0.05174301192164421 imagel_547011856705
12040 0.11809127777814865 0.08210565149784088 0.05172597989439964 imagel_546982861070
12050 0.07026505470275879 0.04599299281835556 0.05171586200594902 imagef_547009854705
12060 0.09204279631376266 0.07319293916225433 0.05170021951198578 imagel_546883862169
12070 0.5983237028121948 0.4975212514400482 0.05173245444893837 imageb_547189867877
12080 0.04753996431827545 0.036711785942316055 0.051735375076532364 imager_547075853978
12090 0.0650239884853363 0.03991696238517761 0.05171331763267517 imageu_547096874977
12100 0.08460979163646698 0.06534340977668762 0.05169956758618355 imageb_546873885533
12110 0.05444738268852234 0.03461282700300217 0.05168422684073448 imagef_546882861171
12120 0.0626191645860672 0.033761803060770035 0.051672689616680145 imagef_547159871241
12130 0.04956373944878578 0.028111251071095467 0.051677022129297256 imageb_547143855237
12140 0.09954988956451416 0.07564109563827515 0.05172332003712654 imagel_547069881338
12150 0.14257574081420898 0.11647110432386398 0.05170908942818642 imagel_546980859076
12160 0.06509992480278015 0.039276570081710815 0.05169065669178963 imagef_546946858444
12170 0.10736343264579773 0.08313675224781036 0.05170844495296478 imageu_547149861238
12180 0.06066237390041351 0.03953434154391289 0.051704712212085724 imageu_547013858709
12190 0.44722771644592285 0.3453245759010315 0.05170789361000061 imagel_547194872874
12200 0.05156879872083664 0.029834255576133728 0.05171223357319832 imageu_547053865336
12210 0.054082371294498444 0.03152201697230339 0.051709841936826706 imageu_547058870341
12220 0.1264120489358902 0.09782322496175766 0.05167638882994652 imaged_547069881338
12230 0.11218474805355072 0.08674190193414688 0.051675282418727875 imaged_547147859235
12240 0.0680130273103714 0.04098822548985481 0.051659129559993744 imagef_546965877440
12250 0.13735061883926392 0.11236263811588287 0.05162908881902695 imagel_547099877967
12260 0.07027321308851242 0.04329715296626091 0.05162397399544716 imageu_547060872343
12270 0.05775505676865578 0.03280198201537132 0.05159176513552666 imagef_547040885702
12280 0.05941534787416458 0.03916384279727936 0.05154477059841156 imageu_546861873539
12290 0.026090435683727264 0.016126619651913643 0.051481958478689194 imager_546922867806
12300 0.02333792671561241 0.017419155687093735 0.051429908722639084 imager_546956868435
12310 0.5619623064994812 0.45249754190444946 0.051404066383838654 imageb_546844856539
12320 0.04078689217567444 0.024995001032948494 0.05136445537209511 imagef_547091869975
12330 0.029053431004285812 0.021844958886504173 0.05133975297212601 imager_547115860606
12340 0.10068031400442123 0.07346927374601364 0.051305487751960754 imagel_546892871169
12350 0.057886768132448196 0.03316279128193855 0.05125240236520767 imageu_547036881708
12360 0.11202928423881531 0.08182931691408157 0.05120854079723358 imaged_546931876806
12370 0.13964241743087769 0.10600651055574417 0.05118923634290695 imaged_546979858070
12380 0.08728192001581192 0.07009661197662354 0.05121264606714249 imagel_546999878077
12390 0.12005895376205444 0.09595192968845367 0.05123934894800186 imagel_547128873606
12400 0.14136599004268646 0.10980851203203201 0.051235876977443695 imaged_546984863078
12410 0.12474771589040756 0.094187892973423 0.051248908042907715 imaged_546972884442
12420 0.39062076807022095 0.2928033173084259 0.05128372833132744 imaged_547191869875
12430 0.05477290228009224 0.03581293299794197 0.051315370947122574 imageu_547115860606
12440 0.1174679771065712 0.08973895758390427 0.05132409557700157 imagel_546962874438
12450 0.40597763657569885 0.3680579662322998 0.051338400691747665 imageu_547167879238
12460 0.11656343191862106 0.08930836617946625 0.05132070556282997 imagel_546943855437
12470 0.02774704433977604 0.019998475909233093 0.0512896291911602 imager_547103881966
12480 0.47658541798591614 0.374176561832428 0.0512872114777565 imaged_547205883874
12490 0.7797192335128784 0.7286615967750549 0.0512564517557621 imager_547200878871
12500 0.26276519894599915 0.1916516274213791 0.051214881241321564 imageb_547184862870
12510 0.5849648714065552 0.4813906252384186 0.0512065552175045 imagel_546846858536
12520 0.29680579900741577 0.22767379879951477 0.051220573484897614 imageb_546856868537
12530 0.06471668183803558 0.04336758702993393 0.05121951177716255 imageb_546972884442
12540 0.12562130391597748 0.09668053686618805 0.051230743527412415 imaged_547004883077
12550 0.13780294358730316 0.10802911967039108 0.05124196782708168 imaged_547062874337
12560 0.038853488862514496 0.027099084109067917 0.051231712102890015 imager_547048860337
12570 0.07893484830856323 0.05741087347269058 0.05118565633893013 imageu_547128873606
12580 0.8364245295524597 0.7953329086303711 0.05119138956069946 imager_546839884906
12590 0.27606892585754395 0.213403582572937 0.05119713023304939 imagel_547186864875
12600 0.061970628798007965 0.03371552750468254 0.051149770617485046 imageu_546967879439
12610 0.11354148387908936 0.08645518124103546 0.05111544579267502 imagel_546985864078
12620 0.04911598935723305 0.030772827565670013 0.0510479211807251 imageu_546931876806
12630 0.03401626646518707 0.023358073085546494 0.050973180681467056 imager_547043855348
12640 0.05117633938789368 0.031048865988850594 0.05095873400568962 imageu_547079857970
12650 0.06048520654439926 0.03872019052505493 0.0509750060737133 imageb_547057869336
12660 0.034305814653635025 0.02417694963514805 0.05099346488714218 imager_546982861070
12670 0.029646363109350204 0.022985881194472313 0.050995055586099625 imager_547092870974
12680 0.048100441694259644 0.03159767761826515 0.05098146200180054 imageu_546955867436
12690 0.1261720508337021 0.10115615278482437 0.05099170655012131 imagel_546912857810
12700 0.055469632148742676 0.03151966631412506 0.05099567025899887 imagef_546894873172
12710 0.05617417395114899 0.03226032108068466 0.05097966268658638 imageu_546984863078
12720 0.059569597244262695 0.03177819028496742 0.050910718739032745 imagef_546962874438
12730 0.35934001207351685 0.29236626625061035 0.05088691785931587 imagef_547200878871
12740 0.023837493732571602 0.018025927245616913 0.05087532103061676 imager_546928873809
12750 0.0297781340777874 0.023876750841736794 0.0508454255759716 imager_547036881708
12760 0.05184149369597435 0.030038099735975266 0.05084756761789322 imagef_546953865434
12770 0.055220555514097214 0.032499611377716064 0.05082964524626732 imageu_546933878804
12780 0.049766648560762405 0.031059028580784798 0.05081038177013397 imagef_547058870341
12790 0.09490378201007843 0.07488090544939041 0.05081866309046745 imagel_546994873075
12800 0.12438489496707916 0.09318240731954575 0.05084869638085365 imaged_546997876076
12810 0.10610052198171616 0.07809661328792572 0.05089571326971054 imagel_546953865434
12820 0.04180607944726944 0.026912566274404526 0.050931282341480255 imager_547072884335
12830 0.0812232717871666 0.052888043224811554 0.0509345643222332 imagef_546887866191
12840 0.13135848939418793 0.10397065430879593 0.05092572048306465 imagel_547118863609
12850 0.11089318245649338 0.08457028120756149 0.05087018758058548 imagel_547094872971
12860 0.13046588003635406 0.10574959963560104 0.050819218158721924 imagel_547111856605
12870 0.13714559376239777 0.06948615610599518 0.05079110711812973 imagef_547171883239
12880 0.6406247019767761 0.5514017343521118 0.05080091953277588 imaged_546849861536
12890 0.17362302541732788 0.14175176620483398 0.050802018493413925 imaged_546880859173
12900 0.20578378438949585 0.13662031292915344 0.050793830305337906 imageb_547179857873
12910 0.44495007395744324 0.3077374994754791 0.05075136944651604 imageu_547201879876
12920 0.05727211385965347 0.038822535425424576 0.05070420354604721 imageb_547058870341
12930 0.03762279823422432 0.02749609388411045 0.05069894716143608 imager_547040885702
12940 0.12227729707956314 0.09512000530958176 0.05071988329291344 imagel_547074852968
12950 0.1385437697172165 0.10569094866514206 0.050723008811473846 imaged_547101879972
12960 0.0589015819132328 0.03511586785316467 0.05067330226302147 imageb_547118863609
12970 0.11616743355989456 0.089168019592762 0.05066352337598801 imagel_547057869336
12980 0.04236583411693573 0.031651705503463745 0.050701797008514404 imager_547130875605
12990 0.0975477546453476 0.06619182229042053 0.05072209611535072 imageb_546885864170
13000 0.6683703064918518 0.6533432006835938 0.05070948228240013 imager_547169881238
13010 0.05755147337913513 0.03645148128271103 0.050653036683797836 imageu_547113858603
13020 0.11435500532388687 0.0882454589009285 0.05061550810933113 imagel_546979858070
13030 0.09499233216047287 0.07205017656087875 0.050632208585739136 imageu_547145857237
13040 0.09944780170917511 0.07092738151550293 0.05066753551363945 imagel_547006885077
13050 0.058454178273677826 0.03770499676465988 0.05071919411420822 imagef_547086864973
13060 0.04235227406024933 0.024826526641845703 0.05076524615287781 imageb_547089867973
13070 0.09976229816675186 0.07269439846277237 0.05078522115945816 imaged_547132877611
13080 0.04924996942281723 0.031870994716882706 0.05075789988040924 imagef_547157869236
13090 0.034796278923749924 0.024213554337620735 0.050751011818647385 imager_547081859975
13100 0.04536040127277374 0.026653068140149117 0.05073157325387001 imageb_547142854240
13110 0.06038520485162735 0.03709794208407402 0.05067279562354088 imageu_546960872437
13120 0.06917456537485123 0.047047730535268784 0.05061810091137886 imageb_547070882331
13130 0.09346867352724075 0.05060539022088051 0.050573915243148804 imagef_546875854173
13140 0.055086877197027206 0.03116225078701973 0.05053827911615372 imageu_547101879972
13150 0.18010281026363373 0.17413362860679626 0.05052047222852707 imager_546865877539
13160 0.0336187444627285 0.025700433179736137 0.050500426441431046 imagel_546866878536
13170 0.08908165246248245 0.07066352665424347 0.05050688236951828 imageu_547150862236
13180 0.04045414179563522 0.029994064942002296 0.0505058653652668 imager_546909854806
13190 0.0724564641714096 0.04822631925344467 0.05051643028855324 imageb_546939884803
13200 0.11101865023374557 0.09300284832715988 0.05053660646080971 imagel_547164876237
13210 0.026556136086583138 0.020399175584316254 0.05055383965373039 imager_546984863078
13220 0.06687149405479431 0.04112008213996887 0.05055573955178261 imageb_547041853338
13230 0.5891733765602112 0.49528005719184875 0.05057792738080025 imagef_546846858536
13240 0.1968742161989212 0.12051710486412048 0.050590239465236664 imageb_547177855874
13250 0.08619681000709534 0.05404122918844223 0.050617415457963943 imageb_546982861070
13260 0.026708252727985382 0.01972469873726368 0.050644200295209885 imager_547120865600
13270 0.09195349365472794 0.06559747457504272 0.050656143575906754 imagel_546897876191
13280 0.10993535071611404 0.08463270217180252 0.05065607652068138 imaged_547108853603
13290 0.1405109018087387 0.10725042223930359 0.0506647564470768 imagel_547157869236
13300 0.23492996394634247 0.2191687971353531 0.05069825053215027 imageu_547164876237
13310 0.052882514894008636 0.03304816782474518 0.05073017627000809 imageu_547113858603
13320 0.14142575860023499 0.11446339637041092 0.05073757469654083 imaged_547033878707
13330 0.061924196779727936 0.03563075512647629 0.0507609061896801 imageu_546936881803
13340 0.05053919926285744 0.030884265899658203 0.05073085054755211 imageu_547098876976
13350 0.055174559354782104 0.03181800991296768 0.050709258764982224 imageu_546962874438
13360 0.05784974619746208 0.03268749266862869 0.05068396404385567 imageu_546883862169
13370 0.045428864657878876 0.027542075142264366 0.05065321922302246 imageu_546931876806
13380 0.6054810881614685 0.5064966678619385 0.05063047632575035 imageu_547186864875
13390 0.12073390930891037 0.09494782239198685 0.050624314695596695 imaged_546890869170
13400 0.021879097446799278 0.018764425069093704 0.05058926343917847 imager_546994873075
13410 0.022872736677527428 0.01722322776913643 0.05060538649559021 imager_546928873809
13420 0.7818513512611389 0.7339996099472046 0.0506177581846714 imager_547203881874
13430 0.12210889905691147 0.09030874073505402 0.05065446346998215 imagel_547013858709
13440 0.040493037551641464 0.030928747728466988 0.050670985132455826 imager_547060872343
13450 0.12667758762836456 0.09833232313394547 0.05064520239830017 imaged_546941853440
13460 0.029927009716629982 0.023881619796156883 0.05064036324620247 imager_547137882603
13470 0.04928630217909813 0.02962489426136017 0.05064572021365166 imageb_547152864241
13480 0.06414449214935303 0.03908318653702736 0.05067029967904091 imageu_547096874977
13490 0.056721653789281845 0.03650499880313873 0.05066649988293648 imageb_547035880703
13500 0.10944762080907822 0.0831424817442894 0.05065974220633507 imagel_547035880703
13510 0.05646283179521561 0.03511696681380272 0.050646670162677765 imageb_547098876976
13520 0.044897180050611496 0.03625311702489853 0.05064510181546211 imager_547128873606
13530 0.02601427398622036 0.018602928146719933 0.05062352493405342 imager_546917862811
13540 0.030884485691785812 0.021472616121172905 0.050571512430906296 imager_546895874174
13550 0.12284936010837555 0.09405338019132614 0.050527773797512054 imaged_547004883077
13560 0.1061689704656601 0.08080219477415085 0.05050138011574745 imagel_546960872437
13570 0.052614908665418625 0.0278078131377697 0.05056092515587807 imageb_547132877611
13580 0.29102981090545654 0.22310400009155273 0.0506090484559536 imageb_546856868537
13590 0.036962565034627914 0.030816536396741867 0.050636276602745056 imager_547024869702
13600 0.02988545596599579 0.02271842397749424 0.05063674971461296 imager_547126871606
13610 0.026291394606232643 0.0198432095348835 0.05061836913228035 imager_546934879798
13620 0.9066622257232666 0.8827312588691711 0.0506000816822052 imager_547183861871
13630 0.5125876665115356 0.4420168101787567 0.05058642476797104 imageu_547184862870
13640 0.0429425872862339 0.026708057150244713 0.050575800240039825 imagef_547053865336
13650 0.1225559338927269 0.10106570273637772 0.05055893957614899 imagel_547109854609
13660 0.04407732933759689 0.027049824595451355 0.0505271814763546 imageb_547092870974
13670 0.11162896454334259 0.08477844297885895 0.050482723861932755 imaged_547111856605
13680 0.5983108878135681 0.4975212514400482 0.050450850278139114 imageb_547189867877
13690 0.5619524717330933 0.45249754190444946 0.05042057856917381 imageb_546844856539
13700 0.09836486726999283 0.07161987572908401 0.05041240155696869 imaged_547126871606
13710 0.06108890846371651 0.033611420542001724 0.05043323338031769 imagef_547057869336
13720 0.530384361743927 0.4125911593437195 0.05043288320302963 imageu_547196874870
13730 0.0324249304831028 0.024754149839282036 0.050435539335012436 imager_547143855237
13740 0.11695791035890579 0.08853498101234436 0.05043666437268257 imaged_547011856705
13750 0.08552038669586182 0.06694605201482773 0.05045628175139427 imageu_547142854240
13760 0.3793136775493622 0.3320319652557373 0.05046305060386658 imagef_547186864875
13770 0.06640496850013733 0.04499281197786331 0.05048650503158569 imageb_547018863705
13780 0.08490794152021408 0.057397276163101196 0.05053805559873581 imageb_546902881194
13790 0.24106721580028534 0.18394340574741364 0.050548989325761795 imageu_547193871872
13800 0.1277923434972763 0.10070370137691498 0.05052445828914642 imagel_546931876806
13810 0.027985066175460815 0.02143331989645958 0.05047658458352089 imager_546951863443
13820 0.12365404516458511 0.09406013786792755 0.050454799085855484 imaged_546987866076
13830 0.1276845484972 0.10190775990486145 0.05043322592973709 imagel_547077855978
13840 0.05307488143444061 0.03232019394636154 0.05041363835334778 imagef_547147859235
13850 0.058378878980875015 0.032173462212085724 0.05036568269133568 imagef_546900879170
13860 0.10609917342662811 0.07993635535240173 0.05030921474099159 imagel_546924869806
13870 0.04372028261423111 0.03749597445130348 0.050291676074266434 imager_547140885602
13880 0.11048439145088196 0.0805414542555809 0.050297655165195465 imaged_546928873809
13890 0.028689509257674217 0.02163168042898178 0.05032658949494362 imager_547001880072
13900 0.03035091608762741 0.02393457107245922 0.05035217106342316 imager_547138883611
13910 0.03913974016904831 0.023330943658947945 0.05031608045101166 imagef_547067879338
13920 0.05578109622001648 0.032587673515081406 0.050271447747945786 imagef_546984863078
13930 0.11214447766542435 0.08587734401226044 0.050247855484485626 imagel_547053865336
13940 0.05169636383652687 0.0342671200633049 0.05023607611656189 imageu_547019864709
13950 0.07032442092895508 0.05046997219324112 0.050185542553663254 imageb_547033878707
13960 0.0904485434293747 0.04916713014245033 0.0501561164855957 imagef_546861873539
13970 0.898428738117218 0.8776244521141052 0.050133977085351944 imager_546858870537
13980 0.8885941505432129 0.8601586818695068 0.050080955028533936 imager_547194872874
13990 0.11639773100614548 0.08963292837142944 0.05002646893262863 imaged_546955867436
14000 0.08956031501293182 0.06363064050674438 0.050010159611701965 imageb_546904883185
14010 0.11236187815666199 0.08147206902503967 0.04999636858701706 imagel_547060872343
14020 0.5849528312683105 0.4813906252384186 0.05000484362244606 imagel_546846858536
14030 0.13528573513031006 0.104851134121418 0.049997083842754364 imaged_546897876191
14040 0.12389995902776718 0.10295844823122025 0.04997161403298378 imagel_547096874977
14050 0.027751510962843895 0.02271249145269394 0.049923524260520935 imager_546953865434
14060 0.08380749821662903 0.06152508780360222 0.049871575087308884 imageb_547067879338
14070 0.0710209533572197 0.05667818710207939 0.04984065145254135 imagel_546887866191
14080 0.03540821373462677 0.02705864980816841 0.049828026443719864 imager_547154866233
14090 0.05661667138338089 0.03354479745030403 0.04982049763202667 imagef_547035880703
14100 0.04819744825363159 0.0298624187707901 0.049809426069259644 imageu_547033878707
14110 0.05188699811697006 0.031032059341669083 0.0497966930270195 imageb_547121866605
14120 0.05080346018075943 0.03419235721230507 0.049793731421232224 imageb_546956868435
14130 0.409310907125473 0.32121965289115906 0.04979179427027702 imageb_546851863543
14140 0.10544583201408386 0.08072195947170258 0.04978332668542862 imaged_547142854240
14150 0.07209800183773041 0.042914483696222305 0.04975340515375137 imagef_546968880435
14160 0.12903185188770294 0.09608367830514908 0.04973796755075455 imaged_546968880435
14170 0.08172857016324997 0.044430069625377655 0.049759019166231155 imagef_546907852806
14180 0.05597788840532303 0.03416203707456589 0.04976045712828636 imageu_546919864808
14190 0.09044883400201797 0.04533527418971062 0.049768004566431046 imagef_546877856173
14200 0.0497661717236042 0.03384517505764961 0.04972913861274719 imageb_546955867436
14210 0.022818563506007195 0.01922634243965149 0.049710121005773544 imager_546990869071
14220 0.07473978400230408 0.04886592924594879 0.049693550914525986 imageb_546887866191
14230 0.13081005215644836 0.1053963452577591 0.04968645051121712 imagel_547135880603
14240 0.16617189347743988 0.13431549072265625 0.049644969403743744 imaged_546880859173
14250 0.09856211394071579 0.07831307500600815 0.04962344467639923 imagel_546992871071
14260 0.16650334000587463 0.13658708333969116 0.04958502948284149 imaged_546877856173
14270 0.11738506704568863 0.09278365969657898 0.049565888941287994 imagel_547123868601
14280 0.05583099275827408 0.034566204994916916 0.049552228301763535 imagef_547014859704
14290 0.3816257119178772 0.2586677372455597 0.049566708505153656 imaged_547201879876
14300 0.6736359596252441 0.5919144749641418 0.04956241324543953 imaged_546846858536
14310 0.3840774893760681 0.3110334575176239 0.04954485222697258 imageu_546848860533
14320 0.06914752721786499 0.041237905621528625 0.04950409010052681 imageu_546939884803
14330 0.10304339230060577 0.07363178580999374 0.049478836357593536 imaged_547006885077
14340 0.04546413570642471 0.03596328943967819 0.0494987927377224 imageu_546868880541
14350 0.05967109650373459 0.037380509078502655 0.049515970051288605 imageb_546926871803
14360 0.09464419633150101 0.07719650864601135 0.04953816905617714 imagel_547091869975
14370 0.10748058557510376 0.08173994719982147 0.04953727126121521 imaged_547147859235
14380 0.08099184185266495 0.05850936099886894 0.04952119290828705 imageb_546943855437
14390 0.11371772736310959 0.08334607630968094 0.049517568200826645 imaged_546968880435
14400 0.05142103508114815 0.029946202412247658 0.049569789320230484 imageu_546911856805
14410 0.015808334574103355 0.013186810538172722 0.04958305507898331 imager_546866878536
14420 0.08422541618347168 0.04583042114973068 0.04957012087106705 imagef_546858870537
14430 0.11576250195503235 0.09208343178033829 0.04957456886768341 imagel_547137882603
14440 0.03597594052553177 0.025988589972257614 0.04959066957235336 imager_547043855348
14450 0.07964399456977844 0.05152040719985962 0.049572136253118515 imageb_547004883077
14460 0.10453595966100693 0.07636415958404541 0.04956359788775444 imagel_547072884335
14470 0.048936888575553894 0.02893516793847084 0.04957128316164017 imageu_546965877440
14480 0.33994317054748535 0.2936876118183136 0.049582842737436295 imagef_547184862870
14490 0.08105015754699707 0.05287553742527962 0.04957186058163643 imageb_547072884335
14500 0.08147194236516953 0.05411475524306297 0.04953508824110031 imageb_546902881194
14510 0.11938918381929398 0.09114948660135269 0.049523644149303436 imaged_547084862980
14520 0.049384064972400665 0.02539580874145031 0.049527883529663086 imageb_547132877611
14530 0.05181730166077614 0.029766753315925598 0.049548715353012085 imageu_546972884442
14540 0.11721932142972946 0.09577653557062149 0.04954901337623596 imagel_547109854609
14550 0.11550277471542358 0.08819984644651413 0.04955115541815758 imaged_547106884970
14560 0.09981855750083923 0.0739770382642746 0.0495586097240448 imagel_546962874438
14570 0.07798789441585541 0.05253833159804344 0.0495934933423996 imageb_546997876076
14580 0.04884707182645798 0.03111330233514309 0.04960682615637779 imageu_547089867973
14590 0.09824375063180923 0.07572435587644577 0.049633290618658066 imaged_547149861238
14600 0.10424042493104935 0.07904825359582901 0.04967512935400009 imagel_546900879170
14610 0.06793393939733505 0.0441102497279644 0.04969301447272301 imageb_546999878077
14620 0.12239763885736465 0.09330306202173233 0.04969737306237221 imaged_546950862437
14630 0.06545601785182953 0.0380440428853035 0.0496961735188961 imagef_546970882435
14640 0.11695148050785065 0.08764787018299103 0.0496646948158741 imagel_546965877440
14650 0.029524829238653183 0.022846518084406853 0.04963909834623337 imager_547026871704
14660 0.1283891499042511 0.0972134917974472 0.04962719604372978 imaged_546984863078
14670 0.6821829676628113 0.602511465549469 0.04966816306114197 imagel_546839884906
14680 0.05806810036301613 0.03726615384221077 0.04969850555062294 imageb_547018863705
14690 0.44058454036712646 0.3327656090259552 0.04968731105327606 imaged_547206884871
14700 0.057961318641901016 0.032351721078157425 0.04969790205359459 imagef_547040885702
14710 0.13231095671653748 0.10132204741239548 0.04969063773751259 imagel_547172884238
14720 0.22366422414779663 0.1714867800474167 0.049707893282175064 imageb_546861873539
14730 0.1678825318813324 0.13547025620937347 0.049719031900167465 imaged_547086864973
14740 0.10958900302648544 0.08373337984085083 0.04970044270157814 imaged_546955867436
14750 0.26865512132644653 0.21688422560691833 0.04967038705945015 imagef_547174852869
14760 0.13500788807868958 0.10458110272884369 0.04967278242111206 imaged_547065877343
14770 0.055212363600730896 0.030457379296422005 0.04971548542380333 imageu_546890869170
14780 0.4220569431781769 0.3456669747829437 0.049730051308870316 imaged_547196874870
14790 0.06874869763851166 0.04761339724063873 0.04973079264163971 imageb_546911856805
14800 0.6780520081520081 0.5974634289741516 0.049741800874471664 imaged_546848860533
14810 0.066328264772892 0.04733111336827278 0.04974987730383873 imagel_546871883543
14820 0.05116530507802963 0.03214222937822342 0.049726102501153946 imageu_547082860970
14830 0.0702371671795845 0.04651591181755066 0.04969877377152443 imageb_547021866708
14840 0.03821207210421562 0.029013419523835182 0.049685683101415634 imageu_546863875543
14850 0.03219006210565567 0.023053983226418495 0.04969273880124092 imager_547159871241
14860 0.05534835904836655 0.03180745616555214 0.04968460276722908 imageu_546962874438
14870 0.07596546411514282 0.03886173292994499 0.04967424273490906 imageu_547072884335
14880 0.05116666480898857 0.028808219358325005 0.049650657922029495 imagef_546894873172
14890 0.0331161804497242 0.02384662628173828 0.04966941475868225 imager_547009854705
14900 0.11597482860088348 0.0890389010310173 0.049655649811029434 imagel_547140885602
14910 0.11430936306715012 0.08694951236248016 0.04963669925928116 imaged_546924869806
14920 0.04044702649116516 0.027211716398596764 0.049595728516578674 imager_547132877611
14930 0.14806543290615082 0.1236664354801178 0.04953480511903763 imaged_547167879238
14940 0.059957511723041534 0.033844586461782455 0.049519408494234085 imagef_546922867806
14950 0.028597502037882805 0.02270614355802536 0.04949558898806572 imager_546890869170
14960 0.37958207726478577 0.3076549768447876 0.04950938746333122 imageu_546848860533
14970 0.06317701935768127 0.04209476709365845 0.049531616270542145 imagef_547030875702
14980 0.11720110476016998 0.09624885022640228 0.04951513931155205 imagel_546854866535
14990 0.03386842831969261 0.02375619485974312 0.049490105360746384 imager_547040885702
15000 0.10970424860715866 0.08381059765815735 0.04946187511086464 imagel_547145857237
15010 0.0259331613779068 0.02013603411614895 0.049455124884843826 imager_547091869975
15020 0.0865047425031662 0.056174274533987045 0.04942599684000015 imageb_546877856173
15030 0.08099677413702011 0.053955160081386566 0.049407780170440674 imageb_546882861171
15040 0.042773764580488205 0.02667701058089733 0.049416448920965195 imagef_546994873075
15050 0.12495990842580795 0.10706321895122528 0.04943408817052841 imagel_547126871606
15060 0.14493052661418915 0.10579721629619598 0.04945167526602745 imaged_546967879439
15070 0.09607994556427002 0.06896907836198807 0.04954368993639946 imaged_546951863443
15080 0.05970105156302452 0.0409814789891243 0.04958329349756241 imageb_547031876706
15090 0.03293661028146744 0.025626016780734062 0.04958879202604294 imager_547150862236
15100 0.043022118508815765 0.02697404846549034 0.04960673674941063 imagef_547053865336
15110 0.016869118437170982 0.014296087436378002 0.049601636826992035 imager_546868880541
15120 0.05539718642830849 0.03602244332432747 0.04957347735762596 imageu_547115860606
15130 0.032451000064611435 0.024692567065358162 0.049548085778951645 imager_546958870432
15140 0.03384627774357796 0.026239851489663124 0.04953106492757797 imager_546880859173
15150 0.09438309818506241 0.062486112117767334 0.04951545223593712 imageu_546888867171
15160 0.42542535066604614 0.3736131489276886 0.04949069395661354 imaged_546860872536
15170 0.07883255928754807 0.0484854094684124 0.049502044916152954 imageb_546892871169
15180 0.05402708798646927 0.031172404065728188 0.049474213272333145 imageu_547070882331
15190 0.43861323595046997 0.3852052092552185 0.04944808781147003 imaged_546858870537
15200 0.04736899957060814 0.03278878331184387 0.049466632306575775 imagef_547154866233
15210 0.05357257276773453 0.030451273545622826 0.04946161434054375 imageu_547024869702
15220 0.03869952633976936 0.025570956990122795 0.0494595430791378 imager_546967879439
15230 0.923565149307251 0.9038711190223694 0.04943765699863434 imager_547177855874
15240 0.10562168806791306 0.07887177914381027 0.049381792545318604 imagel_547106884970
15250 0.39914509654045105 0.3526151776313782 0.049350906163454056 imaged_546861873539
15260 0.04787398874759674 0.02881917729973793 0.04934683069586754 imagef_547084862980
15270 0.7818005084991455 0.7338600754737854 0.04931853711605072 imager_547203881874
15280 0.05019598454236984 0.030121127143502235 0.0492938868701458 imagef_547028873712
15290 0.4609474539756775 0.3462112545967102 0.04926488175988197 imaged_547198876871
15300 0.056089647114276886 0.03427600860595703 0.049267593771219254 imageu_547113858603
15310 0.071083664894104 0.04876815527677536 0.04924221336841583 imageb_546938883810
15320 0.12223020195960999 0.0926370769739151 0.04920768737792969 imagel_547023868703
15330 0.2484877109527588 0.20856396853923798 0.0491846539080143 imaged_547172884238
15340 0.5835446119308472 0.4794595241546631 0.04923427104949951 imagel_546848860533
15350 0.057452280074357986 0.03736384958028793 0.04924440756440163 imageu_547030875702
15360 0.047500237822532654 0.0364210307598114 0.04922815039753914 imager_547075853978
15370 0.05454206094145775 0.033786315470933914 0.04918605834245682 imagef_547011856705
15380 0.022981449961662292 0.019288387149572372 0.04916785657405853 imager_546871883543
15390 0.022771524265408516 0.018675869330763817 0.04912671446800232 imager_546887866191
15400 0.09610182791948318 0.0735042467713356 0.0490613617002964 imageb_546992871071
15410 0.07566839456558228 0.05201823264360428 0.04901033267378807 imageb_547052864345
15420 0.04109757021069527 0.0290369912981987 0.048983633518218994 imager_547147859235
15430 0.10483063012361526 0.07158572226762772 0.048946455121040344 imageb_546982861070
15440 0.027302095666527748 0.020720699802041054 0.04888684302568436 imager_546951863443
15450 0.08875439316034317 0.061578698456287384 0.048860352486371994 imagel_546890869170
15460 0.1368478536605835 0.10373082011938095 0.04888303205370903 imaged_547024869702
15470 0.11751831322908401 0.0891663059592247 0.04889471456408501 imaged_547069881338
15480 0.027721667662262917 0.021058320999145508 0.04892696440219879 imager_546875854173
15490 0.09019582718610764 0.05236183851957321 0.04892347380518913 imagef_546916861809
15500 0.0776519924402237 0.05527098849415779 0.04894430562853813 imageb_547096874977
15510 0.11082083731889725 0.08418909460306168 0.0489436537027359 imagel_547011856705
15520 0.5036436319351196 0.4091451168060303 0.04892691597342491 imagef_546849861536
15530 0.06030763313174248 0.036756716668605804 0.048884473741054535 imagef_547106884970
15540 0.052732426673173904 0.03283313661813736 0.04886051267385483 imageu_547103881966
15550 0.03182971850037575 0.022133639082312584 0.048857562243938446 imager_546877856173
15560 0.05616288259625435 0.0331878736615181 0.048836953938007355 imagef_547035880703
15570 0.11784692853689194 0.09542548656463623 0.048834964632987976 imaged_547115860606
15580 0.05192612484097481 0.03132407367229462 0.04880791902542114 imagef_547140885602
15590 0.1514958143234253 0.12091401219367981 0.04880056157708168 imaged_546992871071
15600 0.08126688748598099 0.05579134076833725 0.048790208995342255 imageb_546975854071
15610 0.11046677082777023 0.08313489705324173 0.04872908070683479 imagel_547052864345
15620 0.0627318024635315 0.03400292992591858 0.048701122403144836 imageu_546967879439
15630 0.026290155947208405 0.018482893705368042 0.048666007816791534 imager_546972884442
15640 0.0988149344921112 0.08233226090669632 0.04865292087197304 imagel_547125870610
15650 0.062003474682569504 0.044354911893606186 0.04864902049303055 imageu_547126871606
15660 0.7813592553138733 0.7334872484207153 0.04865026846528053 imager_547203881874
15670 0.6559932827949524 0.5696784853935242 0.04864794388413429 imageb_547206884871
15680 0.11772104352712631 0.08409349620342255 0.04865030571818352 imagel_546977856071
15690 0.10662143677473068 0.0817313939332962 0.04865757375955582 imagel_547035880703
15700 0.0590161494910717 0.038561876863241196 0.048670701682567596 imageb_546945857437
15710 0.5016842484474182 0.43266648054122925 0.0486634187400341 imaged_547194872874
15720 0.05785006657242775 0.03260548785328865 0.048630308359861374 imagef_547040885702
15730 0.10151137411594391 0.0719999223947525 0.048599738627672195 imaged_547006885077
15740 0.13916398584842682 0.10902847349643707 0.04859771952033043 imaged_546992871071
15750 0.050645969808101654 0.030014261603355408 0.048623863607645035 imagef_547055867337
15760 0.024176394566893578 0.016780933365225792 0.04864388331770897 imager_547064876339
15770 0.10237770527601242 0.07436604797840118 0.048646263778209686 imagel_547181859871
15780 0.0382256917655468 0.0291712898761034 0.04865886643528938 imageu_546863875543
15790 0.8377519249916077 0.8234817981719971 0.04867004603147507 imager_547171883239
15800 0.17393015325069427 0.13881413638591766 0.04866226017475128 imageu_546856868537
15810 0.06201900541782379 0.04061836004257202 0.0486813485622406 imageb_546938883810
15820 0.05076758190989494 0.04296192154288292 0.048660892993211746 imager_547106884970
15830 0.06706781685352325 0.04377574101090431 0.04863937944173813 imageb_546999878077
15840 0.36251547932624817 0.29239314794540405 0.04864741489291191 imagef_547205883874
15850 0.0361773744225502 0.02966049313545227 0.048660099506378174 imager_547024869702
15860 0.0758906900882721 0.0531892329454422 0.04865982383489609 imageb_546926871803
15870 0.1035730391740799 0.07536906749010086 0.048665933310985565 imagel_547006885077
15880 0.9066429734230042 0.8827312588691711 0.04867042601108551 imager_547183861871
15890 0.13689589500427246 0.11036454886198044 0.04868391528725624 imagel_546980859076
15900 0.1020934209227562 0.07527980953454971 0.04869458079338074 imagel_547106884970
15910 0.0577162429690361 0.032645333558321 0.048683956265449524 imagef_546982861070
15920 0.04877849295735359 0.03148882836103439 0.04865633323788643 imageu_547018863705
15930 0.6019158363342285 0.502016544342041 0.04862915724515915 imageb_547191869875
15940 0.08778063207864761 0.062062762677669525 0.04858636483550072 imageu_547140885602
15950 0.2676652669906616 0.21663619577884674 0.04857637733221054 imagef_547174852869
15960 0.07024458795785904 0.04802460968494415 0.04859914258122444 imageb_547070882331
15970 0.06575162708759308 0.039540793746709824 0.04860667511820793 imageb_546967879439
15980 0.11556930094957352 0.08491499722003937 0.04862619936466217 imagel_547045857339
15990 0.11625180393457413 0.09070879966020584 0.04863335192203522 imagel_546975854071
16000 0.048146191984415054 0.02620299533009529 0.04865433648228645 imagef_546945857437
16010 0.0612686425447464 0.04732087627053261 0.048673320561647415 imagel_546882861171
16020 0.10123749077320099 0.07626128196716309 0.04869876429438591 imageu_547159871241
16030 0.05134096369147301 0.03440865874290466 0.04871383309364319 imageb_547058870341
16040 0.03582180663943291 0.026694852858781815 0.04872874915599823 imager_547021866708
16050 0.05602702870965004 0.035313405096530914 0.04875306412577629 imagef_546871883543
16060 0.05738573893904686 0.03377857431769371 0.0487518385052681 imagef_547149861238
16070 0.10985968261957169 0.08367140591144562 0.048739802092313766 imaged_546900879170
16080 0.3039752244949341 0.21699075400829315 0.04872223362326622 imagel_547189867877
16090 0.11246979236602783 0.08329438418149948 0.04871891811490059 imaged_546919864808
16100 0.06108519434928894 0.034704361110925674 0.048700906336307526 imageb_547137882603
16110 0.04828730598092079 0.028971610590815544 0.04869823902845383 imagef_547121866605
16120 0.039278626441955566 0.02946358360350132 0.048719026148319244 imager_547128873606
16130 0.283927321434021 0.24043117463588715 0.04872966557741165 imaged_547174852869
16140 0.11049876362085342 0.08903642743825912 0.04872436448931694 imagel_546917862811
16150 0.06899647414684296 0.043413594365119934 0.04870817810297012 imageb_547048860337
16160 0.21269144117832184 0.1524745523929596 0.04868272691965103 imagef_547172884238
16170 0.10116390138864517 0.07038171589374542 0.04866926744580269 imagel_546965877440
16180 0.028794048354029655 0.020793501287698746 0.048745326697826385 imager_546878857194
16190 0.1212790384888649 0.09183626621961594 0.04877818003296852 imagel_547154866233
16200 0.0667194351553917 0.05380440503358841 0.04880141466856003 imageb_546871883543
16210 0.11373271048069 0.0904068797826767 0.04882334545254707 imagel_546987866076
16220 0.05559825897216797 0.03804332762956619 0.048796456307172775 imageb_546929874807
16230 0.5565090775489807 0.46168673038482666 0.048779383301734924 imagef_546848860533
16240 0.6508602499961853 0.5631583333015442 0.04877425357699394 imageb_547203881874
16250 0.11758273839950562 0.08961350470781326 0.048741817474365234 imagel_547162874244
16260 0.11563193798065186 0.08585619926452637 0.048751942813396454 imaged_546962874438
16270 0.030762560665607452 0.022825051099061966 0.048755940049886703 imager_547070882331
16280 0.09728872776031494 0.06737023591995239 0.04874074459075928 imagel_546933878804
16290 0.11433561891317368 0.08860547095537186 0.048754431307315826 imaged_547035880703
16300 0.06481296569108963 0.03703821077942848 0.04877129942178726 imageb_547113858603
16310 0.0235244482755661 0.015991073101758957 0.048805393278598785 imager_546917862811
16320 0.30857473611831665 0.25579166412353516 0.048801399767398834 imagef_547198876871
16330 0.05521769821643829 0.03233091160655022 0.04877004399895668 imageu_547001880072
16340 0.05033624917268753 0.03074738383293152 0.04874919354915619 imageb_547152864241
16350 0.12146574258804321 0.08576852828264236 0.04872690141201019 imaged_546907852806
16360 0.057471245527267456 0.0361810065805912 0.048726655542850494 imageu_547081859975
16370 0.07337269932031631 0.050328973680734634 0.048704031854867935 imageb_547028873712
16380 0.25889521837234497 0.22047942876815796 0.04871856048703194 imageu_546854866535
16390 0.04178176447749138 0.026530558243393898 0.048726264387369156 imageu_547062874337
16400 0.1230737715959549 0.09687568247318268 0.048713263124227524 imagel_546905884197
16410 0.12546256184577942 0.09682565182447433 0.04874245077371597 imagel_546934879798
16420 0.07841033488512039 0.04279869794845581 0.0487784743309021 imagef_546892871169
16430 0.0559609979391098 0.03205585852265358 0.04881170392036438 imageu_546885864170
16440 0.09874405711889267 0.07109049707651138 0.048800792545080185 imagel_547033878707
16450 0.07447025924921036 0.052988093346357346 0.04876057058572769 imageu_547128873606
16460 0.5491596460342407 0.4370695948600769 0.04874200001358986 imageb_547200878871
16470 0.052535779774188995 0.03440621867775917 0.048735398799180984 imagef_547157869236
16480 0.05437712371349335 0.03183910623192787 0.048737943172454834 imagef_547021866708
16490 0.11618781089782715 0.09535446763038635 0.04873291030526161 imagel_547103881966
16500 0.027245022356510162 0.021128308027982712 0.048766687512397766 imager_546890869170
16510 0.14038214087486267 0.11326286196708679 0.04876590520143509 imaged_547033878707
16520 0.043878015130758286 0.025948338210582733 0.048742588609457016 imageu_546992871071
16530 0.02544613927602768 0.018707560375332832 0.04871831834316254 imager_547092870974
16540 0.3472174108028412 0.30673080682754517 0.04871559888124466 imagef_547191869875
16550 0.1075669676065445 0.08110054582357407 0.04872766137123108 imaged_546956868435
16560 0.11918969452381134 0.08781369030475616 0.048752255737781525 imageu_547132877611
16570 0.05058831721544266 0.032262541353702545 0.048737701028585434 imageu_547031876706
16580 0.048086121678352356 0.030008545145392418 0.04870375990867615 imageu_546931876806
16590 0.05060857906937599 0.029929794371128082 0.04866223782300949 imageu_546965877440
16600 0.6296336054801941 0.5365254878997803 0.04858888313174248 imageb_546841853547
16610 0.1125163733959198 0.08592760562896729 0.04855100437998772 imaged_546943855437
16620 0.09334095567464828 0.06978188455104828 0.04851299896836281 imagel_547094872971
16630 0.05400315299630165 0.030400512740015984 0.048493240028619766 imageu_547041853338
16640 0.056541807949543 0.03322521597146988 0.04845490679144859 imagef_547038883711
16650 0.056863073259592056 0.034140445291996 0.04844769835472107 imageb_547155867242
16660 0.032498832792043686 0.025712240487337112 0.048461414873600006 imager_546963875440
16670 0.1293535977602005 0.09310472011566162 0.04847178980708122 imaged_547087865974
16680 0.05325666815042496 0.03849964216351509 0.04851542413234711 imagef_547154866233
16690 0.106724314391613 0.08181949704885483 0.04853057488799095 imaged_547038883711
16700 0.13128477334976196 0.06551483273506165 0.048552755266427994 imagef_547171883239
16710 0.05588081479072571 0.039256464689970016 0.04858215153217316 imageu_547121866605
16720 0.0687476098537445 0.03952339291572571 0.04857676476240158 imagef_546917862811
16730 0.02359328232705593 0.01756170764565468 0.048580992966890335 imager_546928873809
16740 0.05482914671301842 0.03213249519467354 0.04859893396496773 imageb_547154866233
16750 0.13957518339157104 0.10385587811470032 0.04859628155827522 imaged_546980859076
16760 0.37058597803115845 0.2564770579338074 0.04860246926546097 imaged_547200878871
16770 0.24259540438652039 0.18579603731632233 0.048605166375637054 imageu_547193871872
16780 0.03543670475482941 0.023463109508156776 0.04859860986471176 imager_547048860337
16790 0.4408477246761322 0.3325999081134796 0.04858217388391495 imaged_547206884871
16800 0.645483672618866 0.5580911636352539 0.04855428263545036 imaged_546843855539
16810 0.14347758889198303 0.10810086131095886 0.0485265739262104 imaged_546970882435
16820 0.14623600244522095 0.1099296286702156 0.04850390926003456 imaged_546973885436
16830 0.09042569249868393 0.0674106702208519 0.04848353937268257 imageb_546985864078
16840 0.05242176353931427 0.03033021278679371 0.048470426350831985 imagef_547120865600
16850 0.07042646408081055 0.04584706202149391 0.048445481806993484 imageu_546860872536
16860 0.05041622370481491 0.028803983703255653 0.04839165508747101 imagef_547098876976
16870 0.059498921036720276 0.0337006039917469 0.048349812626838684 imagef_546883862169
16880 0.1224042996764183 0.08691611886024475 0.04828003793954849 imaged_547009854705
16890 0.5836901068687439 0.4797990918159485 0.048215001821517944 imagel_547205883874
16900 0.03062433935701847 0.023893974721431732 0.04819914326071739 imager_547084862980
16910 0.03625308349728584 0.024553967639803886 0.04819659888744354 imager_546892871169
16920 0.08217254281044006 0.05879475921392441 0.04817576706409454 imageu_547138883611
16930 0.07795112580060959 0.06535396724939346 0.04818299412727356 imageu_547152864241
16940 0.09749213606119156 0.0708528682589531 0.048194412142038345 imaged_547121866605
16950 0.3681257665157318 0.33467668294906616 0.04822133481502533 imaged_546866878536
16960 0.01931088976562023 0.012777446769177914 0.048214033246040344 imager_546980859076
16970 0.10524040460586548 0.08045148104429245 0.04823960363864899 imaged_546900879170
16980 0.03397231921553612 0.025725431740283966 0.04826550558209419 imagef_546866878536
16990 0.12623043358325958 0.10072974860668182 0.048277098685503006 imagel_547099877967
17000 0.5064186453819275 0.3978031873703003 0.04827200993895531 imageu_547194872874
17010 0.11041435599327087 0.0895872712135315 0.04824996367096901 imaged_547115860606
17020 0.023390954360365868 0.017008893191814423 0.04824637621641159 imager_546929874807
17030 0.05454196035861969 0.031007613986730576 0.04827671870589256 imageu_547038883711
17040 0.6938203573226929 0.6168783903121948 0.04832710698246956 imagel_546841853547
17050 0.12888048589229584 0.10130609571933746 0.04836476966738701 imaged_547077855978
17060 0.04438323900103569 0.02777428738772869 0.048370182514190674 imageb_547092870974
17070 0.11496760696172714 0.08706608414649963 0.04834809899330139 imaged_547123868601
17080 0.050591155886650085 0.03252387046813965 0.048339132219552994 imageb_547047859335
17090 0.09834642708301544 0.07438473403453827 0.04832283779978752 imaged_546917862811
17100 0.06135907024145126 0.03714637830853462 0.04831159487366676 imageu_547011856705
17110 0.615982174873352 0.519896388053894 0.04828552156686783 imagel_547203881874
17120 0.05039248615503311 0.028111154213547707 0.048251327127218246 imagef_547038883711
17130 0.7864313125610352 0.7396270036697388 0.04821282625198364 imager_547205883874
17140 0.5115231275558472 0.44118282198905945 0.04817502573132515 imageu_547184862870
17150 0.058628033846616745 0.03795485198497772 0.048131994903087616 imagef_547086864973
17160 0.18590906262397766 0.16501133143901825 0.04809582605957985 imager_547166878243
17170 0.061305660754442215 0.04103248566389084 0.04806797578930855 imageb_547026871704
17180 0.12338157743215561 0.08736365288496017 0.04810916632413864 imagel_547024869702
17190 0.03037652187049389 0.020791785791516304 0.048142917454242706 imager_547040885702
17200 0.3903854191303253 0.292836993932724 0.04816243797540665 imaged_547191869875
17210 0.11818528175354004 0.08909225463867188 0.048156242817640305 imaged_547140885602
17220 0.04207411780953407 0.027310971170663834 0.0481288880109787 imageb_547126871606
17230 0.04120204597711563 0.02193121798336506 0.04812486469745636 imageb_547130875605
17240 0.03115270473062992 0.025214005261659622 0.048147283494472504 imager_547118863609
17250 0.06260665506124496 0.037783604115247726 0.048139188438653946 imageu_547009854705
17260 0.10566400736570358 0.0754607617855072 0.048116572201251984 imagel_546933878804
17270 0.05863882973790169 0.03282182663679123 0.04816300794482231 imageu_546877856173
17280 0.08353791385889053 0.05868607386946678 0.048177704215049744 imageb_546977856071
17290 0.3540477454662323 0.2693729102611542 0.04817688837647438 imagef_546851863543
17300 0.10269541293382645 0.07338205724954605 0.04814925789833069 imaged_546936881803
17310 0.0200660340487957 0.01578633487224579 0.04817118123173714 imager_546888867171
17320 0.07956729829311371 0.04195506498217583 0.04818740859627724 imagef_546878857194
17330 0.8948854804039001 0.8680620789527893 0.04820995032787323 imager_546853865537
17340 0.03493953123688698 0.020821286365389824 0.04822412505745888 imagef_547070882331
17350 0.05112265422940254 0.02852032519876957 0.048220377415418625 imageu_546878857194
17360 0.028830301016569138 0.02288079261779785 0.04822585731744766 imager_547137882603
17370 0.16909442842006683 0.12063997238874435 0.048237208276987076 imagel_547159871241
17380 0.058132171630859375 0.03843157738447189 0.048212479799985886 imageb_546914859807
17390 0.025059590116143227 0.01808597892522812 0.04819179326295853 imager_547035880703
17400 0.10099827498197556 0.07627260684967041 0.048176109790802 imagel_546960872437
17410 0.1333180069923401 0.10026256740093231 0.048167768865823746 imaged_546979858070
17420 0.04600653797388077 0.02819810062646866 0.048186302185058594 imageu_546931876806
17430 0.32758498191833496 0.2847285270690918 0.048198286443948746 imaged_547176854870
17440 0.37834346294403076 0.311842679977417 0.04817032068967819 imaged_547188866869
17450 0.08136419951915741 0.05434258654713631 0.04813597351312637 imagel_546890869170
17460 0.07554475218057632 0.05084354430437088 0.048117902129888535 imageb_546904883185
17470 0.04949595779180527 0.029042748734354973 0.04808998852968216 imageu_546963875440
17480 0.0674280971288681 0.03807840868830681 0.04806043580174446 imageu_546905884197
17490 0.10891590267419815 0.0822673812508583 0.0480358749628067 imagel_546905884197
17500 0.11285126209259033 0.0949057936668396 0.048013269901275635 imagel_547126871606
17510 0.08915793150663376 0.044893279671669006 0.04798315092921257 imagef_546877856173
17520 0.07366693764925003 0.05546482652425766 0.047965724021196365 imageb_546866878536
17530 0.047772061079740524 0.02997633069753647 0.047948405146598816 imageb_547011856705
17540 0.6201634407043457 0.5248846411705017 0.04791809245944023 imagef_547194872874
17550 0.08424021303653717 0.06186758726835251 0.04788852110505104 imagel_546984863078
17560 0.04935590922832489 0.031211070716381073 0.04787967726588249 imagef_547152864241
17570 0.025521237403154373 0.02051667496562004 0.047868043184280396 imager_546953865434
17580 0.019965702667832375 0.015502925962209702 0.04785505682229996 imager_546885864170
17590 0.05023074895143509 0.028086582198739052 0.04783984273672104 imagef_546894873172
17600 0.11530781537294388 0.08635812252759933 0.04781685397028923 imaged_546987866076
17610 0.10961542278528214 0.07966481894254684 0.047824662178754807 imaged_546946858444
17620 0.062418486922979355 0.03504808619618416 0.04783248156309128 imageu_547087865974
17630 0.04823407530784607 0.03148719295859337 0.04781794920563698 imageb_546953865434
17640 0.09323600679636002 0.05100496858358383 0.04779196158051491 imagef_546875854173
17650 0.10668447613716125 0.0814594253897667 0.04776424914598465 imaged_547053865336
17660 0.3990856111049652 0.29548323154449463 0.04774017259478569 imaged_547189867877
17670 0.05818035826086998 0.04025949910283089 0.04771548509597778 imageb_547031876706
17680 0.026165910065174103 0.020209092646837234 0.04768900200724602 imager_546984863078
17690 0.11217793077230453 0.08465530723333359 0.0476597361266613 imagel_546951863443
17700 0.035853806883096695 0.025590810924768448 0.047630082815885544 imager_547043855348
17710 0.09648402780294418 0.0728866383433342 0.04761609435081482 imaged_547142854240
17720 0.3279474675655365 0.31027597188949585 0.047599416226148605 imager_547167879238
17730 0.038581885397434235 0.02302864007651806 0.047608885914087296 imagef_547091869975
17740 0.4326593279838562 0.3794991374015808 0.04761344939470291 imaged_546858870537
17750 0.05631028860807419 0.04250931739807129 0.04762326553463936 imageu_546871883543
17760 0.05934375524520874 0.040488582104444504 0.04763271287083626 imageb_546958870432
17770 0.05658526346087456 0.03560221940279007 0.04763401299715042 imageb_547016861703
17780 0.6198022365570068 0.5246709585189819 0.047638021409511566 imageb_546846858536
17790 0.36154380440711975 0.2925116717815399 0.04762376844882965 imagef_547206884871
17800 0.6054133176803589 0.5064694285392761 0.04759255796670914 imageu_547186864875
17810 0.6674171686172485 0.583965003490448 0.04755338653922081 imagel_546843855539
17820 0.0986647978425026 0.06877736002206802 0.04753170534968376 imaged_547007852711
17830 0.0638665184378624 0.03720808029174805 0.047549210488796234 imagef_546965877440
17840 0.05261760205030441 0.03191526234149933 0.04754007235169411 imageu_546934879798
17850 0.9445942640304565 0.9301729202270508 0.04754308611154556 imager_547172884238
17860 0.09611993283033371 0.06770113110542297 0.0475255511701107 imagel_547009854705
17870 0.05413432791829109 0.03204381465911865 0.047502946108579636 imageb_547154866233
17880 0.029976192861795425 0.021899931132793427 0.04749393090605736 imager_547152864241
17890 0.08426680415868759 0.05958155542612076 0.047538403421640396 imageb_546994873075
17900 0.10358958691358566 0.08579319715499878 0.047604069113731384 imagel_547120865600
17910 0.04781103506684303 0.029403239488601685 0.04766521602869034 imagef_547019864709
17920 0.13162915408611298 0.09976562857627869 0.04766257479786873 imagel_547172884238
17930 0.07629010081291199 0.04881855472922325 0.04763082414865494 imageb_546996875070
17940 0.12700404226779938 0.09066727757453918 0.0476340614259243 imaged_547087865974
17950 0.05417158454656601 0.03225412592291832 0.04767533764243126 imageu_547055867337
17960 0.9158044457435608 0.8941931128501892 0.0476873517036438 imager_547176854870
17970 0.14912600815296173 0.12805096805095673 0.047688551247119904 imagel_547138883611
17980 0.062219299376010895 0.03829701244831085 0.047694601118564606 imagef_547164876237
17990 0.10091102123260498 0.07769038528203964 0.047696176916360855 imagel_547070882331
18000 0.05697577819228172 0.03282942995429039 0.047686077654361725 imagef_546885864170
18010 0.02566886879503727 0.019757360219955444 0.047670070081949234 imager_546956868435
18020 0.06039673835039139 0.03519528731703758 0.04765689745545387 imageu_546916861809
18030 0.04978419467806816 0.02602299489080906 0.04764626547694206 imagef_547072884335
18040 0.04431803524494171 0.026446443051099777 0.04760710895061493 imagef_547118863609
18050 0.12401404231786728 0.08902229368686676 0.04760377109050751 imageb_546863875543
18060 0.0951136127114296 0.06961549818515778 0.047614701092243195 imagel_547065877343
18070 0.4738427400588989 0.36629518866539 0.04762307554483414 imaged_547203881874
18080 0.0334235318005085 0.025898324325680733 0.04764542728662491 imager_546941853440
18090 0.09110777080059052 0.059164900332689285 0.04766735062003136 imageb_546883862169
18100 0.12658639252185822 0.10677224397659302 0.04764954373240471 imagel_547092870974
18110 0.05702243745326996 0.035812150686979294 0.04762190580368042 imageu_547106884970
18120 0.055727869272232056 0.03303054720163345 0.04763836786150932 imageu_547058870341
18130 0.04596138373017311 0.025426510721445084 0.04763391613960266 imageb_547133878607
18140 0.03399462625384331 0.0265112966299057 0.04764210060238838 imager_547135880603
18150 0.04796624556183815 0.028317725285887718 0.04765147715806961 imageu_546956868435
18160 0.10429898649454117 0.0797557607293129 0.047635044902563095 imagel_547001880072
18170 0.04808753356337547 0.026852957904338837 0.04765178635716438 imagef_547075853978
18180 0.07779915630817413 0.04428425058722496 0.04764832556247711 imagef_546938883810
18190 0.04617125540971756 0.028246788308024406 0.047651249915361404 imagef_547104882977
18200 0.08310984075069427 0.06365426629781723 0.047640733420848846 imageb_546873885533
18210 0.04768598824739456 0.028744693845510483 0.04763229936361313 imageb_547142854240
18220 0.8928789496421814 0.865538477897644 0.047610633075237274 imager_547196874870
18230 0.5835280418395996 0.4794595241546631 0.047578707337379456 imagel_546848860533
18240 0.023358510807156563 0.017510641366243362 0.0475698821246624 imager_547092870974
18250 0.02836814895272255 0.019808419048786163 0.04756864905357361 imager_546912857810
18260 0.05804530531167984 0.037921078503131866 0.0475512258708477 imageb_546931876806
18270 0.1909623146057129 0.12729425728321075 0.047547101974487305 imageb_547181859871
18280 0.06605639308691025 0.03733323514461517 0.04756687209010124 imagef_546909854806
18290 0.8928786516189575 0.865538477897644 0.04757964238524437 imager_547196874870
18300 0.03361460939049721 0.02161252312362194 0.04758935049176216 imager_547052864345
18310 0.04541589319705963 0.026995735242962837 0.04761349409818649 imagef_547065877343
18320 0.1158597469329834 0.08565835654735565 0.04762972146272659 imageu_546858870537
18330 0.4793058931827545 0.35947513580322266 0.047640424221754074 imagel_547198876871
18340 0.3494446873664856 0.30663198232650757 0.047632452100515366 imaged_547179857873
18350 0.05106751248240471 0.03279591351747513 0.04765116050839424 imageu_547115860606
18360 0.04377656802535057 0.026768945157527924 0.04767277464270592 imagef_546996875070
18370 0.04854031652212143 0.027904972434043884 0.04769178107380867 imageu_546997876076
18380 0.45159897208213806 0.3505111038684845 0.04768047854304314 imageu_547198876871
18390 0.07019989937543869 0.05478997528553009 0.047707848250865936 imageu_547143855237
18400 0.04920997843146324 0.02786276489496231 0.0477166511118412 imageu_547058870341
18410 0.05883844196796417 0.04619889706373215 0.04771653562784195 imageb_546871883543
18420 0.0485561266541481 0.02975340560078621 0.0477287583053112 imageb_547106884970
18430 0.06541948020458221 0.043120432645082474 0.047724783420562744 imagel_546880859173
18440 0.0957113727927208 0.06680263578891754 0.04769795015454292 imagel_547181859871
18450 0.1405855119228363 0.09921737015247345 0.04766538739204407 imagel_547167879238
18460 0.24201460182666779 0.2031819373369217 0.047604043036699295 imaged_547172884238
18470 0.08451677858829498 0.06044906750321388 0.04758426919579506 imagel_547001880072
18480 0.059792760759592056 0.03594847023487091 0.0476396270096302 imageu_547109854609
18490 0.03054160065948963 0.022991007193922997 0.0476713702082634 imager_547089867973
18500 0.09055522829294205 0.06993930041790009 0.047701459378004074 imagel_547176854870
18510 0.05597050115466118 0.03870083764195442 0.04771188646554947 imagel_546885864170
18520 0.03397930786013603 0.02674674056470394 0.047740232199430466 imager_547055867337
18530 0.06596215069293976 0.045106370002031326 0.04777102544903755 imageb_547036881708
18540 0.09769730269908905 0.07300952076911926 0.04778003320097923 imagel_547123868601
18550 0.016390936449170113 0.014207554049789906 0.047803718596696854 imager_546868880541
18560 0.060661591589450836 0.037293195724487305 0.047797124832868576 imageu_547108853603
18570 0.08070298284292221 0.0590735524892807 0.047771845012903214 imagel_546899878172
18580 0.12980163097381592 0.09552333503961563 0.0477437861263752 imaged_546980859076
18590 0.05477888509631157 0.029909899458289146 0.04778452590107918 imagef_546922867806
18600 0.07741880416870117 0.05044831708073616 0.047838494181632996 imageb_546888867171
18610 0.05006761476397514 0.029263051226735115 0.04783617705106735 imageu_547084862980
18620 0.02530294843018055 0.017281213775277138 0.04782138019800186 imager_546941853440
18630 0.07288015633821487 0.050909385085105896 0.04776603356003761 imageb_546926871803
18640 0.028832178562879562 0.020571280270814896 0.04769819974899292 imager_547007852711
18650 0.12145030498504639 0.09757384657859802 0.0476774126291275 imagel_547150862236
18660 0.06691114604473114 0.04325062781572342 0.047637324780225754 imageb_546890869170
18670 0.09083033353090286 0.06851038336753845 0.04760671779513359 imagel_547070882331
18680 0.6312708258628845 0.5547623634338379 0.04758014529943466 imageu_546844856539
18690 0.9445940256118774 0.9301728010177612 0.047525789588689804 imager_547172884238
18700 0.08896048367023468 0.06567244231700897 0.04748290404677391 imaged_547075853978
18710 0.053693585097789764 0.03251197561621666 0.04748057574033737 imagef_546871883543
18720 0.03126458078622818 0.023788820952177048 0.047480467706918716 imager_547135880603
18730 0.05401737242937088 0.03177543357014656 0.047472983598709106 imagef_546989868066
18740 0.022907642647624016 0.015776576474308968 0.047456294298172 imager_547126871606
18750 0.07056368887424469 0.049668990075588226 0.047450870275497437 imageu_547128873606
18760 0.02700760029256344 0.018854133784770966 0.047431305050849915 imager_547070882331
18770 0.5893100500106812 0.4956393837928772 0.04743533581495285 imagef_546846858536
18780 0.06849157065153122 0.04001948982477188 0.04742797091603279 imageb_546917862811
18790 0.050214461982250214 0.031357862055301666 0.04742848873138428 imagef_547152864241
18800 0.02663745917379856 0.020134689286351204 0.047414205968379974 imager_547138883611
18810 0.07497072964906693 0.04205889627337456 0.04739732667803764 imagef_546938883810
18820 0.09171787649393082 0.059459954500198364 0.047386519610881805 imageb_546982861070
18830 0.12624646723270416 0.10025676339864731 0.04737559333443642 imagel_546980859076
18840 0.053462814539670944 0.03043278492987156 0.0473644956946373 imageu_546984863078
18850 0.04695294052362442 0.028493156656622887 0.047319915145635605 imageb_547123868601
18860 0.4344732165336609 0.39118605852127075 0.04729942977428436 imaged_546863875543
18870 0.05198931694030762 0.03274984285235405 0.047298863530159 imagef_546975854071
18880 0.06348048895597458 0.04375707730650902 0.04729823023080826 imagef_547096874977
18890 0.1023680791258812 0.0760062113404274 0.04728000983595848 imagel_546990869071
18900 0.08107718825340271 0.06348176300525665 0.04728498309850693 imagel_546888867171
18910 0.100997194647789 0.07645712792873383 0.047269307076931 imaged_547038883711
18920 0.05902218818664551 0.04129153862595558 0.04724466800689697 imageu_547126871606
18930 0.06263188272714615 0.03553459420800209 0.04722948744893074 imageu_546897876191
18940 0.09639659523963928 0.07089070975780487 0.04721548408269882 imagel_547145857237
18950 0.1921580284833908 0.11857752501964569 0.04722187668085098 imageb_547177855874
18960 0.8255306482315063 0.7813827991485596 0.047210708260536194 imager_546844856539
18970 0.28731775283813477 0.2201625406742096 0.047200605273246765 imageb_546856868537
18980 0.03004988469183445 0.02299395576119423 0.0472126305103302 imager_547103881966
18990 0.09726089984178543 0.06907537579536438 0.0472017303109169 imagel_546922867806
19000 0.47131696343421936 0.45380687713623047 0.04718707501888275 imager_546863875543
19010 0.04644990712404251 0.028394335880875587 0.04718630760908127 imagef_547062874337
19020 0.11322546750307083 0.08832501620054245 0.04717634245753288 imagel_547058870341
19030 0.03707434982061386 0.022079329937696457 0.047160543501377106 imagef_547092870974
19040 0.055246636271476746 0.0351390615105629 0.047145042568445206 imagef_546882861171
19050 0.06724220514297485 0.040628831833601 0.04713272303342819 imageu_546938883810
19060 0.4224315285682678 0.3458721935749054 0.04713859409093857 imaged_547196874870
19070 0.5549574494361877 0.4899791181087494 0.047143444418907166 imaged_546854866535
19080 0.050145987421274185 0.026381269097328186 0.04712739586830139 imagef_547072884335
19090 0.05936345085501671 0.0407719686627388 0.04709552228450775 imageb_547031876706
19100 0.055978190153837204 0.03105061873793602 0.04707951471209526 imageu_547075853978
19110 0.04555965214967728 0.02726285345852375 0.04707598313689232 imageu_546945857437
19120 0.10699186474084854 0.08165929466485977 0.04705497995018959 imaged_547036881708
19130 0.06866557151079178 0.04611293226480484 0.047016628086566925 imageb_547070882331
19140 0.35587194561958313 0.28956007957458496 0.04699272662401199 imagef_547203881874
19150 0.2419550120830536 0.18529461324214935 0.04696786776185036 imageu_547193871872
19160 0.02891240268945694 0.02154409885406494 0.04693404585123062 imager_546948860438
19170 0.07798703014850616 0.0494384765625 0.046906325966119766 imageb_546922867806
19180 0.12910407781600952 0.10930866748094559 0.04691338911652565 imagel_547121866605
19190 0.05246109142899513 0.035162027925252914 0.046917855739593506 imageu_547018863705
19200 0.07744763046503067 0.05375448241829872 0.046891432255506516 imageb_547024869702
19210 0.6521633863449097 0.5649349689483643 0.04685487598180771 imageb_547205883874
19220 0.08041874319314957 0.05193864926695824 0.046856269240379333 imageb_546895874174
19230 0.10079912096261978 0.08367518335580826 0.04685003310441971 imagel_547115860606
19240 0.0446014329791069 0.027375761419534683 0.04684549570083618 imageb_547092870974
19250 0.12226361036300659 0.09403253346681595 0.046846725046634674 imaged_547016861703
19260 0.10881978273391724 0.08133117109537125 0.04685946926474571 imagel_547147859235
19270 0.03917067497968674 0.02393382601439953 0.04685073345899582 imagef_547091869975
19280 0.05572214350104332 0.03649067506194115 0.04682222381234169 imageb_547047859335
19290 0.10574701428413391 0.07992163300514221 0.0468069426715374 imaged_546917862811
19300 0.6791321635246277 0.5986101627349854 0.046815864741802216 imaged_546851863543
19310 0.032945431768894196 0.022366799414157867 0.04681406170129776 imager_547082860970
19320 0.0690486952662468 0.04608606919646263 0.04680374264717102 imageb_546979858070
19330 0.06634435057640076 0.04153233766555786 0.04681365191936493 imagef_546933878804
19340 0.0992821455001831 0.06972601264715195 0.04684770107269287 imagel_547060872343
19350 0.11700259149074554 0.08502887189388275 0.046877942979335785 imageu_547132877611
19360 0.0626290887594223 0.03480143845081329 0.04687194898724556 imagef_547057869336
19370 0.06887165457010269 0.041419126093387604 0.046861808747053146 imageu_546882861171
19380 0.05362097918987274 0.03196053206920624 0.04686349257826805 imageu_546919864808
19390 0.12337294220924377 0.09093027561903 0.0468689426779747 imaged_547101879972
19400 0.09153198450803757 0.06662909686565399 0.04687219485640526 imagel_546861873539
19410 0.143673837184906 0.12036336958408356 0.046854738146066666 imagel_547104882977
19420 0.1164957657456398 0.08749500662088394 0.04684869572520256 imagel_547154866233
19430 0.022646751254796982 0.017370987683534622 0.04688126966357231 imager_546883862169
19440 0.12479782104492188 0.09265918284654617 0.0468594916164875 imaged_546975854071
19450 0.05505776405334473 0.0330413281917572 0.04685261845588684 imagef_546934879798
19460 0.07000797986984253 0.04180449992418289 0.04684663191437721 imagef_546970882435
19470 0.035088349133729935 0.026248693466186523 0.0468577966094017 imager_546962874438
19480 0.35818129777908325 0.29161161184310913 0.04685055837035179 imagef_547200878871
19490 0.02742926776409149 0.02316628023982048 0.046833593398332596 imager_546873885533
19500 0.12228528410196304 0.09360425919294357 0.04683500900864601 imaged_547062874337
19510 0.05162142962217331 0.034540820866823196 0.046811386942863464 imagel_546873885533
19520 0.05989236757159233 0.033349666744470596 0.0467974990606308 imageu_546936881803
19530 0.07367982715368271 0.05020096153020859 0.046795669943094254 imageb_547052864345
19540 0.0739627331495285 0.039089400321245193 0.04680684208869934 imagef_546892871169
19550 0.07022307068109512 0.04194715991616249 0.04681392386555672 imageu_546922867806
19560 0.06339661777019501 0.038760047405958176 0.0468267947435379 imageb_547041853338
19570 0.051844045519828796 0.03158782422542572 0.04685838893055916 imageu_546887866191
19580 0.08657689392566681 0.05640355125069618 0.0468524768948555 imageb_546907852806
19590 0.04940946400165558 0.029489176347851753 0.046873193234205246 imageu_546926871803
19600 0.08906289935112 0.06550915539264679 0.04686548188328743 imaged_547075853978
19610 0.08944603055715561 0.07206281274557114 0.04686170816421509 imagel_547142854240
19620 0.03816257417201996 0.023156795650720596 0.04689183086156845 imageu_546953865434
19630 0.03311186283826828 0.019653216004371643 0.04689742624759674 imagef_547070882331
19640 0.05908843129873276 0.03388388827443123 0.046925999224185944 imagef_546922867806
19650 0.03479815274477005 0.026639677584171295 0.046950649470090866 imager_547023868703
19660 0.03917248174548149 0.023910485208034515 0.04696168005466461 imagef_547053865336
19670 0.04052620753645897 0.023070476949214935 0.04698634147644043 imagef_547133878607
19680 0.03446013107895851 0.027944618836045265 0.04703573137521744 imager_547024869702
19690 0.05394953116774559 0.03436193987727165 0.047055184841156006 imageb_547016861703
19700 0.06764174997806549 0.04521115496754646 0.04706476628780365 imageb_547164876237
19710 0.10883227735757828 0.08138066530227661 0.047053012996912 imaged_547123868601
19720 0.033958353102207184 0.02471049502491951 0.04704803600907326 imager_546982861070
19730 0.04554670676589012 0.02603491023182869 0.04705443233251572 imagef_547116861604
19740 0.03292785584926605 0.02393007092177868 0.047057755291461945 imager_547133878607
19750 0.07035889476537704 0.03641465678811073 0.047055307775735855 imageu_546892871169
19760 0.061735354363918304 0.03443806990981102 0.04704377055168152 imageb_546917862811
19770 0.04852784425020218 0.027888167649507523 0.04701664298772812 imageb_547104882977
19780 0.06827875226736069 0.04598598554730415 0.04699477553367615 imagel_546880859173
19790 0.10296569019556046 0.08050009608268738 0.04699578136205673 imagel_547155867242
19800 0.04850241541862488 0.027603771537542343 0.04699193313717842 imagef_547041853338
19810 0.89287269115448 0.865538477897644 0.04698386415839195 imager_547196874870
19820 0.05055631697177887 0.029051171615719795 0.0469496063888073 imageu_546911856805
19830 0.05097375065088272 0.029215143993496895 0.04692172631621361 imagef_547021866708
19840 0.055052850395441055 0.03909926116466522 0.046921342611312866 imageb_547062874337
19850 0.056418463587760925 0.030461007729172707 0.0469028502702713 imagef_547043855348
19860 0.10416623204946518 0.07419956475496292 0.046888567507267 imagel_547169881238
19870 0.07979071140289307 0.05473659560084343 0.046887557953596115 imageb_546941853440
19880 0.13253934681415558 0.0979263037443161 0.04687035456299782 imaged_546980859076
19890 0.03964681550860405 0.024448873475193977 0.04685864970088005 imagef_547082860970
19900 0.093471460044384 0.06789384037256241 0.046825386583805084 imaged_547121866605
19910 0.021602274850010872 0.018512167036533356 0.046792782843112946 imager_546870882540
19920 0.45159339904785156 0.35030221939086914 0.046765897423028946 imageu_547198876871
19930 0.1065337136387825 0.07894435524940491 0.046736691147089005 imagel_546931876806
19940 0.5502883791923523 0.4854128360748291 0.04670758172869682 imaged_546854866535
19950 0.06440704315900803 0.04492402821779251 0.04668054357171059 imageb_547064876339
19960 0.04370966926217079 0.026729056611657143 0.046658456325531006 imagef_547058870341
19970 0.1096431240439415 0.08216015249490738 0.04663366824388504 imaged_546899878172
19980 0.01580144464969635 0.01218851562589407 0.04661411792039871 imager_546992871071
19990 0.6261007189750671 0.5321395397186279 0.04661482572555542 imageb_546843855539
20000 0.12474685162305832 0.09089625626802444 0.04662473872303963 imaged_547072884335
20010 0.048478417098522186 0.029766885563731194 0.04661838337779045 imageu_547104882977
20020 0.049404144287109375 0.030489569529891014 0.04661618545651436 imagef_546924869806
20030 0.02060696855187416 0.015523110516369343 0.04661613330245018 imager_546955867436
20040 0.054776258766651154 0.03779590129852295 0.04660942032933235 imagef_547157869236
20050 0.13917231559753418 0.10380227863788605 0.04661349952220917 imaged_546977856071
20060 0.10223271697759628 0.07688530534505844 0.046620599925518036 imagel_546962874438
20070 0.06847577542066574 0.0373825877904892 0.04662444442510605 imagef_546890869170
20080 0.07992422580718994 0.04508256912231445 0.04661976173520088 imagef_546967879439
20090 0.1178557500243187 0.08642265945672989 0.04661312699317932 imaged_547013858709
20100 0.02440076507627964 0.01739724539220333 0.04659425839781761 imager_547142854240
20110 0.0525067113339901 0.03293740376830101 0.046583980321884155 imageb_547106884970
20120 0.3776841461658478 0.31130698323249817 0.046546775847673416 imaged_547188866869
20130 0.04262524098157883 0.025639886036515236 0.04652576148509979 imagef_547143855237
20140 0.10936304181814194 0.0801890641450882 0.04651464894413948 imagel_546938883810
20150 0.10172729194164276 0.07212775945663452 0.046530403196811676 imageb_546897876191
20160 0.05795083940029144 0.040258970111608505 0.04652531445026398 imageb_547125870610
20170 0.27798300981521606 0.23349960148334503 0.046497322618961334 imagef_547177855874
20180 0.04763085022568703 0.028451597318053246 0.04647853225469589 imageb_547121866605
20190 0.07874775677919388 0.05932072922587395 0.046455059200525284 imager_547164876237
20200 0.11295036226511002 0.08678103983402252 0.04642500728368759 imaged_547058870341
20210 0.05000901594758034 0.030323999002575874 0.0464153066277504 imageu_547007852711
20220 0.0503971241414547 0.028145719319581985 0.04641511291265488 imagef_546958870432
20230 0.049974121153354645 0.028379224240779877 0.04639922454953194 imagef_547004883077
20240 0.09451217204332352 0.06485907733440399 0.046379052102565765 imagel_547060872343
20250 0.09888938069343567 0.08464107662439346 0.04635755717754364 imagel_546860872536
20260 0.05271269381046295 0.031073331832885742 0.04633539542555809 imageu_546909854806
20270 0.02764781005680561 0.020760348066687584 0.04631642624735832 imager_547026871704
20280 0.17847980558872223 0.17239557206630707 0.04628421366214752 imager_546865877539
20290 0.029855601489543915 0.021773120388388634 0.04627101123332977 imager_546968880435
20300 0.0927855521440506 0.07120480388402939 0.04630780592560768 imagel_547152864241
20310 0.12137218564748764 0.08596689254045486 0.04631447046995163 imaged_546905884197
20320 0.0478789247572422 0.026557251811027527 0.046293631196022034 imagef_546897876191
20330 0.04316559433937073 0.025865456089377403 0.04626276344060898 imagef_546963875440
20340 0.0506935641169548 0.029742635786533356 0.04622937738895416 imageu_546900879170
20350 0.07668595761060715 0.048791442066431046 0.04620210826396942 imageb_546922867806
20360 0.06959179788827896 0.05107131227850914 0.046202920377254486 imagel_546858870537
20370 0.0265518706291914 0.01986413449048996 0.046227987855672836 imager_546951863443
20380 0.2666909992694855 0.20421986281871796 0.04623846337199211 imagel_547186864875
20390 0.03923254460096359 0.027592001482844353 0.04622747749090195 imager_547087865974
20400 0.02966950833797455 0.021572835743427277 0.04622824117541313 imager_546919864808
20410 0.0828414037823677 0.05649697035551071 0.04620292782783508 imageb_547043855348
20420 0.08466335386037827 0.06795679032802582 0.04618050158023834 imagel_546894873172
20430 0.041459761559963226 0.02499680407345295 0.046162206679582596 imagef_547113858603
20440 0.05257497727870941 0.03256603702902794 0.046128999441862106 imageu_546921866804
20450 0.06072400137782097 0.031346119940280914 0.04610747471451759 imagef_547162874244
20460 0.048862382769584656 0.03187176212668419 0.046087596565485 imageu_547019864709
20470 0.07712209224700928 0.04795054718852043 0.046068526804447174 imageb_546919864808
20480 0.09204617142677307 0.06911692768335342 0.04605621472001076 imaged_547142854240
20490 0.08646924793720245 0.0554293692111969 0.04606134444475174 imageb_546877856173
20500 0.08909974992275238 0.06693309545516968 0.046077288687229156 imageb_546948860438
20510 0.03650091961026192 0.02836654894053936 0.04608173668384552 imager_547111856605
20520 0.0304926335811615 0.022429155185818672 0.04608175531029701 imager_547143855237
20530 0.09446533024311066 0.07238034158945084 0.04609884321689606 imageb_546912857810
20540 0.10762757062911987 0.08217398822307587 0.046141818165779114 imagel_547041853338
20550 0.8805614113807678 0.8577759265899658 0.04614364355802536 imager_546856868537
20560 0.10213492810726166 0.0776638463139534 0.0461488738656044 imaged_547091869975
20570 0.11806989461183548 0.09113102406263351 0.046201370656490326 imagel_546967879439
20580 0.039233334362506866 0.031536657363176346 0.04623223841190338 imager_547096874977
20590 0.07897848635911942 0.04854486510157585 0.04622775688767433 imageb_546894873172
20600 0.40139418840408325 0.29787468910217285 0.046228282153606415 imaged_547189867877
20610 0.05706555023789406 0.03691254183650017 0.04621170833706856 imageu_547118863609
20620 0.025157926604151726 0.020583566278219223 0.046204276382923126 imager_546989868066
20630 0.580324649810791 0.48876360058784485 0.04620328173041344 imagef_546839884906
20640 0.0307829100638628 0.023445602506399155 0.04620049521327019 imager_546941853440
20650 0.05363697558641434 0.030189812183380127 0.046189650893211365 imageu_547057869336
20660 0.04394330084323883 0.02622096985578537 0.04618624225258827 imageu_546992871071
20670 0.0204387865960598 0.015667317435145378 0.046190958470106125 imager_547067879338
20680 0.05317627638578415 0.031501252204179764 0.04617556929588318 imageu_546919864808
20690 0.2176813930273056 0.1539105474948883 0.046165645122528076 imageb_547183861871
20700 0.11274310946464539 0.08298099040985107 0.0461512915790081 imaged_546997876076
20710 0.11189046502113342 0.08527270704507828 0.046136610209941864 imaged_546960872437
20720 0.027157651260495186 0.02154553309082985 0.046128783375024796 imager_546933878804
20730 0.08024701476097107 0.056272875517606735 0.04609960690140724 imageb_547028873712
20740 0.05185128375887871 0.030105607584118843 0.04610851779580116 imageu_547084862980
20750 0.12817083299160004 0.06275853514671326 0.046109672635793686 imagef_547171883239
20760 0.08434095233678818 0.0523984357714653 0.04612169414758682 imageb_546899878172
20770 0.05261963978409767 0.03040224500000477 0.04612310230731964 imageb_547154866233
20780 0.4365040361881256 0.3926028311252594 0.046117108315229416 imaged_546863875543
20790 0.03488612920045853 0.02373395673930645 0.04612275958061218 imager_547157869236
20800 0.4407047927379608 0.3323226571083069 0.04613268002867699 imaged_547206884871
20810 0.1093045324087143 0.06877822428941727 0.046146176755428314 imagel_546907852806
20820 0.054295919835567474 0.03234665095806122 0.046168118715286255 imagef_547036881708
20830 0.03416372090578079 0.025030959397554398 0.04614534601569176 imager_547021866708
20840 0.07819420099258423 0.04610271006822586 0.046133238822221756 imagef_546863875543
20850 0.09682872891426086 0.07202249765396118 0.046136852353811264 imaged_547118863609
20860 0.028343187645077705 0.01985269784927368 0.046124354004859924 imager_547018863705
20870 0.1140490248799324 0.08668655902147293 0.04610973969101906 imaged_547019864709
20880 0.055572107434272766 0.029719030484557152 0.04611014574766159 imageu_546899878172
20890 0.14546796679496765 0.11740319430828094 0.046091433614492416 imaged_547086864973
20900 0.07726582139730453 0.05875828117132187 0.04608117416501045 imagel_547069881338
20910 0.09929392486810684 0.07460910081863403 0.0461016446352005 imagel_546975854071
20920 0.045028265565633774 0.026063958182930946 0.046139806509017944 imageu_546965877440
20930 0.09596572071313858 0.06467171758413315 0.04614369943737984 imageb_547060872343
20940 0.5835136771202087 0.4794595241546631 0.04614117369055748 imagel_546848860533
20950 0.03417256474494934 0.023081287741661072 0.04613431915640831 imager_547048860337
20960 0.1095058023929596 0.08200664073228836 0.04611920937895775 imaged_546958870432
20970 0.5982676148414612 0.4975212514400482 0.04612141475081444 imageb_547189867877
20980 0.6429201364517212 0.5752261281013489 0.04613277688622475 imageu_546839884906
20990 0.058702252805233 0.041204940527677536 0.04613166302442551 imageu_547126871606
21000 0.6053671836853027 0.5064468383789062 0.04611997678875923 imageu_547186864875
21010 0.059729039669036865 0.03904903307557106 0.046113062649965286 imageb_547007852711
21020 0.058575283735990524 0.0339624248445034 0.04610917717218399 imagef_546928873809
21030 0.060193728655576706 0.03688038885593414 0.046093232929706573 imageu_547108853603
21040 0.0959298238158226 0.06964819133281708 0.046080805361270905 imagel_546990869071
21050 0.34075990319252014 0.2994473874568939 0.0460764616727829 imageu_547176854870
21060 0.032149869948625565 0.02375970035791397 0.04607321321964264 imager_546912857810
21070 0.0787406787276268 0.05445016175508499 0.046065475791692734 imaged_547138883611
21080 0.7787750363349915 0.7519848942756653 0.04608652740716934 imager_546860872536
21090 0.09105077385902405 0.06586361676454544 0.04609489440917969 imagel_547064876339
21100 0.05157947167754173 0.03080545738339424 0.04610219970345497 imageu_547055867337
21110 0.04682261869311333 0.027779413387179375 0.04608527943491936 imageu_547079857970
21120 0.03598424419760704 0.026401624083518982 0.046072229743003845 imager_547013858709
21130 0.10222809761762619 0.07837343215942383 0.046058688312768936 imaged_547031876706
21140 0.026082776486873627 0.018463728949427605 0.04606478661298752 imager_546878857194
21150 0.418427437543869 0.3624003231525421 0.04606441780924797 imagef_547188866869
21160 0.14193101227283478 0.11077692359685898 0.04603683203458786 imaged_546880859173
21170 0.09303127229213715 0.06208868324756622 0.046053286641836166 imageb_546878857194
21180 0.09483524411916733 0.06956138461828232 0.04607512056827545 imagel_546979858070
21190 0.03827701136469841 0.03185538202524185 0.04610854759812355 imager_547038883711
21200 0.04546240344643593 0.02534322626888752 0.046100057661533356 imageb_547135880603
21210 0.09540978074073792 0.06655718386173248 0.046103592962026596 imaged_546922867806
21220 0.03245747834444046 0.025319527834653854 0.046090707182884216 imager_547002881074
21230 0.029639342799782753 0.0203349981456995 0.046085894107818604 imager_547021866708
21240 0.08040221780538559 0.057557929307222366 0.04609767720103264 imagel_546997876076
21250 0.33509591221809387 0.28352048993110657 0.04610574245452881 imaged_547186864875
21260 0.05438883975148201 0.03183392062783241 0.04608530178666115 imageu_547086864973
21270 0.658487856388092 0.574073076248169 0.04607527703046799 imaged_546841853547
21280 0.06194641441106796 0.043206363916397095 0.0460766926407814 imageb_547064876339
21290 0.10378294438123703 0.07645893096923828 0.0460720956325531 imaged_547069881338
21300 0.3992501199245453 0.3611643612384796 0.04608931764960289 imageu_547167879238
21310 0.042054299265146255 0.02475425787270069 0.04610692709684372 imageu_546992871071
21320 0.05056875944137573 0.03221161663532257 0.046102043241262436 imageu_547115860606
21330 0.1355346441268921 0.10915660858154297 0.04608304426074028 imaged_547166878243
21340 0.03574161231517792 0.023028671741485596 0.04606102779507637 imager_546967879439
21350 0.10246101766824722 0.07247322797775269 0.04603812098503113 imagel_547154866233
21360 0.053399041295051575 0.03164919465780258 0.04604538157582283 imagef_547150862236
21370 0.03317704051733017 0.02289765514433384 0.046069905161857605 imager_547157869236
21380 0.04472413659095764 0.025344058871269226 0.04608200863003731 imagef_547142854240
21390 0.02063722535967827 0.01756712608039379 0.04607679322361946 imager_546994873075
21400 0.030691195279359818 0.024505451321601868 0.04605906829237938 imager_547030875702
21410 0.11545030027627945 0.08677301555871964 0.04602796211838722 imaged_547125870610
21420 0.11791125684976578 0.09063618630170822 0.0460398867726326 imagel_547081859975
21430 0.11087130010128021 0.0850750207901001 0.04605028033256531 imagel_546912857810
21440 0.10529155284166336 0.07845836877822876 0.04605093225836754 imaged_547106884970
21450 0.05054600164294243 0.029420051723718643 0.04604289308190346 imageu_546900879170
21460 0.07094565778970718 0.042641472071409225 0.0459962859749794 imagef_546968880435
21470 0.10182841867208481 0.07757990062236786 0.04597240313887596 imaged_547149861238
21480 0.09322551637887955 0.06813760101795197 0.04595576599240303 imagel_547111856605
21490 0.09815440326929092 0.08141767978668213 0.045951392501592636 imagel_547108853603
21500 0.07351914793252945 0.05501849204301834 0.04593449458479881 imagel_547094872971
21510 0.06601283699274063 0.04546989127993584 0.045920293778181076 imageb_546931876806
21520 0.12093273550271988 0.09183362126350403 0.045912712812423706 imaged_546897876191
21530 0.05278076231479645 0.02952241152524948 0.04588458314538002 imageu_547069881338
21540 0.09306671470403671 0.06094656512141228 0.045849792659282684 imageb_546982861070
21550 0.15570686757564545 0.10593276470899582 0.0457955002784729 imagel_547159871241
21560 0.05565030127763748 0.03529491275548935 0.045770417898893356 imageu_547016861703
21570 0.05678623542189598 0.035274405032396317 0.045768700540065765 imagef_546926871803
21580 0.07734459638595581 0.05315760150551796 0.04577140510082245 imageb_546939884803
21590 0.05515241622924805 0.032357968389987946 0.04581043869256973 imagef_547038883711
21600 0.08830652385950089 0.05960340052843094 0.04583088308572769 imageb_547072884335
21610 0.022319795563817024 0.017830880358815193 0.04582406207919121 imager_546888867171
21620 0.07548506557941437 0.0426420234143734 0.045793574303388596 imagef_546938883810
21630 0.020410126075148582 0.01546922605484724 0.04577921703457832 imager_546989868066
21640 0.057922471314668655 0.039047859609127045 0.045782670378685 imageb_547033878707
21650 0.05307680740952492 0.031284354627132416 0.045783352106809616 imageu_546878857194
21660 0.06985432654619217 0.047631364315748215 0.04576854035258293 imageb_546926871803
21670 0.1007460206747055 0.07601220905780792 0.045740507543087006 imaged_547108853603
21680 0.0605320930480957 0.03433191031217575 0.045716024935245514 imageu_547043855348
21690 0.05830599367618561 0.03596853092312813 0.045677345246076584 imageu_546924869806
21700 0.12105809152126312 0.08800303190946579 0.045649461448192596 imaged_547094872971
21710 0.11212405562400818 0.08905833214521408 0.04566333070397377 imagel_547086864973
21720 0.05441335216164589 0.032496657222509384 0.045678481459617615 imageu_546917862811
21730 0.09420819580554962 0.06670785695314407 0.04567575454711914 imaged_546939884803
21740 0.0830790176987648 0.05540064349770546 0.04566499963402748 imagel_546902881194
21750 0.03791092708706856 0.028836974874138832 0.045664627104997635 imager_547023868703
21760 0.03815419599413872 0.024671437218785286 0.045652274042367935 imagef_547033878707
21770 0.032624997198581696 0.02532772533595562 0.045640889555215836 imager_546941853440
21780 0.059128325432538986 0.03802540898323059 0.04563591256737709 imagef_547086864973
21790 0.06458636373281479 0.04326994717121124 0.04560766741633415 imagef_547030875702
21800 0.06375269591808319 0.035420604050159454 0.045551545917987823 imagef_546931876806
21810 0.07105934619903564 0.045020364224910736 0.04552121460437775 imagel_546890869170
21820 0.06316502392292023 0.0417221263051033 0.04552926868200302 imagef_547002881074
21830 0.6467613577842712 0.5793105959892273 0.045528002083301544 imageu_546841853547
21840 0.5810804963111877 0.48543956875801086 0.045513588935136795 imagel_547200878871
21850 0.0969042032957077 0.07332725822925568 0.045500513166189194 imaged_547103881966
21860 0.05477761849761009 0.03155490756034851 0.0454922579228878 imageu_547038883711
21870 0.11655335873365402 0.08732571452856064 0.04547150805592537 imaged_546916861809
21880 0.08904837816953659 0.06576786935329437 0.04545470327138901 imaged_547120865600
21890 0.05346963182091713 0.035214073956012726 0.045443933457136154 imageu_547116861604
21900 0.02084185741841793 0.01759185642004013 0.04544278234243393 imager_546992871071
21910 0.022205140441656113 0.017004171386361122 0.04543468356132507 imager_546883862169
21920 0.048984214663505554 0.02933577634394169 0.045417558401823044 imageb_547121866605
21930 0.04629518464207649 0.027375010773539543 0.0454125739634037 imageu_547064876339
21940 0.08410847187042236 0.05738850310444832 0.04540185630321503 imagef_547125870610
21950 0.17205810546875 0.09462171047925949 0.045362021774053574 imageb_547174852869
21960 0.10583683103322983 0.0797126293182373 0.04532020539045334 imaged_546955867436
21970 0.04722839221358299 0.030340304598212242 0.04531294107437134 imagel_546873885533
21980 0.6405696272850037 0.5514017343521118 0.04529367759823799 imaged_546849861536
21990 0.10035575926303864 0.07844045013189316 0.0452682301402092 imaged_547152864241
22000 0.5976535081863403 0.49735572934150696 0.04524194449186325 imagel_547206884871
22010 0.0571729876101017 0.034352391958236694 0.0452192984521389 imageu_547014859704
22020 0.1160883679986 0.08655446022748947 0.04519622027873993 imaged_547140885602
22030 0.023307565599679947 0.018387507647275925 0.045190319418907166 imager_546924869806
22040 0.0925026535987854 0.0699099451303482 0.045206379145383835 imagel_547070882331
22050 0.34570038318634033 0.30539560317993164 0.04521748051047325 imagef_547191869875
22060 0.906608521938324 0.8827312588691711 0.04523003101348877 imager_547183861871
22070 0.10217069089412689 0.07233539968729019 0.04523199424147606 imageb_546897876191
22080 0.06615880131721497 0.04259619489312172 0.0452294684946537 imageu_546977856071
22090 0.27242013812065125 0.22330570220947266 0.04521911218762398 imageu_546851863543
22100 0.07470100373029709 0.05116666853427887 0.0452277772128582 imageb_546928873809
22110 0.06495294719934464 0.036043521016836166 0.04522692784667015 imagef_546911856805
22120 0.09711872041225433 0.0552150160074234 0.04520481452345848 imagef_546875854173
22130 0.2907089293003082 0.24806435406208038 0.04518301784992218 imagef_547176854870
22140 0.06301218271255493 0.033118803054094315 0.04516717419028282 imagef_546902881194
22150 0.06394588947296143 0.03674446791410446 0.04516997188329697 imageu_547040885702
22160 0.04094712808728218 0.024979887530207634 0.045204706490039825 imagef_546997876076
22170 0.032310549169778824 0.01887175254523754 0.0452214740216732 imagef_547006885077
22180 0.05752197653055191 0.03258226811885834 0.0452256016433239 imagef_546922867806
22190 0.06771738082170486 0.046068236231803894 0.04521683230996132 imageu_547125870610
22200 0.09896019101142883 0.08072319626808167 0.045195337384939194 imagel_547126871606
22210 0.06842554360628128 0.04754830151796341 0.04517452418804169 imageb_547036881708
22220 0.07170514762401581 0.03962995484471321 0.045161738991737366 imagef_546938883810
22230 0.06555462628602982 0.04775486886501312 0.04513450339436531 imager_547162874244
22240 0.09793577343225479 0.07229650020599365 0.045096658170223236 imaged_547104882977
22250 0.09569424390792847 0.07138552516698837 0.045082204043865204 imaged_546955867436
22260 0.04319480434060097 0.023958491161465645 0.04510676860809326 imagef_547041853338
22270 0.020055381581187248 0.015908198431134224 0.045126818120479584 imager_546885864170
22280 0.0794239491224289 0.0549674890935421 0.045159757137298584 imagel_547016861703
22290 0.08098671585321426 0.06120060384273529 0.045174937695264816 imaged_547155867242
22300 0.021947119385004044 0.01570850796997547 0.0451810322701931 imager_547031876706
22310 0.0527786985039711 0.03493931517004967 0.045167770236730576 imageb_547033878707
22320 0.897890031337738 0.8770554661750793 0.04514763876795769 imager_546858870537
22330 0.10303406417369843 0.07905489951372147 0.045126114040613174 imaged_547031876706
22340 0.06046844646334648 0.032723210752010345 0.045111726969480515 imagef_546931876806
22350 0.46514782309532166 0.40198254585266113 0.045094288885593414 imageu_547183861871
22360 0.11270041018724442 0.08432432264089584 0.04508265107870102 imaged_547052864345
22370 0.043950505554676056 0.02596982941031456 0.045058462768793106 imageu_546945857437
22380 0.06063856557011604 0.03427131846547127 0.04505392536520958 imagef_546917862811
22390 0.0512891449034214 0.03818036988377571 0.04504067078232765 imageu_546871883543
22400 0.031729165464639664 0.023330004885792732 0.04503510147333145 imager_546962874438
22410 0.10395219922065735 0.08040465414524078 0.04503592476248741 imaged_547162874244
22420 0.05321146547794342 0.03011401928961277 0.0450260154902935 imageu_547036881708
22430 0.028416432440280914 0.01890765316784382 0.045037299394607544 imager_546922867806
22440 0.05283823981881142 0.03254580870270729 0.045034125447273254 imageb_547057869336
22450 0.07312741130590439 0.04937487468123436 0.04505493864417076 imageb_547024869702
22460 0.9066066741943359 0.8827312588691711 0.045044947415590286 imager_547183861871
22470 0.09952639788389206 0.07518463581800461 0.045010894536972046 imagel_547057869336
22480 0.08524802327156067 0.05753935128450394 0.04497923702001572 imageb_546921866804
22490 0.6260842084884644 0.5321395397186279 0.04496288672089577 imageb_546843855539
22500 0.031341977417469025 0.022906094789505005 0.04495221748948097 imager_546912857810
22510 0.1012466549873352 0.07357213646173477 0.04493458941578865 imaged_547011856705
22520 0.06479455530643463 0.04424469545483589 0.04493934288620949 imageb_546936881803
22530 0.08227715641260147 0.06443937867879868 0.04492659866809845 imaged_547157869236
22540 0.041991978883743286 0.024319186806678772 0.04490542784333229 imagef_547007852711
22550 0.08273424953222275 0.06452839076519012 0.04489658772945404 imaged_547160872234
22560 0.09462442249059677 0.07029327750205994 0.044885601848363876 imaged_546921866804
22570 0.03397871553897858 0.01937134563922882 0.044882528483867645 imagef_547053865336
22580 0.07544196397066116 0.051215555518865585 0.04488017037510872 imageb_546939884803
22590 0.029013071209192276 0.0202548336237669 0.044871509075164795 imager_547098876976
22600 0.04974896460771561 0.028409354388713837 0.04487181454896927 imagef_547004883077
22610 0.148368701338768 0.12117147445678711 0.044872134923934937 imaged_547171883239
22620 0.09763691574335098 0.0712895616889 0.04490906372666359 imaged_546989868066
22630 0.048135943710803986 0.02748551405966282 0.044927358627319336 imageu_546985864078
22640 0.12281101197004318 0.0905165895819664 0.04491293430328369 imagel_546939884803
22650 0.10360739380121231 0.0777290016412735 0.04489429295063019 imaged_546943855437
22660 0.05986406281590462 0.03125409409403801 0.04489373043179512 imagef_547162874244
22670 0.4713771939277649 0.45422884821891785 0.04488850757479668 imager_546863875543
22680 0.06983884423971176 0.04149199277162552 0.04487431421875954 imageu_546922867806
22690 0.44588425755500793 0.3440832793712616 0.04485565423965454 imagel_547194872874
22700 0.582618236541748 0.4783784747123718 0.04484833776950836 imagel_546849861536
22710 0.08611882477998734 0.061369214206933975 0.04485148563981056 imaged_547126871606
22720 0.05277745798230171 0.03405527025461197 0.044850628823041916 imageu_547092870974
22730 0.031474966555833817 0.021367531269788742 0.04485000669956207 imager_547082860970
22740 0.0301398653537035 0.01934620924293995 0.04485252499580383 imager_546911856805
22750 0.6201326251029968 0.5248846411705017 0.04483204334974289 imagef_547194872874
22760 0.08192633092403412 0.0569704994559288 0.04482143372297287 imagel_546989868066
22770 0.021778753027319908 0.016034040600061417 0.04485008865594864 imager_546997876076
22780 0.06737162172794342 0.05062098428606987 0.04486386477947235 imagel_546992871071
22790 0.05305689945816994 0.03067980706691742 0.04483935981988907 imageu_547058870341
22800 0.11710512638092041 0.0874670222401619 0.04481375217437744 imaged_547064876339
22810 0.5570251941680908 0.4620082974433899 0.04481843486428261 imagef_546848860533
22820 0.07491008192300797 0.052994564175605774 0.044823262840509415 imagel_547004883077
22830 0.0326002761721611 0.019334537908434868 0.044825661927461624 imagef_547070882331
22840 0.05146126449108124 0.030310872942209244 0.04482339322566986 imageu_546919864808
22850 0.1160067766904831 0.08578181266784668 0.044813599437475204 imageu_546858870537
22860 0.03546596318483353 0.028034670278429985 0.044831011444330215 imager_547062874337
22870 0.10230977833271027 0.0789121612906456 0.04488397017121315 imaged_547149861238
22880 0.058525972068309784 0.03516746312379837 0.04494761675596237 imageu_546914859807
22890 0.10587693750858307 0.08953090757131577 0.044968537986278534 imagel_547120865600
22900 0.031163126230239868 0.02200738899409771 0.044966522604227066 imager_546945857437
22910 0.07507738471031189 0.05857037380337715 0.044953882694244385 imagel_547030875702
22920 0.08450096100568771 0.061183929443359375 0.0449337512254715 imageb_546973885436
22930 0.03247231990098953 0.021366668865084648 0.044911738485097885 imager_547081859975
22940 0.049146827310323715 0.02798854000866413 0.04488423839211464 imageu_547077855978
22950 0.15680813789367676 0.13034529983997345 0.04485370218753815 imaged_546875854173
22960 0.08846097439527512 0.06260555982589722 0.04483971372246742 imageu_547140885602
22970 0.14272548258304596 0.11370571702718735 0.044832970947027206 imaged_547026871704
22980 0.06318330764770508 0.03427784889936447 0.044821202754974365 imagef_546960872437
22990 0.3982630670070648 0.35992664098739624 0.04480888321995735 imageu_547167879238
23000 0.0365070104598999 0.028264319524168968 0.04477965831756592 imager_547023868703
23010 0.03953924775123596 0.02406228519976139 0.04480946809053421 imageu_546990869071
23020 0.47312262654304504 0.365659236907959 0.044838957488536835 imaged_547203881874
23030 0.11622148752212524 0.08981584012508392 0.04482928663492203 imagel_546967879439
23040 0.09856020659208298 0.07385630905628204 0.04482369124889374 imaged_547108853603
23050 0.10189497470855713 0.06746634095907211 0.04483775049448013 imagel_547174852869
23060 0.03062274493277073 0.02098158374428749 0.044847555458545685 imager_546894873172
23070 0.04034058749675751 0.023967713117599487 0.04482465982437134 imagef_546992871071
23080 0.08713478595018387 0.05729604512453079 0.044821757823228836 imageb_547045857339
23090 0.3619714677333832 0.29244300723075867 0.04480822756886482 imagef_547206884871
23100 0.02381730079650879 0.018205497413873672 0.044790368527173996 imager_547116861604
23110 0.0539374016225338 0.0312749519944191 0.04477587714791298 imageu_547070882331
23120 0.05000373721122742 0.03064563497900963 0.04476373642683029 imageu_547104882977
23130 0.10445195436477661 0.07972954958677292 0.04475856199860573 imagel_547177855874
23140 0.05961128696799278 0.03939885273575783 0.04475818946957588 imageb_547035880703
23150 0.09964476525783539 0.0757642313838005 0.04476602002978325 imagel_547035880703
23160 0.1189587265253067 0.0849044919013977 0.044765062630176544 imaged_547094872971
23170 0.0730212926864624 0.04458310455083847 0.04476018622517586 imagef_546943855437
23180 0.08418086171150208 0.06298844516277313 0.04476342722773552 imagel_547070882331
23190 0.09019311517477036 0.06477618217468262 0.04474581032991409 imagel_547111856605
23200 0.9037415385246277 0.879156768321991 0.044716980308294296 imager_547184862870
23210 0.049902062863111496 0.030601635575294495 0.044694311916828156 imageu_546946858444
23220 0.4240627586841583 0.29305025935173035 0.04466543346643448 imageu_547203881874
23230 0.0555729903280735 0.030001383274793625 0.044640857726335526 imagef_546900879170
23240 0.062086351215839386 0.033464644104242325 0.04462157562375069 imagef_546880859173
23250 0.11398377269506454 0.0856330543756485 0.04461310803890228 imagel_547082860970
23260 0.029735008254647255 0.021434500813484192 0.0445929579436779 imager_547121866605
23270 0.13445448875427246 0.10711421072483063 0.04456987604498863 imaged_546878857194
23280 0.058187052607536316 0.03200146555900574 0.04454760625958443 imageu_546936881803
23290 0.12981697916984558 0.0992293432354927 0.04453635588288307 imaged_546990869071
23300 0.023695049807429314 0.019081156700849533 0.04452718049287796 imager_547067879338
23310 0.05703696236014366 0.03257881477475166 0.0445270873606205 imageb_547138883611
23320 0.07753371447324753 0.05427480861544609 0.044540442526340485 imageu_547135880603
23330 0.17433784902095795 0.1252763867378235 0.04456291347742081 imagef_546854866535
23340 0.02128087729215622 0.01671653240919113 0.04459131881594658 imager_546888867171
23350 0.047451917082071304 0.029600920155644417 0.044594906270504 imageu_547033878707
23360 0.04156588390469551 0.02629046142101288 0.044585224241018295 imagef_547145857237
23370 0.5836535692214966 0.4797990918159485 0.04456326365470886 imagel_547205883874
23380 0.11501362919807434 0.08506915718317032 0.044534195214509964 imaged_546972884442
23390 0.09927330911159515 0.07268094271421432 0.04451839253306389 imagel_546943855437
23400 0.09106101840734482 0.06960621476173401 0.044517580419778824 imagel_546928873809
23410 0.11279153823852539 0.08436569571495056 0.044536639004945755 imagel_546934879798
23420 0.11288602650165558 0.08209309726953506 0.04453379288315773 imaged_546933878804
23430 0.037776730954647064 0.024944201111793518 0.044518619775772095 imager_547074852968
23440 0.021956000477075577 0.016580013558268547 0.04449357092380524 imager_547116861604
23450 0.06413045525550842 0.04421548545360565 0.044479645788669586 imageb_547053865336
23460 0.04269324243068695 0.025619352236390114 0.04445553943514824 imageb_547149861238
23470 0.023528827354311943 0.016254333779215813 0.04447473958134651 imager_547149861238
23480 0.07941193878650665 0.05024458095431328 0.04450387880206108 imagel_547181859871
23490 0.07117580622434616 0.048036035150289536 0.044484905898571014 imageb_546994873075
23500 0.04799012094736099 0.02645798586308956 0.044472966343164444 imagef_546950862437
23510 0.04630907252430916 0.028026659041643143 0.04448922723531723 imageu_546970882435
23520 0.03220626339316368 0.018844258040189743 0.04449297860264778 imagef_546990869071
23530 0.059337690472602844 0.04053527116775513 0.044503677636384964 imageb_547064876339
23540 0.029517456889152527 0.020795203745365143 0.04450336471199989 imager_546895874174
23550 0.048507366329431534 0.025600101798772812 0.0445009209215641 imageb_547132877611
23560 0.051823534071445465 0.03027218207716942 0.04449310526251793 imageb_547155867242
23570 0.10964523255825043 0.07609393447637558 0.04451988637447357 imaged_546982861070
23580 0.09156646579504013 0.07028423249721527 0.04457787424325943 imaged_547150862236
23590 0.05043796822428703 0.02865237183868885 0.04460239037871361 imagef_547021866708
23600 0.028332559391856194 0.02156871184706688 0.044589634984731674 imager_546975854071
23610 0.09739450365304947 0.06865747272968292 0.04458438605070114 imaged_546936881803
23620 0.42103710770606995 0.2880061864852905 0.04459283500909805 imageu_547205883874
23630 0.040023066103458405 0.022710343822836876 0.044588908553123474 imagef_547118863609
23640 0.09352188557386398 0.06585153192281723 0.04457755386829376 imagel_547014859704
23650 0.08227403461933136 0.05565102770924568 0.04456997662782669 imagel_547043855348
23660 0.06453271210193634 0.04139823839068413 0.04456469416618347 imageu_546977856071
23670 0.34392258524894714 0.29582759737968445 0.04456188529729843 imagef_547184862870
23680 0.09597699344158173 0.06672855466604233 0.0445423498749733 imagel_547169881238
23690 0.03162868320941925 0.023304950445890427 0.04453699663281441 imager_546912857810
23700 0.652140200138092 0.5649349689483643 0.04453601315617561 imageb_547205883874
23710 0.06727030128240585 0.039099954068660736 0.04453103244304657 imageu_547040885702
23720 0.08536741137504578 0.06899609416723251 0.04454471543431282 imagel_547125870610
23730 0.04506209120154381 0.027025118470191956 0.04455104097723961 imageu_547079857970
23740 0.06423705071210861 0.03913596644997597 0.044529639184474945 imageu_547023868703
23750 0.058126579970121384 0.03294210880994797 0.04450225457549095 imagef_546965877440
23760 0.09489083290100098 0.05392413213849068 0.04448123648762703 imagef_546860872536
23770 0.09060254693031311 0.06670655310153961 0.044461801648139954 imagel_547123868601
23780 0.029483413323760033 0.018560145050287247 0.044463660567998886 imager_547079857970
23790 0.07419219613075256 0.05079832300543785 0.04444532096385956 imageb_546900879170
23800 0.4693323075771332 0.4140024781227112 0.04443110153079033 imaged_546856868537
23810 0.05055048316717148 0.030809802934527397 0.04442111775279045 imageu_547016861703
23820 0.0514712929725647 0.02886306308209896 0.044420331716537476 imageu_547057869336
23830 0.12715241312980652 0.11454752832651138 0.04440895840525627 imageu_547162874244
23840 0.05570050701498985 0.03243522718548775 0.04441263899207115 imageu_546914859807
23850 0.0955410748720169 0.06675086915493011 0.04442776367068291 imagel_547021866708
23860 0.028195001184940338 0.022188913077116013 0.04439014196395874 imager_546890869170
23870 0.028972968459129333 0.02033855766057968 0.04435808211565018 imager_546965877440
23880 0.07815484702587128 0.052205730229616165 0.04433939978480339 imagel_546924869806
23890 0.054130420088768005 0.03192081302404404 0.04435333237051964 imagef_547149861238
23900 0.08837313950061798 0.06500913947820663 0.04436888173222542 imagel_547001880072
23910 0.03524210304021835 0.027432605624198914 0.044416043907403946 imager_546946858444
23920 0.02559913694858551 0.01964849792420864 0.044436145573854446 imager_546984863078
23930 0.04538271203637123 0.024976680055260658 0.04442804306745529 imagef_547120865600
23940 0.02690683864057064 0.01989741623401642 0.044416364282369614 imager_547069881338
23950 0.0965200662612915 0.06684643775224686 0.04440118744969368 imaged_547057869336
23960 0.057884544134140015 0.034592755138874054 0.04437079280614853 imageb_547094872971
23970 0.05441609025001526 0.03386969119310379 0.04435872659087181 imageu_547081859975
23980 0.05172066390514374 0.031338803470134735 0.04434724897146225 imageu_546887866191
23990 0.07862598448991776 0.07205851376056671 0.04433658346533775 imageu_547160872234
24000 0.04650484025478363 0.02680429257452488 0.04431363195180893 imagef_546980859076
24010 0.09514623880386353 0.07215113937854767 0.04427594691514969 imaged_547074852968
24020 0.1344567835330963 0.09956952929496765 0.044246550649404526 imaged_546973885436
24030 0.04316890239715576 0.02663543075323105 0.04424603283405304 imageu_547026871704
24040 0.6259198188781738 0.5319498181343079 0.04423404112458229 imageb_546839884906
24050 0.03901278227567673 0.022938689216971397 0.044212616980075836 imagef_546955867436
24060 0.18789125978946686 0.11473081260919571 0.04419456422328949 imageb_547177855874
24070 0.08578144013881683 0.06524154543876648 0.044175442308187485 imagel_546987866076
24080 0.914334774017334 0.8923981189727783 0.04418031498789787 imager_547181859871
24090 0.034656330943107605 0.024343017488718033 0.04419109597802162 imager_547130875605
24100 0.36841627955436707 0.2550038695335388 0.044212982058525085 imaged_547200878871
24110 0.046318985521793365 0.02780456654727459 0.04422086477279663 imageu_546968880435
24120 0.619748592376709 0.5246506333351135 0.04421582072973251 imageb_546846858536
24130 0.04402928799390793 0.03332151100039482 0.04420742392539978 imager_547075853978
24140 0.08705516904592514 0.06451365351676941 0.044180016964673996 imagel_547052864345
24150 0.8885349631309509 0.8601586818695068 0.04416264593601227 imager_547194872874
24160 0.09615861624479294 0.06837702542543411 0.04416026175022125 imagel_546931876806
24170 0.9083467125892639 0.884918749332428 0.044163886457681656 imager_547188866869
24180 0.055685900151729584 0.032058995217084885 0.044149164110422134 imageu_546912857810
24190 0.13764141499996185 0.10059964656829834 0.044118281453847885 imaged_546967879439
24200 0.050813425332307816 0.03294725716114044 0.044113561511039734 imageb_547047859335
24210 0.021208833903074265 0.01819506846368313 0.044096242636442184 imager_546994873075
24220 0.09154541790485382 0.06863637268543243 0.04405971243977547 imagel_547057869336
24230 0.06967385113239288 0.052055343985557556 0.044017013162374496 imageb_546873885533
24240 0.1080920621752739 0.07734677195549011 0.043984148651361465 imaged_546933878804
24250 0.12636569142341614 0.09820996224880219 0.04400588944554329 imaged_547082860970
24260 0.05414759740233421 0.03200243040919304 0.04400510713458061 imagef_547150862236
24270 0.1069888174533844 0.08015701919794083 0.04400138929486275 imagel_547018863705
24280 0.08766161650419235 0.05992615222930908 0.044004157185554504 imagel_547060872343
24290 0.03133830428123474 0.022108882665634155 0.04400317370891571 imager_547058870341
24300 0.04022829979658127 0.02393181622028351 0.0439838208258152 imagef_547113858603
24310 0.039241593331098557 0.024008894339203835 0.04394618794322014 imagef_547092870974
24320 0.1098094955086708 0.08229397982358932 0.04393506422638893 imagel_546963875440
24330 0.023366255685687065 0.017243193462491035 0.04391833767294884 imager_546934879798
24340 0.04867576062679291 0.027765881270170212 0.04389169067144394 imagef_546953865434
24350 0.0535520575940609 0.03045579418540001 0.04387300834059715 imageb_547111856605
24360 0.5819364190101624 0.477183073759079 0.04389172047376633 imageb_547188866869
24370 0.10102643817663193 0.07576360553503036 0.04391196370124817 imaged_547108853603
24380 0.5178265571594238 0.4230782985687256 0.04390759766101837 imageb_546849861536
24390 0.6779934167861938 0.5974634289741516 0.04388364776968956 imaged_546848860533
24400 0.11634710431098938 0.08714409917593002 0.04385560005903244 imaged_547047859335
24410 0.3470199406147003 0.3072134852409363 0.04385514184832573 imagef_547191869875
24420 0.6508111953735352 0.5631583333015442 0.043867189437150955 imageb_547203881874
24430 0.06011399254202843 0.03517477214336395 0.04385097324848175 imageu_546883862169
24440 0.08867204189300537 0.06461045145988464 0.043826114386320114 imagel_546936881803
24450 0.07465542107820511 0.062197085469961166 0.043822139501571655 imageu_547152864241
24460 0.3625774383544922 0.3062104880809784 0.043813105672597885 imagel_546851863543
24470 0.03946162387728691 0.02395061030983925 0.04379549250006676 imagef_547103881966
24480 0.05629003793001175 0.0327882394194603 0.04378173127770424 imagef_547060872343
24490 0.11455322802066803 0.0894421860575676 0.04377041757106781 imaged_546895874174
24500 0.05798492580652237 0.032469380646944046 0.04377433657646179 imagef_546922867806
24510 0.10074609518051147 0.07350145280361176 0.04379189759492874 imagel_547006885077
24520 0.045022815465927124 0.026726990938186646 0.04381030052900314 imageu_547064876339
24530 0.029928863048553467 0.020343851298093796 0.043809689581394196 imager_547041853338
24540 0.05213851481676102 0.027361588552594185 0.04378984868526459 imageu_546982861070
24550 0.025790277868509293 0.018677175045013428 0.043769095093011856 imager_547035880703
24560 0.06771616637706757 0.044434551149606705 0.04375528544187546 imageb_546980859076
24570 0.12214194983243942 0.09425096213817596 0.043714988976716995 imagel_546968880435
24580 0.2719841003417969 0.2232082039117813 0.043682508170604706 imageu_546851863543
24590 0.08234542608261108 0.06386148929595947 0.04366113990545273 imager_547164876237
24600 0.10839901119470596 0.08822791278362274 0.043622080236673355 imaged_547154866233
24610 0.06084352359175682 0.038258146494627 0.0435982421040535 imageb_547109854609
24620 0.09004140645265579 0.06552644073963165 0.04360395669937134 imagel_546989868066
24630 0.10057098418474197 0.07243402302265167 0.043619267642498016 imaged_546985864078
24640 0.260397344827652 0.19824641942977905 0.04365180805325508 imagel_547186864875
24650 0.06191728264093399 0.03792129084467888 0.0436583012342453 imageu_547011856705
24660 0.12976600229740143 0.06520218402147293 0.04368041455745697 imagef_547171883239
24670 0.08334578573703766 0.06635495275259018 0.0437287911772728 imaged_547159871241
24680 0.3611735701560974 0.29183727502822876 0.04375428706407547 imagef_547206884871
24690 0.3041630983352661 0.21722370386123657 0.04374475032091141 imagel_547189867877
24700 0.04887624457478523 0.029652055352926254 0.04373529925942421 imagef_547065877343
24710 0.067766472697258 0.042171549052000046 0.043733611702919006 imageb_546916861809
24720 0.052397772669792175 0.03099413402378559 0.04372289776802063 imagef_546871883543
24730 0.47935518622398376 0.3595923185348511 0.043704237788915634 imagel_547198876871
24740 0.9170651435852051 0.8958161473274231 0.043679188936948776 imager_547186864875
24750 0.02466556988656521 0.015713635832071304 0.04365995153784752 imager_547053865336
24760 0.05981094762682915 0.03404282405972481 0.04365749657154083 imageu_547043855348
24770 0.04262964054942131 0.02666287124156952 0.04364074394106865 imageb_547089867973
24780 0.05973491445183754 0.04089492931962013 0.04363461956381798 imageb_547064876339
24790 0.1322336494922638 0.10879189521074295 0.04363426938652992 imaged_546887866191
24800 0.07063475996255875 0.038983747363090515 0.043635718524456024 imagef_546938883810
24810 0.3097538650035858 0.2504802942276001 0.04363260045647621 imageu_546849861536
24820 0.06076575070619583 0.034696418792009354 0.04364264756441116 imagef_546968880435
24830 0.34292227029800415 0.2960085868835449 0.04367876425385475 imageu_547177855874
24840 0.08141577243804932 0.044036708772182465 0.04370132088661194 imagef_546856868537
24850 0.12851260602474213 0.09021241962909698 0.043743833899497986 imaged_546967879439
24860 0.05145722255110741 0.035788726061582565 0.04382012039422989 imageb_547058870341
24870 0.053205374628305435 0.02989901974797249 0.04384772479534149 imagef_546948860438
24880 0.09106120467185974 0.07327964156866074 0.04383793845772743 imagel_547160872234
24890 0.060649722814559937 0.038912590593099594 0.04381966590881348 imageu_546860872536
24900 0.36381131410598755 0.2703842520713806 0.04380590468645096 imagel_547193871872
24910 0.10879460722208023 0.07504283636808395 0.0437791645526886 imaged_546982861070
24920 0.055085279047489166 0.03609685227274895 0.04376683011651039 imagef_546871883543
24930 0.02125818096101284 0.014541316777467728 0.04378816485404968 imager_547035880703
24940 0.06276359409093857 0.036974869668483734 0.043798960745334625 imageu_546938883810
24950 0.5809108018875122 0.4853271543979645 0.04378141090273857 imagel_547200878871
24960 0.05026670917868614 0.03207450732588768 0.04375988245010376 imagef_546882861171
24970 0.054851118475198746 0.032524608075618744 0.04374226555228233 imageb_547094872971
24980 0.6779918670654297 0.5974634289741516 0.04372698813676834 imaged_546848860533
24990 0.023799700662493706 0.018849482759833336 0.0437236987054348 imager_546926871803
25000 0.08370969444513321 0.06244044005870819 0.043723925948143005 imageb_546973885436
25010 0.07788624614477158 0.05530162528157234 0.04372105747461319 imageb_546948860438
25020 0.05519350245594978 0.02859361283481121 0.043749574571847916 imageu_546967879439
25030 0.031636811792850494 0.026265274733304977 0.04374316334724426 imager_547036881708
25040 0.06118479743599892 0.03671040013432503 0.04373171925544739 imageb_546996875070
25050 0.22509881854057312 0.16882020235061646 0.04369893670082092 imageb_546858870537
25060 0.04513311758637428 0.026039188727736473 0.0436660461127758 imageu_546965877440
25070 0.028822368010878563 0.02063126303255558 0.043642301112413406 imager_547121866605
25080 0.0793832540512085 0.055093757808208466 0.04360847547650337 imagel_547118863609
25090 0.09922070801258087 0.05652046948671341 0.043589744716882706 imagef_546860872536
25100 0.06670983880758286 0.04181603342294693 0.043567076325416565 imagel_546890869170
25110 0.11503496766090393 0.08315715938806534 0.043547071516513824 imageb_546863875543
25120 0.9157629013061523 0.8941931128501892 0.04353232681751251 imager_547176854870
25130 0.024853836745023727 0.019143996760249138 0.043513793498277664 imager_546987866076
25140 0.08332834392786026 0.05923052504658699 0.04349299892783165 imagel_546990869071
25150 0.022851798683404922 0.01696198247373104 0.0434688962996006 imager_546934879798
25160 0.9083398580551147 0.884918749332428 0.04347279667854309 imager_547188866869
25170 0.05801237002015114 0.03369159623980522 0.04347958043217659 imageu_546916861809
25180 0.08581286668777466 0.06289113312959671 0.04350517317652702 imagel_547002881074
25190 0.035154372453689575 0.021232055500149727 0.0435367077589035 imagef_547092870974
25200 0.10580960661172867 0.0804874449968338 0.043552204966545105 imaged_547035880703
25210 0.044804204255342484 0.02754221484065056 0.04355951398611069 imagef_547058870341
25220 0.06287276744842529 0.03930501267313957 0.04353482648730278 imageu_546875854173
25230 0.042533569037914276 0.024302832782268524 0.04352323338389397 imagef_547121866605
25240 0.0637277364730835 0.053869593888521194 0.04352428764104843 imageb_546868880541
25250 0.34512823820114136 0.3012864589691162 0.04352462291717529 imaged_547183861871
25260 0.04047085717320442 0.03489835932850838 0.04351785033941269 imager_547125870610
25270 0.036997295916080475 0.02215096727013588 0.043495651334524155 imageu_546953865434
25280 0.10963435471057892 0.0852888971567154 0.04348929971456528 imaged_546895874174
25290 0.46007630228996277 0.3456263840198517 0.04346471652388573 imaged_547198876871
25300 0.11794839054346085 0.08808106929063797 0.04342561215162277 imaged_547064876339
25310 0.03414521738886833 0.024097725749015808 0.043397512286901474 imager_547014859704
25320 0.027468787506222725 0.021026011556386948 0.04335659369826317 imager_547138883611
25330 0.07600755244493484 0.05195293948054314 0.043315570801496506 imagel_547106884970
25340 0.11974373459815979 0.09088671952486038 0.04328668862581253 imaged_547019864709
25350 0.03107399120926857 0.022405050694942474 0.04327639564871788 imager_547009854705
25360 0.06119260564446449 0.038944173604249954 0.04325569421052933 imageb_547006885077
25370 0.15445393323898315 0.13611389696598053 0.0432504378259182 imaged_546871883543
25380 0.04398798197507858 0.026171850040555 0.0432458333671093 imageu_546950862437
25390 0.052272725850343704 0.03103865683078766 0.043226245790719986 imageu_546919864808
25400 0.047692183405160904 0.027759375050663948 0.043226588517427444 imagef_546979858070
25410 0.05237744376063347 0.02941305749118328 0.04323522001504898 imageu_547070882331
25420 0.027996301651000977 0.021985314786434174 0.04323058947920799 imager_547118863609
25430 0.02625032514333725 0.020128943026065826 0.04322463274002075 imager_546890869170
25440 0.09331103414297104 0.06950065493583679 0.04320623353123665 imaged_547142854240
25450 0.05408642441034317 0.034203752875328064 0.04320722073316574 imageu_547115860606
25460 0.15387636423110962 0.1283712387084961 0.04319603741168976 imaged_546875854173
25470 0.02699906751513481 0.01962384022772312 0.043174419552087784 imager_546936881803
25480 0.10816951096057892 0.0796990916132927 0.04316450655460358 imagel_547082860970
25490 0.09312134981155396 0.06503938138484955 0.04315825551748276 imaged_547006885077
25500 0.2468615025281906 0.18176600337028503 0.04317072406411171 imagef_546853865537
25510 0.05052987113595009 0.02860206738114357 0.04316025972366333 imagef_547160872234
25520 0.07972139865159988 0.0580272302031517 0.04313360154628754 imaged_547116861604
25530 0.04363580420613289 0.0252127293497324 0.04312272369861603 imageb_547121866605
25540 0.10522141307592392 0.08379007130861282 0.043111298233270645 imagel_547116861604
25550 0.050548847764730453 0.02821691520512104 0.043090999126434326 imagef_546958870432
25560 0.051288850605487823 0.03014826402068138 0.043064363300800323 imageu_547077855978
25570 0.06338673084974289 0.044107478111982346 0.0430610254406929 imagel_547179857873
25580 0.11399678140878677 0.09376232326030731 0.04307234287261963 imagel_547137882603
25590 0.029551221057772636 0.02292722836136818 0.0430854931473732 imager_547001880072
25600 0.0751357451081276 0.052602507174015045 0.043073780834674835 imageb_547030875702
25610 0.052609559148550034 0.03055020421743393 0.04305359348654747 imagef_547021866708
25620 0.11831270158290863 0.08927752822637558 0.04304370656609535 imaged_546897876191
25630 0.17055031657218933 0.10798393934965134 0.043029095977544785 imagef_547169881238
25640 0.087137371301651 0.06365077197551727 0.04301130771636963 imaged_547075853978
25650 0.05002337321639061 0.03360794112086296 0.04301795735955238 imageb_546953865434
25660 0.36992424726486206 0.33466392755508423 0.04302997887134552 imageu_547166878243
25670 0.05921677500009537 0.033763136714696884 0.043038249015808105 imageb_547157869236
25680 0.05325954779982567 0.030984658747911453 0.04305172339081764 imageu_547058870341
25690 0.04333522170782089 0.027287406846880913 0.043047718703746796 imagef_546990869071
25700 0.164139062166214 0.09552805870771408 0.043049514293670654 imageb_547176854870
25710 0.04551055282354355 0.026819271966814995 0.04302630200982094 imagef_547016861703
25720 0.019408786669373512 0.015468244440853596 0.04302576184272766 imager_546887866191
25730 0.07976821064949036 0.04204689338803291 0.04302262142300606 imagef_546878857194
25740 0.1169646754860878 0.0822734534740448 0.043010953813791275 imaged_546905884197
25750 0.0396382212638855 0.024176444858312607 0.04300859943032265 imagef_546956868435
25760 0.048895951360464096 0.029881762340664864 0.04304144158959389 imageb_546962874438
25770 0.23999273777008057 0.18366692960262299 0.04305510222911835 imageu_547193871872
25780 0.4652397632598877 0.37709128856658936 0.043046627193689346 imageu_547191869875
25790 0.07123473286628723 0.04795943200588226 0.04302806407213211 imageb_546999878077
25800 0.0946972668170929 0.06194963678717613 0.04303443804383278 imageb_546982861070
25810 0.1182284727692604 0.0899645984172821 0.0430145189166069 imaged_547016861703
25820 0.0402199886739254 0.024508468806743622 0.0430150143802166 imagef_547067879338
25830 0.03145169839262962 0.022358164191246033 0.04302438721060753 imager_546945857437
25840 0.1336696743965149 0.09794313460588455 0.04301949962973595 imaged_546973885436
25850 0.07788615673780441 0.05452321842312813 0.04299965873360634 imagel_546861873539
25860 0.09302067011594772 0.06540041416883469 0.04297973960638046 imaged_546939884803
25870 0.05504704266786575 0.03689999878406525 0.04296008124947548 imageb_546958870432
25880 0.10055997967720032 0.07508236914873123 0.04294783994555473 imaged_547147859235
25890 0.0991903692483902 0.06647779792547226 0.04294346272945404 imagel_547162874244
25900 0.04707973450422287 0.028667792677879333 0.04291573911905289 imagef_547052864345
25910 0.35420510172843933 0.2695414125919342 0.04290733113884926 imagef_546851863543
25920 0.11052218079566956 0.08944763988256454 0.04290226474404335 imaged_547115860606
25930 0.09649099409580231 0.07788927853107452 0.04288521409034729 imagel_547047859335
25940 0.11682307720184326 0.08401331305503845 0.0428825318813324 imaged_547094872971
25950 0.05131594091653824 0.033490706235170364 0.04288775473833084 imageb_547014859704
25960 0.0956529751420021 0.07090739160776138 0.04288497567176819 imaged_547111856605
25970 0.17307686805725098 0.13802634179592133 0.04286588728427887 imageu_546856868537
25980 0.1212749183177948 0.09422671049833298 0.0428495816886425 imagel_546967879439
25990 0.46961599588394165 0.4142770767211914 0.04284418374300003 imaged_546856868537
26000 0.06505993753671646 0.04438059404492378 0.0428357869386673 imageb_546972884442
26010 0.09342452883720398 0.0745387151837349 0.042822130024433136 imagel_546955867436
26020 0.03431851416826248 0.024125412106513977 0.042840950191020966 imager_547043855348
26030 0.07819019258022308 0.049376703798770905 0.04284859448671341 imageb_546922867806
26040 0.10720892250537872 0.08205019682645798 0.04282712563872337 imaged_547135880603
26050 0.09204385429620743 0.05987050011754036 0.04281044006347656 imagel_546977856071
26060 0.049922678619623184 0.03294314816594124 0.042826488614082336 imageu_547018863705
26070 0.05080433189868927 0.03170377016067505 0.042840372771024704 imageu_547006885077
26080 0.09848495572805405 0.07246744632720947 0.04284196346998215 imagel_547099877967
26090 0.0408007949590683 0.023833904415369034 0.04283340647816658 imageb_547150862236
26100 0.09302693605422974 0.07143034040927887 0.04284385219216347 imagel_547137882603
26110 0.05708831548690796 0.03925897926092148 0.04284162074327469 imagel_546856868537
26120 0.04845217615365982 0.02724355086684227 0.04286464303731918 imagef_547077855978
26130 0.47919341921806335 0.35056230425834656 0.042854227125644684 imageb_547201879876
26140 0.060854632407426834 0.03376424312591553 0.04282668977975845 imagef_546911856805
26150 0.10652472823858261 0.07609469443559647 0.042819082736968994 imaged_547089867973
26160 0.2264072149991989 0.1888369768857956 0.042818181216716766 imaged_547172884238
26170 0.2530324161052704 0.21742649376392365 0.04282703995704651 imageu_546854866535
26180 0.03621422126889229 0.019453270360827446 0.0428117960691452 imagef_547118863609
26190 0.05270903557538986 0.029944980517029762 0.04278973862528801 imageu_547035880703
26200 0.10287196189165115 0.07533571124076843 0.04275787994265556 imaged_547014859704
26210 0.09412863850593567 0.07645046710968018 0.042737774550914764 imagel_547126871606
26220 0.03990135341882706 0.026027631014585495 0.042734161019325256 imageb_547126871606
26230 0.04912096634507179 0.03244852274656296 0.042701687663793564 imageb_547069881338
26240 0.04784829542040825 0.026152808219194412 0.04268605634570122 imageb_547118863609
26250 0.04736555740237236 0.027788907289505005 0.04271387681365013 imageu_546965877440
26260 0.24010485410690308 0.18486106395721436 0.04271724447607994 imageu_547193871872
26270 0.04798928275704384 0.02547503635287285 0.04268393665552139 imagef_547040885702
26280 0.07175317406654358 0.04700735583901405 0.04265869781374931 imageb_547023868703
26290 0.19843006134033203 0.144481360912323 0.04264592379331589 imagef_547172884238
26300 0.0393507294356823 0.030875643715262413 0.042654164135456085 imageu_546866878536
26310 0.03967622295022011 0.023350553587079048 0.04265003651380539 imagef_547101879972
26320 0.046589445322752 0.02762993611395359 0.04263349249958992 imageu_546987866076
26330 0.07148242741823196 0.050880808383226395 0.04261169582605362 imageu_547137882603
26340 0.053025901317596436 0.029400331899523735 0.0425686351954937 imagef_546982861070
26350 0.09279051423072815 0.07044355571269989 0.04253344610333443 imaged_547091869975
26360 0.022461973130702972 0.01688501425087452 0.042506180703639984 imager_546956868435
26370 0.10802262276411057 0.07853866368532181 0.04249252751469612 imaged_547101879972
26380 0.05006646737456322 0.030073467642068863 0.04246755689382553 imageu_546975854071
26390 0.3849361836910248 0.3386557996273041 0.042444370687007904 imagef_547189867877
26400 0.0770409032702446 0.04317523166537285 0.042436614632606506 imagef_546967879439
26410 0.10696583986282349 0.0844540074467659 0.04243749752640724 imaged_546885864170
26420 0.06759719550609589 0.049952182918787 0.04242799058556557 imagel_547028873712
26430 0.06602567434310913 0.04876652732491493 0.04241557419300079 imageb_546866878536
26440 0.03430597484111786 0.023772574961185455 0.042404383420944214 imager_547079857970
26450 0.021360134705901146 0.014640125446021557 0.042382001876831055 imager_547115860606
26460 0.11236560344696045 0.08694177120923996 0.04237315058708191 imagel_547086864973
26470 0.06794293969869614 0.04075750336050987 0.04242212697863579 imageb_546892871169
26480 0.13424769043922424 0.10905876010656357 0.04244092479348183 imaged_547166878243
26490 0.08831719309091568 0.06443764269351959 0.04245046153664589 imaged_547137882603
26500 0.03574438765645027 0.026962513104081154 0.04245854914188385 imageu_546863875543
26510 0.10149621963500977 0.06652915477752686 0.04243620112538338 imagel_547157869236
26520 0.030424483120441437 0.020342255011200905 0.04242546856403351 imager_547043855348
26530 0.028764784336090088 0.021072233095765114 0.042413827031850815 imager_547135880603
26540 0.054572828114032745 0.03438985347747803 0.0423867292702198 imagef_547081859975
26550 0.2845214605331421 0.2180444449186325 0.042363349348306656 imageb_546856868537
26560 0.0662742480635643 0.04092107713222504 0.04234006255865097 imagef_546887866191
26570 0.016314173117280006 0.014171694405376911 0.042335689067840576 imager_546868880541
26580 0.037486251443624496 0.02979752980172634 0.04234084486961365 imager_547016861703
26590 0.048283062875270844 0.02475113235414028 0.042342256754636765 imageb_547132877611
26600 0.05577414482831955 0.03626250475645065 0.04234914481639862 imageb_546931876806
26610 0.025967178866267204 0.02003149874508381 0.04235710948705673 imager_546914859807
26620 0.09370402991771698 0.0665476992726326 0.04234495759010315 imaged_547099877967
26630 0.0452004000544548 0.026153799146413803 0.0423499271273613 imagef_547108853603
26640 0.05704892799258232 0.03593025729060173 0.042344193905591965 imageb_547166878243
26650 0.5844277739524841 0.49233850836753845 0.0423312708735466 imagef_546843855539
26660 0.043591126799583435 0.025721201673150063 0.042307231575250626 imageb_547142854240
26670 0.4725479781627655 0.36527812480926514 0.042291563004255295 imaged_547203881874
26680 0.05958946421742439 0.037466876208782196 0.04229667782783508 imageb_547006885077
26690 0.08864989876747131 0.06517995893955231 0.04232434555888176 imagel_546989868066
26700 0.06246088817715645 0.03263479098677635 0.04233379289507866 imagef_546902881194
26710 0.3762970268726349 0.3158195912837982 0.04232840612530708 imageb_547193871872
26720 0.019678957760334015 0.015121396631002426 0.04230019822716713 imager_547033878707
26730 0.04144362360239029 0.03234831243753433 0.042273640632629395 imager_547160872234
26740 0.04728911444544792 0.027456510812044144 0.042263299226760864 imageb_547104882977
26750 0.11014584451913834 0.08089780807495117 0.04225415736436844 imaged_547140885602
26760 0.04193885996937752 0.02443033829331398 0.04224561154842377 imagef_547062874337
26770 0.04341655224561691 0.025104088708758354 0.04226129874587059 imageu_546950862437
26780 0.34481772780418396 0.3052622973918915 0.042261168360710144 imagef_547191869875
26790 0.6521177291870117 0.5649349689483643 0.04228756204247475 imageb_547205883874
26800 0.046226486563682556 0.028135554865002632 0.04229393228888512 imagef_546924869806
26810 0.08328966051340103 0.059660010039806366 0.042283136397600174 imagel_547062874337
26820 0.08619777858257294 0.0519060455262661 0.04226594790816307 imagel_546909854806
26830 0.5303028225898743 0.4125911593437195 0.042276013642549515 imageu_547196874870
26840 0.044529713690280914 0.029981262981891632 0.042268555611371994 imagef_547154866233
26850 0.10538900643587112 0.07977902889251709 0.04224492609500885 imagel_546912857810
26860 0.032232049852609634 0.025300009176135063 0.042227938771247864 imager_546963875440
26870 0.20419330894947052 0.12929490208625793 0.04218500852584839 imageb_547172884238
26880 0.08997110277414322 0.06530673801898956 0.04215779900550842 imaged_547126871606
26890 0.04682501405477524 0.02798319235444069 0.04214945435523987 imageu_546928873809
26900 0.19171471893787384 0.1250815987586975 0.042148441076278687 imageb_547179857873
26910 0.5179741382598877 0.42320913076400757 0.042177941650152206 imageb_546849861536
26920 0.5887007117271423 0.4952176511287689 0.04216238111257553 imagef_546846858536
26930 0.038726065307855606 0.024046437814831734 0.04214124381542206 imagef_547079857970
26940 0.07619019597768784 0.04648790881037712 0.042127273976802826 imagef_546919864808
26950 0.040494367480278015 0.03473025932908058 0.04211011901497841 imager_547125870610
26960 0.08452065289020538 0.06332957744598389 0.04209785535931587 imagel_546950862437
26970 0.023231204599142075 0.016848275437951088 0.042091645300388336 imager_546916861809
26980 0.12763679027557373 0.06432052701711655 0.04206588491797447 imagef_547171883239
26990 0.05288151651620865 0.029882479459047318 0.04205940291285515 imageu_546980859076
27000 0.9241271018981934 0.9046662449836731 0.04203249514102936 imager_547179857873
27010 0.08160047978162766 0.056743767112493515 0.04200400039553642 imaged_547092870974
27020 0.0892253965139389 0.06188463792204857 0.04198700189590454 imagel_547060872343
27030 0.08129217475652695 0.05931888148188591 0.04200118035078049 imagel_546960872437
27040 0.045750342309474945 0.027292385697364807 0.04200092703104019 imageb_547152864241
27050 0.11339019238948822 0.08567902445793152 0.04198814928531647 imaged_547125870610
27060 0.6405364274978638 0.5514017343521118 0.04197574406862259 imaged_546849861536
27070 0.09242405742406845 0.06951717287302017 0.04193677380681038 imaged_546999878077
27080 0.1225103810429573 0.08906403183937073 0.04192369431257248 imagel_547087865974
27090 0.11942468583583832 0.0901075005531311 0.04192764312028885 imaged_546897876191
27100 0.04774213954806328 0.028867006301879883 0.04193282499909401 imageu_547079857970
27110 0.9143124222755432 0.8923981189727783 0.041940849274396896 imager_547181859871
27120 0.04573358595371246 0.02635045163333416 0.041942939162254333 imagef_547099877967
27130 0.09850088506937027 0.07223597168922424 0.04193286970257759 imaged_547104882977
27140 0.3558099567890167 0.28950461745262146 0.041916824877262115 imagef_547200878871
27150 0.0764315277338028 0.049336329102516174 0.041915811598300934 imageb_546950862437
27160 0.13070151209831238 0.0975707545876503 0.04191921278834343 imaged_547024869702
27170 0.05429147556424141 0.033586107194423676 0.04195050522685051 imageb_547057869336
27180 0.10710610449314117 0.0795607641339302 0.04197949543595314 imaged_546924869806
27190 0.06890697032213211 0.05204422399401665 0.04198968783020973 imagel_546883862169
27200 0.039361290633678436 0.03053334355354309 0.04197869822382927 imageu_546865877539
27210 0.023322872817516327 0.018466968089342117 0.0419677197933197 imager_546924869806
27220 0.03871813416481018 0.025928812101483345 0.04198003187775612 imager_547074852968
27230 0.11655847728252411 0.09092303365468979 0.041975732892751694 imaged_546883862169
27240 0.10241564363241196 0.07561517506837845 0.041970692574977875 imagel_546951863443
27250 0.08003208041191101 0.058030784130096436 0.04197222366929054 imagel_547113858603
27260 0.28544315695762634 0.2451677769422531 0.041996244341135025 imagef_547176854870
27270 0.10308755189180374 0.0772915929555893 0.041995711624622345 imagel_547018863705
27280 0.021637191995978355 0.016398707404732704 0.04199197515845299 imager_546955867436
27290 0.030652137473225594 0.021977588534355164 0.04198874905705452 imagef_546866878536
27300 0.10059720277786255 0.0683429017663002 0.0419890359044075 imagel_546941853440
27310 0.07680390030145645 0.04736456647515297 0.0419984795153141 imagel_547181859871
27320 0.09379279613494873 0.06937969475984573 0.04200868681073189 imaged_547109854609
27330 0.05814458057284355 0.033235445618629456 0.042020075023174286 imageu_547101879972
27340 0.07000809907913208 0.047591179609298706 0.04202115163207054 imageb_547164876237
27350 0.09526332467794418 0.07625935226678848 0.04203243926167488 imagel_547143855237
27360 0.05048706755042076 0.0307523924857378 0.042049821466207504 imageu_547113858603
27370 0.04821142181754112 0.027984853833913803 0.042064882814884186 imageu_546911856805
27380 0.02556758001446724 0.017622025683522224 0.04205568879842758 imager_547007852711
27390 0.0831238254904747 0.05589757859706879 0.04203428328037262 imagel_547060872343
27400 0.043188802897930145 0.023628072813153267 0.042020563036203384 imagef_546953865434
27410 0.029019508510828018 0.022289665415883064 0.042018212378025055 imagel_546866878536
27420 0.6355278491973877 0.544842541217804 0.04201582819223404 imagel_546844856539
27430 0.059447575360536575 0.043034449219703674 0.04201141744852066 imagel_546992871071
27440 0.05478207394480705 0.03678826615214348 0.04198739305138588 imagel_547179857873
27450 0.02910841815173626 0.021233785897493362 0.04196745157241821 imager_547094872971
27460 0.2520383894443512 0.18332798779010773 0.04195907711982727 imageb_547184862870
27470 0.04152965545654297 0.032886605709791183 0.04194379597902298 imageu_546868880541
27480 0.05107029899954796 0.030497880652546883 0.04192335158586502 imageu_547055867337
27490 0.047742754220962524 0.03212269768118858 0.04189295694231987 imageu_547121866605
27500 0.3746477961540222 0.32655125856399536 0.041859082877635956 imageu_547169881238
27510 0.09210145473480225 0.06363733112812042 0.041823189705610275 imaged_547057869336
27520 0.10847154259681702 0.075655996799469 0.04180552437901497 imagel_547087865974
27530 0.040810875594615936 0.025069743394851685 0.041794970631599426 imagef_547058870341
27540 0.04930885508656502 0.027747875079512596 0.04179753363132477 imageb_547118863609
27550 0.06398012489080429 0.04372814670205116 0.04180145636200905 imageb_547036881708
27560 0.05302036926150322 0.02980552613735199 0.041811682283878326 imageu_547101879972
27570 0.08859534561634064 0.06820033490657806 0.04179948940873146 imaged_547152864241
27580 0.051211435347795486 0.02743554301559925 0.04179675877094269 imagef_547043855348
27590 0.08925647288560867 0.06333374232053757 0.04181944951415062 imaged_547099877967
27600 0.0420791395008564 0.025990433990955353 0.04185750335454941 imageb_547089867973
27610 0.08198279142379761 0.05807323381304741 0.04186069592833519 imageb_546900879170
27620 0.12182898819446564 0.085873544216156 0.04186365008354187 imaged_546892871169
27630 0.07945027947425842 0.05989425629377365 0.04186921939253807 imagel_546950862437
27640 0.08709073066711426 0.07053256779909134 0.041853681206703186 imagel_547098876976
27650 0.05507149547338486 0.04231603816151619 0.04183834791183472 imagel_546882861171
27660 0.05077480897307396 0.033848635852336884 0.04182937368750572 imageb_547069881338
27670 0.05361099913716316 0.029335642233490944 0.04180527105927467 imagef_546922867806
27680 0.3049151599407196 0.21822474896907806 0.04177377000451088 imagel_547189867877
27690 0.048186127096414566 0.027313144877552986 0.041732776910066605 imagef_547150862236
27700 0.019190805032849312 0.014459782280027866 0.04170878976583481 imager_546955867436
27710 0.07146353274583817 0.04257819056510925 0.04170486330986023 imageb_546894873172
27720 0.047081757336854935 0.031608350574970245 0.04171321913599968 imageb_546963875440
27730 0.4276840090751648 0.311154305934906 0.041714590042829514 imagel_547196874870
27740 0.07956425845623016 0.04211157187819481 0.04170677065849304 imagef_546878857194
27750 0.029565786942839622 0.022292518988251686 0.04169510304927826 imager_547089867973
27760 0.05516890436410904 0.03546316549181938 0.041685089468955994 imageb_546945857437
27770 0.0413956418633461 0.02179849147796631 0.041671860963106155 imagef_547120865600
27780 0.5819143652915955 0.477183073759079 0.041686419397592545 imageb_547188866869
27790 0.6201012134552002 0.5248846411705017 0.041693177074193954 imagef_547194872874
27800 0.032682958990335464 0.023664062842726707 0.04170653969049454 imager_547060872343
27810 0.4018004238605499 0.31645917892456055 0.041726287454366684 imageb_546851863543
27820 0.03480299934744835 0.026729801669716835 0.04171307757496834 imagef_546866878536
27830 0.07326699048280716 0.05350084602832794 0.04168586805462837 imageu_547137882603
27840 0.06169833987951279 0.03834030032157898 0.04165768623352051 imageu_546875854173
27850 0.04857499152421951 0.02876884862780571 0.04165032133460045 imageu_546975854071
27860 0.5892123579978943 0.49548065662384033 0.041645701974630356 imagef_546846858536
27870 0.02755862846970558 0.019884828478097916 0.04163281247019768 imager_546900879170
27880 0.02201039530336857 0.018722232431173325 0.041614774614572525 imager_546870882540
27890 0.9170442819595337 0.8958161473274231 0.041589684784412384 imager_547186864875
27900 0.36182042956352234 0.29168280959129333 0.041566308587789536 imagef_547205883874
27910 0.03199475258588791 0.02450530044734478 0.041545890271663666 imager_547145857237
27920 0.08602610230445862 0.04649445042014122 0.04151545464992523 imagef_546861873539
27930 0.09012997150421143 0.06236785277724266 0.041483402252197266 imagel_546922867806
27940 0.021495120599865913 0.016909509897232056 0.041473306715488434 imager_546999878077
27950 0.0770832747220993 0.053697213530540466 0.041461843997240067 imagel_547033878707
27960 0.09432598203420639 0.06658723205327988 0.04145071282982826 imaged_546985864078
27970 0.07069914788007736 0.042996350675821304 0.04145132377743721 imageu_546922867806
27980 0.10353320091962814 0.07991040498018265 0.04144589602947235 imaged_546890869170
27990 0.5561811923980713 0.4615090489387512 0.04144046828150749 imagef_546848860533
28000 0.05397114157676697 0.03368118405342102 0.04141377657651901 imageb_547098876976
28010 0.02661142311990261 0.01943662203848362 0.0413898304104805 imager_547126871606
28020 0.6305451393127441 0.5541208386421204 0.04137922078371048 imageu_546844856539
28030 0.04702906310558319 0.02814924344420433 0.04135819524526596 imagef_547065877343
28040 0.04508134722709656 0.029007045552134514 0.04134955257177353 imagel_546873885533
28050 0.055192768573760986 0.03315608575940132 0.04134723171591759 imageu_547013858709
28060 0.6260481476783752 0.5321395397186279 0.041362226009368896 imageb_546843855539
28070 0.1314895898103714 0.10425927489995956 0.041371382772922516 imaged_546878857194
28080 0.072224460542202 0.03634530305862427 0.04135964438319206 imageu_547072884335
28090 0.04667269065976143 0.027660220861434937 0.041334543377161026 imagef_547064876339
28100 0.06616917252540588 0.03825747221708298 0.04133186861872673 imagef_546917862811
28110 0.09991858154535294 0.07562708109617233 0.04134835675358772 imagel_546962874438
28120 0.023706870153546333 0.017710866406559944 0.04139695689082146 imager_546934879798
28130 0.058647520840168 0.037629857659339905 0.04141031950712204 imageb_547166878243
28140 0.04787835851311684 0.028223995119333267 0.04140439257025719 imagef_547111856605
28150 0.24200668931007385 0.18528789281845093 0.04137106239795685 imageu_547193871872
28160 0.07560364156961441 0.049778297543525696 0.0413275845348835 imageb_547048860337
28170 0.47593870759010315 0.3941456377506256 0.041326332837343216 imageu_547189867877
28180 0.12147615104913712 0.09494883567094803 0.041325103491544724 imaged_547021866708
28190 0.04130963608622551 0.023941662162542343 0.04133166745305061 imagef_547007852711
28200 0.12729132175445557 0.09655154496431351 0.0413445383310318 imaged_547023868703
28210 0.11521319299936295 0.08501911163330078 0.041370898485183716 imagel_547149861238
28220 0.055690523236989975 0.040102824568748474 0.04138418659567833 imageb_547058870341
28230 0.0496460497379303 0.026697810739278793 0.04135798662900925 imagef_547132877611
28240 0.025884607806801796 0.020040029659867287 0.04133405536413193 imager_546890869170
28250 0.05204649642109871 0.029493290930986404 0.041316136717796326 imagef_546885864170
28260 0.08911402523517609 0.06601253151893616 0.04126707464456558 imagel_547057869336
28270 0.08442305773496628 0.055896151810884476 0.04120226949453354 imagel_547043855348
28280 0.06934217363595963 0.047000590711832047 0.04118870198726654 imageb_546999878077
28290 0.07294907420873642 0.040330078452825546 0.04120675101876259 imagef_546938883810
28300 0.03610403090715408 0.023098690435290337 0.04122927412390709 imagef_547094872971
28310 0.09282546490430832 0.07701847702264786 0.04124508053064346 imagel_547115860606
28320 0.09797042608261108 0.07120167464017868 0.04124939441680908 imagel_547135880603
28330 0.05249294638633728 0.033026114106178284 0.04123757779598236 imagef_546882861171
28340 0.05236930400133133 0.03359684348106384 0.04122573882341385 imageu_547115860606
28350 0.03297889977693558 0.023709695786237717 0.04120805487036705 imager_546939884803
28360 0.08384212851524353 0.06042731925845146 0.0411851741373539 imagel_546936881803
28370 0.04719175025820732 0.031959086656570435 0.041172102093696594 imagel_546885864170
28380 0.06954014301300049 0.04065326228737831 0.04114795848727226 imageu_547040885702
28390 0.042905114591121674 0.026113780215382576 0.04114135354757309 imagef_547101879972
28400 0.05264412611722946 0.026967376470565796 0.04112427681684494 imagef_546962874438
28410 0.6507836580276489 0.5631583333015442 0.04111720994114876 imageb_547203881874
28420 0.02237914688885212 0.017953073605895042 0.0411217138171196 imager_546888867171
28430 0.038962338119745255 0.03138303756713867 0.041113849729299545 imager_547016861703
28440 0.615910530090332 0.519896388053894 0.0411202497780323 imagel_547203881874
28450 0.06474316120147705 0.038630761206150055 0.041120581328868866 imageu_546938883810
28460 0.08120698481798172 0.057658616453409195 0.04111025482416153 imageb_546984863078
28470 0.06065424904227257 0.034699030220508575 0.04110410809516907 imagef_546965877440
28480 0.10076793283224106 0.07705247402191162 0.041101448237895966 imaged_547113858603
28490 0.3770099878311157 0.3105278015136719 0.0411013588309288 imaged_547188866869
28500 0.050606872886419296 0.03068995662033558 0.04107826203107834 imageu_546987866076
28510 0.042549844831228256 0.028587937355041504 0.041045695543289185 imager_547057869336
28520 0.05496177449822426 0.03202136233448982 0.0410289391875267 imagef_547038883711
28530 0.06029130890965462 0.04223107174038887 0.0410144068300724 imageu_547126871606
28540 0.08193936198949814 0.04437512159347534 0.04098348319530487 imagef_546914859807
28550 0.05684425309300423 0.033497706055641174 0.040981050580739975 imageu_546885864170
28560 0.034987978637218475 0.02592468075454235 0.04095729440450668 imager_546938883810
28570 0.09930391609668732 0.07041174918413162 0.04094668850302696 imagel_547013858709
28580 0.027366342023015022 0.019332874566316605 0.040950555354356766 imager_547113858603
28590 0.09579160809516907 0.07658205181360245 0.04094323888421059 imagel_547160872234
28600 0.0727950856089592 0.03861015662550926 0.04094310104846954 imageu_546892871169
28610 0.41820433735847473 0.36182650923728943 0.040934812277555466 imagef_547188866869
28620 0.09698175638914108 0.07230532169342041 0.040917910635471344 imaged_546921866804
28630 0.10604709386825562 0.07994689792394638 0.04089507833123207 imaged_547041853338
28640 0.027421174570918083 0.020515350624918938 0.040893446654081345 imager_547084862980
28650 0.835900604724884 0.7948699593544006 0.04087049886584282 imager_546839884906
28660 0.03529535233974457 0.02608092501759529 0.04084314778447151 imager_547128873606
28670 0.0426531583070755 0.02407149225473404 0.04081343859434128 imagef_547111856605
28680 0.08524435758590698 0.06403741240501404 0.0408015102148056 imagel_546950862437
28690 0.05249464511871338 0.030203063040971756 0.040816884487867355 imageb_547115860606
28700 0.10864966362714767 0.08092936128377914 0.040827516466379166 imagel_546968880435
28710 0.06488793343305588 0.04099832475185394 0.04084878787398338 imageb_546924869806
28720 0.050569355487823486 0.029052231460809708 0.04087179899215698 imageu_546914859807
28730 0.04358459264039993 0.027348164469003677 0.04087618738412857 imageu_546994873075
28740 0.020185139030218124 0.013951272703707218 0.04087357595562935 imager_546929874807
28750 0.5149492621421814 0.4212478995323181 0.04087694734334946 imageb_546849861536
28760 0.09488039463758469 0.07569549232721329 0.04086923226714134 imagel_547142854240
28770 0.033623382449150085 0.02609274350106716 0.04085727035999298 imager_547159871241
28780 0.032311197370290756 0.01901070959866047 0.04085100442171097 imagef_547070882331
28790 0.6405254602432251 0.5514017343521118 0.04087395593523979 imaged_546849861536
28800 0.05454333871603012 0.03733900561928749 0.04089071974158287 imageb_547031876706
28810 0.04775967448949814 0.031218791380524635 0.040894653648138046 imageb_547058870341
28820 0.03474147990345955 0.027282092720270157 0.04088529199361801 imager_547096874977
28830 0.06133522465825081 0.03648111969232559 0.04085896164178848 imageu_547023868703
28840 0.08791480958461761 0.05982337146997452 0.040852732956409454 imagel_546965877440
28850 0.05862412974238396 0.040647972375154495 0.040856488049030304 imageb_546934879798
28860 0.05123630538582802 0.03231266885995865 0.04086649790406227 imageb_547016861703
28870 0.06640481948852539 0.039838433265686035 0.0408792681992054 imagef_546939884803
28880 0.04377460107207298 0.026802193373441696 0.04087194427847862 imagef_547152864241
28890 0.3746722340583801 0.32387563586235046 0.04087035730481148 imageu_547181859871
28900 0.22707144916057587 0.1888216882944107 0.04084605351090431 imaged_547172884238
28910 0.05436781793832779 0.037596579641103745 0.040844738483428955 imagel_546856868537
28920 0.7855886220932007 0.7387329339981079 0.04085250198841095 imager_547205883874
28930 0.05846245214343071 0.03775927796959877 0.04084780812263489 imageb_546938883810
28940 0.049627333879470825 0.03164999186992645 0.04086558148264885 imageb_546931876806
28950 0.08235302567481995 0.058826521039009094 0.04089341685175896 imaged_547126871606
28960 0.6416293978691101 0.5739948153495789 0.040897417813539505 imageu_546839884906
28970 0.048280127346515656 0.025128699839115143 0.040893662720918655 imagef_547072884335
28980 0.584861695766449 0.4813906252384186 0.0408872552216053 imagel_546846858536
28990 0.028760474175214767 0.020504480227828026 0.04087808355689049 imager_547009854705
29000 0.09558515250682831 0.06292052567005157 0.040860213339328766 imageb_547167879238
29010 0.08038205653429031 0.05905217304825783 0.04084208980202675 imagel_546960872437
29020 0.08820070326328278 0.05968116223812103 0.04083048552274704 imageb_547045857339
29030 0.06960693746805191 0.05763942003250122 0.04081307724118233 imagel_546887866191
29040 0.02944359742105007 0.02230420894920826 0.040803976356983185 imagel_546868880541
29050 0.06266753375530243 0.03986164554953575 0.04077940806746483 imagef_547009854705
29060 0.10352101922035217 0.08375610411167145 0.04075801745057106 imaged_547154866233
29070 0.14585518836975098 0.11842500418424606 0.04073319211602211 imaged_546877856173
29080 0.1352505087852478 0.1112372875213623 0.0407121442258358 imaged_547167879238
29090 0.06469821184873581 0.04395785182714462 0.040717825293540955 imageb_547070882331
29100 0.07893887907266617 0.05882544070482254 0.04074984788894653 imagel_547109854609
29110 0.03717662766575813 0.029743429273366928 0.04077276960015297 imager_547018863705
29120 0.07547803223133087 0.04860066622495651 0.04077058658003807 imageb_546895874174
29130 0.0664813444018364 0.04195840284228325 0.04076401889324188 imageb_546916861809
29140 0.08494343608617783 0.051915381103754044 0.040746476501226425 imagel_546909854806
29150 0.7803243398666382 0.7529468536376953 0.0407433845102787 imager_546860872536
29160 0.023580247536301613 0.01722147688269615 0.04074420779943466 imager_546980859076
29170 0.045656830072402954 0.027620410546660423 0.040723249316215515 imageb_547152864241
29180 0.0721476748585701 0.05163274705410004 0.04072622209787369 imagel_546997876076
29190 0.0859386995434761 0.06718002259731293 0.04073173552751541 imaged_547160872234
29200 0.033751290291547775 0.023996073752641678 0.04074738174676895 imagef_546868880541
29210 0.026493774726986885 0.01822579838335514 0.04076746478676796 imager_547004883077
29220 0.10795119404792786 0.08421497792005539 0.0407758392393589 imaged_546883862169
29230 0.10593578219413757 0.07888118922710419 0.04078918322920799 imagel_547023868703
29240 0.029656479135155678 0.021536845713853836 0.040803637355566025 imager_546962874438
29250 0.02562098391354084 0.01751531846821308 0.04082636907696724 imager_546960872437
29260 0.07578547298908234 0.05256593972444534 0.04079924151301384 imageu_547138883611
29270 0.07620231807231903 0.058108579367399216 0.04076981171965599 imagel_547094872971
29280 0.05984356254339218 0.03489842638373375 0.04077457636594772 imageb_547157869236
29290 0.9445264935493469 0.9301730394363403 0.040748730301856995 imager_547172884238
29300 0.0521695576608181 0.029934989288449287 0.04071423038840294 imageu_547001880072
29310 0.0690498948097229 0.04093901067972183 0.04068508744239807 imageu_546922867806
29320 0.6584337949752808 0.574073076248169 0.04066624492406845 imaged_546841853547
29330 0.09471665322780609 0.06893736869096756 0.040647488087415695 imaged_546989868066
29340 0.0395575687289238 0.025074301287531853 0.04064846783876419 imageu_547062874337
29350 0.0692291259765625 0.05193711817264557 0.040652088820934296 imageb_546866878536
29360 0.058184992522001266 0.03751995414495468 0.04066496714949608 imagef_547086864973
29370 0.1061088964343071 0.07796919345855713 0.040637578815221786 imagel_546934879798
29380 0.022861748933792114 0.01801755651831627 0.04062850773334503 imager_546924869806
29390 0.11050665378570557 0.08414042741060257 0.040608663111925125 imaged_547081859975
29400 0.11189156770706177 0.08613649755716324 0.04057832062244415 imagel_547133878607
29410 0.3726898431777954 0.3037659227848053 0.040553972125053406 imagef_547201879876
29420 0.07624801248311996 0.05246236175298691 0.040525488555431366 imageb_546994873075
29430 0.13328935205936432 0.10918907821178436 0.04050790145993233 imaged_546887866191
29440 0.08538153767585754 0.05916565656661987 0.040491219609975815 imageu_547140885602
29450 0.09282519668340683 0.06922265887260437 0.04046162962913513 imagel_546975854071
29460 0.09828126430511475 0.07338691502809525 0.04045502096414566 imaged_547036881708
29470 0.07733646035194397 0.0403435193002224 0.040426913648843765 imagef_546873885533
29480 0.04880443587899208 0.030037106946110725 0.040407899767160416 imagef_547135880603
29490 0.10500402748584747 0.07643937319517136 0.04041968286037445 imagel_547154866233
29500 0.07365825772285461 0.05499853938817978 0.04041609913110733 imageu_547142854240
29510 0.0591486319899559 0.03177354112267494 0.040405549108982086 imageu_546967879439
29520 0.02406494691967964 0.017899442464113235 0.04039629548788071 imager_546916861809
29530 0.07920178771018982 0.056890152394771576 0.040378205478191376 imageu_547133878607
29540 0.05206197500228882 0.03326036036014557 0.040360476821660995 imageu_547115860606
29550 0.5527817010879517 0.4493500888347626 0.04035654291510582 imagef_547193871872
29560 0.030413608998060226 0.022498510777950287 0.0403391569852829 imager_547101879972
29570 0.1058792769908905 0.07921839505434036 0.040329135954380035 imaged_547084862980
29580 0.08319889008998871 0.06072120741009712 0.040322642773389816 imageb_546973885436
29590 0.06542201340198517 0.04944111406803131 0.04031294584274292 imagel_546992871071
29600 0.059253990650177 0.04351012036204338 0.04031366482377052 imagel_546863875543
29610 0.09714914858341217 0.07270566374063492 0.040303535759449005 imaged_546917862811
29620 0.10315226018428802 0.07605979591608047 0.04028084874153137 imaged_546962874438
29630 0.05480683222413063 0.032430507242679596 0.04026470705866814 imagef_547035880703
29640 0.07964284718036652 0.05379404500126839 0.04025345668196678 imaged_546951863443
29650 0.11760406941175461 0.08586452156305313 0.04025789722800255 imaged_546965877440
29660 0.3708927035331726 0.33557748794555664 0.040270086377859116 imageu_547166878243
29670 0.05478012561798096 0.037601273506879807 0.04029061272740364 imageb_546929874807
29680 0.0454510860145092 0.02829650789499283 0.04029368236660957 imageb_547011856705
29690 0.8975086808204651 0.8766291737556458 0.04027631878852844 imager_546858870537
29700 0.10303637385368347 0.07755256444215775 0.040254104882478714 imagel_546912857810
29710 0.05198522284626961 0.030765939503908157 0.040230922400951385 imageu_546919864808
29720 0.1296592503786087 0.1040610820055008 0.04019923135638237 imaged_546882861171
29730 0.04487109184265137 0.02760460041463375 0.040181223303079605 imageu_546999878077
29740 0.04405095800757408 0.0256012175232172 0.04016353562474251 imagef_547064876339
29750 0.571784257888794 0.48257291316986084 0.040157120674848557 imageb_546848860533
29760 0.08361534029245377 0.0583370216190815 0.040145743638277054 imagel_547006885077
29770 0.08864881098270416 0.07054498791694641 0.040152546018362045 imagel_547096874977
29780 0.08114660531282425 0.058958251029253006 0.04015219956636429 imagel_547152864241
29790 0.05128313601016998 0.03147534281015396 0.04014333337545395 imageu_547103881966
29800 0.08247356116771698 0.055310431867837906 0.040140386670827866 imagel_547043855348
29810 0.09423347562551498 0.06874118000268936 0.040132906287908554 imagel_547007852711
29820 0.12916424870491028 0.09397190064191818 0.040105581283569336 imaged_546970882435
29830 0.0782666876912117 0.05554112046957016 0.040095098316669464 imagel_547128873606
29840 0.023112475872039795 0.019512107595801353 0.04008600860834122 imager_546873885533
29850 0.08081378042697906 0.06021147593855858 0.04005563259124756 imagel_546899878172
29860 0.5908872485160828 0.48901844024658203 0.04004672169685364 imagel_547201879876
29870 0.06448913365602493 0.03390352427959442 0.040029801428318024 imageu_546907852806
29880 0.05270947143435478 0.027756331488490105 0.03999736160039902 imageu_546982861070
29890 0.10630808025598526 0.07099074870347977 0.03997501730918884 imaged_546907852806
29900 0.053608085960149765 0.03300733119249344 0.03995378315448761 imageb_547099877967
29910 0.029176577925682068 0.0228236336261034 0.03994541987776756 imager_547118863609
29920 0.029918909072875977 0.020480401813983917 0.039946239441633224 imager_546895874174
29930 0.05102737620472908 0.029826195910573006 0.039947349578142166 imageu_546996875070
29940 0.921470582485199 0.9014790058135986 0.039952538907527924 imager_547174852869
29950 0.11786996573209763 0.09147965908050537 0.03994709253311157 imaged_546894873172
29960 0.04919539764523506 0.028240008279681206 0.03994160518050194 imageu_547048860337
29970 0.07988232374191284 0.057046134024858475 0.03992360457777977 imageu_547130875605
29980 0.04084029048681259 0.023689216002821922 0.03990696370601654 imagef_547001880072
29990 0.05642659217119217 0.04466388374567032 0.0398896299302578 imageb_546870882540
30000 0.04035680368542671 0.022803476080298424 0.03988924250006676 imagef_547147859235
