10 0.2467937469482422 0.20787350833415985 0.8996528387069702 imager_546951863443
20 0.16215911507606506 0.1272660195827484 0.7984656095504761 imaged_547001880072
30 0.07318045198917389 0.06214340031147003 0.6493196487426758 imagel_547086864973
40 0.20053288340568542 0.16015154123306274 0.48638230562210083 imageu_547121866605
50 0.17101344466209412 0.1272893249988556 0.3850546181201935 imageu_546958870432
60 0.11450836807489395 0.07664137333631516 0.3390390872955322 imageu_546919864808
70 0.09205616265535355 0.055274203419685364 0.316531240940094 imageb_546892871169
80 0.14897261559963226 0.11316076666116714 0.30339810252189636 imageb_547014859704
90 0.12514038383960724 0.09641901403665543 0.2934286594390869 imaged_546941853440
100 0.05183883011341095 0.03029732219874859 0.284440815448761 imaged_547048860337
110 0.43796685338020325 0.3515848219394684 0.2765597403049469 imageu_546848860533
120 0.08982045948505402 0.07454005628824234 0.2700809836387634 imager_547125870610
130 0.040433648973703384 0.030595723539590836 0.2637304961681366 imagel_547084862980
140 0.028446193784475327 0.020252283662557602 0.2570890188217163 imagel_546912857810
150 0.1761118620634079 0.11983243376016617 0.2511279582977295 imaged_547169881238
160 0.05166729912161827 0.040341489017009735 0.2469976544380188 imager_546921866804
170 0.08495776355266571 0.06776746362447739 0.24239930510520935 imager_546963875440
180 0.12595675885677338 0.10088843107223511 0.23664510250091553 imaged_546929874807
190 0.07454358041286469 0.04906617850065231 0.23007167875766754 imaged_546912857810
200 0.36953240633010864 0.30796751379966736 0.22560657560825348 imagel_546846858536
210 0.1366151124238968 0.11018722504377365 0.2226373553276062 imagef_547023868703
220 0.25365638732910156 0.23613297939300537 0.21901868283748627 imager_547019864709
230 0.029256047680974007 0.02425195835530758 0.21457040309906006 imagel_546996875070
240 0.07898790389299393 0.050947465002536774 0.21122799813747406 imageu_547050862335
250 0.1108895093202591 0.0919550433754921 0.20837770402431488 imaged_546997876076
260 0.25747421383857727 0.17136536538600922 0.2058400958776474 imageb_547172884238
270 0.060174502432346344 0.042365722358226776 0.20365183055400848 imaged_547064876339
280 0.12728621065616608 0.0985492393374443 0.20125117897987366 imagef_547126871606
290 0.21831358969211578 0.1899401843547821 0.198378324508667 imageb_547098876976
300 0.41006502509117126 0.39753276109695435 0.19618190824985504 imageu_547160872234
310 0.09853807091712952 0.06645027548074722 0.1933007538318634 imageb_547132877611
320 0.04026014357805252 0.029414374381303787 0.1899815797805786 imager_546931876806
330 0.05384472757577896 0.033713746815919876 0.18646453320980072 imaged_547121866605
340 0.07990692555904388 0.05363698676228523 0.1839144080877304 imageb_546946858444
350 0.29499170184135437 0.23917646706104279 0.18178555369377136 imageu_546851863543
360 0.02937803789973259 0.01970374584197998 0.1801041066646576 imagel_546919864808
370 0.07314125448465347 0.05727388709783554 0.17835776507854462 imager_547009854705
380 0.06494293361902237 0.04426814988255501 0.17651425302028656 imaged_547016861703
390 0.07597506791353226 0.05187088996171951 0.1746092587709427 imagef_547081859975
400 0.3680766224861145 0.31227028369903564 0.17305263876914978 imageb_547193871872
410 0.07895450294017792 0.054493773728609085 0.1713961809873581 imagef_547135880603
420 0.10304384678602219 0.09006689488887787 0.17000700533390045 imageb_546868880541
430 0.06130192056298256 0.03868071362376213 0.16879449784755707 imageu_547062874337
440 0.3754217028617859 0.3479049503803253 0.16773013770580292 imager_547167879238
450 0.07467596232891083 0.04909244179725647 0.16603296995162964 imageu_547103881966
460 0.11218429356813431 0.0797438696026802 0.16437765955924988 imageu_547006885077
470 0.07586640119552612 0.04973972216248512 0.1624854952096939 imageb_547052864345
480 0.06563565880060196 0.04972643405199051 0.16110676527023315 imaged_547089867973
490 0.24844302237033844 0.21354427933692932 0.1600552499294281 imaged_547172884238
500 0.08127004653215408 0.05304234102368355 0.15871325135231018 imageu_546934879798
510 0.06636106222867966 0.05718990042805672 0.15643621981143951 imagel_547147859235
520 0.08451613038778305 0.05766777694225311 0.1540803611278534 imagef_546924869806
530 0.1340082883834839 0.10628849267959595 0.15230107307434082 imageb_547104882977
540 0.08246638625860214 0.05803070589900017 0.15063269436359406 imagef_547002881074
550 0.3444354236125946 0.2781997323036194 0.1496942788362503 imagef_547198876871
560 0.0755980834364891 0.05013511702418327 0.14892040193080902 imagef_547007852711
570 0.0625694990158081 0.040199700742959976 0.14813780784606934 imagef_547069881338
580 0.24968799948692322 0.21127133071422577 0.14719398319721222 imaged_547174852869
590 0.12226452678442001 0.1008567363023758 0.14611804485321045 imageb_547162874244
600 0.09563037753105164 0.07736270874738693 0.14487507939338684 imaged_546890869170
610 0.10005532205104828 0.0810089185833931 0.14401395618915558 imageu_546866878536
620 0.08359144628047943 0.06393350660800934 0.14336520433425903 imagef_547053865336
630 0.07766561210155487 0.047897759824991226 0.14236518740653992 imagef_547111856605
640 0.07475736737251282 0.050228118896484375 0.1415996551513672 imagef_546989868066
650 0.06833875924348831 0.0469151996076107 0.1407214254140854 imagef_547065877343
660 0.06365242600440979 0.03669203817844391 0.13926175236701965 imageb_547072884335
670 0.0363733135163784 0.02920752391219139 0.1383455991744995 imager_546924869806
680 0.7506119012832642 0.7192161679267883 0.1375061720609665 imager_546861873539
690 0.08631739020347595 0.05785776674747467 0.13648129999637604 imagef_546979858070
700 0.07846240699291229 0.052386652678251266 0.13554349541664124 imageb_547091869975
710 0.09942162036895752 0.069600909948349 0.13435059785842896 imageu_547009854705
720 0.06521358340978622 0.039420582354068756 0.1333523839712143 imageb_546962874438
730 0.23820625245571136 0.2385675460100174 0.13270068168640137 imager_547164876237
740 0.07063911855220795 0.04628518223762512 0.13160941004753113 imageb_546948860438
750 0.042629893869161606 0.03116011433303356 0.13048167526721954 imager_546922867806
760 0.07775593549013138 0.048243794590234756 0.1294918954372406 imageu_546980859076
770 0.3645450472831726 0.29135429859161377 0.12875896692276 imageu_546849861536
780 0.06955736130475998 0.05182779207825661 0.1282103806734085 imaged_546933878804
790 0.7499253749847412 0.7131831049919128 0.12760375440120697 imager_547205883874
800 0.15368784964084625 0.14428600668907166 0.1267869770526886 imagef_547164876237
810 0.11961387097835541 0.08740144968032837 0.1257869303226471 imageu_546963875440
820 0.029239056631922722 0.020464101806282997 0.12471472471952438 imagel_546853865537
830 0.036356810480356216 0.030433692038059235 0.1238439530134201 imagel_546914859807
840 0.6681239604949951 0.5976227521896362 0.12323642522096634 imageu_546843855539
850 0.04626842215657234 0.03654434531927109 0.1228000670671463 imager_547094872971
860 0.10092518478631973 0.08259892463684082 0.12237382680177689 imagef_547157869236
870 0.08155959099531174 0.052745528519153595 0.1220296248793602 imageb_546997876076
880 0.5375368595123291 0.47042611241340637 0.1213720515370369 imageb_547205883874
890 0.07251398265361786 0.05915992334485054 0.1205870509147644 imaged_546996875070
900 0.05340992286801338 0.045484643429517746 0.12011925131082535 imager_547086864973
910 0.05545740947127342 0.040872395038604736 0.11970742791891098 imaged_547075853978
920 0.05026775225996971 0.04078413173556328 0.11915162950754166 imagel_546899878172
930 0.06958931684494019 0.045988671481609344 0.11864890158176422 imageb_546904883185
940 0.04405481368303299 0.027670565992593765 0.11802110075950623 imagel_547132877611
950 0.06975694000720978 0.041816093027591705 0.1176607757806778 imagef_547035880703
960 0.09284593909978867 0.06400470435619354 0.11730015277862549 imageb_547099877967
970 0.4205702841281891 0.37243586778640747 0.1166834756731987 imageu_547169881238
980 0.07557373493909836 0.06254807114601135 0.11611542850732803 imagef_546866878536
990 0.05430017411708832 0.03292228654026985 0.11560960114002228 imageb_547074852968
1000 0.07267215847969055 0.04896647483110428 0.11500129848718643 imageb_547089867973
1010 0.046346426010131836 0.03487059846520424 0.11460992693901062 imaged_547074852968
1020 0.043058063834905624 0.03718264028429985 0.11389285326004028 imager_546883862169
1030 0.06204253062605858 0.0482875257730484 0.11327021569013596 imagel_547149861238
1040 0.06327877193689346 0.041938915848731995 0.1126893013715744 imageb_547013858709
1050 0.035843588411808014 0.029554523527622223 0.11219827830791473 imagel_547018863705
1060 0.05645282566547394 0.047171883285045624 0.11170137673616409 imager_547149861238
1070 0.0787118449807167 0.05258430168032646 0.11127172410488129 imageu_546914859807
1080 0.05307231843471527 0.0419752299785614 0.11070685088634491 imager_547087865974
1090 0.5487470030784607 0.501246988773346 0.110013447701931 imaged_546849861536
1100 0.06851183623075485 0.0462336540222168 0.1089831292629242 imageu_546945857437
1110 0.12127550691366196 0.07912193983793259 0.10828765481710434 imagef_546863875543
1120 0.04147911071777344 0.031238621100783348 0.1077631488442421 imager_546900879170
1130 0.18700416386127472 0.1299252212047577 0.10712697356939316 imageb_547169881238
1140 0.5684313178062439 0.5054011940956116 0.10653345286846161 imageb_547203881874
1150 0.079352006316185 0.049011752009391785 0.10596777498722076 imageb_546899878172
1160 0.9225644469261169 0.9019312858581543 0.10567565262317657 imager_547174852869
1170 0.09903670847415924 0.061477817595005035 0.10538530349731445 imagef_546902881194
1180 0.07780830562114716 0.05071689933538437 0.10506825149059296 imagef_546941853440
1190 0.046616312116384506 0.04030454158782959 0.10469149798154831 imager_546916861809
1200 0.032117657363414764 0.02331731468439102 0.10443561524152756 imagel_547137882603
1210 0.07867541164159775 0.051514882594347 0.10429871082305908 imageu_547074852968
1220 0.3589698076248169 0.31423836946487427 0.10398124158382416 imagef_547191869875
1230 0.04415811225771904 0.039216820150613785 0.10355302691459656 imagel_547014859704
1240 0.06390821188688278 0.04548218101263046 0.10324949771165848 imaged_546936881803
1250 0.5471161603927612 0.46617013216018677 0.10291467607021332 imageb_546848860533
1260 0.049079157412052155 0.042057160288095474 0.10265087336301804 imager_547064876339
1270 0.08503228425979614 0.057971689850091934 0.10243619233369827 imageu_546977856071
1280 0.03910091519355774 0.027468331158161163 0.10207395255565643 imagel_547024869702
1290 0.05305587127804756 0.04074408486485481 0.10194256156682968 imaged_547033878707
1300 0.08002275973558426 0.04984904080629349 0.10177410393953323 imagef_546894873172
1310 0.08064568042755127 0.0529232993721962 0.10173272341489792 imageu_546875854173
1320 0.0684293583035469 0.04196712374687195 0.1017378717660904 imagef_546933878804
1330 0.05935805290937424 0.03839895874261856 0.10183901339769363 imageu_547067879338
1340 0.08233393728733063 0.05326148867607117 0.10184436291456223 imagef_546946858444
1350 0.0857374295592308 0.06523911654949188 0.1017795205116272 imageu_547121866605
1360 0.36540487408638 0.31657668948173523 0.10131503641605377 imageu_547176854870
1370 0.024990880861878395 0.01882145367562771 0.10079085826873779 imagel_547160872234
1380 0.05307977274060249 0.0326753593981266 0.10049512982368469 imagef_546996875070
1390 0.05873449891805649 0.03700553998351097 0.10022297501564026 imageb_546926871803
1400 0.06540721654891968 0.04420977830886841 0.10000915080308914 imageb_546970882435
1410 0.0795213058590889 0.04754892736673355 0.09993315488100052 imagef_546938883810
1420 0.04842425510287285 0.0279438104480505 0.09977991878986359 imagef_546956868435
1430 0.05082222819328308 0.04360459744930267 0.09963709115982056 imager_547002881074
1440 0.07974604517221451 0.048402417451143265 0.09950508922338486 imageb_546880859173
1450 0.0601348839700222 0.045381370931863785 0.09955201297998428 imaged_546921866804
1460 0.062365349382162094 0.04030878469347954 0.09960722923278809 imagef_547084862980
1470 0.06367040425539017 0.047450318932533264 0.099721260368824 imaged_546933878804
1480 0.035861071199178696 0.02689061313867569 0.09958024322986603 imagel_546977856071
1490 0.02650408074259758 0.018645280972123146 0.09942382574081421 imagel_547075853978
1500 0.060147710144519806 0.03556292504072189 0.09912630170583725 imagef_547074852968
1510 0.04616516828536987 0.03631225600838661 0.09875037521123886 imager_546897876191
1520 0.053908199071884155 0.035351112484931946 0.09831967204809189 imageb_546938883810
1530 0.6193158626556396 0.5266779065132141 0.09791136533021927 imageb_546841853547
1540 0.09595948457717896 0.05727322772145271 0.09763669222593307 imagef_546967879439
1550 0.043585263192653656 0.0360664464533329 0.09754388779401779 imager_547055867337
1560 0.07673609256744385 0.06228731572628021 0.0973578542470932 imageb_546866878536
1570 0.3702956736087799 0.29571518301963806 0.09740427881479263 imaged_547198876871
1580 0.07202553004026413 0.046806976199150085 0.0972801074385643 imageu_546912857810
1590 0.02220855839550495 0.01747308298945427 0.0971653163433075 imagel_547064876339
1600 0.06474537402391434 0.04307764396071434 0.0967974066734314 imagef_547016861703
1610 0.39944207668304443 0.33938097953796387 0.09628131985664368 imagel_547201879876
1620 0.07068365812301636 0.04153287783265114 0.09590095281600952 imageb_546883862169
1630 0.06221040338277817 0.04510246589779854 0.09566832333803177 imagef_547094872971
1640 0.053308483213186264 0.04620395600795746 0.09547311067581177 imager_546946858444
1650 0.12488095462322235 0.10460473597049713 0.09523763507604599 imageu_547142854240
1660 0.01729445904493332 0.012785673141479492 0.09490539878606796 imagel_547092870974
1670 0.05619174614548683 0.043274879455566406 0.09481585025787354 imaged_546960872437
1680 0.05164288729429245 0.03459557145833969 0.09462451189756393 imagef_547018863705
1690 0.045213114470243454 0.03177428990602493 0.09442977607250214 imaged_546924869806
1700 0.07195130735635757 0.048599131405353546 0.09410884976387024 imageu_546933878804
1710 0.12005040049552917 0.10356463491916656 0.09389490634202957 imageb_547164876237
1720 0.03259129077196121 0.021794645115733147 0.09363611787557602 imagel_547043855348
1730 0.13563379645347595 0.1124909371137619 0.0934481993317604 imageu_547203881874
1740 0.021328996866941452 0.013664783909916878 0.09333451092243195 imagel_546950862437
1750 0.08352502435445786 0.04739284887909889 0.09323283284902573 imageu_546892871169
1760 0.04118987172842026 0.03459074720740318 0.09298903495073318 imager_547138883611
1770 0.06084447726607323 0.04769064113497734 0.09288673847913742 imaged_546992871071
1780 0.29983869194984436 0.25676462054252625 0.09266265481710434 imagef_547179857873
1790 0.09121579676866531 0.058842163532972336 0.09246382862329483 imagef_546970882435
1800 0.03603624552488327 0.019185282289981842 0.09226072579622269 imagel_547132877611
1810 0.05099800229072571 0.04658094048500061 0.09191442281007767 imager_547123868601
1820 0.43140605092048645 0.29324811697006226 0.09156735241413116 imageu_547205883874
1830 0.06228727474808693 0.042010530829429626 0.09119907021522522 imagef_547101879972
1840 0.43902111053466797 0.37173977494239807 0.09092290699481964 imageb_546844856539
1850 0.35527610778808594 0.3162793219089508 0.0906159058213234 imaged_546858870537
1860 0.9088082909584045 0.884918749332428 0.09032095223665237 imager_547188866869
1870 0.3244439959526062 0.2665328085422516 0.09000395983457565 imagef_547198876871
1880 0.07466232776641846 0.044630225747823715 0.0898125097155571 imageu_546894873172
1890 0.048509858548641205 0.03781625255942345 0.0894487127661705 imaged_546990869071
1900 0.08456142246723175 0.06663881987333298 0.08925288170576096 imaged_546897876191
1910 0.06689201295375824 0.039143286645412445 0.08893771469593048 imageu_546885864170
1920 0.061842117458581924 0.041977036744356155 0.08857540786266327 imageu_547028873712
1930 0.06074392795562744 0.037526872009038925 0.08823048323392868 imageb_546900879170
1940 0.06948148459196091 0.04936246946454048 0.08790868520736694 imageb_547125870610
1950 0.04454798251390457 0.03536069020628929 0.08758315443992615 imagel_547033878707
1960 0.05290468409657478 0.03596022352576256 0.08743735402822495 imageb_546929874807
1970 0.07782088220119476 0.04764648154377937 0.08729986846446991 imageb_547137882603
1980 0.06370352953672409 0.043289389461278915 0.08708364516496658 imageb_546987866076
1990 0.04160653054714203 0.03709970787167549 0.0867934301495552 imager_546985864078
2000 0.07989607006311417 0.06250987946987152 0.08656983822584152 imaged_547130875605
2010 0.03247982636094093 0.0272632148116827 0.08654803782701492 imager_546871883543
2020 0.9041597843170166 0.879156768321991 0.08654294162988663 imager_547184862870
2030 0.07063637673854828 0.04954743757843971 0.0865432396531105 imageu_547092870974
2040 0.5481805801391602 0.49531587958335876 0.08644109219312668 imaged_546851863543
2050 0.06171010062098503 0.040184251964092255 0.08617756515741348 imageb_547070882331
2060 0.07504656165838242 0.05216221511363983 0.08604390174150467 imageu_547115860606
2070 0.07723702490329742 0.052838701754808426 0.08587253838777542 imageu_547045857339
2080 0.03195112198591232 0.02549644745886326 0.08563351631164551 imager_547116861604
2090 0.07765471935272217 0.05207822471857071 0.08559157699346542 imageu_546977856071
2100 0.07232105731964111 0.070231132209301 0.08528776466846466 imager_546977856071
2110 0.03840475529432297 0.029369812458753586 0.08503130823373795 imager_546968880435
2120 0.06449195742607117 0.04195137694478035 0.08486345410346985 imageb_547052864345
2130 0.11019168049097061 0.07032299041748047 0.08444957435131073 imagef_546863875543
2140 0.06461256742477417 0.04359901323914528 0.08424753695726395 imageb_547033878707
2150 0.09027530997991562 0.07386427372694016 0.08403997868299484 imageu_546866878536
2160 0.05252588912844658 0.034126732498407364 0.08385144174098969 imageb_546958870432
2170 0.05670877546072006 0.03741487115621567 0.08378405123949051 imageu_546953865434
2180 0.05692605301737785 0.03997613862156868 0.08367546647787094 imaged_546909854806
2190 0.05570605769753456 0.03685985133051872 0.08351091295480728 imageb_547058870341
2200 0.13532762229442596 0.09962148219347 0.08318249136209488 imageu_546858870537
2210 0.4887170195579529 0.431058794260025 0.08296437561511993 imagel_546839884906
2220 0.7455211877822876 0.70987868309021 0.08272546529769897 imager_547205883874
2230 0.06439675390720367 0.045652586966753006 0.0826079472899437 imagef_547145857237
2240 0.032231055200099945 0.02458553947508335 0.08254105597734451 imager_546951863443
2250 0.07072863727807999 0.055287688970565796 0.0826394110918045 imaged_546900879170
2260 0.039851363748311996 0.0261183250695467 0.08247566968202591 imaged_547086864973
2270 0.0351746492087841 0.029207630082964897 0.08214057981967926 imager_546929874807
2280 0.12734851241111755 0.10989470779895782 0.08189020305871964 imaged_546883862169
2290 0.07211404293775558 0.043150510638952255 0.08161614835262299 imageb_547111856605
2300 0.23293423652648926 0.23398765921592712 0.08148351311683655 imageu_547162874244
2310 0.06843569874763489 0.040397875010967255 0.08122632652521133 imagef_546883862169
2320 0.10669659823179245 0.07324383407831192 0.08109161257743835 imageu_546888867171
2330 0.05001124367117882 0.03996284306049347 0.08101141452789307 imager_547060872343
2340 0.04632747545838356 0.032498057931661606 0.08092328906059265 imager_547074852968
2350 0.0394585058093071 0.02996879629790783 0.08072324842214584 imager_546938883810
2360 0.14956209063529968 0.14218491315841675 0.08049819618463516 imageu_547154866233
2370 0.0695529356598854 0.04275029897689819 0.08012165129184723 imagef_546945857437
2380 0.1842050850391388 0.17046692967414856 0.07993468642234802 imaged_546873885533
2390 0.7957180142402649 0.7683035731315613 0.07972441613674164 imager_546860872536
2400 0.05492259934544563 0.0342116542160511 0.07958564162254333 imageb_547050862335
2410 0.07114414870738983 0.05179113149642944 0.07955302298069 imageu_547033878707
2420 0.08335132151842117 0.06285981833934784 0.0794016495347023 imageu_547013858709
2430 0.029266895726323128 0.02005414478480816 0.0792006254196167 imagel_547079857970
2440 0.08258074522018433 0.051119524985551834 0.07902568578720093 imagef_546929874807
2450 0.0709170252084732 0.04192588850855827 0.07877534627914429 imageb_546922867806
2460 0.0761561468243599 0.0542694590985775 0.07872240990400314 imagef_547128873606
2470 0.06595844775438309 0.04007653519511223 0.07867280393838882 imagef_546953865434
2480 0.5589354038238525 0.480148047208786 0.07843213528394699 imageb_546846858536
2490 0.05443306639790535 0.0339650921523571 0.07819729298353195 imageb_547011856705
2500 0.050366610288619995 0.037933170795440674 0.07803381234407425 imaged_546979858070
2510 0.052698101848363876 0.03866923227906227 0.07777765393257141 imagel_547149861238
2520 0.05413786694407463 0.037852101027965546 0.07756894826889038 imaged_547084862980
2530 0.018076522275805473 0.016370585188269615 0.07738138735294342 imagel_546882861171
2540 0.5932663679122925 0.49841341376304626 0.07731311023235321 imagef_546846858536
2550 0.04799089580774307 0.03168419003486633 0.07724928855895996 imaged_547024869702
2560 0.038258146494627 0.02491779439151287 0.0771641805768013 imaged_546962874438
2570 0.06476446241140366 0.04211477190256119 0.07702058553695679 imagef_546985864078
2580 0.5368602871894836 0.43689098954200745 0.07697296142578125 imagef_547193871872
2590 0.03663598746061325 0.030673889443278313 0.07682964205741882 imagel_546926871803
2600 0.026083186268806458 0.019009001553058624 0.07670482248067856 imagel_546877856173
2610 0.045204393565654755 0.037198714911937714 0.0765213668346405 imager_547058870341
2620 0.06435007601976395 0.04592393338680267 0.07639791816473007 imageu_547030875702
2630 0.5075344443321228 0.41862916946411133 0.07630804181098938 imageb_547196874870
2640 0.06722722947597504 0.035868991166353226 0.07621772587299347 imagef_546931876806
2650 0.05675004795193672 0.0365227609872818 0.07620351016521454 imageu_546968880435
2660 0.08266372233629227 0.047211021184921265 0.07604262977838516 imageu_546892871169
2670 0.06005491688847542 0.03587658330798149 0.07589438557624817 imageb_546967879439
2680 0.05322841927409172 0.03833506256341934 0.07573260366916656 imaged_547126871606
2690 0.07042568922042847 0.04602596536278725 0.07548055797815323 imageb_547098876976
2700 0.03335798531770706 0.021024955436587334 0.0753411278128624 imaged_546962874438
2710 0.04153163731098175 0.0330154225230217 0.07532480359077454 imagel_546899878172
2720 0.02102111093699932 0.017832932993769646 0.07532797753810883 imagel_546996875070
2730 0.1264079213142395 0.12400145083665848 0.075307197868824 imager_547162874244
2740 0.015473962761461735 0.011526323854923248 0.07506920397281647 imagel_547126871606
2750 0.06799127161502838 0.053822025656700134 0.07484269142150879 imaged_546900879170
2760 0.033992111682891846 0.027202093973755836 0.07467201352119446 imager_547126871606
2770 0.044374559074640274 0.03044893406331539 0.07457547634840012 imager_547050862335
2780 0.5480608940124512 0.49531587958335876 0.07446988672018051 imaged_546851863543
2790 0.0650426372885704 0.050642091780900955 0.07437164336442947 imaged_547147859235
2800 0.5908052921295166 0.49862000346183777 0.07413508743047714 imagef_546841853547
2810 0.4804360866546631 0.39664143323898315 0.07398233562707901 imageu_547189867877
2820 0.05198481306433678 0.033664070069789886 0.07385348528623581 imageb_546938883810
2830 0.036082785576581955 0.026510633528232574 0.07383923977613449 imager_546962874438
2840 0.03831198439002037 0.030314451083540916 0.07389844208955765 imager_547062874337
2850 0.06871367990970612 0.04109470918774605 0.07399751245975494 imagef_546885864170
2860 0.0629388839006424 0.04405967891216278 0.07398723810911179 imageu_547033878707
2870 0.023160602897405624 0.015984470024704933 0.07383175194263458 imagel_547099877967
2880 0.1309087872505188 0.08673515915870667 0.07351052761077881 imagel_547191869875
2890 0.5127944350242615 0.43617701530456543 0.07324083894491196 imageu_546846858536
2900 0.01671465113759041 0.012357024475932121 0.0731356292963028 imagel_547030875702
2910 0.02850288525223732 0.0231452789157629 0.07301418483257294 imagel_546933878804
2920 0.07107002288103104 0.041933976113796234 0.07284332811832428 imagef_547057869336
2930 0.14227069914340973 0.11283258348703384 0.07266606390476227 imaged_547205883874
2940 0.026865996420383453 0.021697640419006348 0.07235052436590195 imager_546868880541
2950 0.06272684782743454 0.0390176996588707 0.07219038903713226 imageu_547070882331
2960 0.1605098694562912 0.16566023230552673 0.07208606600761414 imageu_547160872234
2970 0.05619434639811516 0.040488094091415405 0.07181422412395477 imaged_546929874807
2980 0.05096157267689705 0.03996695205569267 0.07155271619558334 imaged_546984863078
2990 0.17673707008361816 0.12680630385875702 0.07126060128211975 imagel_547186864875
3000 0.07450517266988754 0.04881216585636139 0.07109487801790237 imageu_547038883711
3010 0.04642299935221672 0.034455910325050354 0.07092972099781036 imaged_547075853978
3020 0.040728893131017685 0.027225814759731293 0.07079067826271057 imaged_547150862236
3030 0.07135719060897827 0.04783263057470322 0.070548877120018 imagef_546924869806
3040 0.04943311586976051 0.03050798363983631 0.07046514004468918 imageu_546989868066
3050 0.0825466737151146 0.04972768574953079 0.07037323713302612 imageb_547113858603
3060 0.0574219711124897 0.03516288846731186 0.0702352449297905 imageb_546890869170
3070 0.06335289031267166 0.039003197103738785 0.07005131244659424 imagef_547142854240
3080 0.07889352738857269 0.05780193209648132 0.06995385140180588 imagef_547096874977
3090 0.07435603439807892 0.04986995458602905 0.06983836740255356 imagef_547150862236
3100 0.07915416359901428 0.05588049441576004 0.06979918479919434 imageb_546875854173
3110 0.06285953521728516 0.041874635964632034 0.06964406371116638 imageu_546921866804
3120 0.05517926439642906 0.036610428243875504 0.06951578706502914 imageb_546970882435
3130 0.05254006385803223 0.03358211740851402 0.06946329027414322 imageb_546914859807
3140 0.06481422483921051 0.04279091954231262 0.0694681704044342 imageb_547023868703
3150 0.16668355464935303 0.15168052911758423 0.06932879984378815 imageu_547150862236
3160 0.13230092823505402 0.11107553541660309 0.06919115036725998 imageu_547203881874
3170 0.020247070118784904 0.013131237588822842 0.06909128278493881 imagel_547098876976
3180 0.034848403185606 0.02358689159154892 0.06895712018013 imagel_547024869702
3190 0.060339100658893585 0.03836072236299515 0.06884922832250595 imagef_547133878607
3200 0.05864949896931648 0.037664297968149185 0.06880653649568558 imageu_546975854071
3210 0.03524200990796089 0.026502657681703568 0.06865019351243973 imager_546878857194
3220 0.06345723569393158 0.04422463849186897 0.06855541467666626 imageu_546999878077
3230 0.06483948230743408 0.048090752214193344 0.06841538846492767 imageu_547019864709
3240 0.059813715517520905 0.03969729691743851 0.068171426653862 imagef_547052864345
3250 0.053267963230609894 0.04039325565099716 0.06805864721536636 imaged_547152864241
3260 0.05800784379243851 0.04347401484847069 0.06778519600629807 imaged_547069881338
3270 0.04608965292572975 0.03674682602286339 0.06759939342737198 imager_546897876191
3280 0.024310670793056488 0.02100931853055954 0.06757183372974396 imagel_547142854240
3290 0.13406310975551605 0.11748185008764267 0.06745219975709915 imaged_546887866191
3300 0.0696803480386734 0.04072217643260956 0.06729129701852798 imageb_547115860606
3310 0.05647880584001541 0.043624136596918106 0.06714244186878204 imaged_547142854240
3320 0.028965197503566742 0.024207178503274918 0.06693898886442184 imager_546871883543
3330 0.045198842883110046 0.03002847358584404 0.06691697239875793 imaged_547140885602
3340 0.0685032308101654 0.04426393657922745 0.06691794097423553 imageu_546917862811
3350 0.02350797690451145 0.017917567864060402 0.06691011041402817 imagel_546999878077
3360 0.26390892267227173 0.22298447787761688 0.06682164967060089 imaged_547186864875
3370 0.042504679411649704 0.02708473801612854 0.06670205295085907 imaged_546945857437
3380 0.08979187905788422 0.06307404488325119 0.06660602241754532 imageb_546921866804
3390 0.05431986227631569 0.031991466879844666 0.0664210319519043 imageb_546902881194
3400 0.05454953387379646 0.0387689471244812 0.0662584900856018 imaged_546917862811
3410 0.3100542724132538 0.27926862239837646 0.06606005877256393 imaged_546861873539
3420 0.017527390271425247 0.014886235818266869 0.06591640412807465 imagel_547067879338
3430 0.053981442004442215 0.03746547922492027 0.06588812917470932 imaged_546938883810
3440 0.0714046061038971 0.05681364983320236 0.0658213421702385 imaged_546894873172
3450 0.07017994672060013 0.04718722403049469 0.06573286652565002 imagef_547011856705
3460 0.03070571832358837 0.024184562265872955 0.0656602755188942 imagel_547041853338
3470 0.017451658844947815 0.01432832982391119 0.06556414067745209 imagel_546868880541
3480 0.02135138399899006 0.014597713015973568 0.0654018372297287 imagel_547115860606
3490 0.05861308053135872 0.03772880882024765 0.06523144245147705 imageu_546934879798
3500 0.044756483286619186 0.03142165020108223 0.06511618942022324 imaged_547021866708
3510 0.02201603353023529 0.018307527527213097 0.06496695429086685 imagel_546916861809
3520 0.041982490569353104 0.02940654754638672 0.06481713801622391 imaged_546980859076
3530 0.3698588013648987 0.31849732995033264 0.06465211510658264 imagel_547203881874
3540 0.03741803392767906 0.03140046447515488 0.06450139731168747 imager_547031876706
3550 0.0587979257106781 0.0367332398891449 0.06468803435564041 imagef_546985864078
3560 0.04448344185948372 0.031933702528476715 0.06489764153957367 imagel_546941853440
3570 0.042268186807632446 0.031199542805552483 0.06492453068494797 imager_547043855348
3580 0.48853564262390137 0.431058794260025 0.06482498347759247 imagel_546839884906
3590 0.04131753370165825 0.036386191844940186 0.06472595036029816 imager_546914859807
3600 0.06340483576059341 0.043786801397800446 0.06463151425123215 imaged_547072884335
3610 0.02566094696521759 0.01878848485648632 0.06443081051111221 imagel_546975854071
3620 0.08139490336179733 0.057112790644168854 0.06420934945344925 imagef_547023868703
3630 0.044309135526418686 0.03751508891582489 0.06402314454317093 imagel_547150862236
3640 0.03150340914726257 0.02023446559906006 0.0638933852314949 imagel_547036881708
3650 0.05276438221335411 0.0332767553627491 0.06388170272111893 imageu_546950862437
3660 0.06528443098068237 0.03951587900519371 0.063876211643219 imagef_546945857437
3670 0.27382224798202515 0.2146253138780594 0.06380444765090942 imaged_547191869875
3680 0.0373397022485733 0.02716735377907753 0.06375925987958908 imagel_546987866076
3690 0.06572391837835312 0.041281357407569885 0.06366892904043198 imageb_547007852711
3700 0.5369579195976257 0.47042611241340637 0.06348143517971039 imageb_547205883874
3710 0.061576880514621735 0.03514296934008598 0.06339269876480103 imageu_546880859173
3720 0.04098435491323471 0.03072519600391388 0.0633084774017334 imaged_547074852968
3730 0.10002140700817108 0.08163108676671982 0.06327935308218002 imageb_546865877539
3740 0.054891686886548996 0.04323769733309746 0.06324391067028046 imaged_547070882331
3750 0.03566029667854309 0.022458530962467194 0.06312564015388489 imagel_546982861070
3760 0.04444796219468117 0.03176917880773544 0.06296706199645996 imaged_546987866076
3770 0.07331592589616776 0.04499272629618645 0.06279875338077545 imageb_547137882603
3780 0.024782724678516388 0.0147349638864398 0.06263958662748337 imagel_546854866535
3790 0.0462980717420578 0.03816411644220352 0.06249573826789856 imager_546939884803
3800 0.04600909352302551 0.033395104110240936 0.06220341846346855 imaged_547019864709
3810 0.04714919254183769 0.02935909852385521 0.062001027166843414 imageb_546911856805
3820 0.9218146800994873 0.9016079306602478 0.06193675100803375 imager_547174852869
3830 0.03162866830825806 0.026136264204978943 0.06188972666859627 imagel_547007852711
3840 0.06348936259746552 0.051948629319667816 0.06168626993894577 imaged_546996875070
3850 0.3767087459564209 0.33710405230522156 0.061548564583063126 imaged_546856868537
3860 0.0765567198395729 0.04195386916399002 0.06147999316453934 imagel_547159871241
3870 0.06457342952489853 0.042264070361852646 0.06145981326699257 imageu_546965877440
3880 0.04303456470370293 0.033835269510746 0.06138502433896065 imager_547053865336
3890 0.07316746562719345 0.052876271307468414 0.06124862655997276 imageb_546973885436
3900 0.1928672343492508 0.12681980431079865 0.06117238849401474 imageb_547181859871
3910 0.04666418954730034 0.029979487881064415 0.06113027036190033 imagef_547091869975
3920 0.8984335064888 0.8723088502883911 0.06099580600857735 imager_547193871872
3930 0.786780059337616 0.7601867318153381 0.06082533672451973 imager_546860872536
3940 0.06957133114337921 0.04457167163491249 0.06070171296596527 imagef_546941853440
3950 0.05095572769641876 0.027173295617103577 0.06066478043794632 imagef_546897876191
3960 0.036607615649700165 0.025518184527754784 0.060598812997341156 imaged_546975854071
3970 0.02596564032137394 0.017109382897615433 0.060538824647665024 imagel_546922867806
3980 0.044705770909786224 0.03112993948161602 0.060527268797159195 imagef_547033878707
3990 0.017542626708745956 0.012709789909422398 0.060343123972415924 imagel_547120865600
4000 0.15940451622009277 0.1295819878578186 0.060111530125141144 imageu_547147859235
4010 0.05931472033262253 0.034201547503471375 0.059741731733083725 imagef_546945857437
4020 0.07063419371843338 0.04736916720867157 0.05953745171427727 imageu_547045857339
4030 0.19401614367961884 0.18233825266361237 0.05941243842244148 imaged_546868880541
4040 0.01861615478992462 0.014635980129241943 0.059291400015354156 imagel_547142854240
4050 0.47946035861968994 0.39594414830207825 0.05923984572291374 imageu_547189867877
4060 0.055911820381879807 0.034218765795230865 0.05924823135137558 imageb_546941853440
4070 0.04468434303998947 0.03219600394368172 0.05919818952679634 imager_546967879439
4080 0.3659045398235321 0.31052398681640625 0.05917615815997124 imagel_547200878871
4090 0.4896470904350281 0.3861100375652313 0.05909914895892143 imageu_547194872874
4100 0.05348099768161774 0.03932718187570572 0.05899893119931221 imaged_547123868601
4110 0.05539865046739578 0.03589576855301857 0.05888868868350983 imageu_546968880435
4120 0.03822418674826622 0.024921732023358345 0.058776214718818665 imaged_547121866605
4130 0.03359506279230118 0.02085229568183422 0.058656107634305954 imagel_547060872343
4140 0.0738256648182869 0.05324676260352135 0.05858643725514412 imagef_547096874977
4150 0.026331285014748573 0.01579909585416317 0.0584850013256073 imagel_547183861871
4160 0.05650012195110321 0.033761948347091675 0.058373820036649704 imagef_547138883611
4170 0.050861380994319916 0.030445784330368042 0.05837176367640495 imageb_546980859076
4180 0.04615544155240059 0.033356308937072754 0.05838869884610176 imaged_546958870432
4190 0.07212632894515991 0.0454535111784935 0.05829784274101257 imageu_546899878172
4200 0.031079024076461792 0.024042222648859024 0.0582374706864357 imager_547120865600
4210 0.03495537489652634 0.029203975573182106 0.05817633122205734 imager_547028873712
4220 0.023192252963781357 0.015602742321789265 0.05811893194913864 imagel_547006885077
4230 0.018231624737381935 0.014939263463020325 0.05801859498023987 imagel_546870882540
4240 0.03773906081914902 0.02012992650270462 0.05789903178811073 imagel_547162874244
4250 0.04961076378822327 0.029973849654197693 0.05787421390414238 imagef_547137882603
4260 0.0337495282292366 0.02812313288450241 0.057841502130031586 imagel_547045857339
4270 0.022103002294898033 0.012843853794038296 0.05778989940881729 imagel_546968880435
4280 0.04680774360895157 0.03076089732348919 0.05769127607345581 imagef_546990869071
4290 0.041044920682907104 0.02773180417716503 0.05761463940143585 imaged_547104882977
4300 0.04569396376609802 0.03262559697031975 0.057437337934970856 imaged_547143855237
4310 0.11742901802062988 0.09976211190223694 0.05730176344513893 imaged_546882861171
4320 0.07837195694446564 0.054226722568273544 0.05721751227974892 imageu_547011856705
4330 0.05252257362008095 0.035734694451093674 0.05711216479539871 imaged_546911856805
4340 0.322471559047699 0.258944571018219 0.05703572556376457 imageu_546849861536
4350 0.04464416950941086 0.030844230204820633 0.05689167603850365 imaged_547062874337
4360 0.8949846625328064 0.8680747747421265 0.05677865073084831 imager_546853865537
4370 0.04543403163552284 0.03996855393052101 0.056719161570072174 imager_546973885436
4380 0.42169442772865295 0.36481624841690063 0.056614868342876434 imagef_547188866869
4390 0.42959094047546387 0.3947029709815979 0.0564737394452095 imageu_547167879238
4400 0.08315824717283249 0.06342075765132904 0.056346308439970016 imageb_547166878243
4410 0.0631881058216095 0.03486571088433266 0.05627290531992912 imageb_546892871169
4420 0.26836809515953064 0.22772063314914703 0.056165602058172226 imageu_546854866535
4430 0.04693228378891945 0.029549699276685715 0.05600753799080849 imaged_546982861070
4440 0.023604119196534157 0.017708171159029007 0.05587073042988777 imagel_547101879972
4450 0.04838043823838234 0.03183037415146828 0.055808987468481064 imageb_546985864078
4460 0.0536515973508358 0.03952431678771973 0.05575667694211006 imaged_547014859704
4470 0.180384561419487 0.14242827892303467 0.055612463504076004 imageu_546856868537
4480 0.06600099802017212 0.040813200175762177 0.055471282452344894 imageb_547145857237
4490 0.07299388200044632 0.04275212436914444 0.05530042573809624 imageb_547147859235
4500 0.019692685455083847 0.015886949375271797 0.055177100002765656 imagel_546997876076
4510 0.06203261390328407 0.04172881692647934 0.05504753813147545 imageb_547030875702
4520 0.0570644773542881 0.03686385229229927 0.05492579564452171 imagef_547113858603
4530 0.04783070459961891 0.03493373095989227 0.05483786389231682 imaged_547109854609
4540 0.021833626553416252 0.014513447880744934 0.054768580943346024 imagel_547103881966
4550 0.07335351407527924 0.0574856698513031 0.054678671061992645 imaged_546890869170
4560 0.07647271454334259 0.057454969733953476 0.05455668270587921 imagef_547152864241
4570 0.17197009921073914 0.14213289320468903 0.05449024960398674 imageu_547201879876
4580 0.024391911923885345 0.014716144651174545 0.054470524191856384 imagel_547062874337
4590 0.06512638181447983 0.040293846279382706 0.05448688939213753 imageu_547035880703
4600 0.07009416073560715 0.04361635074019432 0.054405149072408676 imagef_546948860438
4610 0.05398854240775108 0.03455007076263428 0.05438908934593201 imageb_547028873712
4620 0.05248108506202698 0.036974430084228516 0.054372936487197876 imaged_546917862811
4630 0.03705482557415962 0.024073773995041847 0.05430975183844566 imaged_547007852711
4640 0.07418465614318848 0.05431649461388588 0.05420265719294548 imaged_546892871169
4650 0.06212814897298813 0.03932855650782585 0.05418921262025833 imageu_547055867337
4660 0.028821390122175217 0.018902016803622246 0.054100099951028824 imagel_546962874438
4670 0.052601270377635956 0.03262906149029732 0.05402730032801628 imageu_546928873809
4680 0.028986580669879913 0.023853272199630737 0.05400853231549263 imagel_546990869071
4690 0.06524672359228134 0.04992815852165222 0.053933583199977875 imaged_546900879170
4700 0.06560105830430984 0.0405089445412159 0.053865183144807816 imageu_546916861809
4710 0.03933059424161911 0.02546706609427929 0.0538022518157959 imageb_546934879798
4720 0.12374405562877655 0.1142512634396553 0.053770750761032104 imageu_547154866233
4730 0.09576509892940521 0.07846378535032272 0.05376005172729492 imageb_546865877539
4740 0.03322312980890274 0.023791451007127762 0.0536864772439003 imager_546922867806
4750 0.05346307158470154 0.03418885916471481 0.0535917766392231 imageb_546945857437
4760 0.0173142459243536 0.013188241049647331 0.053532619029283524 imagel_546880859173
4770 0.03152669221162796 0.02401973120868206 0.053494974970817566 imager_546917862811
4780 0.047953009605407715 0.03566080704331398 0.05349380150437355 imaged_546965877440
4790 0.06465192884206772 0.038749564439058304 0.053528036922216415 imageb_547118863609
4800 0.048236604779958725 0.03049115650355816 0.053531989455223083 imageb_546984863078
4810 0.03904125839471817 0.026920950040221214 0.05350689962506294 imaged_546968880435
4820 0.04019129276275635 0.03560149669647217 0.05354015529155731 imager_546914859807
4830 0.06139509752392769 0.038653645664453506 0.05344722419977188 imagef_547087865974
4840 0.02387099713087082 0.017951207235455513 0.0532999262213707 imagel_546911856805
4850 0.047437526285648346 0.03389837220311165 0.0531516931951046 imaged_546972884442
4860 0.05538804829120636 0.03400762006640434 0.05290806293487549 imagef_547118863609
4870 0.02792886458337307 0.023577889427542686 0.0528043769299984 imager_546955867436
4880 0.0708460733294487 0.047584015876054764 0.052750445902347565 imagef_546926871803
4890 0.02387653850018978 0.01930544339120388 0.052699800580739975 imagel_546970882435
4900 0.06082276254892349 0.0375116690993309 0.052629414945840836 imageu_546972884442
4910 0.0420088954269886 0.03504471853375435 0.052487026900053024 imager_547150862236
4920 0.035399410873651505 0.03039180301129818 0.052440449595451355 imager_546979858070
4930 0.05636292323470116 0.03495273366570473 0.05243951454758644 imageb_547053865336
4940 0.026577414944767952 0.019918661564588547 0.052391745150089264 imagel_546948860438
4950 0.06658419966697693 0.04435208439826965 0.05233440548181534 imagef_547086864973
4960 0.028313247486948967 0.01992480456829071 0.05232713371515274 imagel_546929874807
4970 0.2324010729789734 0.16913366317749023 0.05235028266906738 imageb_546853865537
4980 0.02424473874270916 0.019589822739362717 0.05232488736510277 imagel_546871883543
4990 0.027043988928198814 0.016786446794867516 0.05214308202266693 imagel_547177855874
5000 0.04923849180340767 0.03148142620921135 0.05205300822854042 imageb_546963875440
5010 0.030502863228321075 0.023827193304896355 0.05199497565627098 imager_547092870974
5020 0.07608219981193542 0.04738222062587738 0.05190368369221687 imagef_546965877440
5030 0.06616347283124924 0.03914613649249077 0.05176559090614319 imagef_546894873172
5040 0.029952358454465866 0.023482896387577057 0.051680248230695724 imagel_547128873606
5050 0.05896734818816185 0.04181498661637306 0.05154183506965637 imaged_546902881194
5060 0.05686524137854576 0.03554777055978775 0.05137897655367851 imageb_547130875605
5070 0.07021650671958923 0.04994876682758331 0.05132656916975975 imaged_547162874244
5080 0.1966773271560669 0.14755196869373322 0.05125411972403526 imagel_547193871872
5090 0.055873993784189224 0.043138135224580765 0.05113578215241432 imaged_547077855978
5100 0.05276389420032501 0.04149862006306648 0.05100470408797264 imaged_546985864078
5110 0.0382111594080925 0.030767517164349556 0.05091208592057228 imager_547069881338
5120 0.03143622353672981 0.025560855865478516 0.05089232325553894 imager_546868880541
5130 0.022702910006046295 0.014143288135528564 0.05081293359398842 imagel_547072884335
5140 0.1308232694864273 0.10947000235319138 0.0507071390748024 imageu_547145857237
5150 0.09004020690917969 0.0797315463423729 0.050574466586112976 imageb_546868880541
5160 0.38379570841789246 0.31924694776535034 0.05060626566410065 imagel_547205883874
5170 0.04774555191397667 0.02921460196375847 0.05076175555586815 imageb_546943855437
5180 0.6044546365737915 0.5055948495864868 0.05081861466169357 imageu_547186864875
5190 0.07341787219047546 0.05964076891541481 0.050755877047777176 imagef_546868880541
5200 0.03577888756990433 0.029410962015390396 0.050687167793512344 imager_546975854071
5210 0.04940582066774368 0.030031811445951462 0.050593312829732895 imagef_547121866605
5220 0.07316721230745316 0.05473887175321579 0.050544239580631256 imagef_547152864241
5230 0.019261416047811508 0.012229661457240582 0.05054585263133049 imagel_546875854173
5240 0.056712646037340164 0.033601850271224976 0.050535641610622406 imagef_547098876976
5250 0.0552605576813221 0.041642334312200546 0.050475407391786575 imaged_546895874174
5260 0.40629711747169495 0.3502783477306366 0.05048966035246849 imageb_547200878871
5270 0.03410351648926735 0.01812301017343998 0.05040348321199417 imagel_547149861238
5280 0.06441912800073624 0.03905542194843292 0.05035942420363426 imageb_546877856173
5290 0.06149657070636749 0.03450438007712364 0.05027410387992859 imageb_546899878172
5300 0.059320803731679916 0.03984964266419411 0.05020982399582863 imagef_546870882540
5310 0.03131629154086113 0.026219772174954414 0.05003427341580391 imagel_547152864241
5320 0.908406674861908 0.884918749332428 0.05015525594353676 imager_547188866869
5330 0.058874111622571945 0.03433282673358917 0.05024871602654457 imageu_546980859076
5340 0.04713686555624008 0.027728715911507607 0.05022560805082321 imageb_547123868601
5350 0.06508760899305344 0.04528370499610901 0.0501091443002224 imageu_547007852711
5360 0.02478615753352642 0.017853176221251488 0.050038356333971024 imagel_546926871803
5370 0.016495440155267715 0.011735813692212105 0.04998515173792839 imagel_547120865600
5380 0.06255418807268143 0.047022610902786255 0.0499410554766655 imageb_546873885533
5390 0.06563285738229752 0.049636319279670715 0.04991123452782631 imageu_547121866605
5400 0.03959079086780548 0.02678334340453148 0.04989055171608925 imaged_547045857339
5410 0.055521562695503235 0.033651698380708694 0.04987458139657974 imagef_546989868066
5420 0.04868299514055252 0.030979357659816742 0.04980114847421646 imageb_546994873075
5430 0.31937429308891296 0.2773466408252716 0.04965950548648834 imaged_547196874870
5440 0.2962055504322052 0.25955265760421753 0.04955833777785301 imaged_547183861871
5450 0.05135441571474075 0.03180192783474922 0.04951135814189911 imagef_546963875440
5460 0.48924142122268677 0.38585352897644043 0.04945185035467148 imageu_547194872874
5470 0.0856388658285141 0.06467200815677643 0.0493602454662323 imageu_547123868601
5480 0.035334352403879166 0.02832944132387638 0.04929584637284279 imager_547089867973
5490 0.4745543301105499 0.4107038378715515 0.04927893355488777 imageu_547183861871
5500 0.0362246111035347 0.02424834668636322 0.04920288920402527 imaged_546924869806
5510 0.023213468492031097 0.01777951605618 0.04912570118904114 imager_546956868435
5520 0.037987858057022095 0.025201885029673576 0.04902070015668869 imagel_546941853440
5530 0.3291528820991516 0.2748190760612488 0.048857368528842926 imageb_547201879876
5540 0.028098108246922493 0.016835995018482208 0.048709653317928314 imagel_546861873539
5550 0.04615884646773338 0.032504741102457047 0.04860213026404381 imagef_547033878707
5560 0.05167164281010628 0.03174882009625435 0.04853757098317146 imageb_547053865336
5570 0.0596192367374897 0.03867214545607567 0.048495832830667496 imageb_547023868703
5580 0.04061057046055794 0.02805507555603981 0.04843634366989136 imaged_547160872234
5590 0.47031450271606445 0.4222436547279358 0.04836828634142876 imaged_546839884906
5600 0.06452523916959763 0.04003312066197395 0.048272889107465744 imageu_546914859807
5610 0.0573258250951767 0.03589065745472908 0.048130132257938385 imageb_547084862980
5620 0.027056735008955002 0.01594047248363495 0.04799888655543327 imagel_546980859076
5630 0.4725135564804077 0.3840485215187073 0.047869689762592316 imageb_547186864875
5640 0.05708329379558563 0.030366776511073112 0.047788623720407486 imagel_547171883239
5650 0.0349862314760685 0.026350297033786774 0.04774125665426254 imager_546943855437
5660 0.06815483421087265 0.039809927344322205 0.047729477286338806 imagef_547057869336
5670 0.05363122373819351 0.03395731747150421 0.04773513227701187 imageb_547009854705
5680 0.04281290993094444 0.027071066200733185 0.04771536588668823 imageb_546956868435
5690 0.05609503760933876 0.03671346232295036 0.04766489565372467 imageu_547031876706
5700 0.05093363672494888 0.02915075793862343 0.04757148027420044 imagef_547099877967
5710 0.03289974480867386 0.025797493755817413 0.04750645533204079 imager_547069881338
5720 0.02621864341199398 0.020515641197562218 0.047488994896411896 imager_546883862169
5730 0.0535784550011158 0.04199051484465599 0.047479309141635895 imager_547057869336
5740 0.04270929470658302 0.027080746367573738 0.04743121936917305 imageb_547067879338
5750 0.05427519604563713 0.028507312759757042 0.04739264398813248 imageb_547132877611
5760 0.07163158804178238 0.046626172959804535 0.04741077125072479 imageu_546860872536
5770 0.030450599268078804 0.02601005882024765 0.047388117760419846 imager_546885864170
5780 0.03639372065663338 0.027840832248330116 0.04733163118362427 imager_546938883810
5790 0.04715690389275551 0.03434227779507637 0.047256339341402054 imaged_547065877343
5800 0.07287594676017761 0.04501036927103996 0.04713769257068634 imageu_547043855348
5810 0.06181686371564865 0.04038824886083603 0.046999167650938034 imageu_546861873539
5820 0.06126823648810387 0.03531311824917793 0.046896595507860184 imageu_546883862169
5830 0.05340404435992241 0.033479560166597366 0.046829476952552795 imagef_547113858603
5840 0.04994213581085205 0.034309349954128265 0.046798452734947205 imaged_546939884803
5850 0.043864522129297256 0.030061617493629456 0.04672158882021904 imaged_546967879439
5860 0.02578669972717762 0.021381089463829994 0.04665196314454079 imagel_547160872234
5870 0.38479456305503845 0.3321066200733185 0.046577733010053635 imageu_547181859871
5880 0.2628958523273468 0.1810484379529953 0.0464845672249794 imageb_547171883239
5890 0.018930617719888687 0.014825528487563133 0.04645222797989845 imagel_547064876339
5900 0.05354055389761925 0.03655069321393967 0.046388957649469376 imagef_546997876076
5910 0.3847315311431885 0.33775046467781067 0.04634397104382515 imagef_547189867877
5920 0.044601522386074066 0.03605067357420921 0.04633564502000809 imager_547094872971
5930 0.052908506244421005 0.034235209226608276 0.0463046059012413 imageb_546939884803
5940 0.048544928431510925 0.032483428716659546 0.04624781012535095 imaged_546938883810
5950 0.061216339468955994 0.03737486153841019 0.04622108116745949 imagef_547077855978
5960 0.20872095227241516 0.15362483263015747 0.04619894549250603 imageb_546858870537
5970 0.1472903937101364 0.07459031045436859 0.04629906266927719 imagef_547171883239
5980 0.07963650673627853 0.0500483363866806 0.04646408185362816 imagef_546970882435
5990 0.46799352765083313 0.3940141201019287 0.04653768613934517 imageb_546849861536
6000 0.08944771438837051 0.0686253234744072 0.04652545228600502 imageb_547162874244
6010 0.04486691951751709 0.037680841982364655 0.04646695405244827 imager_546946858444
6020 0.01727105863392353 0.01404054556041956 0.04640016332268715 imagel_546870882540
6030 0.05591810867190361 0.033951327204704285 0.046322036534547806 imagef_546987866076
6040 0.058181341737508774 0.03515225276350975 0.04628026485443115 imagef_547111856605
6050 0.08650153875350952 0.06037504971027374 0.04624976962804794 imageb_546921866804
6060 0.021972384303808212 0.013317875564098358 0.04615253955125809 imagel_547104882977
6070 0.015777116641402245 0.011512689292430878 0.046030193567276 imagel_546895874174
6080 0.03402500972151756 0.026565048843622208 0.04588394612073898 imager_547121866605
6090 0.03182491287589073 0.020462516695261 0.045735664665699005 imaged_547018863705
6100 0.062257908284664154 0.03840682655572891 0.04561467468738556 imagef_546984863078
6110 0.061718959361314774 0.03931943699717522 0.045524630695581436 imageb_546941853440
6120 0.5837762355804443 0.491514652967453 0.04549924284219742 imagef_546839884906
6130 0.053445279598236084 0.03498270362615585 0.04548340663313866 imagef_546996875070
6140 0.07385409623384476 0.04771149903535843 0.04545868933200836 imageu_547002881074
6150 0.08012145012617111 0.04219799488782883 0.04543488472700119 imageu_547072884335
6160 0.054612673819065094 0.03300926834344864 0.045450370758771896 imageu_546887866191
6170 0.10087960958480835 0.05590073764324188 0.04542476311326027 imagef_546856868537
6180 0.02798743173480034 0.021593749523162842 0.04535314813256264 imagel_547014859704
6190 0.21760447323322296 0.1839539110660553 0.04528334364295006 imaged_547174852869
6200 0.05590443313121796 0.034050654619932175 0.04520782455801964 imageb_547120865600
6210 0.029096877202391624 0.018994491547346115 0.04520685225725174 imagel_546902881194
6220 0.05177146568894386 0.03342258930206299 0.04519961401820183 imageb_546926871803
6230 0.06840101629495621 0.05034397542476654 0.04515617713332176 imageb_547125870610
6240 0.072013258934021 0.04997041076421738 0.04511776939034462 imageb_546875854173
6250 0.014361999928951263 0.011316177435219288 0.04509580507874489 imagel_547125870610
6260 0.07621245086193085 0.04857505485415459 0.045059844851493835 imagef_546939884803
6270 0.3340364098548889 0.2906324863433838 0.04505537450313568 imagef_547183861871
6280 0.06529819220304489 0.039133571088314056 0.045065637677907944 imageu_547075853978
6290 0.18124280869960785 0.1294552981853485 0.04506252706050873 imagef_546854866535
6300 0.01762022264301777 0.013329421170055866 0.04507901147007942 imagel_547123868601
6310 0.04411137476563454 0.02778097428381443 0.045106347650289536 imageb_546911856805
6320 0.07692725211381912 0.06083554029464722 0.04509606957435608 imaged_547125870610
6330 0.27840015292167664 0.22676508128643036 0.045045558363199234 imageb_547194872874
6340 0.05142349377274513 0.04458608478307724 0.04496762529015541 imager_547096874977
6350 0.15242978930473328 0.14159348607063293 0.04500524327158928 imaged_546871883543
6360 0.019816672429442406 0.01574629545211792 0.04498114436864853 imagel_547089867973
6370 0.04570489749312401 0.031329844146966934 0.044912632554769516 imager_547050862335
6380 0.5782371163368225 0.4737558960914612 0.044807318598032 imageu_547188866869
6390 0.052665408700704575 0.03441490978002548 0.04472506791353226 imagef_547101879972
6400 0.05808601155877113 0.046450164169073105 0.044640421867370605 imageu_546868880541
6410 0.22945204377174377 0.19372649490833282 0.04455646872520447 imaged_547200878871
6420 0.0692247524857521 0.04960555210709572 0.04443776234984398 imageb_546973885436
6430 0.09589757025241852 0.05859293043613434 0.044301558285951614 imagef_546863875543
6440 0.058795202523469925 0.03636881709098816 0.044175516813993454 imagef_547048860337
6450 0.04803159460425377 0.03163672983646393 0.04408016428351402 imageb_547069881338
6460 0.03835352137684822 0.030316125601530075 0.04397731274366379 imager_547004883077
6470 0.21393917500972748 0.1678333282470703 0.043914586305618286 imagef_547167879238
6480 0.043475426733493805 0.027361825108528137 0.043869953602552414 imagel_547162874244
6490 0.03922070562839508 0.029930856078863144 0.043849412351846695 imager_547053865336
6500 0.06230306252837181 0.03894394636154175 0.04378150776028633 imageu_547001880072
6510 0.09622157365083694 0.05287298187613487 0.04372240975499153 imagef_546861873539
6520 0.3187994658946991 0.2824765741825104 0.04370267689228058 imaged_547184862870
6530 0.9235073328018188 0.9038711190223694 0.0436532199382782 imager_547177855874
6540 0.06568960100412369 0.04109736531972885 0.043585192412137985 imageb_547094872971
6550 0.05488670989871025 0.03574251011013985 0.0435086153447628 imagef_547147859235
6560 0.052783697843551636 0.031540241092443466 0.04349198564887047 imageu_547084862980
6570 0.04210437089204788 0.02445872873067856 0.043489620089530945 imageb_547028873712
6580 0.04931776970624924 0.03019174374639988 0.0434454083442688 imager_546907852806
6590 0.045327089726924896 0.029491001740098 0.04338781163096428 imageb_546946858444
6600 0.22818350791931152 0.19295725226402283 0.04332931339740753 imaged_547200878871
6610 0.05470305308699608 0.03182242810726166 0.043246589601039886 imagef_547035880703
6620 0.031263455748558044 0.021133258938789368 0.043167419731616974 imaged_547079857970
6630 0.045559439808130264 0.034755609929561615 0.043100520968437195 imager_546909854806
6640 0.8991582989692688 0.8737648129463196 0.0430770181119442 imager_546854866535
6650 0.03234197571873665 0.02293473109602928 0.04300931841135025 imagef_546866878536
6660 0.04019445925951004 0.03199322149157524 0.042917400598526 imager_547009854705
6670 0.037929434329271317 0.024500465020537376 0.042848531156778336 imaged_547062874337
6680 0.2690056264400482 0.21170617640018463 0.042735807597637177 imaged_547191869875
6690 0.04098096489906311 0.028712140396237373 0.042672619223594666 imaged_547106884970
6700 0.06450407207012177 0.04336926341056824 0.04261554405093193 imageu_547014859704
6710 0.02564368024468422 0.021130338311195374 0.042547956109046936 imager_546999878077
6720 0.03992849960923195 0.029904227703809738 0.04255368560552597 imaged_547152864241
6730 0.05696871876716614 0.036147914826869965 0.04252428933978081 imageb_547152864241
6740 0.04927042871713638 0.0275900699198246 0.042457129806280136 imageu_546985864078
6750 0.05313251167535782 0.03288031369447708 0.04239536449313164 imagef_546882861171
6760 0.47836869955062866 0.39556530117988586 0.042379483580589294 imageu_547189867877
6770 0.043739963322877884 0.026918618008494377 0.04237388074398041 imageb_546970882435
6780 0.04259150102734566 0.02573476731777191 0.042441681027412415 imageb_546914859807
6790 0.04875347390770912 0.03940236195921898 0.042444318532943726 imageb_546870882540
6800 0.9170522093772888 0.8958161473274231 0.04238436743617058 imager_547186864875
6810 0.05842185392975807 0.03883849456906319 0.04232150316238403 imageu_547092870974
6820 0.36463919281959534 0.30972087383270264 0.04227709397673607 imagel_547200878871
6830 0.3263368308544159 0.272131085395813 0.042180195450782776 imageu_547172884238
6840 0.21272212266921997 0.13256311416625977 0.04208039492368698 imageb_547172884238
6850 0.285584956407547 0.24946287274360657 0.04205303639173508 imagef_547179857873
6860 0.03470509871840477 0.028950456529855728 0.0420226976275444 imager_546890869170
6870 0.028314493596553802 0.018123462796211243 0.042059242725372314 imagel_546943855437
6880 0.024421794340014458 0.019307898357510567 0.04207763075828552 imagel_546990869071
6890 0.05790974572300911 0.04104435443878174 0.04206502065062523 imageu_547018863705
6900 0.6043210625648499 0.5055642127990723 0.04201298952102661 imageu_547186864875
6910 0.018630269914865494 0.01185805257409811 0.041953083127737045 imagel_547004883077
6920 0.0450427308678627 0.028807759284973145 0.041914112865924835 imagef_547089867973
6930 0.05373113602399826 0.038594745099544525 0.041936423629522324 imaged_546933878804
6940 0.054863091558218 0.03546060249209404 0.041929300874471664 imagef_547135880603
6950 0.049929291009902954 0.031284600496292114 0.041893232613801956 imagef_547113858603
6960 0.052052032202482224 0.03111639991402626 0.041839901357889175 imageb_547133878607
6970 0.6549985408782959 0.6343374252319336 0.04178003966808319 imager_547200878871
6980 0.07067181169986725 0.042983878403902054 0.041736405342817307 imageu_547040885702
6990 0.07277049124240875 0.04674149677157402 0.041685789823532104 imageu_547094872971
7000 0.034293949604034424 0.0201425701379776 0.04164569452404976 imaged_547050862335
7010 0.14006443321704865 0.11113540083169937 0.0416213683784008 imaged_547205883874
7020 0.015595248900353909 0.01118767075240612 0.04161043092608452 imagel_546956868435
7030 0.08962614089250565 0.07274249196052551 0.04166291281580925 imageb_546865877539
7040 0.06671851873397827 0.051182277500629425 0.04165162518620491 imaged_547128873606
7050 0.17875276505947113 0.12886951863765717 0.04159047082066536 imagef_546854866535
7060 0.04992927983403206 0.03041226416826248 0.04159911349415779 imagef_547062874337
7070 0.19450095295906067 0.1456267535686493 0.04158731549978256 imagel_547193871872
7080 0.04172583669424057 0.032319966703653336 0.04154304414987564 imager_547060872343
7090 0.05877519026398659 0.03427036479115486 0.04152055084705353 imageu_546912857810
7100 0.05868038535118103 0.04449502378702164 0.04145372658967972 imagef_547154866233
7110 0.05730998516082764 0.037447959184646606 0.0414169542491436 imageu_546921866804
7120 0.05936671048402786 0.03406889736652374 0.04137348011136055 imageb_547138883611
7130 0.03319630026817322 0.02520223893225193 0.04132238030433655 imager_547069881338
7140 0.048040810972452164 0.028948506340384483 0.04125132039189339 imageu_546928873809
7150 0.05964702367782593 0.03803259879350662 0.04116436839103699 imagef_547055867337
7160 0.09654910862445831 0.05056317523121834 0.04111878201365471 imagef_546877856173
7170 0.03567565232515335 0.021279552951455116 0.04111045226454735 imaged_547023868703
7180 0.7268362641334534 0.6919206976890564 0.04109182208776474 imager_547206884871
7190 0.03461352363228798 0.021755173802375793 0.04106270521879196 imaged_547043855348
7200 0.031633682548999786 0.02492857724428177 0.0410308763384819 imager_547126871606
7210 0.03578156232833862 0.02187519147992134 0.04102538153529167 imaged_547099877967
7220 0.8682371973991394 0.8365113139152527 0.041025303304195404 imager_546849861536
7230 0.01864287257194519 0.014803106896579266 0.040992364287376404 imagel_546953865434
7240 0.04613824188709259 0.02782476134598255 0.04094983637332916 imageb_546945857437
7250 0.017164088785648346 0.013285075314342976 0.04088723659515381 imagel_546873885533
7260 0.07599111646413803 0.046456970274448395 0.04082084074616432 imagef_546968880435
7270 0.0489402636885643 0.0426577553153038 0.040751077234745026 imager_547038883711
7280 0.05301697924733162 0.03379592299461365 0.040696192532777786 imagef_547052864345
7290 0.0576128289103508 0.035176683217287064 0.04068732634186745 imageb_547135880603
7300 0.055664241313934326 0.033056292682886124 0.04070685803890228 imageu_546911856805
7310 0.015964191406965256 0.00903280358761549 0.040711455047130585 imagel_546856868537
7320 0.03164688125252724 0.019089624285697937 0.040701527148485184 imagel_547060872343
7330 0.06080019846558571 0.04036041721701622 0.04064037650823593 imageb_546989868066
7340 0.04858516529202461 0.029816044494509697 0.04056955501437187 imageb_546951863443
7350 0.06022385135293007 0.03875237703323364 0.040499862283468246 imageu_547004883077
7360 0.045379139482975006 0.03204500675201416 0.04042884334921837 imaged_546934879798
7370 0.02518566884100437 0.019733410328626633 0.040350355207920074 imager_546883862169
7380 0.01438908651471138 0.009867781773209572 0.040286026895046234 imagel_546894873172
7390 0.016215551644563675 0.013264250010251999 0.04018469527363777 imagel_547113858603
7400 0.2169022262096405 0.15411758422851562 0.04010450839996338 imagef_547172884238
7410 0.04535322263836861 0.028798239305615425 0.04004132002592087 imaged_547055867337
7420 0.05496974289417267 0.03424551710486412 0.04001334309577942 imagef_547064876339
7430 0.05579601973295212 0.03788129612803459 0.03995469585061073 imagef_547155867242
7440 0.04796725511550903 0.032241787761449814 0.039927028119564056 imaged_546939884803
7450 0.0668933317065239 0.03999915346503258 0.039872970432043076 imagef_546883862169
7460 0.05254776403307915 0.03215422481298447 0.03980531170964241 imagef_546985864078
7470 0.04362639784812927 0.02817757986485958 0.039726339280605316 imaged_547024869702
7480 0.037258267402648926 0.030165188014507294 0.03966708853840828 imager_547150862236
7490 0.05021963268518448 0.033952903002500534 0.03966856375336647 imaged_546911856805
7500 0.021302631124854088 0.012770255096256733 0.03964181989431381 imagel_547072884335
7510 0.052029915153980255 0.03287123888731003 0.039626576006412506 imagef_547001880072
7520 0.047990258783102036 0.029349293559789658 0.03964804485440254 imaged_546919864808
7530 0.030320575460791588 0.01926143653690815 0.0396454818546772 imaged_546963875440
7540 0.0634973868727684 0.03756963834166527 0.03962390124797821 imagef_546885864170
7550 0.06013437360525131 0.03503592312335968 0.03961532562971115 imageb_546922867806
7560 0.13576899468898773 0.1172703355550766 0.03960141912102699 imaged_547169881238
7570 0.09985113143920898 0.08699841052293777 0.0396559052169323 imager_547162874244
7580 0.09369537979364395 0.053149063140153885 0.03964998945593834 imagef_546914859807
7590 0.06663421541452408 0.041330788284540176 0.039629749953746796 imagef_546948860438
7600 0.8435735702514648 0.8295835256576538 0.03961218520998955 imager_547171883239
7610 0.505203127861023 0.41053345799446106 0.03957918658852577 imagef_546849861536
7620 0.025117216631770134 0.01788763701915741 0.039511676877737045 imagel_546924869806
7630 0.10854116082191467 0.0923800840973854 0.039403289556503296 imaged_546887866191
7640 0.038821808993816376 0.02815982513129711 0.039300255477428436 imager_547006885077
7650 0.021841907873749733 0.01463093888014555 0.03917849436402321 imagel_546931876806
7660 0.06644917279481888 0.038462188094854355 0.03914274647831917 imageu_546899878172
7670 0.014379739761352539 0.011652093380689621 0.03912949562072754 imagel_546885864170
7680 0.040417030453681946 0.02890573814511299 0.039134833961725235 imaged_546990869071
7690 0.036756642162799835 0.022926002740859985 0.039060838520526886 imageb_546934879798
7700 0.057112861424684525 0.033380281180143356 0.03898568078875542 imageu_547070882331
7710 0.04508565366268158 0.03693103417754173 0.03896350413560867 imager_547016861703
7720 0.06755935400724411 0.03782680630683899 0.038943544030189514 imagef_546880859173
7730 0.05543145164847374 0.03518272191286087 0.03892752155661583 imageu_547098876976
7740 0.022568777203559875 0.014116855338215828 0.03888392820954323 imagel_547104882977
7750 0.058013420552015305 0.03470059484243393 0.03885146230459213 imagef_546897876191
7760 0.04730025678873062 0.027803750708699226 0.03883464261889458 imageb_546904883185
7770 0.044760871678590775 0.03573140129446983 0.03881482779979706 imager_547154866233
7780 0.042928263545036316 0.029620226472616196 0.038763199001550674 imager_547074852968
7790 0.06755995005369186 0.049615465104579926 0.03872580826282501 imageb_547125870610
7800 0.04969998821616173 0.030684063211083412 0.038688886910676956 imagef_546963875440
7810 0.04286776855587959 0.03034849837422371 0.038665205240249634 imager_547155867242
7820 0.06620485335588455 0.04395536333322525 0.03866349905729294 imageu_547014859704
7830 0.04968589171767235 0.03160285949707031 0.0386473573744297 imagef_547084862980
7840 0.06198360025882721 0.03784588351845741 0.0386790856719017 imagef_547109854609
7850 0.050585392862558365 0.02930430881679058 0.038691841065883636 imageu_546909854806
7860 0.05528527870774269 0.033966321498155594 0.03869631141424179 imagef_546989868066
7870 0.021956749260425568 0.015141835436224937 0.038687098771333694 imagel_547045857339
7880 0.5578680634498596 0.4794454872608185 0.03866042196750641 imageb_546846858536
7890 0.07556688040494919 0.059820134192705154 0.038617707788944244 imager_547162874244
7900 0.058000195771455765 0.034846626222133636 0.0385981909930706 imageb_547145857237
7910 0.8254442811012268 0.7813827991485596 0.03857755661010742 imager_546844856539
7920 0.5571311116218567 0.46884164214134216 0.038525063544511795 imageb_547189867877
7930 0.16774386167526245 0.14135892689228058 0.038461048156023026 imageu_547200878871
7940 0.05186355859041214 0.031284622848033905 0.038464486598968506 imagef_547099877967
7950 0.05719463527202606 0.036920417100191116 0.038522787392139435 imageu_547007852711
7960 0.08872852474451065 0.06609800457954407 0.03853051736950874 imageu_547133878607
7970 0.9009004831314087 0.8756829500198364 0.0384833887219429 imager_547189867877
7980 0.011956006288528442 0.009389192797243595 0.03841441124677658 imagel_547070882331
7990 0.05234649404883385 0.03138212859630585 0.03834046423435211 imagef_547024869702
8000 0.3836730718612671 0.31924694776535034 0.038342639803886414 imagel_547205883874
8010 0.05614783987402916 0.021679000928997993 0.03833674266934395 imagel_547166878243
8020 0.031032994389533997 0.02042442560195923 0.038351111114025116 imager_547047859335
8030 0.06026475876569748 0.04378360137343407 0.03833102062344551 imageu_547121866605
8040 0.018018512055277824 0.011163740418851376 0.038251135498285294 imagel_546875854173
8050 0.03804270550608635 0.024423392489552498 0.038176052272319794 imaged_546967879439
8060 0.2575899362564087 0.21957004070281982 0.038106583058834076 imageu_546854866535
8070 0.046831920742988586 0.027931468561291695 0.03803389519453049 imageb_546890869170
8080 0.07303494215011597 0.05221938714385033 0.037963319569826126 imageb_546977856071
8090 0.8947893977165222 0.8680686354637146 0.03790416941046715 imager_546853865537
8100 0.012967911548912525 0.009941021911799908 0.037817422300577164 imagel_547125870610
8110 0.04785490036010742 0.028042173013091087 0.03775865212082863 imagef_547064876339
8120 0.07293175160884857 0.037167586386203766 0.037721388041973114 imagef_546892871169
8130 0.05287014693021774 0.0319177471101284 0.03772547096014023 imageb_547024869702
8140 0.5704296827316284 0.4796903133392334 0.037749554961919785 imageb_547191869875
8150 0.7214809060096741 0.6927163600921631 0.03777294233441353 imager_546861873539
8160 0.020710457116365433 0.013299720361828804 0.03775950148701668 imagel_547041853338
8170 0.8374558687210083 0.7967666983604431 0.037757474929094315 imager_546843855539
8180 0.05725407972931862 0.032449036836624146 0.0377015694975853 imageb_547111856605
8190 0.31791961193084717 0.23568591475486755 0.037675246596336365 imagel_547198876871
8200 0.3401532769203186 0.3066001236438751 0.03765733167529106 imaged_546860872536
8210 0.03603813797235489 0.02600197307765484 0.037622541189193726 imager_547006885077
8220 0.04933140054345131 0.03255974128842354 0.03756321221590042 imagef_546997876076
8230 0.07798086106777191 0.04894011467695236 0.0375271700322628 imagef_546970882435
8240 0.06752201914787292 0.04553636908531189 0.037547845393419266 imaged_546905884197
8250 0.08986415714025497 0.048939600586891174 0.037562645971775055 imagef_546861873539
8260 0.04453125596046448 0.028797464445233345 0.03755223751068115 imagef_547079857970
8270 0.3564695119857788 0.27148884534835815 0.0375174842774868 imagef_546851863543
8280 0.03836426883935928 0.03118683211505413 0.03748324513435364 imager_547101879972
8290 0.04117840528488159 0.02983892895281315 0.037464242428541183 imaged_547070882331
8300 0.03327114135026932 0.02103573828935623 0.037445057183504105 imaged_547092870974
8310 0.0561087392270565 0.03889535367488861 0.03740067407488823 imagef_547155867242
8320 0.0362393893301487 0.02403416857123375 0.03735993430018425 imaged_546989868066
8330 0.050348974764347076 0.030589250847697258 0.0373331643640995 imagef_547028873712
8340 0.011336865834891796 0.008501703850924969 0.037308357656002045 imagel_547067879338
8350 0.0400749146938324 0.026803551241755486 0.037291646003723145 imaged_547045857339
8360 0.015115337446331978 0.008723117411136627 0.037257514894008636 imagel_547086864973
8370 0.040315188467502594 0.026300856843590736 0.03722603619098663 imaged_547052864345
8380 0.47104835510253906 0.40746206045150757 0.03721000626683235 imageu_547183861871
8390 0.05939318612217903 0.03517155721783638 0.037183020263910294 imageb_547154866233
8400 0.06833232194185257 0.04285769164562225 0.03716828674077988 imagef_546941853440
8410 0.04353204369544983 0.026431409642100334 0.037152327597141266 imageu_547028873712
8420 0.02235298790037632 0.01355085987597704 0.03716186806559563 imagel_546968880435
8430 0.05306525528430939 0.03337517008185387 0.03713193163275719 imagef_547031876706
8440 0.041687313467264175 0.029591919854283333 0.037077631801366806 imager_546905884197
8450 0.049678437411785126 0.03883225843310356 0.03700700029730797 imager_547160872234
8460 0.03236803784966469 0.027076425030827522 0.03694756329059601 imager_546873885533
8470 0.35329902172088623 0.30400246381759644 0.03690013289451599 imageu_547179857873
8480 0.05657161772251129 0.03237316012382507 0.03685610741376877 imagef_546950862437
8490 0.04685768485069275 0.03076229803264141 0.03682447597384453 imageu_546955867436
8500 0.023266280069947243 0.018771963194012642 0.03676983341574669 imager_546888867171
8510 0.049393001943826675 0.039210472255945206 0.0366937555372715 imager_546909854806
8520 0.050496965646743774 0.031257376074790955 0.036624129861593246 imagef_547121866605
8530 0.0337008535861969 0.02508525177836418 0.03657183051109314 imager_547007852711
8540 0.041539404541254044 0.030311666429042816 0.036550939083099365 imaged_547142854240
8550 0.051971469074487686 0.03361441567540169 0.03651205822825432 imageb_547089867973
8560 0.3828964829444885 0.3342437446117401 0.03646672144532204 imageu_547174852869
8570 0.05119303613901138 0.03719065710902214 0.03640357404947281 imaged_546895874174
8580 0.05004308372735977 0.027629949152469635 0.036349788308143616 imageu_546985864078
8590 0.04666157439351082 0.028779735788702965 0.036301758140325546 imaged_546919864808
8600 0.04530377313494682 0.027360575273633003 0.03625013679265976 imageu_546931876806
8610 0.06832817196846008 0.03845146298408508 0.03622647374868393 imagef_546931876806
8620 0.061612747609615326 0.0377763956785202 0.03624512627720833 imageb_547155867242
8630 0.04188127815723419 0.032109763473272324 0.036241140216588974 imaged_547004883077
8640 0.06244850903749466 0.044554565101861954 0.03620293736457825 imageb_547125870610
8650 0.38609638810157776 0.3124900758266449 0.03620796278119087 imageu_546848860533
8660 0.02950618602335453 0.024274153634905815 0.03621971979737282 imager_547065877343
8670 0.05899620056152344 0.034804265946149826 0.03622928261756897 imageb_547118863609
8680 0.2866593897342682 0.24362625181674957 0.036277830600738525 imaged_547177855874
8690 0.045565176755189896 0.03220196068286896 0.03631388023495674 imager_547050862335
8700 0.06569228321313858 0.037553030997514725 0.03630930185317993 imageb_546880859173
8710 0.04208316653966904 0.026150118559598923 0.03629220277070999 imaged_547055867337
8720 0.1569894403219223 0.12455890327692032 0.03625010326504707 imaged_547206884871
8730 0.01465928740799427 0.011774529702961445 0.03622393310070038 imagel_547069881338
8740 0.05012352392077446 0.030285906046628952 0.03621947020292282 imageu_546956868435
8750 0.017153168097138405 0.012044153176248074 0.036227114498615265 imagel_547106884970
8760 0.055825237184762955 0.03213972970843315 0.036198344081640244 imageu_547057869336
8770 0.02552078664302826 0.020789729431271553 0.036117345094680786 imager_547067879338
8780 0.053724586963653564 0.0342034287750721 0.0360519140958786 imageb_547052864345
8790 0.07480698078870773 0.050413813441991806 0.03605397418141365 imagef_547009854705
8800 0.38806167244911194 0.3560124337673187 0.036024607717990875 imaged_546863875543
8810 0.0752248615026474 0.042734358459711075 0.03598757088184357 imagef_546911856805
8820 0.349887877702713 0.28589510917663574 0.03594742715358734 imagef_547203881874
8830 0.053633615374565125 0.03451651334762573 0.035902779549360275 imagef_547052864345
8840 0.046920351684093475 0.029026001691818237 0.03590019419789314 imageb_546928873809
8850 0.06547799706459045 0.04773498699069023 0.03587297722697258 imaged_546899878172
8860 0.02953481860458851 0.01818966120481491 0.035839732736349106 imaged_547018863705
8870 0.028129389509558678 0.019035184755921364 0.03580760210752487 imagel_546962874438
8880 0.07198815047740936 0.04995644465088844 0.03578680753707886 imagef_546977856071
8890 0.045973632484674454 0.03623015806078911 0.03574825078248978 imageu_546866878536
8900 0.035770826041698456 0.026978708803653717 0.03570300713181496 imager_546962874438
8910 0.034159280359745026 0.02506503090262413 0.035646628588438034 imager_546899878172
8920 0.01850137673318386 0.013433888554573059 0.03556954115629196 imagel_546999878077
8930 0.05792931839823723 0.037831276655197144 0.03549392521381378 imageu_547115860606
8940 0.03731708228588104 0.02492436207830906 0.03545165807008743 imaged_547160872234
8950 0.04845563322305679 0.030103938654065132 0.035412345081567764 imageb_546951863443
8960 0.24243761599063873 0.19528573751449585 0.035384032875299454 imaged_547201879876
8970 0.3045814633369446 0.2752388119697571 0.035369470715522766 imaged_546861873539
8980 0.0752037838101387 0.04714646562933922 0.03537469729781151 imagef_546919864808
8990 0.03599166497588158 0.029759882017970085 0.03536578640341759 imager_546975854071
9000 0.22692887485027313 0.15359146893024445 0.035323016345500946 imagel_547196874870
9010 0.062194209545850754 0.04012080281972885 0.035288043320178986 imageu_547111856605
9020 0.060145873576402664 0.035542041063308716 0.035248227417469025 imageu_546914859807
9030 0.027155734598636627 0.020616475492715836 0.03522375971078873 imager_546916861809
9040 0.05969440937042236 0.04639916867017746 0.03518592566251755 imageb_546866878536
9050 0.05297837778925896 0.03313473239541054 0.03516320511698723 imageu_547098876976
9060 0.03653770312666893 0.022457145154476166 0.035113196820020676 imaged_546945857437
9070 0.0855393037199974 0.07232729345560074 0.03505893796682358 imageu_547155867242
9080 0.03883365914225578 0.029297424480319023 0.03499704971909523 imager_546982861070
9090 0.041189707815647125 0.032557617872953415 0.034967780113220215 imager_547133878607
9100 0.06330585479736328 0.03742481768131256 0.03498084470629692 imageb_547138883611
9110 0.05557294189929962 0.03740312531590462 0.03500218316912651 imageu_547018863705
9120 0.05493145436048508 0.0349251888692379 0.03499099239706993 imagef_547030875702
9130 0.036954570561647415 0.021820833906531334 0.034989647567272186 imageb_546936881803
9140 0.06403034925460815 0.03535129502415657 0.03501282259821892 imageb_547113858603
9150 0.08594819903373718 0.07113603502511978 0.03501545265316963 imageu_547143855237
9160 0.02453576773405075 0.01756175607442856 0.03496737405657768 imagel_546934879798
9170 0.37850692868232727 0.3314782679080963 0.0349140428006649 imagef_547186864875
9180 0.5479958653450012 0.501246988773346 0.03489970043301582 imaged_546849861536
9190 0.04845372587442398 0.02727898769080639 0.03491305187344551 imagef_547138883611
9200 0.053936127573251724 0.03278135880827904 0.034932393580675125 imageb_546875854173
9210 0.07211656123399734 0.03778323158621788 0.03494058921933174 imageu_546892871169
9220 0.023702140897512436 0.014059110544621944 0.034916095435619354 imagel_546962874438
9230 0.04249321296811104 0.025800252333283424 0.03490256145596504 imageu_546994873075
9240 0.04850113391876221 0.028435593470931053 0.03488864749670029 imageu_546997876076
9250 0.04780465364456177 0.029325731098651886 0.0348549447953701 imagef_547001880072
9260 0.0453568771481514 0.02903277985751629 0.03482169285416603 imageb_546926871803
9270 0.3853192925453186 0.35419362783432007 0.03479057550430298 imaged_546863875543
9280 0.03369532525539398 0.020949721336364746 0.034734442830085754 imaged_547043855348
9290 0.03227996081113815 0.02060079015791416 0.03466695547103882 imager_547157869236
9300 0.048615068197250366 0.02458355389535427 0.034626562148332596 imageb_547132877611
9310 0.047408927232027054 0.03123435005545616 0.03460199385881424 imageb_546968880435
9320 0.4765213131904602 0.41870710253715515 0.034541841596364975 imagel_546843855539
9330 0.06350872665643692 0.035598039627075195 0.03449572995305061 imagef_547057869336
9340 0.05648782104253769 0.03368797153234482 0.034478120505809784 imageb_547109854609
9350 0.029557043686509132 0.01709873601794243 0.034498777240514755 imaged_547133878607
9360 0.07005865126848221 0.040610507130622864 0.034531936049461365 imageu_546905884197
9370 0.045968055725097656 0.02754514105618 0.03452529385685921 imagef_547019864709
9380 0.04082923009991646 0.022249368950724602 0.03448624908924103 imageb_546897876191
9390 0.07326721400022507 0.057937778532505035 0.03445754945278168 imaged_546885864170
9400 0.1209651529788971 0.08927681297063828 0.03442800045013428 imageu_547147859235
9410 0.04674110189080238 0.028697693720459938 0.034398116171360016 imagef_547104882977
9420 0.04766593500971794 0.028143735602498055 0.034396618604660034 imageb_547121866605
9430 0.05418471246957779 0.030507873743772507 0.03438873961567879 imageu_546912857810
9440 0.04174474999308586 0.026519957929849625 0.03436093032360077 imageb_546985864078
9450 0.05347845330834389 0.036162540316581726 0.0343368723988533 imagef_546870882540
9460 0.04574129730463028 0.028252409771084785 0.034324150532484055 imagef_546996875070
9470 0.03204941004514694 0.020389774814248085 0.03433782979846001 imaged_547116861604
9480 0.055460475385189056 0.03278658539056778 0.03429579362273216 imageu_547001880072
9490 0.048705268651247025 0.03090028464794159 0.034230902791023254 imageb_547026871704
9500 0.055779822170734406 0.030385157093405724 0.03418904170393944 imageu_546877856173
9510 0.019230494275689125 0.01158827729523182 0.03416723012924194 imagel_546890869170
9520 0.05589661747217178 0.03621572256088257 0.03414154425263405 imagef_547123868601
9530 0.037896011024713516 0.028057320043444633 0.034131970256567 imager_547159871241
9540 0.03399747982621193 0.021321149542927742 0.03411809355020523 imaged_546970882435
9550 0.0186189953237772 0.011912347748875618 0.03407645225524902 imagel_547077855978
9560 0.3463976979255676 0.30611348152160645 0.034060198813676834 imagef_547191869875
9570 0.02508176676928997 0.0199710875749588 0.03405560180544853 imager_546882861171
9580 0.05941474065184593 0.03697840869426727 0.03400418162345886 imageb_547086864973
9590 0.03720938414335251 0.022748474031686783 0.03398078307509422 imageb_546931876806
9600 0.02666844055056572 0.017802290618419647 0.03396093472838402 imagel_546899878172
9610 0.03645182028412819 0.025107601657509804 0.03393102437257767 imaged_547160872234
9620 0.033155668526887894 0.01462414488196373 0.03389253094792366 imagel_547169881238
9630 0.05282454192638397 0.033099349588155746 0.033845607191324234 imagef_547133878607
9640 0.021010028198361397 0.012500956654548645 0.03382199630141258 imagel_547104882977
9650 0.019034814089536667 0.011892909184098244 0.033798545598983765 imagel_546931876806
9660 0.05578639358282089 0.03290567174553871 0.033745162189006805 imagef_547035880703
9670 0.06416256725788116 0.036822542548179626 0.03369846194982529 imageu_546939884803
9680 0.031967200338840485 0.02298399619758129 0.033635351806879044 imaged_547001880072
9690 0.05700356513261795 0.0328550823032856 0.03359850496053696 imageu_546916861809
9700 0.028742602095007896 0.022479400038719177 0.03355397656559944 imager_547028873712
9710 0.05650604888796806 0.03203801438212395 0.03348831832408905 imageu_547041853338
9720 0.05988946929574013 0.035819411277770996 0.03349517285823822 imageb_547154866233
9730 0.04326695203781128 0.026571786031126976 0.03353651985526085 imagef_547053865336
9740 0.03720524534583092 0.017941046506166458 0.03360254317522049 imagel_547172884238
9750 0.04387515038251877 0.02632332593202591 0.03363214433193207 imageu_547028873712
9760 0.01097572036087513 0.007866830565035343 0.03362538665533066 imagel_547094872971
9770 0.05378199741244316 0.029758013784885406 0.03362233191728592 imageu_547035880703
9780 0.05247475206851959 0.03275487199425697 0.03358588367700577 imageu_547079857970
9790 0.021815327927470207 0.012790141627192497 0.033548254519701004 imagel_547062874337
9800 0.04915619269013405 0.02991591766476631 0.033490732312202454 imaged_547072884335
9810 0.013034815900027752 0.00865000020712614 0.03345353528857231 imagel_546916861809
9820 0.214152529835701 0.14828720688819885 0.03345440700650215 imagel_547188866869
9830 0.08844596147537231 0.058493081480264664 0.033454254269599915 imagef_546888867171
9840 0.047358956187963486 0.030638540163636208 0.03346404433250427 imagef_546994873075
9850 0.047718022018671036 0.034478843212127686 0.03345556929707527 imaged_547147859235
9860 0.05456418916583061 0.03140408545732498 0.03343021869659424 imageu_546933878804
9870 0.05910134315490723 0.03546330705285072 0.033462878316640854 imagef_547160872234
9880 0.2610039710998535 0.22046303749084473 0.03347377851605415 imaged_547186864875
9890 0.028711004182696342 0.020403582602739334 0.0334518700838089 imagel_546989868066
9900 0.01275887992233038 0.008667496964335442 0.033431705087423325 imagel_546880859173
9910 0.037646546959877014 0.024366114288568497 0.03338885307312012 imaged_547118863609
9920 0.07242906093597412 0.04370245710015297 0.0333414189517498 imagef_546936881803
9930 0.6149622201919556 0.5221019983291626 0.03332694247364998 imageb_546839884906
9940 0.021926313638687134 0.017220398411154747 0.03330700844526291 imager_547033878707
9950 0.03701454773545265 0.02859354205429554 0.03328960761427879 imager_546938883810
9960 0.08119213581085205 0.06779418140649796 0.033264730125665665 imageu_547155867242
9970 0.38331225514411926 0.31014496088027954 0.03323795646429062 imageu_546848860533
9980 0.03156764432787895 0.024472780525684357 0.03321243077516556 imager_547104882977
9990 0.06396244466304779 0.037795305252075195 0.033195264637470245 imageu_547002881074
10000 0.3474442660808563 0.2983493208885193 0.0331607460975647 imagef_547184862870
10010 0.03810451924800873 0.02734941802918911 0.03314328193664551 imaged_546984863078
10020 0.3289952874183655 0.2748190760612488 0.03309960290789604 imageb_547201879876
10030 0.057581909000873566 0.03595784306526184 0.033077482134103775 imageu_547013858709
10040 0.5810254812240601 0.48936426639556885 0.0330197699368 imagef_546843855539
10050 0.054884567856788635 0.039888378232717514 0.03299852833151817 imaged_546900879170
10060 0.019326593726873398 0.01414612028747797 0.03300788253545761 imagel_547160872234
10070 0.05298881605267525 0.032488614320755005 0.0329936258494854 imageb_547152864241
10080 0.04389118403196335 0.030935242772102356 0.03293098136782646 imager_547160872234
10090 0.050716791301965714 0.03473376855254173 0.03289259597659111 imagef_547145857237
10100 0.3331551253795624 0.3084973990917206 0.032857414335012436 imaged_546865877539
10110 0.06355928629636765 0.03673495352268219 0.03280361741781235 imagef_546982861070
10120 0.041139811277389526 0.035002700984478 0.032746944576501846 imager_547024869702
10130 0.2720516324043274 0.2186448723077774 0.03272271156311035 imagef_547174852869
10140 0.057683978229761124 0.03422427549958229 0.03270217403769493 imageb_546885864170
10150 0.06788832694292068 0.047755226492881775 0.03268800675868988 imageb_546973885436
10160 0.052998386323451996 0.03161187097430229 0.032690949738025665 imagef_547026871704
10170 0.04244266077876091 0.02495683543384075 0.03268516808748245 imageb_546962874438
10180 0.05150698125362396 0.03252306953072548 0.03268047049641609 imageb_547149861238
10190 0.034845780581235886 0.023696474730968475 0.03270642086863518 imaged_547159871241
10200 0.043191514909267426 0.02821999602019787 0.03270961344242096 imageb_547091869975
10210 0.02201305516064167 0.014674018137156963 0.03271235153079033 imagel_546924869806
10220 0.8981505632400513 0.8723088502883911 0.03270157054066658 imager_547193871872
10230 0.03688051551580429 0.02538376860320568 0.03268583118915558 imaged_547041853338
10240 0.017985200509428978 0.015255051665008068 0.0326404944062233 imagel_546870882540
10250 0.05968533828854561 0.035952214151620865 0.03259842097759247 imagef_546984863078
10260 0.0492311492562294 0.03125732019543648 0.03255845606327057 imagef_547137882603
10270 0.0953904390335083 0.08473336696624756 0.03250708431005478 imageu_547152864241
10280 0.038563963025808334 0.031543586403131485 0.03246493265032768 imager_547135880603
10290 0.04012459143996239 0.02778581529855728 0.0324275828897953 imagef_546999878077
10300 0.028818689286708832 0.017294740304350853 0.03241701424121857 imagel_547024869702
10310 0.06147783249616623 0.028263522312045097 0.03238103166222572 imagel_547166878243
10320 0.05368661880493164 0.031923405826091766 0.03236939758062363 imageu_547004883077
10330 0.050202880054712296 0.031806398183107376 0.0323624387383461 imageb_546938883810
10340 0.05635148286819458 0.036478254944086075 0.03234219551086426 imageu_547115860606
10350 0.06218745559453964 0.03873353451490402 0.03234199434518814 imagef_547013858709
10360 0.03482314199209213 0.021098531782627106 0.032331086695194244 imaged_546945857437
10370 0.04367191344499588 0.0376228503882885 0.032318755984306335 imager_546970882435
10380 0.042996447533369064 0.032180145382881165 0.03229665011167526 imager_547087865974
10390 0.040969282388687134 0.027203112840652466 0.03226820379495621 imaged_546946858444
10400 0.22787629067897797 0.19282810389995575 0.03222554922103882 imaged_547200878871
10410 0.03188556432723999 0.027444234117865562 0.03219320625066757 imagel_547152864241
10420 0.02869727648794651 0.023503141477704048 0.032174449414014816 imager_546984863078
10430 0.05812184512615204 0.04198474809527397 0.03212308511137962 imaged_546897876191
10440 0.3065684735774994 0.26974523067474365 0.032094407826662064 imagef_547181859871
10450 0.05533818155527115 0.03361884132027626 0.032068200409412384 imageb_547101879972
10460 0.25977823138237 0.21940502524375916 0.03207128494977951 imaged_547186864875
10470 0.6155405044555664 0.5227111577987671 0.03207092359662056 imageb_546843855539
10480 0.028906892985105515 0.02211838774383068 0.032060250639915466 imager_547142854240
10490 0.017628945410251617 0.00975386705249548 0.03203902021050453 imagel_546892871169
10500 0.01626776158809662 0.010374157689511776 0.032022979110479355 imagel_547121866605
10510 0.471225380897522 0.3830934166908264 0.03200193867087364 imageb_547186864875
10520 0.03932621330022812 0.022786764428019524 0.031980033963918686 imageu_546951863443
10530 0.3209792375564575 0.253689706325531 0.03196459263563156 imageb_546851863543
10540 0.034091122448444366 0.01966048963367939 0.03197607398033142 imaged_547055867337
10550 0.041906993836164474 0.029489627107977867 0.031998101621866226 imager_547052864345
10560 0.0556291863322258 0.03171784058213234 0.03200157359242439 imageb_546922867806
10570 0.05261139199137688 0.034805167466402054 0.031962502747774124 imageu_547116861604
10580 0.03568919748067856 0.025072839111089706 0.03192925453186035 imaged_547089867973
10590 0.03592606261372566 0.02826143614947796 0.031902313232421875 imager_547086864973
10600 0.02663470059633255 0.017100589349865913 0.03189500793814659 imager_546894873172
10610 0.032307591289281845 0.021617403253912926 0.031916748732328415 imaged_547159871241
10620 0.02545033022761345 0.019672179594635963 0.0319252610206604 imager_546980859076
10630 0.01370655745267868 0.00942421518266201 0.031931307166814804 imagel_547055867337
10640 0.03986312076449394 0.022181343287229538 0.0319269560277462 imageb_546900879170
10650 0.03788340836763382 0.027185607701539993 0.031905435025691986 imaged_547157869236
10660 0.06320280581712723 0.03688107803463936 0.031867384910583496 imageu_546938883810
10670 0.05036061257123947 0.03046194091439247 0.03181906417012215 imagef_547028873712
10680 0.03235593065619469 0.021570462733507156 0.03179657459259033 imaged_547019864709
10690 0.013921231962740421 0.009106693789362907 0.031768906861543655 imagel_547026871704
10700 0.031675342470407486 0.025949157774448395 0.031737830489873886 imager_546890869170
10710 0.6463006138801575 0.5769742727279663 0.03171824291348457 imageu_546843855539
10720 0.01916663348674774 0.011139867827296257 0.03166898712515831 imagel_546919864808
10730 0.014443496242165565 0.013147263787686825 0.0316062830388546 imagel_546865877539
10740 0.0283593088388443 0.017330823466181755 0.03154418244957924 imaged_547092870974
10750 0.05430198833346367 0.03143174946308136 0.03149458393454552 imageu_546941853440
10760 0.09595193713903427 0.0800592303276062 0.03144241124391556 imaged_547169881238
10770 0.046665918081998825 0.03070702776312828 0.03143804520368576 imageb_546994873075
10780 0.017599046230316162 0.01045322883874178 0.03144596889615059 imagel_546948860438
10790 0.10261988639831543 0.0692078098654747 0.03145042806863785 imageb_547167879238
10800 0.1639682948589325 0.08573228120803833 0.03143567591905594 imageb_547174852869
10810 0.05048972740769386 0.027203388512134552 0.03143979236483574 imageu_546980859076
10820 0.11261825263500214 0.0702386423945427 0.03144517168402672 imagef_547166878243
10830 0.06439214199781418 0.037695009261369705 0.03145472705364227 imagef_546965877440
10840 0.036264244467020035 0.023407747969031334 0.0314534492790699 imaged_546972884442
10850 0.04753351956605911 0.03003968484699726 0.031444527208805084 imageu_547018863705
10860 0.0379590168595314 0.02138284593820572 0.03145136684179306 imaged_546982861070
10870 0.3456726372241974 0.28993135690689087 0.03143167868256569 imagef_547201879876
10880 0.03277409449219704 0.025373149663209915 0.031411733478307724 imager_546958870432
10890 0.04969964176416397 0.02997380867600441 0.03140901401638985 imageu_547098876976
10900 0.04859551414847374 0.029542719945311546 0.03142329305410385 imageu_547104882977
10910 0.5479611158370972 0.501246988773346 0.03142417222261429 imaged_546849861536
10920 0.04268589988350868 0.029018709436058998 0.03142991662025452 imageb_546953865434
10930 0.032599788159132004 0.028733447194099426 0.03140251711010933 imager_546926871803
10940 0.02938334457576275 0.022707972675561905 0.03135587275028229 imager_546875854173
10950 0.051789335906505585 0.03078504651784897 0.03133862838149071 imageb_547001880072
10960 0.04837537184357643 0.028935730457305908 0.0313510000705719 imageu_546946858444
10970 0.04974645376205444 0.03029823862016201 0.0313778892159462 imagef_547001880072
10980 0.04030386358499527 0.024291226640343666 0.03139517083764076 imageb_547011856705
10990 0.02749849297106266 0.01646154373884201 0.0314117893576622 imaged_547018863705
11000 0.018932616338133812 0.013059058226644993 0.03138943761587143 imagel_546912857810
11010 0.05782973766326904 0.023838112130761147 0.031361714005470276 imagel_547167879238
11020 0.05432607978582382 0.03484644740819931 0.031344324350357056 imagef_547135880603
11030 0.03166783228516579 0.02502906508743763 0.031319983303546906 imager_546975854071
11040 0.04447103664278984 0.02743019163608551 0.03130078315734863 imageb_547047859335
11050 0.058384969830513 0.03425911068916321 0.031286582350730896 imagef_547132877611
11060 0.04469936713576317 0.029705585911870003 0.03125021606683731 imageb_547062874337
11070 0.05157305300235748 0.041226260364055634 0.03124433197081089 imageu_546868880541
11080 0.027099916711449623 0.02060728706419468 0.031249603256583214 imager_546951863443
11090 0.06046730652451515 0.03559543937444687 0.03122883476316929 imagef_546950862437
11100 0.03604944422841072 0.024848587810993195 0.03119610622525215 imaged_547160872234
11110 0.2232273370027542 0.16290873289108276 0.03116193413734436 imageb_546853865537
11120 0.051405925303697586 0.031582001596689224 0.031149819493293762 imagef_547031876706
11130 0.02756727673113346 0.018857840448617935 0.031153753399848938 imagel_546987866076
11140 0.04462650418281555 0.0288222823292017 0.031159894540905952 imageb_547069881338
11150 0.06901951879262924 0.042712703347206116 0.031123651191592216 imagef_546946858444
11160 0.0397198460996151 0.028946196660399437 0.03109086863696575 imaged_547033878707
11170 0.047938764095306396 0.027843432500958443 0.031062284484505653 imageu_546987866076
11180 0.023896194994449615 0.015270324423909187 0.031034981831908226 imagel_547013858709
11190 0.050818223506212234 0.028670866042375565 0.03099970705807209 imageu_547053865336
11200 0.0347883366048336 0.019174188375473022 0.03095768205821514 imaged_547132877611
11210 0.01679450273513794 0.014511018991470337 0.030915675684809685 imagel_546868880541
11220 0.012151005677878857 0.008019347675144672 0.03089180402457714 imagel_547096874977
11230 0.028293568640947342 0.022236790508031845 0.03085225075483322 imager_546916861809
11240 0.038714390248060226 0.026333818212151527 0.030829399824142456 imagef_546865877539
11250 0.07001115381717682 0.03967631608247757 0.030815793201327324 imageu_546905884197
11260 0.046858545392751694 0.0312312301248312 0.030792182311415672 imaged_547101879972
11270 0.013855807483196259 0.010054148733615875 0.03074626624584198 imagel_547143855237
11280 0.05967707931995392 0.04150538146495819 0.030683666467666626 imageb_546973885436
11290 0.03183266147971153 0.016245655715465546 0.030667513608932495 imagel_547149861238
11300 0.01398453675210476 0.01020470168441534 0.03065463714301586 imagel_547142854240
11310 0.036764465272426605 0.016500480473041534 0.03064306266605854 imagel_547157869236
11320 0.013863051310181618 0.009475442580878735 0.030640166252851486 imagel_546972884442
11330 0.05603807419538498 0.03393668681383133 0.030633052811026573 imageb_547104882977
11340 0.39859893918037415 0.3392850160598755 0.03063344955444336 imagel_547201879876
11350 0.025567296892404556 0.016176939010620117 0.030624032020568848 imagel_547081859975
11360 0.0415363535284996 0.02575579844415188 0.03060871548950672 imageb_547050862335
11370 0.012579740956425667 0.009682906791567802 0.030588306486606598 imagel_547125870610
11380 0.6325972080230713 0.5560548305511475 0.030546844005584717 imageu_546844856539
11390 0.027111558243632317 0.021636735647916794 0.03051000088453293 imager_546956868435
11400 0.3636753261089325 0.3091399371623993 0.03050580620765686 imagel_547200878871
11410 0.055862490087747574 0.031390100717544556 0.0304985623806715 imageu_546895874174
11420 0.03378017619252205 0.024956461042165756 0.030464518815279007 imager_547154866233
11430 0.03017437271773815 0.018406273797154427 0.03042771853506565 imaged_547007852711
11440 0.04901065677404404 0.029365941882133484 0.030405212193727493 imageb_547150862236
11450 0.1676633059978485 0.14135892689228058 0.030406132340431213 imageu_547200878871
11460 0.041213106364011765 0.027850095182657242 0.03038112446665764 imaged_546958870432
11470 0.011518326587975025 0.008548226207494736 0.030331047251820564 imagel_546887866191
11480 0.042589426040649414 0.02707453817129135 0.03030809760093689 imageb_546985864078
11490 0.029714850708842278 0.02053927071392536 0.030306732282042503 imagel_546939884803
11500 0.5301830172538757 0.4125911593437195 0.030298013240098953 imageu_547196874870
11510 0.02185347117483616 0.0138093875721097 0.03029799461364746 imagel_547023868703
11520 0.044151026755571365 0.02869398146867752 0.030314983800053596 imageb_546970882435
11530 0.049449484795331955 0.035621125251054764 0.03033660724759102 imaged_546895874174
11540 0.06118333712220192 0.033942870795726776 0.030337197706103325 imagef_546900879170
11550 0.011545938439667225 0.008514325134456158 0.030342096462845802 imagel_546994873075
11560 0.07280213385820389 0.04370924457907677 0.030317237600684166 imagef_546968880435
11570 0.025716640055179596 0.020438896492123604 0.030282936990261078 imager_546882861171
11580 0.040404338389635086 0.022766659036278725 0.03026030957698822 imaged_547057869336
11590 0.022860249504446983 0.016963589936494827 0.030212968587875366 imagel_547152864241
11600 0.05782183259725571 0.05106639862060547 0.030178707093000412 imager_547106884970
11610 0.04590709134936333 0.028515761718153954 0.030151978135108948 imageb_546914859807
11620 0.06552629172801971 0.03975675627589226 0.030138051137328148 imageu_547009854705
11630 0.0398283451795578 0.028081726282835007 0.030119193717837334 imaged_546941853440
11640 0.3489563465118408 0.29951027035713196 0.030102280899882317 imageu_547177855874
11650 0.0692485049366951 0.053377822041511536 0.030091112479567528 imaged_547125870610
11660 0.02755487523972988 0.021769164130091667 0.030066419392824173 imager_546979858070
11670 0.05270544812083244 0.030076993629336357 0.030033929273486137 imageu_547058870341
11680 0.050865937024354935 0.03738659247756004 0.030006537213921547 imager_547057869336
11690 0.0341293066740036 0.023914460092782974 0.029966412112116814 imager_547040885702
11700 0.03896675258874893 0.02810755930840969 0.02991517446935177 imager_547043855348
11710 0.032550591975450516 0.024672381579875946 0.029885681346058846 imager_547070882331
11720 0.05117364227771759 0.03314134478569031 0.029887374490499496 imageu_547116861604
11730 0.050944700837135315 0.02857847884297371 0.029900049790740013 imageu_547024869702
11740 0.0367710180580616 0.02771482616662979 0.02990235574543476 imager_547060872343
11750 0.05393913760781288 0.031068457290530205 0.029896534979343414 imageu_547045857339
11760 0.054737117141485214 0.029918206855654716 0.029889781028032303 imageu_546902881194
11770 0.22944994270801544 0.21460013091564178 0.029874518513679504 imageu_547164876237
11780 0.062458764761686325 0.035174258053302765 0.02985844947397709 imagef_546968880435
11790 0.04115355387330055 0.02515113539993763 0.029878715053200722 imageb_547082860970
11800 0.4047485291957855 0.36140456795692444 0.02992122620344162 imaged_546854866535
11810 0.356516033411026 0.2892533242702484 0.029931357130408287 imagef_547205883874
11820 0.023057864978909492 0.012906711548566818 0.029929950833320618 imagel_546902881194
11830 0.04105694964528084 0.032079096883535385 0.02991090714931488 imaged_547002881074
11840 0.047951988875865936 0.035219091922044754 0.0298964511603117 imaged_546977856071
11850 0.05719709396362305 0.03663862124085426 0.029866361990571022 imagef_547011856705
11860 0.9064548015594482 0.8827312588691711 0.02985520102083683 imager_547183861871
11870 0.3537883162498474 0.3034481108188629 0.029857400804758072 imageb_547193871872
11880 0.03726436197757721 0.022135509178042412 0.029845625162124634 imageb_547050862335
11890 0.5476144552230835 0.49531587958335876 0.029828974977135658 imaged_546851863543
11900 0.029646629467606544 0.023884914815425873 0.02983091026544571 imager_547030875702
11910 0.045706842094659805 0.02790018729865551 0.02984403818845749 imageb_546905884197
11920 0.04920556768774986 0.030733471736311913 0.029842481017112732 imagef_547147859235
11930 0.0771641731262207 0.05677653104066849 0.029841206967830658 imageu_547137882603
11940 0.17926619946956635 0.1284763365983963 0.029813328757882118 imagef_547167879238
11950 0.03359285369515419 0.017714181914925575 0.02979021891951561 imageb_547074852968
11960 0.038099732249975204 0.026244519278407097 0.029772982001304626 imaged_546992871071
11970 0.022424183785915375 0.014147909358143806 0.02974485605955124 imagel_547176854870
11980 0.9035914540290833 0.879156768321991 0.029708944261074066 imager_547184862870
11990 0.05084791034460068 0.036202967166900635 0.02968643791973591 imaged_547096874977
12000 0.015621298924088478 0.009567205794155598 0.029683301225304604 imagel_547109854609
12010 0.04308153688907623 0.02751925401389599 0.029660606756806374 imagef_547082860970
12020 0.0365779772400856 0.02550186589360237 0.029642241075634956 imager_547160872234
12030 0.01837574690580368 0.010828092694282532 0.029604826122522354 imagel_547011856705
12040 0.02460842952132225 0.01139093842357397 0.029574302956461906 imagel_546982861070
12050 0.06999649852514267 0.045964282006025314 0.0295481588691473 imagef_547009854705
12060 0.01084116194397211 0.008845621719956398 0.029518550261855125 imagel_546883862169
12070 0.557040810585022 0.46884164214134216 0.029492337256669998 imageb_547189867877
12080 0.046655818819999695 0.03602723032236099 0.029447166249155998 imager_547075853978
12090 0.06314396858215332 0.03826290741562843 0.02940378151834011 imageu_547096874977
12100 0.04588424041867256 0.03076719120144844 0.029375169426202774 imageb_546873885533
12110 0.05427560955286026 0.034636422991752625 0.02935519814491272 imagef_546882861171
12120 0.06233906373381615 0.03366736322641373 0.02932274155318737 imagef_547159871241
12130 0.04688471183180809 0.026270929723978043 0.029297009110450745 imageb_547143855237
12140 0.012125265784561634 0.009222593158483505 0.029299531131982803 imagel_547069881338
12150 0.02536136284470558 0.014559833332896233 0.029279544949531555 imagel_546980859076
12160 0.06487837433815002 0.039280232042074203 0.029267512261867523 imagef_546946858444
12170 0.10040567070245743 0.07613157480955124 0.02928432822227478 imageu_547149861238
12180 0.053152065724134445 0.0320834256708622 0.029295718297362328 imageu_547013858709
12190 0.2627376317977905 0.1902783364057541 0.029303472489118576 imagel_547194872874
12200 0.0485004298388958 0.027064062654972076 0.029309187084436417 imageu_547053865336
12210 0.050367627292871475 0.02870112657546997 0.02930595725774765 imageu_547058870341
12220 0.03717833384871483 0.023278065025806427 0.02929091826081276 imaged_547069881338
12230 0.04635436832904816 0.03335904702544212 0.029272546991705894 imaged_547147859235
12240 0.06773282587528229 0.04096211865544319 0.02924317494034767 imagef_546965877440
12250 0.016617510467767715 0.009724011644721031 0.02922690100967884 imagel_547099877967
12260 0.06731411069631577 0.04075094312429428 0.02922927774488926 imageu_547060872343
12270 0.057400379329919815 0.03271470591425896 0.029219329357147217 imagef_547040885702
12280 0.056775037199258804 0.03712303191423416 0.029184456914663315 imageu_546861873539
12290 0.025861429050564766 0.016094094142317772 0.02914724498987198 imager_546922867806
12300 0.02295752614736557 0.01728552021086216 0.02913728728890419 imager_546956868435
12310 0.43840327858924866 0.37173977494239807 0.029139362275600433 imageb_546844856539
12320 0.04026968032121658 0.0246255025267601 0.029128968715667725 imagef_547091869975
12330 0.028909027576446533 0.02184350974857807 0.029102403670549393 imager_547115860606
12340 0.017427006736397743 0.009644366800785065 0.02907823771238327 imagel_546892871169
12350 0.054296668618917465 0.029920438304543495 0.02904762513935566 imageu_547036881708
12360 0.039961040019989014 0.02467167377471924 0.029027419164776802 imaged_546931876806
12370 0.03089829906821251 0.020363928750157356 0.02901546284556389 imaged_546979858070
12380 0.015998804941773415 0.011249220930039883 0.028994834050536156 imagel_546999878077
12390 0.01817184127867222 0.011016292497515678 0.02896745689213276 imagel_547128873606
12400 0.03665759414434433 0.026019258424639702 0.028931999579072 imaged_546984863078
12410 0.034547947347164154 0.02227041870355606 0.02891114354133606 imaged_546972884442
12420 0.2676594853401184 0.21090203523635864 0.028910819441080093 imaged_547191869875
12430 0.05171959847211838 0.03304428234696388 0.028933484107255936 imageu_547115860606
12440 0.024456150829792023 0.015284612774848938 0.028939951211214066 imagel_546962874438
12450 0.4029757082462311 0.3653157651424408 0.028922338038682938 imageu_547167879238
12460 0.02494806796312332 0.015059859491884708 0.028897082433104515 imagel_546943855437
12470 0.02749188430607319 0.019905563443899155 0.028877919539809227 imager_547103881966
12480 0.13860999047756195 0.11029371619224548 0.02886546589434147 imaged_547205883874
12490 0.6540831327438354 0.6335174441337585 0.02885325625538826 imager_547200878871
12500 0.2385735809803009 0.1717061698436737 0.028842801228165627 imageb_547184862870
12510 0.36756473779678345 0.30796751379966736 0.02883969433605671 imagel_546846858536
12520 0.24132102727890015 0.1823970228433609 0.02882455289363861 imageb_546856868537
12530 0.0462331622838974 0.028156446292996407 0.028802819550037384 imageb_546972884442
12540 0.037322625517845154 0.027646677568554878 0.028801657259464264 imaged_547004883077
12550 0.03645271435379982 0.022132495418190956 0.028784887865185738 imaged_547062874337
12560 0.038081586360931396 0.026434235274791718 0.02875867486000061 imager_547048860337
12570 0.07644133269786835 0.05520493909716606 0.028732793405652046 imageu_547128873606
12580 0.8360571265220642 0.7951706051826477 0.02871265634894371 imager_546839884906
12590 0.1679321676492691 0.11981123685836792 0.02869541198015213 imagel_547186864875
12600 0.0578949898481369 0.03003685362637043 0.028663165867328644 imageu_546967879439
12610 0.0217776820063591 0.014404171146452427 0.028621776029467583 imagel_546985864078
12620 0.043325990438461304 0.025717854499816895 0.028577428311109543 imageu_546931876806
12630 0.034132473170757294 0.023672107607126236 0.028530418872833252 imager_547043855348
12640 0.04883649945259094 0.029080506414175034 0.028527438640594482 imageu_547079857970
12650 0.04490546137094498 0.025720739737153053 0.028506994247436523 imageb_547057869336
12660 0.034064244478940964 0.024153996258974075 0.02850840426981449 imager_546982861070
12670 0.029262538999319077 0.022773513570427895 0.028505247086286545 imager_547092870974
12680 0.04502524435520172 0.029245344921946526 0.028498319908976555 imageu_546955867436
12690 0.018291480839252472 0.012404278852045536 0.028512969613075256 imagel_546912857810
12700 0.05516709387302399 0.031509313732385635 0.02851974405348301 imagef_546894873172
12710 0.0517200231552124 0.028579775243997574 0.028523962944746017 imageu_546984863078
12720 0.05935504660010338 0.03179924935102463 0.028499959036707878 imagef_546962874438
12730 0.3207263648509979 0.2709670066833496 0.028507685288786888 imagef_547200878871
12740 0.023362692445516586 0.017764994874596596 0.028501907363533974 imager_546928873809
12750 0.029598863795399666 0.023925159126520157 0.028490053489804268 imager_547036881708
12760 0.05164423584938049 0.030110929161310196 0.02848157286643982 imagef_546953865434
12770 0.05173129588365555 0.02928783744573593 0.02846229076385498 imageu_546933878804
12780 0.04945829510688782 0.030984409153461456 0.028435928747057915 imagef_547058870341
12790 0.011019532568752766 0.007917079143226147 0.028428025543689728 imagel_546994873075
12800 0.04678918048739433 0.03390628471970558 0.028404749929904938 imaged_546997876076
12810 0.013180608861148357 0.009078090079128742 0.028385281562805176 imagel_546953865434
12820 0.04140637814998627 0.026717297732830048 0.028374504297971725 imager_547072884335
12830 0.08133295923471451 0.05316592752933502 0.02835652232170105 imagef_546887866191
12840 0.014369546435773373 0.008959897793829441 0.028334075585007668 imagel_547118863609
12850 0.009931989014148712 0.006812600418925285 0.02828686684370041 imagel_547094872971
12860 0.016542324796319008 0.009792025201022625 0.028245557099580765 imagel_547111856605
12870 0.13696885108947754 0.0695236325263977 0.02821248769760132 imagef_547171883239
12880 0.5479291081428528 0.501246988773346 0.028225259855389595 imaged_546849861536
12890 0.08237256109714508 0.06490208953619003 0.02824011631309986 imaged_546880859173
12900 0.17671309411525726 0.11208003014326096 0.028230171650648117 imageb_547179857873
12910 0.17170722782611847 0.14213289320468903 0.0282040536403656 imageu_547201879876
12920 0.03867287188768387 0.02360624447464943 0.028187524527311325 imageb_547058870341
12930 0.036323368549346924 0.026348892599344254 0.028208425268530846 imager_547040885702
12940 0.01785372570157051 0.011172540485858917 0.02824615314602852 imagel_547074852968
12950 0.04751357063651085 0.03188289329409599 0.02825777605175972 imaged_547101879972
12960 0.05785186216235161 0.03446987271308899 0.028246257454156876 imageb_547118863609
12970 0.013595327734947205 0.008645350113511086 0.028230050578713417 imagel_547057869336
12980 0.04169758781790733 0.031089643016457558 0.028218593448400497 imager_547130875605
12990 0.055197570472955704 0.03228708356618881 0.028229309245944023 imageb_546885864170
13000 0.6680755615234375 0.6532107591629028 0.028231462463736534 imager_547169881238
13010 0.05444227531552315 0.033639952540397644 0.028207525610923767 imageu_547113858603
13020 0.019230129197239876 0.012226391583681107 0.02819758839905262 imagel_546979858070
13030 0.08907593786716461 0.06617218255996704 0.028198784217238426 imageu_547145857237
13040 0.019212698563933372 0.012226499617099762 0.02820185013115406 imagel_547006885077
13050 0.05816980451345444 0.03759225457906723 0.028208700940012932 imagef_547086864973
13060 0.041896890848875046 0.02460390329360962 0.028215868398547173 imageb_547089867973
13070 0.033663563430309296 0.01876065880060196 0.02822737768292427 imaged_547132877611
13080 0.04914257302880287 0.031997330486774445 0.028219593688845634 imagef_547157869236
13090 0.034145936369895935 0.023653090000152588 0.028221456333994865 imager_547081859975
13100 0.04356412962079048 0.025669975206255913 0.028210768476128578 imageb_547142854240
13110 0.049375034868717194 0.027904586866497993 0.028176238760352135 imageu_546960872437
13120 0.044771891087293625 0.027002349495887756 0.02813982591032982 imageb_547070882331
13130 0.09338738024234772 0.050728101283311844 0.028111657127738 imagef_546875854173
13140 0.0533950999379158 0.029710957780480385 0.02808959409594536 imageu_547101879972
13150 0.1792755424976349 0.17356620728969574 0.028070399537682533 imager_546865877539
13160 0.009354264475405216 0.008345017209649086 0.02804388850927353 imagel_546866878536
13170 0.08504506200551987 0.06676192581653595 0.02804107777774334 imageu_547150862236
13180 0.04036613926291466 0.03010731190443039 0.02802804671227932 imager_546909854806
13190 0.04529869556427002 0.027595797553658485 0.028019322082400322 imageb_546939884803
13200 0.02524983510375023 0.012398160994052887 0.028002485632896423 imagel_547164876237
13210 0.026378456503152847 0.020478153601288795 0.02798391506075859 imager_546984863078
13220 0.05366389825940132 0.030299797654151917 0.027958083897829056 imageb_547041853338
13230 0.5889458656311035 0.4952825903892517 0.02794964425265789 imagef_546846858536
13240 0.17745786905288696 0.10468574613332748 0.027935387566685677 imageb_547177855874
13250 0.052008289843797684 0.028112776577472687 0.027941357344388962 imageb_546982861070
13260 0.02623535878956318 0.01931637153029442 0.027952928096055984 imager_547120865600
13270 0.015825320035219193 0.01032384391874075 0.02795400097966194 imagel_546897876191
13280 0.03499903902411461 0.023398717865347862 0.027925856411457062 imaged_547108853603
13290 0.03607912361621857 0.016001110896468163 0.027904169633984566 imagel_547157869236
13300 0.2313746064901352 0.2155582755804062 0.02789282239973545 imageu_547164876237
13310 0.05021357163786888 0.030824853107333183 0.02789614163339138 imageu_547113858603
13320 0.0372544527053833 0.026530440896749496 0.02789740264415741 imaged_547033878707
13330 0.057251397520303726 0.03138956427574158 0.027891619130969048 imageu_546936881803
13340 0.048255786299705505 0.02882157638669014 0.027888106182217598 imageu_547098876976
13350 0.04911520704627037 0.026550712063908577 0.02788289450109005 imageu_546962874438
13360 0.057007115334272385 0.03230483829975128 0.027882175520062447 imageu_546883862169
13370 0.040972255170345306 0.024000637233257294 0.02787250094115734 imageu_546931876806
13380 0.6041164398193359 0.5055242776870728 0.027850821614265442 imageu_547186864875
13390 0.05809541046619415 0.043437033891677856 0.027830932289361954 imaged_546890869170
13400 0.0216334518045187 0.018748128786683083 0.02780056931078434 imager_546994873075
13410 0.022471517324447632 0.017081784084439278 0.02779645286500454 imager_546928873809
13420 0.6628573536872864 0.6414675116539001 0.027784140780568123 imager_547203881874
13430 0.02144988439977169 0.012800337746739388 0.027769163250923157 imagel_547013858709
13440 0.03922652825713158 0.029655225574970245 0.0277448408305645 imager_547060872343
13450 0.035222917795181274 0.02428111620247364 0.027713334187865257 imaged_546941853440
13460 0.029053542762994766 0.023116810247302055 0.027707500383257866 imager_547137882603
13470 0.04872983694076538 0.029448937624692917 0.02771511860191822 imageb_547152864241
13480 0.06101525202393532 0.03613748401403427 0.027721799910068512 imageu_547096874977
13490 0.040474168956279755 0.023914998397231102 0.02770211361348629 imageb_547035880703
13500 0.026585454121232033 0.015569979324936867 0.027702918276190758 imagel_547035880703
13510 0.05616329610347748 0.03504868224263191 0.027699679136276245 imageb_547098876976
13520 0.04400427266955376 0.03553584963083267 0.027721412479877472 imager_547128873606
13530 0.02576795034110546 0.018566753715276718 0.027735991403460503 imager_546917862811
13540 0.03081287443637848 0.021651901304721832 0.027724191546440125 imager_546895874174
13550 0.036006707698106766 0.026018725708127022 0.027716588228940964 imaged_547004883077
13560 0.018009783700108528 0.009894061833620071 0.02769816853106022 imagel_546960872437
13570 0.05147021636366844 0.027072224766016006 0.027708206325769424 imageb_547132877611
13580 0.23822219669818878 0.180741086602211 0.0277117807418108 imageb_546856868537
13590 0.036766041070222855 0.030815746635198593 0.027719881385564804 imager_547024869702
13600 0.02926773577928543 0.022273829206824303 0.027716463431715965 imager_547126871606
13610 0.02608003281056881 0.019870011135935783 0.02771487459540367 imager_546934879798
13620 0.9064332246780396 0.8827312588691711 0.02769617550075054 imager_547183861871
13630 0.510921835899353 0.44087091088294983 0.027658537030220032 imageu_547184862870
13640 0.04267241433262825 0.02665618062019348 0.027630837634205818 imagef_547053865336
13650 0.014947229065001011 0.008794319815933704 0.02760242484509945 imagel_547109854609
13660 0.043182071298360825 0.026385121047496796 0.02757211960852146 imageb_547092870974
13670 0.03140406310558319 0.01849459670484066 0.027537602931261063 imaged_547111856605
13680 0.5570210814476013 0.46884164214134216 0.02752006985247135 imageb_547189867877
13690 0.4383869767189026 0.37173977494239807 0.02750956267118454 imageb_546844856539
13700 0.039623159915208817 0.026195088401436806 0.02749089151620865 imaged_547126871606
13710 0.06087547913193703 0.033624306321144104 0.027475325390696526 imagef_547057869336
13720 0.5301547646522522 0.4125911593437195 0.027470368891954422 imageu_547196874870
13730 0.03197454661130905 0.024490272626280785 0.027451545000076294 imager_547143855237
13740 0.0307022612541914 0.018719641491770744 0.027443600818514824 imaged_547011856705
13750 0.07617886364459991 0.05840792879462242 0.02744961343705654 imageu_547142854240
13760 0.37833428382873535 0.3313562870025635 0.027447063475847244 imagef_547186864875
13770 0.04799919202923775 0.029378816485404968 0.027470581233501434 imageb_547018863705
13780 0.043539244681596756 0.024321315810084343 0.027495356276631355 imageb_546902881194
13790 0.23938843607902527 0.1828431934118271 0.027512390166521072 imageu_547193871872
13800 0.01781071536242962 0.010972642339766026 0.02750207856297493 imagel_546931876806
13810 0.027540141716599464 0.021251888945698738 0.027469662949442863 imager_546951863443
13820 0.03189234435558319 0.020256055518984795 0.027435600757598877 imaged_546987866076
13830 0.01787722110748291 0.011340077966451645 0.027401769533753395 imagel_547077855978
13840 0.053016770631074905 0.03255511820316315 0.027367090806365013 imagef_547147859235
13850 0.058164454996585846 0.032186929136514664 0.02734745666384697 imagef_546900879170
13860 0.018816275522112846 0.01154440175741911 0.027333449572324753 imagel_546924869806
13870 0.04293052479624748 0.036896176636219025 0.027318932116031647 imager_547140885602
13880 0.046852994710206985 0.03195202350616455 0.027307627722620964 imaged_546928873809
13890 0.028212713077664375 0.021460067480802536 0.027301419526338577 imager_547001880072
13900 0.029936350882053375 0.023626256734132767 0.027289187535643578 imager_547138883611
13910 0.03893688693642616 0.02338148094713688 0.027270391583442688 imagef_547067879338
13920 0.055575814098119736 0.032586708664894104 0.027258407324552536 imagef_546984863078
13930 0.0138501962646842 0.009983782656490803 0.027262331917881966 imagel_547053865336
13940 0.04598330333828926 0.02866889350116253 0.027253856882452965 imageu_547019864709
13950 0.04564416781067848 0.029393577948212624 0.02721947617828846 imageb_547033878707
13960 0.09028179198503494 0.04922204464673996 0.027183424681425095 imagef_546861873539
13970 0.8981712460517883 0.8775973916053772 0.027160843834280968 imager_546858870537
13980 0.8883646726608276 0.8601586818695068 0.027133643627166748 imager_547194872874
13990 0.028776058927178383 0.019207993522286415 0.027111869305372238 imaged_546955867436
14000 0.0444708913564682 0.026232345029711723 0.027100615203380585 imageb_546904883185
14010 0.026604775339365005 0.014504526741802692 0.027092572301626205 imagel_547060872343
14020 0.36754730343818665 0.30796751379966736 0.027096237987279892 imagel_546846858536
14030 0.05683838948607445 0.04009321331977844 0.027082515880465508 imaged_546897876191
14040 0.012431059032678604 0.00846686027944088 0.027053849771618843 imagel_547096874977
14050 0.02739809639751911 0.022590473294258118 0.02701973170042038 imager_546953865434
14060 0.042073946446180344 0.027166634798049927 0.026997419074177742 imageb_547067879338
14070 0.011089155450463295 0.008030734956264496 0.026984481140971184 imagel_546887866191
14080 0.03532968461513519 0.027187904343008995 0.02697642147541046 imager_547154866233
14090 0.05640391632914543 0.03356269747018814 0.026981906965374947 imagef_547035880703
14100 0.04368237033486366 0.025931354612112045 0.026997512206435204 imageu_547033878707
14110 0.05146097019314766 0.03088470734655857 0.027001429349184036 imageb_547121866605
14120 0.03892024606466293 0.024286633357405663 0.027002261951565742 imageb_546956868435
14130 0.3218020498752594 0.25408151745796204 0.026991702616214752 imageb_546851863543
14140 0.0401165634393692 0.02809375897049904 0.02698681876063347 imaged_547142854240
14150 0.07174859195947647 0.04277682676911354 0.026968887075781822 imagef_546968880435
14160 0.028696998953819275 0.017586184665560722 0.026954250410199165 imaged_546968880435
14170 0.08149582892656326 0.044410329312086105 0.026946652680635452 imagef_546907852806
14180 0.050262026488780975 0.02920016646385193 0.02695007622241974 imageu_546919864808
14190 0.09031346440315247 0.0454297699034214 0.026942657306790352 imagef_546877856173
14200 0.037607911974191666 0.02442363277077675 0.02693057619035244 imageb_546955867436
14210 0.02257961966097355 0.0192430280148983 0.026910463348031044 imager_546990869071
14220 0.050475988537073135 0.030287982895970345 0.026889516040682793 imageb_546887866191
14230 0.0174473337829113 0.010589496232569218 0.026864269748330116 imagel_547135880603
14240 0.07978509366512299 0.0626351535320282 0.026830218732357025 imaged_546880859173
14250 0.010208415798842907 0.00765426829457283 0.026796715334057808 imagel_546992871071
14260 0.11539718508720398 0.09318635612726212 0.026761306449770927 imaged_546877856173
14270 0.012672283686697483 0.008597872219979763 0.02675732597708702 imagel_547123868601
14280 0.05558816343545914 0.03450685366988182 0.02673906646668911 imagef_547014859704
14290 0.24110476672649384 0.19425545632839203 0.02672570012509823 imaged_547201879876
14300 0.5276909470558167 0.4822539985179901 0.02670726552605629 imaged_546846858536
14310 0.3827867805957794 0.3099367916584015 0.026682591065764427 imageu_546848860533
14320 0.06426453590393066 0.03677855804562569 0.02665364183485508 imageu_546939884803
14330 0.02910025045275688 0.018124418333172798 0.026642819866538048 imaged_547006885077
14340 0.04623428359627724 0.03699987009167671 0.02665475383400917 imageu_546868880541
14350 0.0358714796602726 0.0207953043282032 0.026665128767490387 imageb_546926871803
14360 0.00959334708750248 0.006857626140117645 0.02665962465107441 imagel_547091869975
14370 0.0416860356926918 0.028896907344460487 0.02664252184331417 imaged_547147859235
14380 0.03919444605708122 0.022449573501944542 0.026621637865900993 imageb_546943855437
14390 0.025832993909716606 0.015811096876859665 0.026649050414562225 imaged_546968880435
14400 0.04860536754131317 0.027737746015191078 0.02667294070124626 imageu_546911856805
14410 0.01557621918618679 0.013179988600313663 0.026689644902944565 imager_546866878536
14420 0.08387268334627151 0.0458126924932003 0.026701146736741066 imagef_546858870537
14430 0.01807291805744171 0.00926950853317976 0.02670414000749588 imagel_547137882603
14440 0.03573789820075035 0.025924446061253548 0.026688558980822563 imager_547043855348
14450 0.046370167285203934 0.026490340009331703 0.02667168714106083 imageb_547004883077
14460 0.017747920006513596 0.009194472804665565 0.026653628796339035 imagel_547072884335
14470 0.04542528837919235 0.026037316769361496 0.026632219552993774 imageu_546965877440
14480 0.3395272195339203 0.29353880882263184 0.02659943699836731 imagef_547184862870
14490 0.04027282074093819 0.019689608365297318 0.02657502517104149 imageb_547072884335
14500 0.04040500894188881 0.02214459329843521 0.026555271819233894 imageb_546902881194
14510 0.03662186861038208 0.02256425842642784 0.026529213413596153 imaged_547084862980
14520 0.048257261514663696 0.02484380267560482 0.02652183175086975 imageb_547132877611
14530 0.047282759100198746 0.025655513629317284 0.0265288557857275 imageu_546972884442
14540 0.01513070147484541 0.0090956324711442 0.026529544964432716 imagel_547109854609
14550 0.03499609977006912 0.022454435005784035 0.026534557342529297 imaged_547106884970
14560 0.020953988656401634 0.011710921302437782 0.02654101885855198 imagel_546962874438
14570 0.05394221842288971 0.032412055879831314 0.026542101055383682 imageb_546997876076
14580 0.04548027366399765 0.02818918414413929 0.02654639445245266 imageu_547089867973
14590 0.030893774703145027 0.02052263356745243 0.02654063142836094 imaged_547149861238
14600 0.025003613904118538 0.015891415998339653 0.02654222585260868 imagel_546900879170
14610 0.043297939002513885 0.02662351354956627 0.02653304487466812 imageb_546999878077
14620 0.03158692643046379 0.01969798654317856 0.02650829404592514 imaged_546950862437
14630 0.06532511860132217 0.038159292191267014 0.02647216245532036 imagef_546970882435
14640 0.0193837508559227 0.01189448218792677 0.02643291838467121 imagel_546965877440
14650 0.029037853702902794 0.022561470046639442 0.02640235610306263 imager_547026871704
14660 0.03485511988401413 0.02404331974685192 0.026396051049232483 imaged_546984863078
14670 0.48815131187438965 0.431058794260025 0.026392551138997078 imagel_546839884906
14680 0.040522169321775436 0.023077283054590225 0.02641153708100319 imageb_547018863705
14690 0.15583936870098114 0.12392739206552505 0.02641957253217697 imaged_547206884871
14700 0.057681500911712646 0.032317228615283966 0.026430590078234673 imagef_547040885702
14710 0.03374657779932022 0.014576355926692486 0.026404213160276413 imagel_547172884238
14720 0.14734557271003723 0.10800889134407043 0.026379521936178207 imageb_546861873539
14730 0.029846973717212677 0.01894969493150711 0.026344096288084984 imaged_547086864973
14740 0.026540229097008705 0.017243459820747375 0.026298455893993378 imaged_546955867436
14750 0.2683617174625397 0.21685820817947388 0.02627715654671192 imagef_547174852869
14760 0.03760703280568123 0.024732327088713646 0.02628602460026741 imaged_547065877343
14770 0.05164096876978874 0.02766341157257557 0.0262921042740345 imageu_546890869170
14780 0.31865137815475464 0.2771607041358948 0.02628076635301113 imaged_547196874870
14790 0.03664383664727211 0.021988380700349808 0.026266001164913177 imageb_546911856805
14800 0.5466505885124207 0.5007677674293518 0.026262691244482994 imaged_546848860533
14810 0.01701454631984234 0.012997361831367016 0.026262281462550163 imagel_546871883543
14820 0.04764701426029205 0.028837695717811584 0.026241691783070564 imageu_547082860970
14830 0.04124699905514717 0.024374766275286674 0.026231862604618073 imageb_547021866708
14840 0.03798282518982887 0.02922995574772358 0.02622598223388195 imageu_546863875543
14850 0.03191284462809563 0.023036165162920952 0.026211246848106384 imager_547159871241
14860 0.04879152029752731 0.026108575984835625 0.026208922266960144 imageu_546962874438
14870 0.07180782407522202 0.03506648167967796 0.026216110214591026 imageu_547072884335
14880 0.05084585025906563 0.02874349243938923 0.026203297078609467 imagef_546894873172
14890 0.032559771090745926 0.02346891351044178 0.026207247748970985 imager_547009854705
14900 0.01691192202270031 0.010154392570257187 0.026197634637355804 imagel_547140885602
14910 0.03154147043824196 0.020166883245110512 0.0261860229074955 imaged_546924869806
14920 0.03967443108558655 0.026738446205854416 0.026160074397921562 imager_547132877611
14930 0.08670574426651001 0.07351726293563843 0.02613455057144165 imaged_547167879238
14940 0.05969195440411568 0.03380362689495087 0.026163186877965927 imagef_546922867806
14950 0.02841249294579029 0.0227600559592247 0.026189206168055534 imager_546890869170
14960 0.3781180679798126 0.3065645098686218 0.02620411477982998 imageu_546848860533
14970 0.06292996555566788 0.04208790883421898 0.02621401473879814 imagef_547030875702
14980 0.02034008502960205 0.010463199578225613 0.026199156418442726 imagel_546854866535
14990 0.03285902366042137 0.022962121292948723 0.026182735338807106 imager_547040885702
15000 0.014976735226809978 0.009154010564088821 0.02617281675338745 imagel_547145857237
15010 0.025075718760490417 0.0193245317786932 0.026162028312683105 imager_547091869975
15020 0.05625806748867035 0.032069891691207886 0.02614711970090866 imageb_546877856173
15030 0.05406220629811287 0.03297347202897072 0.026132259517908096 imageb_546882861171
15040 0.042496778070926666 0.026676611974835396 0.026127047836780548 imagef_546994873075
15050 0.01310920063406229 0.009715406224131584 0.026136131957173347 imagel_547126871606
15060 0.0354292131960392 0.022248083725571632 0.026142971590161324 imaged_546967879439
15070 0.0372636504471302 0.022708898410201073 0.026141569018363953 imaged_546951863443
15080 0.04275372624397278 0.026873772963881493 0.02613556571304798 imageb_547031876706
15090 0.03288736194372177 0.0258122980594635 0.026119504123926163 imager_547150862236
15100 0.042689353227615356 0.026766451075673103 0.026101062074303627 imagef_547053865336
15110 0.016373232007026672 0.01405908353626728 0.026080837473273277 imager_546868880541
15120 0.051727235317230225 0.032590363174676895 0.026073087006807327 imageu_547115860606
15130 0.03157951310276985 0.02404250018298626 0.026081526651978493 imager_546958870432
15140 0.03354066610336304 0.02616213820874691 0.02608368545770645 imager_546880859173
15150 0.09220554679632187 0.06088952347636223 0.02607143111526966 imageu_546888867171
15160 0.3382968008518219 0.3053043782711029 0.026051204651594162 imaged_546860872536
15170 0.05874437838792801 0.032452456653118134 0.026042280718684196 imageb_546892871169
15180 0.050103235989809036 0.027461472898721695 0.02601705677807331 imageu_547070882331
15190 0.33744654059410095 0.30095431208610535 0.026002652943134308 imaged_546858870537
15200 0.04705759882926941 0.03270292654633522 0.02599301189184189 imagef_547154866233
15210 0.05037820339202881 0.027823785319924355 0.025977250188589096 imageu_547024869702
15220 0.038354597985744476 0.025379113852977753 0.0259614996612072 imager_546967879439
15230 0.9233302474021912 0.9038711190223694 0.025943096727132797 imager_547177855874
15240 0.014224314130842686 0.009299907833337784 0.025915689766407013 imagel_547106884970
15250 0.30193373560905457 0.2730874717235565 0.025896621868014336 imaged_546861873539
15260 0.04766678437590599 0.028854088857769966 0.02587634138762951 imagef_547084862980
15270 0.6626737713813782 0.6412703394889832 0.025851977989077568 imager_547203881874
15280 0.050063345581293106 0.03022836521267891 0.02583092451095581 imagef_547028873712
15290 0.3627861440181732 0.2910023331642151 0.0258248932659626 imaged_547198876871
15300 0.05378853902220726 0.03260710835456848 0.025827286764979362 imageu_547113858603
15310 0.04959328845143318 0.031301435083150864 0.02580988220870495 imageb_546938883810
15320 0.0195924025028944 0.011517771519720554 0.02578163892030716 imagel_547023868703
15330 0.17529766261577606 0.14854362607002258 0.025741053745150566 imaged_547172884238
15340 0.3897327482700348 0.3252004086971283 0.025733960792422295 imagel_546848860533
15350 0.05448810011148453 0.03457405045628548 0.02572275511920452 imageu_547030875702
15360 0.04698195680975914 0.036160048097372055 0.025699719786643982 imager_547075853978
15370 0.0543239526450634 0.03379705548286438 0.025669781491160393 imagef_547011856705
15380 0.022302260622382164 0.018967920914292336 0.025646159425377846 imager_546871883543
15390 0.02248617634177208 0.018627744168043137 0.02562565915286541 imager_546887866191
15400 0.041086968034505844 0.026467695832252502 0.025594880804419518 imageb_546992871071
15410 0.0529915913939476 0.03330877795815468 0.025576980784535408 imageb_547052864345
15420 0.040652163326740265 0.028807276859879494 0.025569282472133636 imager_547147859235
15430 0.05692484974861145 0.0319921113550663 0.025558754801750183 imageb_546982861070
15440 0.026762312278151512 0.02040228247642517 0.025551853701472282 imager_546951863443
15450 0.01769292913377285 0.0101233571767807 0.0255531407892704 imagel_546890869170
15460 0.03638925403356552 0.021577663719654083 0.025548037141561508 imaged_547024869702
15470 0.035334404557943344 0.021700691431760788 0.025544026866555214 imaged_547069881338
15480 0.0273287296295166 0.020914897322654724 0.025547649711370468 imager_546875854173
15490 0.08955740183591843 0.05200990289449692 0.02554105594754219 imagef_546916861809
15500 0.07763699442148209 0.05542464554309845 0.025546301156282425 imageb_547096874977
15510 0.017847752198576927 0.010450520552694798 0.025547152385115623 imagel_547011856705
15520 0.5034427046775818 0.40918153524398804 0.02553294040262699 imagef_546849861536
15530 0.06004122644662857 0.03671650588512421 0.025504983961582184 imagef_547106884970
15540 0.04876258596777916 0.029138483107089996 0.025490129366517067 imageu_547103881966
15550 0.03155413269996643 0.02210734225809574 0.025493072345852852 imager_546877856173
15560 0.05596676468849182 0.033200860023498535 0.02548014186322689 imagef_547035880703
15570 0.03179134801030159 0.021118255332112312 0.025471700355410576 imaged_547115860606
15580 0.05171450227499008 0.03135097771883011 0.02545147016644478 imagef_547140885602
15590 0.03645067662000656 0.024301802739501 0.025458425283432007 imaged_546992871071
15600 0.06124729663133621 0.039419107139110565 0.025461852550506592 imageb_546975854071
15610 0.015526113100349903 0.011332707479596138 0.025451846420764923 imagel_547052864345
15620 0.058472320437431335 0.03013189323246479 0.02542818710207939 imageu_546967879439
15630 0.026137473061680794 0.01854904368519783 0.025410529226064682 imager_546972884442
15640 0.011178823187947273 0.008262703195214272 0.02540835179388523 imagel_547125870610
15650 0.05706223100423813 0.03949890285730362 0.025407202541828156 imageu_547126871606
15660 0.6623345017433167 0.640964150428772 0.025419915094971657 imager_547203881874
15670 0.500392735004425 0.43795451521873474 0.02542569302022457 imageb_547206884871
15680 0.020991718396544456 0.011844574473798275 0.025422601029276848 imagel_546977856071
15690 0.02672938071191311 0.015877367928624153 0.025427237153053284 imagel_547035880703
15700 0.038126248866319656 0.0220241267234087 0.025441769510507584 imageb_546945857437
15710 0.4130399525165558 0.36467456817626953 0.025434205308556557 imaged_547194872874
15720 0.05767770856618881 0.03266084939241409 0.0254217479377985 imagef_547040885702
15730 0.029161885380744934 0.017965087667107582 0.025411350652575493 imaged_547006885077
15740 0.032699860632419586 0.021562151610851288 0.025401484221220016 imaged_546992871071
15750 0.05051299184560776 0.030130580067634583 0.025403646752238274 imagef_547055867337
15760 0.02365332841873169 0.016579631716012955 0.02539963833987713 imager_547064876339
15770 0.02387905679643154 0.010184358805418015 0.025404468178749084 imagel_547181859871
15780 0.03835582360625267 0.02956409752368927 0.02540184184908867 imageu_546863875543
15790 0.8375230431556702 0.8234853744506836 0.025388384237885475 imager_547171883239
15800 0.17071205377578735 0.1365409940481186 0.02536599524319172 imageu_546856868537
15810 0.04357757046818733 0.026175273582339287 0.02535543404519558 imageb_546938883810
15820 0.05025612562894821 0.04254313185811043 0.02534382790327072 imager_547106884970
15830 0.04036996513605118 0.023764176294207573 0.025339365005493164 imageb_546999878077
15840 0.3569355607032776 0.2886914014816284 0.025345224887132645 imagef_547205883874
15850 0.03572414442896843 0.029433194547891617 0.025352533906698227 imager_547024869702
15860 0.04244128614664078 0.027421673759818077 0.025340337306261063 imageb_546926871803
15870 0.018638072535395622 0.011686844751238823 0.025328394025564194 imagel_547006885077
15880 0.9064093232154846 0.8827312588691711 0.02530747279524803 imager_547183861871
15890 0.02511926181614399 0.014537154696881771 0.02529907412827015 imagel_546980859076
15900 0.013751853257417679 0.008844651281833649 0.02527778223156929 imagel_547106884970
15910 0.057424675673246384 0.032599836587905884 0.025274550542235374 imagef_546982861070
15920 0.04301026463508606 0.025736605748534203 0.025265328586101532 imageu_547018863705
15930 0.570304811000824 0.4796903133392334 0.025262055918574333 imageb_547191869875
15940 0.08345315605401993 0.05788155272603035 0.025241641327738762 imageu_547140885602
15950 0.2673606872558594 0.21661822497844696 0.025241794064641 imagef_547174852869
15960 0.044067539274692535 0.026402899995446205 0.02527426742017269 imageb_547070882331
15970 0.046175844967365265 0.026533430442214012 0.025295594707131386 imageb_546967879439
15980 0.017608143389225006 0.010907241143286228 0.025315947830677032 imagel_547045857339
15990 0.017351659014821053 0.01100595947355032 0.025326211005449295 imagel_546975854071
16000 0.04791547730565071 0.026183558627963066 0.025329183787107468 imagef_546945857437
16010 0.009575494565069675 0.007746415212750435 0.025320719927549362 imagel_546882861171
16020 0.09610647708177567 0.07121390104293823 0.025308577343821526 imageu_547159871241
16030 0.03460792452096939 0.02098609320819378 0.025316860526800156 imageb_547058870341
16040 0.035160697996616364 0.026181476190686226 0.02533799037337303 imager_547021866708
16050 0.055512990802526474 0.03494426980614662 0.02534865029156208 imagef_546871883543
16060 0.05710165575146675 0.03373675420880318 0.02534732222557068 imagef_547149861238
16070 0.051487311720848083 0.036622826009988785 0.025337262079119682 imaged_546900879170
16080 0.12468627095222473 0.08415599167346954 0.025319552049040794 imagel_547189867877
16090 0.043403204530477524 0.026236005127429962 0.025291474536061287 imaged_546919864808
16100 0.06030045077204704 0.034203581511974335 0.025259485468268394 imageb_547137882603
16110 0.04792117699980736 0.0287712961435318 0.0252400990575552 imagef_547121866605
16120 0.038497377187013626 0.028875499963760376 0.025227423757314682 imager_547128873606
16130 0.20204448699951172 0.17139960825443268 0.025198332965373993 imaged_547174852869
16140 0.013785170391201973 0.009605391882359982 0.02516378089785576 imagel_546917862811
16150 0.05008264258503914 0.02756436914205551 0.025143561884760857 imageb_547048860337
16160 0.212363600730896 0.15236012637615204 0.025129809975624084 imagef_547172884238
16170 0.01934950426220894 0.011987457051873207 0.025133341550827026 imagel_546965877440
16180 0.028503956273198128 0.02072121575474739 0.02515777386724949 imager_546878857194
16190 0.030003555119037628 0.01415504515171051 0.02515283413231373 imagel_547154866233
16200 0.0367596372961998 0.025099143385887146 0.025141984224319458 imageb_546871883543
16210 0.02399822138249874 0.015387311577796936 0.025126438587903976 imagel_546987866076
16220 0.029170792549848557 0.018137356266379356 0.025098377838730812 imageb_546929874807
16230 0.5562899708747864 0.4616989493370056 0.025085268542170525 imagef_546848860533
16240 0.5676167011260986 0.5054011940956116 0.025067806243896484 imageb_547203881874
16250 0.03297565504908562 0.01573978364467621 0.02503909170627594 imagel_547162874244
16260 0.026685843244194984 0.015642093494534492 0.025021398440003395 imaged_546962874438
16270 0.030023446306586266 0.02226274088025093 0.024992022663354874 imager_547070882331
16280 0.017183927819132805 0.011664320714771748 0.024965979158878326 imagel_546933878804
16290 0.028672434389591217 0.016650432720780373 0.02494385652244091 imaged_547035880703
16300 0.06379495561122894 0.03616167977452278 0.02492513693869114 imageb_547113858603
16310 0.023269467055797577 0.01597599685192108 0.02491161599755287 imager_546917862811
16320 0.30770713090896606 0.25540557503700256 0.024891706183552742 imagef_547198876871
16330 0.05195470154285431 0.029376158490777016 0.024873774498701096 imageu_547001880072
16340 0.04985470697283745 0.03067999705672264 0.024861136451363564 imageb_547152864241
16350 0.04714936763048172 0.02712894044816494 0.02484842576086521 imaged_546907852806
16360 0.051695942878723145 0.03125234320759773 0.024844035506248474 imageu_547081859975
16370 0.04135360196232796 0.025149308145046234 0.0248278696089983 imageb_547028873712
16380 0.25729063153266907 0.21894076466560364 0.024828379973769188 imageu_546854866535
16390 0.03747651353478432 0.023184390738606453 0.024828553199768066 imageu_547062874337
16400 0.02142106555402279 0.01083616353571415 0.02482711523771286 imagel_546905884197
16410 0.024547595530748367 0.017937643453478813 0.024811796844005585 imagel_546934879798
16420 0.07799609005451202 0.04262722656130791 0.02480192855000496 imagef_546892871169
16430 0.053832706063985825 0.030706869438290596 0.024781782180070877 imageu_546885864170
16440 0.024707606062293053 0.016215447336435318 0.02475147508084774 imagel_547033878707
16450 0.07081996649503708 0.04966708645224571 0.024721167981624603 imageu_547128873606
16460 0.4060392677783966 0.3502783477306366 0.024704672396183014 imageb_547200878871
16470 0.05219108611345291 0.0343298614025116 0.024696169421076775 imagef_547157869236
16480 0.054103586822748184 0.031804408878088 0.02468928135931492 imagef_547021866708
16490 0.017604846507310867 0.010561845265328884 0.02468610368669033 imagel_547103881966
16500 0.02709124982357025 0.02123238518834114 0.024693485349416733 imager_546890869170
16510 0.037260930985212326 0.026484906673431396 0.024686280637979507 imaged_547033878707
16520 0.03894391655921936 0.022010894492268562 0.024674370884895325 imageu_546992871071
16530 0.02494826167821884 0.018405571579933167 0.024673737585544586 imager_547092870974
16540 0.34543848037719727 0.3056381642818451 0.024682501330971718 imagef_547191869875
16550 0.027782540768384933 0.01767767407000065 0.024678291752934456 imaged_546956868435
16560 0.11570549756288528 0.08473525196313858 0.024687306955456734 imageu_547132877611
16570 0.04579826816916466 0.028139105066657066 0.024684205651283264 imageu_547031876706
16580 0.041668158024549484 0.024289950728416443 0.02467178739607334 imageu_546931876806
16590 0.047018084675073624 0.026829736307263374 0.024672221392393112 imageu_546965877440
16600 0.6185835003852844 0.5266779065132141 0.024678094312548637 imageb_546841853547
16610 0.041809216141700745 0.02693168818950653 0.024688346311450005 imaged_546943855437
16620 0.011963319964706898 0.009272436611354351 0.02467668056488037 imagel_547094872971
16630 0.04956069216132164 0.026257390156388283 0.024662496522068977 imageu_547041853338
16640 0.05627796798944473 0.03317089378833771 0.024651456624269485 imagef_547038883711
16650 0.05513284355401993 0.032775282859802246 0.024650203064084053 imageb_547155867242
16660 0.03190311789512634 0.02529413253068924 0.02465139701962471 imager_546963875440
16670 0.042443059384822845 0.024908222258090973 0.02464083954691887 imaged_547087865974
16680 0.05298871174454689 0.03845721855759621 0.024625224992632866 imagef_547154866233
16690 0.029954196885228157 0.019753549247980118 0.024614272639155388 imaged_547038883711
16700 0.13102702796459198 0.06546835601329803 0.024598168209195137 imagef_547171883239
16710 0.05320651829242706 0.0372016616165638 0.024602597579360008 imageu_547121866605
16720 0.06766331195831299 0.03886321187019348 0.02459285408258438 imagef_546917862811
16730 0.02315623126924038 0.017382683232426643 0.024589762091636658 imager_546928873809
16740 0.05465114489197731 0.03239823505282402 0.024592535570263863 imageb_547154866233
16750 0.02780657820403576 0.016224704682826996 0.024599269032478333 imaged_546980859076
16760 0.2267453372478485 0.1919717788696289 0.024617141112685204 imaged_547200878871
16770 0.23950301110744476 0.18316002190113068 0.024644633755087852 imageu_547193871872
16780 0.03495834022760391 0.023165132850408554 0.024663688614964485 imager_547048860337
16790 0.1563711315393448 0.12400288134813309 0.024677244946360588 imaged_547206884871
16800 0.46395447850227356 0.4149811267852783 0.024668734520673752 imaged_546843855539
16810 0.03193408623337746 0.019669918343424797 0.024651583284139633 imaged_546970882435
16820 0.04494195431470871 0.02957669273018837 0.024618210271000862 imaged_546973885436
16830 0.03982758894562721 0.024407390505075455 0.024598807096481323 imageb_546985864078
16840 0.051905181258916855 0.029986869543790817 0.0245982576161623 imagef_547120865600
16850 0.06978220492601395 0.0454576276242733 0.024595344439148903 imageu_546860872536
16860 0.050125107169151306 0.028857022523880005 0.024583203718066216 imagef_547098876976
16870 0.05928981304168701 0.03373880311846733 0.02457153983414173 imagef_546883862169
16880 0.03974137827754021 0.023559769615530968 0.024547645822167397 imaged_547009854705
16890 0.38353481888771057 0.31924694776535034 0.02451714314520359 imagel_547205883874
16900 0.029559407383203506 0.022791434079408646 0.024488531053066254 imager_547084862980
16910 0.03610451892018318 0.02460736222565174 0.024479912593960762 imager_546892871169
16920 0.07797027379274368 0.05497561767697334 0.024477671831846237 imageu_547138883611
16930 0.07532987743616104 0.06311341375112534 0.024480042979121208 imageu_547152864241
16940 0.03044087626039982 0.017951179295778275 0.024477824568748474 imaged_547121866605
16950 0.31312450766563416 0.2914658188819885 0.024493979290127754 imaged_546866878536
16960 0.019025983288884163 0.012704961933195591 0.02450074441730976 imager_546980859076
16970 0.04920915514230728 0.03543712571263313 0.02452120929956436 imaged_546900879170
16980 0.03317219018936157 0.025067465379834175 0.02452704682946205 imagef_546866878536
16990 0.01652207039296627 0.009826893918216228 0.02452601119875908 imagel_547099877967
17000 0.48772376775741577 0.38495761156082153 0.02450810745358467 imageu_547194872874
17010 0.02788788080215454 0.018279004842042923 0.024487633258104324 imaged_547115860606
17020 0.023112282156944275 0.016971219331026077 0.024487338960170746 imager_546929874807
17030 0.050085488706827164 0.026979142799973488 0.02451738715171814 imageu_547038883711
17040 0.50477135181427 0.4460821747779846 0.02454308234155178 imagel_546841853547
17050 0.04195569455623627 0.02997853048145771 0.02454606257379055 imaged_547077855978
17060 0.043669600039720535 0.027250394225120544 0.02453283965587616 imageb_547092870974
17070 0.03533625602722168 0.022336667403578758 0.024519970640540123 imaged_547123868601
17080 0.04003402963280678 0.02424931339919567 0.024523427709937096 imageb_547047859335
17090 0.04063381627202034 0.027187705039978027 0.024519404396414757 imaged_546917862811
17100 0.05542357265949249 0.03167438507080078 0.024502869695425034 imageu_547011856705
17110 0.3694571256637573 0.31849732995033264 0.02448706328868866 imagel_547203881874
17120 0.050211284309625626 0.02813318558037281 0.024466341361403465 imagef_547038883711
17130 0.7369929552078247 0.7019864916801453 0.02446741983294487 imager_547205883874
17140 0.5097103118896484 0.439944863319397 0.024475721642374992 imageu_547184862870
17150 0.05859024077653885 0.03813132271170616 0.02447919175028801 imagef_547086864973
17160 0.18571737408638 0.1650235652923584 0.024465259164571762 imager_547166878243
17170 0.03874433413147926 0.022735970094799995 0.02442643977701664 imageb_547026871704
17180 0.02445821836590767 0.012930774129927158 0.024413377046585083 imagel_547024869702
17190 0.029261719435453415 0.019944872707128525 0.024406932294368744 imager_547040885702
17200 0.26786789298057556 0.21131137013435364 0.024400072172284126 imaged_547191869875
17210 0.03429165482521057 0.020809123292565346 0.024391015991568565 imaged_547140885602
17220 0.041243866086006165 0.026750177145004272 0.02436777390539646 imageb_547126871606
17230 0.04036566615104675 0.02156435139477253 0.024364063516259193 imageb_547130875605
17240 0.030279839411377907 0.024407820776104927 0.024363957345485687 imager_547118863609
17250 0.05894475057721138 0.03468767926096916 0.024350125342607498 imageu_547009854705
17260 0.01745373196899891 0.011953271925449371 0.02434331737458706 imagel_546933878804
17270 0.056335072964429855 0.031126942485570908 0.024342114105820656 imageu_546877856173
17280 0.06548626720905304 0.04456382989883423 0.02433781512081623 imageb_546977856071
17290 0.35357317328453064 0.2691277265548706 0.0243216622620821 imagef_546851863543
17300 0.04399121552705765 0.027677394449710846 0.0242998618632555 imaged_546936881803
17310 0.019877219572663307 0.015810547396540642 0.024286609143018723 imager_546888867171
17320 0.07931806147098541 0.04191162809729576 0.024280166253447533 imagef_546878857194
17330 0.8946454524993896 0.8680614233016968 0.02426912821829319 imager_546853865537
17340 0.03476748988032341 0.020853884518146515 0.02427004836499691 imagef_547070882331
17350 0.05018208920955658 0.028241947293281555 0.024261141195893288 imageu_546878857194
17360 0.028172656893730164 0.02239217795431614 0.024244893342256546 imager_547137882603
17370 0.0587913878262043 0.022384559735655785 0.024229062721133232 imagel_547159871241
17380 0.039874833077192307 0.024450508877635002 0.024221472442150116 imageb_546914859807
17390 0.024562053382396698 0.017837971448898315 0.02421541139483452 imager_547035880703
17400 0.0175275057554245 0.009535349905490875 0.024200893938541412 imagel_546960872437
17410 0.029195357114076614 0.018682779744267464 0.024188628420233727 imaged_546979858070
17420 0.03990092873573303 0.022961469367146492 0.02417854405939579 imageu_546931876806
17430 0.24358423054218292 0.21293701231479645 0.024173546582460403 imaged_547176854870
17440 0.28656184673309326 0.23973262310028076 0.024166570976376534 imaged_547188866869
17450 0.01828572154045105 0.011060768738389015 0.02415408380329609 imagel_546890869170
17460 0.03811467066407204 0.021104175597429276 0.024140946567058563 imageb_546904883185
17470 0.04456372931599617 0.025041328743100166 0.024132028222084045 imageu_546963875440
17480 0.06434336304664612 0.03541737422347069 0.024113250896334648 imageu_546905884197
17490 0.021014422178268433 0.010534027591347694 0.02409789338707924 imagel_546905884197
17500 0.011605876497924328 0.008170989342033863 0.024083424359560013 imagel_547126871606
17510 0.0890684649348259 0.045108236372470856 0.024066168814897537 imagef_546877856173
17520 0.05375714600086212 0.04118450731039047 0.024057231843471527 imageb_546866878536
17530 0.03881995752453804 0.02303389273583889 0.024050001055002213 imageb_547011856705
17540 0.6122617721557617 0.5186429619789124 0.024037841707468033 imagef_547194872874
17550 0.01658896915614605 0.011358608491718769 0.024025650694966316 imagel_546984863078
17560 0.048977382481098175 0.03104940429329872 0.02401619404554367 imagef_547152864241
17570 0.025180678814649582 0.02039371430873871 0.02400563843548298 imager_546953865434
17580 0.019760390743613243 0.015534834936261177 0.023995159193873405 imager_546885864170
17590 0.05002641677856445 0.028161169961094856 0.024006325751543045 imagef_546894873172
17600 0.030905740335583687 0.01933092065155506 0.024013767018914223 imaged_546987866076
17610 0.036420825868844986 0.023668905720114708 0.024015987291932106 imaged_546946858444
17620 0.059477221220731735 0.03237122669816017 0.024008499458432198 imageu_547087865974
17630 0.035341620445251465 0.022338248789310455 0.02399025671184063 imageb_546953865434
17640 0.09310151636600494 0.05101447179913521 0.023969249799847603 imagef_546875854173
17650 0.029503215104341507 0.019347140565514565 0.023958096280694008 imaged_547053865336
17660 0.2502784729003906 0.19380180537700653 0.02396094799041748 imaged_547189867877
17670 0.04095996916294098 0.02576812356710434 0.023959755897521973 imageb_547031876706
17680 0.025900067761540413 0.020191235467791557 0.02394823729991913 imager_546984863078
17690 0.01870664954185486 0.011683856137096882 0.023923063650727272 imagel_546951863443
17700 0.03566943481564522 0.025590846315026283 0.023886526003479958 imager_547043855348
17710 0.03419077396392822 0.02296200394630432 0.023872699588537216 imaged_547142854240
17720 0.32746899127960205 0.3098646402359009 0.023859258741140366 imager_547167879238
17730 0.038449518382549286 0.023128991946578026 0.023861996829509735 imagef_547091869975
17740 0.3349747955799103 0.298885703086853 0.02385539747774601 imaged_546858870537
17750 0.05644291639328003 0.04343791306018829 0.023835746571421623 imageu_546871883543
17760 0.04232305288314819 0.028151297941803932 0.023812254890799522 imageb_546958870432
17770 0.043449196964502335 0.025975491851568222 0.023800227791070938 imageb_547016861703
17780 0.5577613711357117 0.4794881045818329 0.023790227249264717 imageb_546846858536
17790 0.342165470123291 0.2775937616825104 0.02376910112798214 imagef_547206884871
17800 0.6040254831314087 0.5054890513420105 0.023737363517284393 imageu_547186864875
17810 0.4764130115509033 0.41870710253715515 0.02371217869222164 imagel_546843855539
17820 0.028888069093227386 0.017569134011864662 0.023688331246376038 imaged_547007852711
17830 0.0634855329990387 0.037083618342876434 0.02367142215371132 imagef_546965877440
17840 0.04455401003360748 0.02476147748529911 0.023664839565753937 imageu_546934879798
17850 0.9443554878234863 0.9301729202270508 0.023661376908421516 imager_547172884238
17860 0.015762055292725563 0.009875137358903885 0.023655643686652184 imagel_547009854705
17870 0.05311276391148567 0.031488146632909775 0.023644937202334404 imageb_547154866233
17880 0.029551077634096146 0.02168506570160389 0.023639176040887833 imager_547152864241
17890 0.045814186334609985 0.03054339624941349 0.023647399619221687 imageb_546994873075
17900 0.013992204330861568 0.009486543014645576 0.023646416142582893 imagel_547120865600
17910 0.04767702519893646 0.029558399692177773 0.023645291104912758 imagef_547019864709
17920 0.03450387343764305 0.015257375314831734 0.023630313575267792 imagel_547172884238
17930 0.04620315879583359 0.02626282349228859 0.0236162468791008 imageb_546996875070
17940 0.04261702671647072 0.02514844387769699 0.023598121479153633 imaged_547087865974
17950 0.04962492361664772 0.028313295915722847 0.023601222783327103 imageu_547055867337
17960 0.915563702583313 0.8941931128501892 0.023613160476088524 imager_547176854870
17970 0.017125779762864113 0.010046856477856636 0.023611122742295265 imagel_547138883611
17980 0.06254991143941879 0.038916733115911484 0.023597462102770805 imagef_547164876237
17990 0.010650652460753918 0.008147981949150562 0.023588689044117928 imagel_547070882331
18000 0.056564342230558395 0.032683275640010834 0.023576263338327408 imagef_546885864170
18010 0.02534940280020237 0.01970614679157734 0.023566456511616707 imager_546956868435
18020 0.055371951311826706 0.03131985291838646 0.023560428991913795 imageu_546916861809
18030 0.04940945282578468 0.02588663436472416 0.02356952801346779 imagef_547072884335
18040 0.04417216777801514 0.026594430208206177 0.02356160804629326 imagef_547118863609
18050 0.08699505031108856 0.06411778926849365 0.023564843460917473 imageb_546863875543
18060 0.01395633164793253 0.010481349192559719 0.023565931245684624 imagel_547065877343
18070 0.14651016891002655 0.11079220473766327 0.023559587076306343 imaged_547203881874
18080 0.03302644565701485 0.025685587897896767 0.023565972223877907 imager_546941853440
18090 0.056364625692367554 0.031572721898555756 0.023585394024848938 imageb_546883862169
18100 0.011662635020911694 0.008166329003870487 0.02358393743634224 imagel_547092870974
18110 0.05450453609228134 0.03358050063252449 0.023580240085721016 imageu_547106884970
18120 0.05074988305568695 0.02870439738035202 0.023590829223394394 imageu_547058870341
18130 0.04493480920791626 0.024944018572568893 0.02359534613788128 imageb_547133878607
18140 0.03332475945353508 0.026023250073194504 0.02360527776181698 imager_547135880603
18150 0.04465140402317047 0.025479871779680252 0.02359987236559391 imageu_546956868435
18160 0.015191556885838509 0.010901113972067833 0.023580564185976982 imagel_547001880072
18170 0.047802262008190155 0.026807304471731186 0.023566167801618576 imagef_547075853978
18180 0.07749007642269135 0.04424656182527542 0.023558618500828743 imagef_546938883810
18190 0.045583028346300125 0.027859408408403397 0.02355123683810234 imagef_547104882977
18200 0.043145887553691864 0.028327567502856255 0.023529052734375 imageb_546873885533
18210 0.04649318754673004 0.028284965083003044 0.023517630994319916 imageb_547142854240
18220 0.8926378488540649 0.865538477897644 0.023499419912695885 imager_547196874870
18230 0.38971027731895447 0.3252004086971283 0.023488009348511696 imagel_546848860533
18240 0.023124825209379196 0.017573082819581032 0.023476168513298035 imager_547092870974
18250 0.028095778077840805 0.01977863721549511 0.023461388424038887 imager_546912857810
18260 0.03417843207716942 0.020442143082618713 0.023448044434189796 imageb_546931876806
18270 0.17127996683120728 0.11318216472864151 0.02345075085759163 imageb_547181859871
18280 0.06586938351392746 0.03736194595694542 0.023456472903490067 imagef_546909854806
18290 0.8926373720169067 0.865538477897644 0.023456541821360588 imager_547196874870
18300 0.03333262354135513 0.02146781049668789 0.02344195730984211 imager_547052864345
18310 0.04504351317882538 0.026851894333958626 0.02342395670711994 imagef_547065877343
18320 0.1121649369597435 0.08323632925748825 0.023404650390148163 imageu_546858870537
18330 0.3168247938156128 0.2350212037563324 0.023405306041240692 imagel_547198876871
18340 0.2822072505950928 0.2491927146911621 0.023391790688037872 imaged_547179857873
18350 0.048208437860012054 0.03040292114019394 0.023376300930976868 imageu_547115860606
18360 0.04355129599571228 0.02678826078772545 0.023382708430290222 imagef_546996875070
18370 0.0454108752310276 0.025100277736783028 0.023387806490063667 imageu_546997876076
18380 0.45114779472351074 0.350344717502594 0.023386890068650246 imageu_547198876871
18390 0.06509171426296234 0.05023747682571411 0.02340063452720642 imageu_547143855237
18400 0.04564052075147629 0.025486093014478683 0.023396674543619156 imageu_547058870341
18410 0.035128168761730194 0.02429099567234516 0.023390378803014755 imageb_546871883543
18420 0.04800926148891449 0.029431579634547234 0.023391058668494225 imageb_547106884970
18430 0.01254197582602501 0.008780771866440773 0.023378759622573853 imagel_546880859173
18440 0.02524382807314396 0.011904578655958176 0.02335435338318348 imagel_547181859871
18450 0.05626387894153595 0.02200782112777233 0.02332490310072899 imagel_547167879238
18460 0.1709304004907608 0.14495937526226044 0.023318246006965637 imaged_547172884238
18470 0.01387537270784378 0.009511509910225868 0.023329302668571472 imagel_547001880072
18480 0.05735597014427185 0.03396499529480934 0.023326944559812546 imageu_547109854609
18490 0.02923794649541378 0.02179393358528614 0.023319337517023087 imager_547089867973
18500 0.020801406353712082 0.012735480442643166 0.023304006084799767 imagel_547176854870
18510 0.01065761037170887 0.008000208996236324 0.023291384801268578 imagel_546885864170
18520 0.03318125382065773 0.026091178879141808 0.02328648418188095 imager_547055867337
18530 0.04165211319923401 0.025296347215771675 0.023290153592824936 imageb_547036881708
18540 0.012712226249277592 0.00879574567079544 0.023308079689741135 imagel_547123868601
18550 0.01567297987639904 0.013760813511908054 0.02332119643688202 imager_546868880541
18560 0.055704280734062195 0.03266993910074234 0.02331666462123394 imageu_547108853603
18570 0.02360236458480358 0.015234144404530525 0.023301510140299797 imagel_546899878172
18580 0.026737449690699577 0.015751689672470093 0.023287411779165268 imaged_546980859076
18590 0.05457661673426628 0.029942840337753296 0.02327818237245083 imagef_546922867806
18600 0.05240779370069504 0.0306955985724926 0.023275328800082207 imageb_546888867171
18610 0.04603796824812889 0.025439180433750153 0.02326412871479988 imageu_547084862980
18620 0.024888748303055763 0.01708475686609745 0.023266980424523354 imager_546941853440
18630 0.04040281102061272 0.0254950150847435 0.023257315158843994 imageb_546926871803
18640 0.02835104800760746 0.020303158089518547 0.02325567603111267 imager_547007852711
18650 0.021012598648667336 0.012220981530845165 0.02324860170483589 imagel_547150862236
18660 0.04249715432524681 0.02513040043413639 0.0232292041182518 imageb_546890869170
18670 0.009986515156924725 0.007484534289687872 0.023221975192427635 imagel_547070882331
18680 0.630178689956665 0.5539949536323547 0.023203914985060692 imageu_546844856539
18690 0.94435054063797 0.9301728010177612 0.02317855693399906 imager_547172884238
18700 0.028886377811431885 0.017387613654136658 0.02316243201494217 imaged_547075853978
18710 0.05379538983106613 0.03292747586965561 0.023154836148023605 imagef_546871883543
18720 0.030695253983139992 0.023468347266316414 0.023138966411352158 imager_547135880603
18730 0.05380260944366455 0.03180508688092232 0.0231263916939497 imagef_546989868066
18740 0.022362619638442993 0.015532623045146465 0.023117972537875175 imager_547126871606
18750 0.06821953505277634 0.047865211963653564 0.0231183934956789 imageu_547128873606
18760 0.02592143416404724 0.01799619384109974 0.02311021089553833 imager_547070882331
18770 0.5890734791755676 0.4956544041633606 0.02310946024954319 imagef_546846858536
18780 0.05210109427571297 0.028192570433020592 0.023117156699299812 imageb_546917862811
18790 0.04982178658246994 0.03119502402842045 0.023135725408792496 imagef_547152864241
18800 0.026461061090230942 0.020126478746533394 0.02314153127372265 imager_547138883611
18810 0.074684739112854 0.042019668966531754 0.02314152754843235 imagef_546938883810
18820 0.05312496796250343 0.028968043625354767 0.023131009191274643 imageb_546982861070
18830 0.0238815825432539 0.01321552973240614 0.023136286064982414 imagel_546980859076
18840 0.04941774532198906 0.027436984702944756 0.023139646276831627 imageu_546984863078
18850 0.046063393354415894 0.028028272092342377 0.023130331188440323 imageb_547123868601
18860 0.3815944492816925 0.35024428367614746 0.023135412484407425 imaged_546863875543
18870 0.0516662672162056 0.03265164792537689 0.023125743493437767 imagef_546975854071
18880 0.06299157440662384 0.04346580058336258 0.02310742251574993 imagef_547096874977
18890 0.021100154146552086 0.016074741259217262 0.023083148524165154 imagel_546990869071
18900 0.014021847397089005 0.009892633184790611 0.023056769743561745 imagel_546888867171
18910 0.02797776274383068 0.0181556586176157 0.023029237985610962 imaged_547038883711
18920 0.05536076799035072 0.03801886364817619 0.0230194590985775 imageu_547126871606
18930 0.05738081783056259 0.031890664249658585 0.023021282628178596 imageu_546897876191
18940 0.01527221780270338 0.009465123526751995 0.023024965077638626 imagel_547145857237
18950 0.17290635406970978 0.10297231376171112 0.023023372516036034 imageb_547177855874
18960 0.8252888321876526 0.7813827991485596 0.023029454052448273 imager_546844856539
18970 0.23403747379779816 0.17800189554691315 0.02303580567240715 imageb_546856868537
18980 0.029702721163630486 0.02281363308429718 0.023051219061017036 imager_547103881966
18990 0.01975056901574135 0.011037212796509266 0.023052725940942764 imagel_546922867806
19000 0.46760883927345276 0.4510277807712555 0.0230513084679842 imager_546863875543
19010 0.0462549664080143 0.028366323560476303 0.023060014471411705 imagef_547062874337
19020 0.01384750660508871 0.0095205157995224 0.02305275946855545 imagel_547058870341
19030 0.03667324781417847 0.021913468837738037 0.02302536740899086 imagef_547092870974
19040 0.054961320012807846 0.03513811156153679 0.023020271211862564 imagef_546882861171
19050 0.06000830605626106 0.03365655988454819 0.02301688678562641 imageu_546938883810
19060 0.3186027705669403 0.27694571018218994 0.023021850734949112 imaged_547196874870
19070 0.40462055802345276 0.36136165261268616 0.023017048835754395 imaged_546854866535
19080 0.050025373697280884 0.026497382670640945 0.022999247536063194 imagef_547072884335
19090 0.043197572231292725 0.027504919096827507 0.022978968918323517 imageb_547031876706
19100 0.05247674509882927 0.028055105358362198 0.02297193557024002 imageu_547075853978
19110 0.04322100430727005 0.0252708587795496 0.02297067455947399 imageu_546945857437
19120 0.030975449830293655 0.018708402290940285 0.022964876145124435 imaged_547036881708
19130 0.04520096629858017 0.027340125292539597 0.022942891344428062 imageb_547070882331
19140 0.3439081907272339 0.2806389033794403 0.022930404171347618 imagef_547203881874
19150 0.23915840685367584 0.183111771941185 0.022915177047252655 imageu_547193871872
19160 0.02829625830054283 0.02109556272625923 0.022903671488165855 imager_546948860438
19170 0.053695231676101685 0.03025348298251629 0.022891217842698097 imageb_546922867806
19180 0.015497419983148575 0.009826786816120148 0.02288854494690895 imagel_547121866605
19190 0.045217059552669525 0.02800344116985798 0.022868666797876358 imageu_547018863705
19200 0.05212228745222092 0.031638164073228836 0.02284054085612297 imageb_547024869702
19210 0.536551296710968 0.47042611241340637 0.022816894575953484 imageb_547205883874
19220 0.050086330622434616 0.02776452712714672 0.022789524868130684 imageb_546895874174
19230 0.015480287373065948 0.009150639176368713 0.022769737988710403 imagel_547115860606
19240 0.04419902339577675 0.027088265866041183 0.022756967693567276 imageb_547092870974
19250 0.035480987280607224 0.02295270375907421 0.02275717630982399 imaged_547016861703
19260 0.021044794470071793 0.01065385527908802 0.022752664983272552 imagel_547147859235
19270 0.038728877902030945 0.02370370551943779 0.022749435156583786 imagef_547091869975
19280 0.04311344772577286 0.026090245693922043 0.022742286324501038 imageb_547047859335
19290 0.04358923062682152 0.029062915593385696 0.02273852750658989 imaged_546917862811
19300 0.5475434064865112 0.49531587958335876 0.022722821682691574 imaged_546851863543
19310 0.03214896470308304 0.021801630035042763 0.0227047111839056 imager_547082860970
19320 0.04163392633199692 0.025071023032069206 0.02268790267407894 imageb_546979858070
19330 0.06606709212064743 0.041505832225084305 0.02268018014729023 imagef_546933878804
19340 0.025959664955735207 0.014148928225040436 0.022672224789857864 imagel_547060872343
19350 0.11270325630903244 0.08128240704536438 0.022664226591587067 imageu_547132877611
19360 0.06256452947854996 0.034959543496370316 0.02264024317264557 imagef_547057869336
19370 0.06711038202047348 0.04022891819477081 0.022617315873503685 imageu_546882861171
19380 0.04743998125195503 0.02692149206995964 0.022594314068555832 imageu_546919864808
19390 0.04228926822543144 0.02703784592449665 0.0225755013525486 imaged_547101879972
19400 0.026770414784550667 0.016082201153039932 0.022561222314834595 imagel_546861873539
19410 0.02051832713186741 0.012325857765972614 0.022557511925697327 imagel_547104882977
19420 0.02988402359187603 0.014226778410375118 0.022565780207514763 imagel_547154866233
19430 0.022157395258545876 0.017166906967759132 0.022566812112927437 imager_546883862169
19440 0.027332911267876625 0.017152950167655945 0.0225563682615757 imaged_546975854071
19450 0.05439423397183418 0.03263688459992409 0.022553080692887306 imagef_546934879798
19460 0.06972392648458481 0.04175407439470291 0.022547680884599686 imagef_546970882435
19470 0.034784406423568726 0.026202170178294182 0.022556288167834282 imager_546962874438
19480 0.31957828998565674 0.2699436843395233 0.022563256323337555 imagef_547200878871
19490 0.026014916598796844 0.021959474310278893 0.022554319351911545 imager_546873885533
19500 0.032370779663324356 0.018934806808829308 0.022556418552994728 imaged_547062874337
19510 0.013705090619623661 0.009742628782987595 0.022568143904209137 imagel_546873885533
19520 0.05572501942515373 0.029689446091651917 0.02256776951253414 imageu_546936881803
19530 0.0526311919093132 0.03278926759958267 0.022573476657271385 imageb_547052864345
19540 0.0737532526254654 0.03911536559462547 0.02257213555276394 imagef_546892871169
19550 0.0651850625872612 0.03777321055531502 0.022560296580195427 imageu_546922867806
19560 0.049791738390922546 0.02793547324836254 0.02255052514374256 imageb_547041853338
19570 0.04838903248310089 0.02883552946150303 0.022578850388526917 imageu_546887866191
19580 0.041804131120443344 0.023061389103531837 0.02258685603737831 imageb_546907852806
19590 0.044250499457120895 0.025621233507990837 0.022583208978176117 imageu_546926871803
19600 0.028053857386112213 0.017057662829756737 0.022586321458220482 imaged_547075853978
19610 0.01293952390551567 0.00952072162181139 0.022584430873394012 imagel_547142854240
19620 0.03488059341907501 0.020507805049419403 0.022579066455364227 imageu_546953865434
19630 0.032964687794446945 0.019721051678061485 0.022559290751814842 imagef_547070882331
19640 0.05887574329972267 0.03388562798500061 0.022550927475094795 imagef_546922867806
19650 0.03461577743291855 0.0266755111515522 0.02257174253463745 imager_547023868703
19660 0.03874659165740013 0.02362891472876072 0.022591402754187584 imagef_547053865336
19670 0.04031190648674965 0.023122912272810936 0.02260493114590645 imagef_547133878607
19680 0.034129004925489426 0.02783377654850483 0.02263101376593113 imager_547024869702
19690 0.041282784193754196 0.024881534278392792 0.02264045737683773 imageb_547016861703
19700 0.0657886266708374 0.04365180805325508 0.022644443437457085 imageb_547164876237
19710 0.03219027444720268 0.019737599417567253 0.02264862135052681 imaged_547123868601
19720 0.033721622079610825 0.02476573921740055 0.022658491507172585 imager_546982861070
19730 0.04524603858590126 0.025968672707676888 0.022667203098535538 imagef_547116861604
19740 0.03260892629623413 0.0239479448646307 0.022667404264211655 imager_547133878607
19750 0.06619398295879364 0.033468037843704224 0.02265484631061554 imageu_546892871169
19760 0.04818521440029144 0.02537848800420761 0.022635607048869133 imageb_546917862811
19770 0.048286136239767075 0.027902871370315552 0.022620659321546555 imageb_547104882977
19780 0.011856148950755596 0.007987827062606812 0.022617384791374207 imagel_546880859173
19790 0.02041644975543022 0.012548805214464664 0.022621093317866325 imagel_547155867242
19800 0.048298731446266174 0.02762509323656559 0.022611036896705627 imagef_547041853338
19810 0.8926288485527039 0.865538477897644 0.022601043805480003 imager_547196874870
19820 0.04717300832271576 0.026272132992744446 0.022589925676584244 imageu_546911856805
19830 0.0507894791662693 0.02929753065109253 0.022588472813367844 imagef_547021866708
19840 0.03921059891581535 0.0258822962641716 0.022580571472644806 imageb_547062874337
19850 0.056103672832250595 0.030403239652514458 0.02257968671619892 imagef_547043855348
19860 0.032439544796943665 0.014506557956337929 0.02258591540157795 imagel_547169881238
19870 0.05215340107679367 0.03111507184803486 0.022587979212403297 imageb_546941853440
19880 0.025857042521238327 0.01511428877711296 0.022581923753023148 imaged_546980859076
19890 0.039462924003601074 0.02455541118979454 0.022566471248865128 imagef_547082860970
19900 0.029415369033813477 0.01710536703467369 0.02254161238670349 imaged_547121866605
19910 0.02108132839202881 0.018185704946517944 0.02251487597823143 imager_546870882540
19920 0.45104265213012695 0.35007259249687195 0.022489696741104126 imageu_547198876871
19930 0.015768002718687057 0.00908531341701746 0.02246961183845997 imagel_546931876806
19940 0.4045740067958832 0.3613151013851166 0.022451184689998627 imaged_546854866535
19950 0.03228485956788063 0.019569454714655876 0.02243098057806492 imageb_547064876339
19960 0.043360933661460876 0.026655374094843864 0.02241814136505127 imagef_547058870341
19970 0.054601866751909256 0.03785385191440582 0.022407127544283867 imaged_546899878172
19980 0.015672514215111732 0.012298030778765678 0.022392215207219124 imager_546992871071
19990 0.6154434680938721 0.5227111577987671 0.02237052470445633 imageb_546843855539
20000 0.04407891258597374 0.025355596095323563 0.02235725335776806 imaged_547072884335
20010 0.04494163393974304 0.026503846049308777 0.02233784832060337 imageu_547104882977
20020 0.0491551011800766 0.030483979731798172 0.02233923226594925 imagef_546924869806
20030 0.01990576647222042 0.014956710860133171 0.022343158721923828 imager_546955867436
20040 0.05427802726626396 0.037506405264139175 0.02233937568962574 imagef_547157869236
20050 0.04378047212958336 0.030928269028663635 0.02234359085559845 imaged_546977856071
20060 0.021001562476158142 0.011939152143895626 0.022344345226883888 imagel_546962874438
20070 0.06796476989984512 0.03716970235109329 0.022334856912493706 imagef_546890869170
20080 0.07966586947441101 0.045032478868961334 0.022329794242978096 imagef_546967879439
20090 0.03488727658987045 0.02156185731291771 0.022320818156003952 imaged_547013858709
20100 0.023928014561533928 0.01706395111978054 0.022300399839878082 imager_547142854240
20110 0.05210962891578674 0.0327407531440258 0.02227618917822838 imageb_547106884970
20120 0.2866855561733246 0.2400786131620407 0.022246258333325386 imaged_547188866869
20130 0.04235917329788208 0.025611743330955505 0.022230293601751328 imagef_547143855237
20140 0.02192559279501438 0.012661960907280445 0.0222326647490263 imagel_546938883810
20150 0.0385332927107811 0.021456928923726082 0.0222348440438509 imageb_546897876191
20160 0.057849254459142685 0.04035540297627449 0.022225571796298027 imageb_547125870610
20170 0.2771378755569458 0.23308657109737396 0.022216850891709328 imagef_547177855874
20180 0.04698812961578369 0.028062129393219948 0.02221224457025528 imageb_547121866605
20190 0.07881559431552887 0.059810440987348557 0.02220596931874752 imager_547164876237
20200 0.033218272030353546 0.022244857624173164 0.022193806245923042 imaged_547058870341
20210 0.045444097369909286 0.026237277314066887 0.022181430831551552 imageu_547007852711
20220 0.05013638734817505 0.028116658329963684 0.02217060886323452 imagef_546958870432
20230 0.04973507300019264 0.02838238514959812 0.02216433547437191 imagef_547004883077
20240 0.025842854753136635 0.014257419854402542 0.022158002480864525 imagel_547060872343
20250 0.021306782960891724 0.014514347538352013 0.022144513204693794 imagel_546860872536
20260 0.04866925999522209 0.027554810047149658 0.02213311940431595 imageu_546909854806
20270 0.02713288925588131 0.02048344351351261 0.02212873473763466 imager_547026871704
20280 0.17760391533374786 0.1716812551021576 0.0221173744648695 imager_546865877539
20290 0.029675671830773354 0.021834004670381546 0.022107891738414764 imager_546968880435
20300 0.020037328824400902 0.014497978612780571 0.02210274711251259 imagel_547152864241
20310 0.06304924935102463 0.04174363613128662 0.02210059203207493 imaged_546905884197
20320 0.04777396842837334 0.026692869141697884 0.02209283784031868 imagef_546897876191
20330 0.04293200001120567 0.025833021849393845 0.022081604227423668 imagef_546963875440
20340 0.04613460227847099 0.02596629597246647 0.022074196487665176 imageu_546900879170
20350 0.05218041315674782 0.029423946514725685 0.022071106359362602 imageb_546922867806
20360 0.013707749545574188 0.008770746178925037 0.02207105979323387 imagel_546858870537
20370 0.026069706305861473 0.01963052526116371 0.022059839218854904 imager_546951863443
20380 0.16615480184555054 0.11845634877681732 0.022050242871046066 imagel_547186864875
20390 0.03849034383893013 0.027132002636790276 0.022031093016266823 imager_547087865974
20400 0.029447119683027267 0.021575232967734337 0.0220157690346241 imager_546919864808
20410 0.05177800729870796 0.03133968636393547 0.02200871892273426 imageb_547043855348
20420 0.013470340520143509 0.009179865010082722 0.021997349336743355 imagel_546894873172
20430 0.04122285917401314 0.025042826309800148 0.0219923947006464 imagef_547113858603
20440 0.048380687832832336 0.028810014948248863 0.021992459893226624 imageu_546921866804
20450 0.06039370223879814 0.031292129307985306 0.021990014240145683 imagef_547162874244
20460 0.04257727041840553 0.025837963446974754 0.02197965979576111 imageu_547019864709
20470 0.055695533752441406 0.03194734454154968 0.02196645364165306 imageb_546919864808
20480 0.03217063844203949 0.02105475775897503 0.021963853389024734 imaged_547142854240
20490 0.05725068226456642 0.032974597066640854 0.021958647295832634 imageb_546877856173
20500 0.042002927511930466 0.02705364115536213 0.021954350173473358 imageb_546948860438
20510 0.03627854585647583 0.028351251035928726 0.021955186501145363 imager_547111856605
20520 0.030119316652417183 0.02220153994858265 0.021959790959954262 imager_547143855237
20530 0.04084385186433792 0.025248214602470398 0.02195175737142563 imageb_546912857810
20540 0.018792027607560158 0.01152581162750721 0.021938441321253777 imagel_547041853338
20550 0.8803149461746216 0.8577722907066345 0.02192293107509613 imager_546856868537
20560 0.03036710061132908 0.020784562453627586 0.021922031417489052 imaged_547091869975
20570 0.020714368671178818 0.011242560110986233 0.02191736176609993 imagel_546967879439
20580 0.03864607587456703 0.03107183799147606 0.021913398057222366 imager_547096874977
20590 0.05892230570316315 0.03261309862136841 0.021900422871112823 imageb_546894873172
20600 0.2509954273700714 0.19445481896400452 0.021889949217438698 imaged_547189867877
20610 0.05376730486750603 0.03382764011621475 0.021868733689188957 imageu_547118863609
20620 0.02495533972978592 0.02061809040606022 0.02187224105000496 imager_546989868066
20630 0.5798030495643616 0.4884815514087677 0.021888786926865578 imagef_546839884906
20640 0.030435344204306602 0.02330193668603897 0.021886996924877167 imager_546941853440
20650 0.05067216604948044 0.027904003858566284 0.021887222304940224 imageu_547057869336
20660 0.038230299949645996 0.021489081904292107 0.021892743185162544 imageu_546992871071
20670 0.01995774917304516 0.015401589684188366 0.021889453753829002 imager_547067879338
20680 0.04675168916583061 0.026164216920733452 0.0218781977891922 imageu_546919864808
20690 0.19162598252296448 0.1327906847000122 0.021874694153666496 imageb_547183861871
20700 0.04185144230723381 0.0292014479637146 0.02187519147992134 imaged_546997876076
20710 0.03499714657664299 0.024447690695524216 0.021860197186470032 imaged_546960872437
20720 0.026879040524363518 0.02150869555771351 0.021844182163476944 imager_546933878804
20730 0.04469500482082367 0.027761414647102356 0.02182701602578163 imageb_547028873712
20740 0.048025310039520264 0.026569759473204613 0.021816987544298172 imageu_547084862980
20750 0.12796103954315186 0.062811478972435 0.021802643314003944 imagef_547171883239
20760 0.05499715358018875 0.029649101197719574 0.021809255704283714 imageb_546899878172
20770 0.051620110869407654 0.029875334352254868 0.021806679666042328 imageb_547154866233
20780 0.3822351396083832 0.3507985770702362 0.02181105688214302 imaged_546863875543
20790 0.03444759547710419 0.023555938154459 0.021816696971654892 imager_547157869236
20800 0.1564149409532547 0.12390744686126709 0.021824602037668228 imaged_547206884871
20810 0.031026659533381462 0.012620724737644196 0.02183351293206215 imagel_546907852806
20820 0.05405380204319954 0.03228641673922539 0.021824629977345467 imagef_547036881708
20830 0.03322559595108032 0.02410161681473255 0.021805666387081146 imager_547021866708
20840 0.07806166261434555 0.046143218874931335 0.021799953654408455 imagef_546863875543
20850 0.028435977175831795 0.017359884455800056 0.021802891045808792 imaged_547118863609
20860 0.02816052921116352 0.019919216632843018 0.021791884675621986 imager_547018863705
20870 0.028106998652219772 0.01782969944179058 0.02177603729069233 imaged_547019864709
20880 0.05231272801756859 0.02716287039220333 0.021763119846582413 imageu_546899878172
20890 0.02600923366844654 0.016145071014761925 0.02175837755203247 imaged_547086864973
20900 0.011136752553284168 0.008401189930737019 0.021767809987068176 imagel_547069881338
20910 0.01670716144144535 0.010653143748641014 0.02176395058631897 imagel_546975854071
20920 0.042113903909921646 0.024077050387859344 0.02175750397145748 imageu_546965877440
20930 0.07344546169042587 0.04613032564520836 0.021748661994934082 imageb_547060872343
20940 0.38969284296035767 0.3252004086971283 0.02174339070916176 imagel_546848860533
20950 0.03376135230064392 0.022844811901450157 0.02175130322575569 imager_547048860337
20960 0.0350089892745018 0.02282080240547657 0.02174673229455948 imaged_546958870432
20970 0.556963324546814 0.46884164214134216 0.02174394205212593 imageb_547189867877
20980 0.640582263469696 0.5733354091644287 0.021750271320343018 imageu_546839884906
20990 0.05418706312775612 0.037025947123765945 0.021753603592514992 imageu_547126871606
21000 0.603979229927063 0.5054684281349182 0.021750682964920998 imageu_547186864875
21010 0.04579027369618416 0.027464793995022774 0.0217478945851326 imageb_547007852711
21020 0.05832117423415184 0.03396932780742645 0.021742144599556923 imagef_546928873809
21030 0.05519846826791763 0.03207377716898918 0.02174142561852932 imageu_547108853603
21040 0.01944373920559883 0.01442977786064148 0.02172371931374073 imagel_546990869071
21050 0.33764535188674927 0.29722708463668823 0.021716244518756866 imageu_547176854870
21060 0.03182892128825188 0.02369951643049717 0.021710235625505447 imager_546912857810
21070 0.027932336553931236 0.016740456223487854 0.02169739082455635 imaged_547138883611
21080 0.7785426378250122 0.7519681453704834 0.0216984860599041 imager_546860872536
21090 0.012595035135746002 0.008814217522740364 0.02169725112617016 imagel_547064876339
21100 0.04661499708890915 0.02657061256468296 0.021688787266612053 imageu_547055867337
21110 0.04350951313972473 0.024950386956334114 0.02166561596095562 imageu_547079857970
21120 0.035210803151130676 0.025821572169661522 0.021639687940478325 imager_547013858709
21130 0.02585059218108654 0.016023732721805573 0.021632149815559387 imaged_547031876706
21140 0.025956226512789726 0.01857483759522438 0.021641172468662262 imager_546878857194
21150 0.41688287258148193 0.36118242144584656 0.02163635566830635 imagef_547188866869
21160 0.07340813428163528 0.056001849472522736 0.021610235795378685 imaged_546880859173
21170 0.06246664375066757 0.036525025963783264 0.021595343947410583 imageb_546878857194
21180 0.016858920454978943 0.009870361536741257 0.021591128781437874 imagel_546979858070
21190 0.0369548499584198 0.030606502667069435 0.02159118838608265 imager_547038883711
21200 0.044136714190244675 0.024570606648921967 0.021584857255220413 imageb_547135880603
21210 0.04412689805030823 0.0266422089189291 0.021581850945949554 imaged_546922867806
21220 0.031745247542858124 0.024871420115232468 0.021569034084677696 imager_547002881074
21230 0.028765719383955002 0.01955062337219715 0.021567635238170624 imager_547021866708
21240 0.01237874198704958 0.008375325240194798 0.021577566862106323 imagel_546997876076
21250 0.2573590874671936 0.21773754060268402 0.02157992124557495 imaged_547186864875
21260 0.0517081618309021 0.029399704188108444 0.021564310416579247 imageu_547086864973
21270 0.4638083279132843 0.41712358593940735 0.02154846303164959 imaged_546841853547
21280 0.02973218448460102 0.0178456399589777 0.021546943113207817 imageb_547064876339
21290 0.0330299437046051 0.019758915528655052 0.021554352715611458 imaged_547069881338
21300 0.39584144949913025 0.35805848240852356 0.02157282456755638 imageu_547167879238
21310 0.03734913095831871 0.02120104990899563 0.02156835049390793 imageu_546992871071
21320 0.0471034049987793 0.029166610911488533 0.021574366837739944 imageu_547115860606
21330 0.07741697877645493 0.06239047646522522 0.021585213020443916 imaged_547166878243
21340 0.035448890179395676 0.02294296957552433 0.02159206010401249 imager_546967879439
21350 0.030524658039212227 0.015370051376521587 0.021593771874904633 imagel_547154866233
21360 0.05301746353507042 0.031468551605939865 0.02159150317311287 imagef_547150862236
21370 0.0326303169131279 0.022579431533813477 0.02160009555518627 imager_547157869236
21380 0.044541794806718826 0.025415368378162384 0.021603994071483612 imagef_547142854240
21390 0.020360950380563736 0.01751169003546238 0.02160036563873291 imager_546994873075
21400 0.03045465797185898 0.02454254776239395 0.02158319391310215 imager_547030875702
21410 0.059018947184085846 0.04350792616605759 0.021565580740571022 imaged_547125870610
21420 0.02254587411880493 0.01391332782804966 0.021567780524492264 imagel_547081859975
21430 0.017324483022093773 0.011646897532045841 0.021558765321969986 imagel_546912857810
21440 0.03132672980427742 0.019573958590626717 0.021545201539993286 imaged_547106884970
21450 0.046784479171037674 0.02634992077946663 0.02152194082736969 imageu_546900879170
21460 0.07068822532892227 0.0426313616335392 0.021503055468201637 imagef_546968880435
21470 0.03191794455051422 0.021082259714603424 0.021502269431948662 imaged_547149861238
21480 0.015062610618770123 0.008487660437822342 0.021482830867171288 imagel_547111856605
21490 0.014023156836628914 0.00942762941122055 0.02145669050514698 imagel_547108853603
21500 0.01222097035497427 0.009760874323546886 0.02142198756337166 imagel_547094872971
21510 0.03533748537302017 0.021105391904711723 0.021405350416898727 imageb_546931876806
21520 0.05104273930191994 0.03538449853658676 0.021409526467323303 imaged_546897876191
21530 0.05005287006497383 0.027380986139178276 0.02141023799777031 imageu_547069881338
21540 0.05328730121254921 0.02933826483786106 0.021402843296527863 imageb_546982861070
21550 0.05852504074573517 0.022199638187885284 0.021392764523625374 imagel_547159871241
21560 0.048568788915872574 0.02869858592748642 0.02138582244515419 imageu_547016861703
21570 0.05660095065832138 0.03537357598543167 0.02140204794704914 imagef_546926871803
21580 0.04631318524479866 0.028513336554169655 0.02141539938747883 imageb_546939884803
21590 0.054872188717126846 0.03229331225156784 0.021432602778077126 imagef_547038883711
21600 0.04267628863453865 0.021578991785645485 0.02144785039126873 imageb_547072884335
21610 0.022088076919317245 0.017821887508034706 0.021454742178320885 imager_546888867171
21620 0.07512903213500977 0.04256308078765869 0.021460315212607384 imagef_546938883810
21630 0.020028041675686836 0.015302436426281929 0.021461060270667076 imager_546989868066
21640 0.03916458413004875 0.024025769904255867 0.021467912942171097 imageb_547033878707
21650 0.05113727226853371 0.030145373195409775 0.021471500396728516 imageu_546878857194
21660 0.03979102149605751 0.025038668885827065 0.02146727219223976 imageb_546926871803
21670 0.031931981444358826 0.020349819213151932 0.02146434225142002 imaged_547108853603
21680 0.05632677301764488 0.030746443197131157 0.021456409245729446 imageu_547043855348
21690 0.04968397691845894 0.02895876206457615 0.021436411887407303 imageu_546924869806
21700 0.029084349051117897 0.017857829108834267 0.021423671394586563 imaged_547094872971
21710 0.014240490272641182 0.008313639089465141 0.021419594064354897 imagel_547086864973
21720 0.04992443695664406 0.028865309432148933 0.021404337137937546 imageu_546917862811
21730 0.03997007757425308 0.024893635883927345 0.02138097584247589 imaged_546939884803
21740 0.021492324769496918 0.01156570203602314 0.021352384239435196 imagel_546902881194
21750 0.03771947696805 0.028881417587399483 0.02132776379585266 imager_547023868703
21760 0.03775704652070999 0.024512162432074547 0.021317211911082268 imagef_547033878707
21770 0.032201919704675674 0.025097234174609184 0.021315734833478928 imager_546941853440
21780 0.05877767503261566 0.037881966680288315 0.021326513960957527 imagef_547086864973
21790 0.06435088068246841 0.043256282806396484 0.02132902853190899 imagef_547030875702
21800 0.06337660551071167 0.03529133275151253 0.021315641701221466 imagef_546931876806
21810 0.017510289326310158 0.010273055173456669 0.021303240209817886 imagel_546890869170
21820 0.06286869198083878 0.041668087244033813 0.021300293505191803 imagef_547002881074
21830 0.6442992091178894 0.5772018432617188 0.02129647135734558 imageu_546841853547
21840 0.3623340129852295 0.3081855773925781 0.021289702504873276 imagel_547200878871
21850 0.02844216115772724 0.018099356442689896 0.021286066621541977 imaged_547103881966
21860 0.04972747713327408 0.02686324156820774 0.02127934992313385 imageu_547038883711
21870 0.04392898827791214 0.028541449457406998 0.021260323002934456 imaged_546916861809
21880 0.03194984793663025 0.01939912512898445 0.021237250417470932 imaged_547120865600
21890 0.049350250512361526 0.03162475675344467 0.021218787878751755 imageu_547116861604
21900 0.02067701704800129 0.01766374707221985 0.02120603807270527 imager_546992871071
21910 0.02167641744017601 0.01672288216650486 0.02119184471666813 imager_546883862169
21920 0.04839562252163887 0.028984498232603073 0.021175550296902657 imageb_547121866605
21930 0.04586068168282509 0.02740253321826458 0.02116510644555092 imageu_547064876339
21940 0.08373570442199707 0.057226359844207764 0.021151971071958542 imagef_547125870610
21950 0.1593356877565384 0.08483657240867615 0.021130548790097237 imageb_547174852869
21960 0.02653816156089306 0.017177250236272812 0.02111026830971241 imaged_546955867436
21970 0.01593615859746933 0.012255869805812836 0.02110760658979416 imagel_546873885533
21980 0.5478578805923462 0.501246988773346 0.021100468933582306 imaged_546849861536
21990 0.03366410359740257 0.023829985409975052 0.021092236042022705 imaged_547152864241
22000 0.3774697184562683 0.31148138642311096 0.021088216453790665 imagel_547206884871
22010 0.05140741169452667 0.028991252183914185 0.021085746586322784 imageu_547014859704
22020 0.035319484770298004 0.02169424295425415 0.021077461540699005 imaged_547140885602
22030 0.02302636206150055 0.018322385847568512 0.02105908840894699 imager_546924869806
22040 0.010195056907832623 0.007740887347608805 0.021052638068795204 imagel_547070882331
22050 0.34421369433403015 0.304548054933548 0.021044522523880005 imagef_547191869875
22060 0.9063666462898254 0.8827312588691711 0.021039066836237907 imager_547183861871
22070 0.03971986100077629 0.022183367982506752 0.021028224378824234 imageb_546897876191
22080 0.06200587376952171 0.038952652364969254 0.0210372693836689 imageu_546977856071
22090 0.26934242248535156 0.22020578384399414 0.021046172827482224 imageu_546851863543
22100 0.042632944881916046 0.025981592014431953 0.021049490198493004 imageb_546928873809
22110 0.06482537090778351 0.03613090515136719 0.02104214020073414 imagef_546911856805
22120 0.09708407521247864 0.05541433021426201 0.021027185022830963 imagef_546875854173
22130 0.2895831763744354 0.24704402685165405 0.021012652665376663 imagef_547176854870
22140 0.06275446712970734 0.0330631323158741 0.02101214788854122 imagef_546902881194
22150 0.05716829001903534 0.030414819717407227 0.021020924672484398 imageu_547040885702
22160 0.04070562496781349 0.02498597651720047 0.021045872941613197 imagef_546997876076
22170 0.03206217288970947 0.018862377852201462 0.021068140864372253 imagef_547006885077
22180 0.057342976331710815 0.032663874328136444 0.02108931727707386 imagef_546922867806
22190 0.06292957067489624 0.0418064221739769 0.021105192601680756 imageu_547125870610
22200 0.011049733497202396 0.007659228518605232 0.021107971668243408 imagel_547126871606
22210 0.043598681688308716 0.026882173493504524 0.021109778434038162 imageb_547036881708
22220 0.07143256068229675 0.03962412849068642 0.021110737696290016 imagef_546938883810
22230 0.0650186538696289 0.047423381358385086 0.021101372316479683 imager_547162874244
22240 0.028680721297860146 0.01726064458489418 0.02109547145664692 imaged_547104882977
22250 0.02285439521074295 0.014264754019677639 0.0210917629301548 imaged_546955867436
22260 0.04283394291996956 0.023862872272729874 0.021090680733323097 imagef_547041853338
22270 0.01957930065691471 0.015667371451854706 0.02110014483332634 imager_546885864170
22280 0.015066494233906269 0.008325707167387009 0.0210861973464489 imagel_547016861703
22290 0.029880614951252937 0.01917167566716671 0.021068280562758446 imaged_547155867242
22300 0.0214700847864151 0.015548530966043472 0.02105342224240303 imager_547031876706
22310 0.03476250171661377 0.02042342908680439 0.02105230838060379 imageb_547033878707
22320 0.897632360458374 0.8770325779914856 0.02105824090540409 imager_546858870537
22330 0.02626909129321575 0.016614381223917007 0.021060394123196602 imaged_547031876706
22340 0.060136035084724426 0.03264494985342026 0.021059250459074974 imagef_546931876806
22350 0.46310389041900635 0.400639146566391 0.021065792068839073 imageu_547183861871
22360 0.03310789540410042 0.020160425454378128 0.021068459376692772 imaged_547052864345
22370 0.040726438164711 0.023467732593417168 0.02105625532567501 imageu_546945857437
22380 0.05931415036320686 0.03340018913149834 0.021040115505456924 imagef_546917862811
22390 0.05109959468245506 0.038773056119680405 0.021036554127931595 imageu_546871883543
22400 0.031296100467443466 0.02309759147465229 0.0210367813706398 imager_546962874438
22410 0.04997220262885094 0.034394074231386185 0.021020906046032906 imaged_547162874244
22420 0.0490214042365551 0.026325443759560585 0.020991427823901176 imageu_547036881708
22430 0.028285102918744087 0.019034242257475853 0.020955655723810196 imager_546922867806
22440 0.04215521737933159 0.024332676082849503 0.020941006019711494 imageb_547057869336
22450 0.04932841286063194 0.02913479506969452 0.02096080407500267 imageb_547024869702
22460 0.9063657522201538 0.8827312588691711 0.02095259726047516 imager_547183861871
22470 0.01357576809823513 0.009059402160346508 0.020935185253620148 imagel_547057869336
22480 0.06277330964803696 0.04054214432835579 0.02092023380100727 imageb_546921866804
22490 0.6154289245605469 0.5227111577987671 0.02091534435749054 imageb_546843855539
22500 0.031047288328409195 0.022873105481266975 0.020926116034388542 imager_546912857810
22510 0.0257081538438797 0.014689280651509762 0.020931078121066093 imaged_547011856705
22520 0.03832797706127167 0.023370686918497086 0.02093726024031639 imageb_546936881803
22530 0.035123176872730255 0.024988051503896713 0.02093050256371498 imaged_547157869236
22540 0.04172259569168091 0.02434444986283779 0.020910179242491722 imagef_547007852711
22550 0.0319637693464756 0.02234407141804695 0.020892580971121788 imaged_547160872234
22560 0.04106655344367027 0.02825351059436798 0.020883096382021904 imaged_546921866804
22570 0.03368500992655754 0.019268140196800232 0.020872965455055237 imagef_547053865336
22580 0.04646120220422745 0.028629329055547714 0.020870577543973923 imageb_546939884803
22590 0.028548693284392357 0.019905289635062218 0.0208740197122097 imager_547098876976
22600 0.04938949644565582 0.028320686891674995 0.020880579948425293 imagef_547004883077
22610 0.07086358219385147 0.05527274310588837 0.020867135375738144 imaged_547171883239
22620 0.02904612571001053 0.017924783751368523 0.02086714468896389 imaged_546989868066
22630 0.04418426752090454 0.024706438183784485 0.020865069702267647 imageu_546985864078
22640 0.023349344730377197 0.014293452724814415 0.020856324583292007 imagel_546939884803
22650 0.03910829871892929 0.02479645423591137 0.02084237150847912 imaged_546943855437
22660 0.05942363664507866 0.03105923719704151 0.020835869014263153 imagef_547162874244
22670 0.4679408669471741 0.45161640644073486 0.020828528329730034 imager_546863875543
22680 0.064813993871212 0.037224944680929184 0.020814450457692146 imageu_546922867806
22690 0.2623838484287262 0.19005800783634186 0.02080754190683365 imagel_547194872874
22700 0.38374802470207214 0.3237735331058502 0.020804161205887794 imagel_546849861536
22710 0.03577094525098801 0.022865595296025276 0.020791560411453247 imaged_547126871606
22720 0.047822609543800354 0.029238270595669746 0.0207819864153862 imageu_547092870974
22730 0.03028426133096218 0.020382961258292198 0.02077419124543667 imager_547082860970
22740 0.029899701476097107 0.01935911551117897 0.02077406644821167 imager_546911856805
22750 0.6122291088104248 0.5186429619789124 0.020771197974681854 imagef_547194872874
22760 0.02202107571065426 0.014104188419878483 0.020774278789758682 imagel_546989868066
22770 0.021458135917782784 0.015960538759827614 0.020773621276021004 imager_546997876076
22780 0.009475834667682648 0.007079358212649822 0.02077094465494156 imagel_546992871071
22790 0.048472631722688675 0.027147948741912842 0.02075806073844433 imageu_547058870341
22800 0.03138897195458412 0.018724169582128525 0.02075306326150894 imaged_547064876339
22810 0.5568234324455261 0.4620482325553894 0.020739171653985977 imagef_546848860533
22820 0.014056982472538948 0.008487541228532791 0.020716046914458275 imagel_547004883077
22830 0.032333701848983765 0.019245581701397896 0.020699897781014442 imagef_547070882331
22840 0.0464022196829319 0.026530107483267784 0.020688286051154137 imageu_546919864808
22850 0.1115318089723587 0.0826130136847496 0.0206860713660717 imageu_546858870537
22860 0.03427225351333618 0.02700265683233738 0.020693043246865273 imager_547062874337
22870 0.03222944959998131 0.022050848230719566 0.020690880715847015 imaged_547149861238
22880 0.05296175181865692 0.030107984319329262 0.02068765088915825 imageu_546914859807
22890 0.014454267919063568 0.010124113410711288 0.020672181621193886 imagel_547120865600
22900 0.031010668724775314 0.02214028313755989 0.02065455913543701 imager_546945857437
22910 0.012458192184567451 0.00908604171127081 0.020647013559937477 imagel_547030875702
22920 0.06276765465736389 0.0434754304587841 0.020639857277274132 imageb_546973885436
22930 0.03220340609550476 0.02140408381819725 0.02061682753264904 imager_547081859975
22940 0.04574102535843849 0.025217944756150246 0.020594220608472824 imageu_547077855978
22950 0.10335634648799896 0.08590225875377655 0.020569438114762306 imaged_546875854173
22960 0.08328073471784592 0.057525113224983215 0.020547589287161827 imageu_547140885602
22970 0.03135921061038971 0.022135457023978233 0.020550062879920006 imaged_547026871704
22980 0.06285982578992844 0.03420445695519447 0.020538531243801117 imagef_546960872437
22990 0.3949638307094574 0.35704973340034485 0.02053176239132881 imageu_547167879238
23000 0.0362531878054142 0.028224430978298187 0.020518362522125244 imager_547023868703
23010 0.03566420450806618 0.02120627835392952 0.020503990352153778 imageu_546990869071
23020 0.14650192856788635 0.110819973051548 0.020498499274253845 imaged_547203881874
23030 0.020717743784189224 0.011411956511437893 0.02050245925784111 imagel_546967879439
23040 0.031797029078006744 0.019959961995482445 0.020510833710432053 imaged_547108853603
23050 0.032034050673246384 0.015294630080461502 0.02052360400557518 imagel_547174852869
23060 0.030394187197089195 0.021011406555771828 0.020516524091362953 imager_546894873172
23070 0.04016948491334915 0.02402857318520546 0.020513568073511124 imagef_546992871071
23080 0.05806621164083481 0.03436329960823059 0.020533984526991844 imageb_547045857339
23090 0.3430205285549164 0.2778395414352417 0.02054748684167862 imagef_547206884871
23100 0.023822519928216934 0.018445391207933426 0.02055109664797783 imager_547116861604
23110 0.04922579228878021 0.026721308007836342 0.020552871748805046 imageu_547070882331
23120 0.04688667878508568 0.027959518134593964 0.020546812564134598 imageu_547104882977
23130 0.02240666374564171 0.012414713390171528 0.020533571019768715 imagel_547177855874
23140 0.04213903471827507 0.02556660957634449 0.020513908937573433 imageb_547035880703
23150 0.026420708745718002 0.015903649851679802 0.020502453669905663 imagel_547035880703
23160 0.02759004384279251 0.016237283125519753 0.02048841305077076 imaged_547094872971
23170 0.07269404083490372 0.04451300948858261 0.02048218622803688 imagef_546943855437
23180 0.009869767352938652 0.007392671424895525 0.020484091714024544 imagel_547070882331
23190 0.015812605619430542 0.009365268051624298 0.020469434559345245 imagel_547111856605
23200 0.9034988880157471 0.879156768321991 0.02044839970767498 imager_547184862870
23210 0.04560885578393936 0.026857499033212662 0.020444247871637344 imageu_546946858444
23220 0.12803547084331512 0.10906780511140823 0.02043224684894085 imageu_547203881874
23230 0.055389951914548874 0.03007677011191845 0.02042176015675068 imagef_546900879170
23240 0.0618659071624279 0.03345634415745735 0.02041725628077984 imagef_546880859173
23250 0.022483324632048607 0.014453805983066559 0.02040552906692028 imagel_547082860970
23260 0.029097214341163635 0.021091196686029434 0.020385952666401863 imager_547121866605
23270 0.08844469487667084 0.06882176548242569 0.020372506231069565 imaged_546878857194
23280 0.05362518131732941 0.028240086510777473 0.020355086773633957 imageu_546936881803
23290 0.030637603253126144 0.019995450973510742 0.020356640219688416 imaged_546990869071
23300 0.023159921169281006 0.018704833462834358 0.020359406247735023 imager_547067879338
23310 0.05602779611945152 0.0319470539689064 0.02036174200475216 imageb_547138883611
23320 0.07440803200006485 0.05151740089058876 0.020359396934509277 imageu_547135880603
23330 0.17404402792453766 0.12521234154701233 0.0203744824975729 imagef_546854866535
23340 0.0211409330368042 0.016818860545754433 0.020397068932652473 imager_546888867171
23350 0.04209800064563751 0.024603910744190216 0.020398907363414764 imageu_547033878707
23360 0.041448771953582764 0.026423998177051544 0.020393799990415573 imagef_547145857237
23370 0.38349348306655884 0.31924694776535034 0.02038562297821045 imagel_547205883874
23380 0.03266649320721626 0.021105071529746056 0.020368915051221848 imaged_546972884442
23390 0.02153419330716133 0.011868531815707684 0.02035173773765564 imagel_546943855437
23400 0.017248786985874176 0.011576725170016289 0.020338527858257294 imagel_546928873809
23410 0.02133476547896862 0.014499939046800137 0.02033883146941662 imagel_546934879798
23420 0.04421806335449219 0.02921070158481598 0.020339423790574074 imaged_546933878804
23430 0.03697807714343071 0.024459974840283394 0.020327335223555565 imager_547074852968
23440 0.021766414865851402 0.01660849153995514 0.0203111432492733 imager_547116861604
23450 0.04413141682744026 0.026627151295542717 0.020303182303905487 imageb_547053865336
23460 0.0419856496155262 0.02519620954990387 0.02029234729707241 imageb_547149861238
23470 0.02350873500108719 0.01646854355931282 0.020298128947615623 imager_547149861238
23480 0.023840637877583504 0.010406986810266972 0.02030189335346222 imagel_547181859871
23490 0.03909945860505104 0.024927934631705284 0.020293740555644035 imageb_546994873075
23500 0.047741226851940155 0.026432450860738754 0.02028782293200493 imagef_546950862437
23510 0.04128411412239075 0.023845605552196503 0.02029527723789215 imageu_546970882435
23520 0.03175414353609085 0.018694564700126648 0.02029232122004032 imagef_546990869071
23530 0.03221254423260689 0.020005863159894943 0.02029668726027012 imageb_547064876339
23540 0.029304230585694313 0.020826119929552078 0.020310478284955025 imager_546895874174
23550 0.04749654605984688 0.02502485178411007 0.02032589353621006 imageb_547132877611
23560 0.0513346828520298 0.030355200171470642 0.020331351086497307 imageb_547155867242
23570 0.032362889498472214 0.017512129619717598 0.02033938467502594 imaged_546982861070
23580 0.03088540956377983 0.020009851083159447 0.020336292684078217 imaged_547150862236
23590 0.050302743911743164 0.02876223437488079 0.0203239805996418 imagef_547021866708
23600 0.027999360114336014 0.021459603682160378 0.02031298540532589 imager_546975854071
23610 0.04235291853547096 0.026360196992754936 0.02031744457781315 imaged_546936881803
23620 0.42167648673057556 0.28851306438446045 0.02031911350786686 imageu_547205883874
23630 0.039728403091430664 0.022722555324435234 0.020314635708928108 imagef_547118863609
23640 0.01762520521879196 0.010769079439342022 0.020312804728746414 imagel_547014859704
23650 0.02154863066971302 0.012057715095579624 0.020307881757616997 imagel_547043855348
23660 0.06048165634274483 0.0380280539393425 0.02029966190457344 imageu_546977856071
23670 0.3437592089176178 0.29580196738243103 0.020288167521357536 imagef_547184862870
23680 0.03430170938372612 0.01684700697660446 0.020280418917536736 imagel_547169881238
23690 0.031322430819272995 0.023252394050359726 0.02027886174619198 imager_546912857810
23700 0.5365259051322937 0.47042611241340637 0.020279547199606895 imageb_547205883874
23710 0.059860385954380035 0.032023731619119644 0.020273931324481964 imageu_547040885702
23720 0.011855111457407475 0.00926175992935896 0.02026032842695713 imagel_547125870610
23730 0.04183563217520714 0.02440226823091507 0.020251907408237457 imageu_547079857970
23740 0.060073040425777435 0.03513859957456589 0.020234910771250725 imageu_547023868703
23750 0.05790291726589203 0.03293237090110779 0.020219609141349792 imagef_546965877440
23760 0.09471189975738525 0.05401426553726196 0.02021601051092148 imagef_546860872536
23770 0.011914088390767574 0.007969294674694538 0.020216509699821472 imagel_547123868601
23780 0.028908075764775276 0.01836564391851425 0.020212700590491295 imager_547079857970
23790 0.041988667100667953 0.024689795449376106 0.020201988518238068 imageb_546900879170
23800 0.3690173029899597 0.3316110670566559 0.020190462470054626 imaged_546856868537
23810 0.04563227668404579 0.02663930505514145 0.02018461376428604 imageu_547016861703
23820 0.047394875437021255 0.025713199749588966 0.020185403525829315 imageu_547057869336
23830 0.12497704476118088 0.11262169480323792 0.02018212154507637 imageu_547162874244
23840 0.05185229331254959 0.029428979381918907 0.02019055187702179 imageu_546914859807
23850 0.01854020729660988 0.010188193991780281 0.0201858039945364 imagel_547021866708
23860 0.0278585497289896 0.022123120725154877 0.0201797503978014 imager_546890869170
23870 0.028405075892806053 0.01991700939834118 0.020157653838396072 imager_546965877440
23880 0.016895975917577744 0.010030580684542656 0.020138366147875786 imagel_546924869806
23890 0.05390634760260582 0.031887542456388474 0.020125489681959152 imagef_547149861238
23900 0.013312716968357563 0.008977924473583698 0.02012411504983902 imagel_547001880072
23910 0.03429142013192177 0.026864008978009224 0.02011394128203392 imager_546946858444
23920 0.025327948853373528 0.019664233550429344 0.020102307200431824 imager_546984863078
23930 0.04506565257906914 0.024905579164624214 0.02009224332869053 imagef_547120865600
23940 0.026396851986646652 0.019685471430420876 0.02008286863565445 imager_547069881338
23950 0.03494187444448471 0.01922551356256008 0.020070847123861313 imaged_547057869336
23960 0.05567837506532669 0.032804615795612335 0.020053712651133537 imageb_547094872971
23970 0.04890173673629761 0.02893303893506527 0.02005784958600998 imageu_547081859975
23980 0.04819644242525101 0.028631269931793213 0.020069804042577744 imageu_546887866191
23990 0.07677292078733444 0.0706169605255127 0.02006213553249836 imageu_547160872234
24000 0.046098243445158005 0.02669556997716427 0.020045431330800056 imagef_546980859076
24010 0.025696491822600365 0.015930617228150368 0.020029976963996887 imaged_547074852968
24020 0.04088041931390762 0.026497697457671165 0.020008986815810204 imaged_546973885436
24030 0.03822561725974083 0.022018473595380783 0.019989507272839546 imageu_547026871704
24040 0.6148287057876587 0.5221019983291626 0.019972817972302437 imageb_546839884906
24050 0.03845759108662605 0.022581618279218674 0.019962739199399948 imagef_546955867436
24060 0.17120325565338135 0.10173077881336212 0.0199558287858963 imageb_547177855874
24070 0.02129749022424221 0.01337785366922617 0.019946537911891937 imagel_546987866076
24080 0.9140924215316772 0.8923981189727783 0.01994461938738823 imager_547181859871
24090 0.033915627747774124 0.02378145419061184 0.01995529979467392 imager_547130875605
24100 0.22471575438976288 0.19074571132659912 0.019969329237937927 imaged_547200878871
24110 0.0414145365357399 0.023512188345193863 0.019980108365416527 imageu_546968880435
24120 0.5577005743980408 0.47946393489837646 0.01998627744615078 imageb_546846858536
24130 0.042837079614400864 0.03234826400876045 0.019993193447589874 imager_547075853978
24140 0.014147274196147919 0.010100259445607662 0.01999061182141304 imagel_547052864345
24150 0.8882931470870972 0.8601586818695068 0.019982296973466873 imager_547194872874
24160 0.015475909225642681 0.008863432332873344 0.019978806376457214 imagel_546931876806
24170 0.9081047773361206 0.884918749332428 0.019969956949353218 imager_547188866869
24180 0.052421558648347855 0.029114509001374245 0.019953787326812744 imageu_546912857810
24190 0.035628169775009155 0.022376278415322304 0.019934071227908134 imaged_546967879439
24200 0.039523884654045105 0.02422971837222576 0.019917123019695282 imageb_547047859335
24210 0.020884409546852112 0.018083056434988976 0.019915062934160233 imager_546994873075
24220 0.012886651791632175 0.008230307139456272 0.019902074709534645 imagel_547057869336
24230 0.03798303380608559 0.024055298417806625 0.01989024691283703 imageb_546873885533
24240 0.0413622222840786 0.0263455081731081 0.019883785396814346 imaged_546933878804
24250 0.032203786075115204 0.020480886101722717 0.01988680101931095 imaged_547082860970
24260 0.05400978773832321 0.03216802328824997 0.019884182140231133 imagef_547150862236
24270 0.018344400450587273 0.012046551331877708 0.019879760220646858 imagel_547018863705
24280 0.024809107184410095 0.013307580724358559 0.01987348683178425 imagel_547060872343
24290 0.03108557127416134 0.021998990327119827 0.019869083538651466 imager_547058870341
24300 0.03994467854499817 0.02386411838233471 0.019867097958922386 imagef_547113858603
24310 0.03888723626732826 0.023913228884339333 0.01985538750886917 imagef_547092870974
24320 0.018681131303310394 0.01041109673678875 0.019857818260788918 imagel_546963875440
24330 0.02305474877357483 0.017135104164481163 0.019856702536344528 imager_546934879798
24340 0.04832790046930313 0.02768859453499317 0.019860340282320976 imagef_546953865434
24350 0.05257411301136017 0.029741644859313965 0.019877318292856216 imageb_547111856605
24360 0.5357120037078857 0.44293826818466187 0.0198857132345438 imageb_547188866869
24370 0.032828882336616516 0.02079310454428196 0.019884735345840454 imaged_547108853603
24380 0.46277323365211487 0.3906981945037842 0.019879784435033798 imageb_546849861536
24390 0.5465866327285767 0.5007677674293518 0.019867371767759323 imaged_546848860533
24400 0.0349312387406826 0.022057276219129562 0.019851820543408394 imaged_547047859335
24410 0.3441462516784668 0.30483731627464294 0.019853243604302406 imagef_547191869875
24420 0.5675646066665649 0.5054011940956116 0.019863009452819824 imageb_547203881874
24430 0.058797575533390045 0.03441916033625603 0.019860463216900826 imageu_546883862169
24440 0.012886947020888329 0.007456774357706308 0.01984688639640808 imagel_546936881803
24450 0.07039979100227356 0.05789799988269806 0.019823646172881126 imageu_547152864241
24460 0.16058899462223053 0.1353706419467926 0.019810954108834267 imagel_546851863543
24470 0.03924312815070152 0.023957552388310432 0.019807638600468636 imagef_547103881966
24480 0.05600285530090332 0.032760705798864365 0.01980571821331978 imagef_547060872343
24490 0.045442018657922745 0.032427020370960236 0.019807996228337288 imaged_546895874174
24500 0.05797947198152542 0.032725296914577484 0.01981261558830738 imagef_546922867806
24510 0.017720311880111694 0.010991104878485203 0.019816160202026367 imagel_547006885077
24520 0.04219689965248108 0.02431569993495941 0.01980583183467388 imageu_547064876339
24530 0.02934848703444004 0.019862283021211624 0.01978895254433155 imager_547041853338
24540 0.049029916524887085 0.024807920679450035 0.019770994782447815 imageu_546982861070
24550 0.025240318849682808 0.018333613872528076 0.019767645746469498 imager_547035880703
24560 0.04400370270013809 0.02583164907991886 0.01976308599114418 imageb_546980859076
24570 0.019204912707209587 0.010625388473272324 0.019741222262382507 imagel_546968880435
24580 0.26863133907318115 0.2196277230978012 0.019727718085050583 imageu_546851863543
24590 0.08128992468118668 0.0629311352968216 0.019724253565073013 imager_547164876237
24600 0.031657345592975616 0.022012559697031975 0.0197059977799654 imaged_547154866233
24610 0.06054412201046944 0.03790920600295067 0.019697295501828194 imageb_547109854609
24620 0.024013333022594452 0.016175448894500732 0.019684331491589546 imagel_546989868066
24630 0.03367030993103981 0.022062137722969055 0.019671166315674782 imaged_546985864078
24640 0.16550526022911072 0.11792165786027908 0.019668258726596832 imagel_547186864875
24650 0.05577617511153221 0.0322970487177372 0.019666096195578575 imageu_547011856705
24660 0.12927882373332977 0.06489647924900055 0.0196700319647789 imagef_547171883239
24670 0.03459414467215538 0.024661986157298088 0.019693732261657715 imaged_547159871241
24680 0.3423821032047272 0.2774639427661896 0.019712768495082855 imagef_547206884871
24690 0.12381251901388168 0.0832977145910263 0.01971592754125595 imagel_547189867877
24700 0.048520904034376144 0.02958342246711254 0.019719084724783897 imagef_547065877343
24710 0.047555163502693176 0.026710210368037224 0.01971052773296833 imageb_546916861809
24720 0.05254707857966423 0.03138164058327675 0.019712213426828384 imagef_546871883543
24730 0.31664329767227173 0.2349444329738617 0.019703688099980354 imagel_547198876871
24740 0.9168252944946289 0.8958161473274231 0.01969383843243122 imager_547186864875
24750 0.024314263835549355 0.015649687498807907 0.01967603713274002 imager_547053865336
24760 0.053618110716342926 0.028436627238988876 0.0196673721075058 imageu_547043855348
24770 0.04186021164059639 0.026082534343004227 0.019654924049973488 imageb_547089867973
24780 0.030961278825998306 0.01878494955599308 0.019650250673294067 imageb_547064876339
24790 0.08255269378423691 0.06766511499881744 0.019657664000988007 imaged_546887866191
24800 0.07038334757089615 0.03899822384119034 0.019661150872707367 imagef_546938883810
24810 0.30738365650177 0.24824635684490204 0.019654445350170135 imageu_546849861536
24820 0.0605769082903862 0.03474371135234833 0.019651537761092186 imagef_546968880435
24830 0.3409998416900635 0.29472780227661133 0.01966099999845028 imageu_547177855874
24840 0.08102414757013321 0.04388922080397606 0.01967764087021351 imagef_546856868537
24850 0.03278931602835655 0.02014056034386158 0.019711360335350037 imaged_546967879439
24860 0.03401456028223038 0.021025456488132477 0.019723745062947273 imageb_547058870341
24870 0.0528092235326767 0.02978144958615303 0.019719071686267853 imagef_546948860438
24880 0.01545578334480524 0.010077244602143764 0.019714459776878357 imagel_547160872234
24890 0.06056265905499458 0.03929618000984192 0.019706502556800842 imageu_546860872536
24900 0.1899288445711136 0.1418229192495346 0.01970112882554531 imagel_547193871872
24910 0.032341644167900085 0.01721774972975254 0.01969461888074875 imaged_546982861070
24920 0.055532537400722504 0.03686309605836868 0.019683055579662323 imagef_546871883543
24930 0.020913340151309967 0.014453250914812088 0.019687218591570854 imager_547035880703
24940 0.05532432720065117 0.030229760333895683 0.019682718440890312 imageu_546938883810
24950 0.36212000250816345 0.30805110931396484 0.019663702696561813 imagel_547200878871
24960 0.05005587264895439 0.03208540007472038 0.019648222252726555 imagef_546882861171
24970 0.05335783585906029 0.031443383544683456 0.019643224775791168 imageb_547094872971
24980 0.5465843677520752 0.5007677674293518 0.019637929275631905 imaged_546848860533
24990 0.0235113725066185 0.018786514177918434 0.019641151651740074 imager_546926871803
25000 0.05776495486497879 0.04021712765097618 0.019642744213342667 imageb_546973885436
25010 0.03773805499076843 0.023137291893363 0.01963755674660206 imageb_546948860438
25020 0.05170225724577904 0.02584763616323471 0.01964457519352436 imageu_546967879439
25030 0.031080659478902817 0.02593136765062809 0.01963724009692669 imager_547036881708
25040 0.03759552910923958 0.02043575420975685 0.0196384284645319 imageb_546996875070
25050 0.19459515810012817 0.14614896476268768 0.019628502428531647 imageb_546858870537
25060 0.04175914078950882 0.023627059534192085 0.01962008699774742 imageu_546965877440
25070 0.0284612774848938 0.02056659571826458 0.01961958222091198 imager_547121866605
25080 0.013578158803284168 0.008443795144557953 0.019603993743658066 imagel_547118863609
25090 0.09894654154777527 0.05656394734978676 0.019588865339756012 imagef_546860872536
25100 0.018531164154410362 0.011613310314714909 0.019573649391531944 imagel_546890869170
25110 0.08436091989278793 0.0627380833029747 0.01955557055771351 imageb_546863875543
25120 0.9155230522155762 0.8941931128501892 0.019549721851944923 imager_547176854870
25130 0.024402596056461334 0.018910689279437065 0.019550520926713943 imager_546987866076
25140 0.0168929360806942 0.011888964101672173 0.019541079178452492 imagel_546990869071
25150 0.02252858877182007 0.01682952605187893 0.01952008157968521 imager_546934879798
25160 0.9081002473831177 0.884918749332428 0.0195145383477211 imager_547188866869
25170 0.052077263593673706 0.0290982685983181 0.019503358751535416 imageu_546916861809
25180 0.01532697957009077 0.010346160270273685 0.019488606601953506 imagel_547002881074
25190 0.034767214208841324 0.02105388604104519 0.019470322877168655 imagef_547092870974
25200 0.027577366679906845 0.016246767714619637 0.019462166354060173 imaged_547035880703
25210 0.04449726641178131 0.027477135881781578 0.019464250653982162 imagef_547058870341
25220 0.06209910660982132 0.03940611705183983 0.019458821043372154 imageu_546875854173
25230 0.04222636669874191 0.02419816143810749 0.019449487328529358 imagef_547121866605
25240 0.0384087897837162 0.02925015427172184 0.019447803497314453 imageb_546868880541
25250 0.29151150584220886 0.2562240660190582 0.01944737508893013 imaged_547183861871
25260 0.039812587201595306 0.0344557985663414 0.019431646913290024 imager_547125870610
25270 0.03340735659003258 0.019326651468873024 0.019415054470300674 imageu_546953865434
25280 0.044707220047712326 0.031716298311948776 0.019412953406572342 imaged_546895874174
25290 0.36214643716812134 0.29061198234558105 0.019406141713261604 imaged_547198876871
25300 0.03477533161640167 0.021589530631899834 0.01939232461154461 imaged_547064876339
25310 0.03366079553961754 0.023829428479075432 0.019386088475584984 imager_547014859704
25320 0.02705988474190235 0.020746327936649323 0.0193678829818964 imager_547138883611
25330 0.013395960442721844 0.008697396144270897 0.0193503238260746 imagel_547106884970
25340 0.03009571135044098 0.019528726115822792 0.01933157816529274 imaged_547019864709
25350 0.030131617560982704 0.0215055663138628 0.019315365701913834 imager_547009854705
25360 0.04634672775864601 0.02698098123073578 0.019302675500512123 imageb_547006885077
25370 0.10832712054252625 0.09766600281000137 0.019302289932966232 imaged_546871883543
25380 0.03875524550676346 0.021520141512155533 0.01930352859199047 imageu_546950862437
25390 0.045947927981615067 0.026008158922195435 0.019297152757644653 imageu_546919864808
25400 0.04728104919195175 0.02762632444500923 0.019291074946522713 imagef_546979858070
25410 0.0486605167388916 0.026138367131352425 0.0192865040153265 imageu_547070882331
25420 0.02690187469124794 0.02095932699739933 0.019289303570985794 imager_547118863609
25430 0.025949817150831223 0.02008306421339512 0.019293690100312233 imager_546890869170
25440 0.032523807138204575 0.021158801391720772 0.01928498037159443 imaged_547142854240
25450 0.05031267926096916 0.030943507328629494 0.019287506118416786 imageu_547115860606
25460 0.10073047131299973 0.08384563773870468 0.019287290051579475 imaged_546875854173
25470 0.026742033660411835 0.019575035199522972 0.019289175048470497 imager_546936881803
25480 0.02190563455224037 0.013962985947728157 0.019281722605228424 imagel_547082860970
25490 0.027930941432714462 0.01729830726981163 0.019268305972218513 imaged_547006885077
25500 0.24678637087345123 0.18198688328266144 0.019256649538874626 imagef_546853865537
25510 0.050254952162504196 0.02853066846728325 0.019237207248806953 imagef_547160872234
25520 0.026326650753617287 0.015821166336536407 0.01921899802982807 imaged_547116861604
25530 0.04309678450226784 0.024920938536524773 0.019207362085580826 imageb_547121866605
25540 0.015363909304141998 0.009257979691028595 0.0192041527479887 imagel_547116861604
25550 0.050288304686546326 0.028188789263367653 0.019209356978535652 imagef_546958870432
25560 0.04614237695932388 0.025232093408703804 0.019204802811145782 imageu_547077855978
25570 0.012514696456491947 0.008555886335670948 0.019202271476387978 imagel_547179857873
25580 0.018299618735909462 0.00985401589423418 0.019206341356039047 imagel_547137882603
25590 0.02894553914666176 0.022651828825473785 0.01920022815465927 imager_547001880072
25600 0.05638992413878441 0.03739985451102257 0.019191617146134377 imageb_547030875702
25610 0.05227541923522949 0.030435938388109207 0.019176874309778214 imagef_547021866708
25620 0.05112902447581291 0.03555019572377205 0.01916790008544922 imaged_546897876191
25630 0.1704377681016922 0.10815329849720001 0.01915852539241314 imagef_547169881238
25640 0.028255518525838852 0.016959797590970993 0.019159171730279922 imaged_547075853978
25650 0.03484848886728287 0.021912040188908577 0.019154706969857216 imageb_546953865434
25660 0.36730045080184937 0.3324100971221924 0.01915077120065689 imageu_547166878243
25670 0.0579662099480629 0.03305085375905037 0.019156532362103462 imageb_547157869236
25680 0.04914141818881035 0.027849124744534492 0.019178008660674095 imageu_547058870341
25690 0.04300134256482124 0.02726389281451702 0.019190333783626556 imagef_546990869071
25700 0.14311859011650085 0.07889486104249954 0.019195333123207092 imageb_547176854870
25710 0.045178283005952835 0.02668950706720352 0.01918843388557434 imagef_547016861703
25720 0.019099533557891846 0.015400992706418037 0.01918904483318329 imager_546887866191
25730 0.07945694774389267 0.0419936440885067 0.019181134179234505 imagef_546878857194
25740 0.06267762929201126 0.04113251343369484 0.019168894737958908 imaged_546905884197
25750 0.039211634546518326 0.02396244741976261 0.019160177558660507 imagef_546956868435
25760 0.03776993602514267 0.021613286808133125 0.019162572920322418 imageb_546962874438
25770 0.23665975034236908 0.1810547411441803 0.01917053386569023 imageu_547193871872
25780 0.46489086747169495 0.37694960832595825 0.019179074093699455 imageu_547191869875
25790 0.04268059507012367 0.026429256424307823 0.019175227731466293 imageb_546999878077
25800 0.05206667259335518 0.028307626023888588 0.0191775131970644 imageb_546982861070
25810 0.03487176448106766 0.022433612495660782 0.019182294607162476 imaged_547016861703
25820 0.03986581042408943 0.024461518973112106 0.019189974293112755 imagef_547067879338
25830 0.03132042661309242 0.02251037396490574 0.019197409972548485 imager_546945857437
25840 0.04129744693636894 0.026329847052693367 0.019196143373847008 imaged_546973885436
25850 0.025487110018730164 0.014933652244508266 0.019189435988664627 imagel_546861873539
25860 0.03979087620973587 0.02468026615679264 0.019183145835995674 imaged_546939884803
25870 0.038834765553474426 0.02511555142700672 0.01917240582406521 imageb_546958870432
25880 0.03922064229846001 0.026081623509526253 0.019155582413077354 imaged_547147859235
25890 0.03152567520737648 0.01435212790966034 0.019135797396302223 imagel_547162874244
25900 0.04707593098282814 0.02884100377559662 0.019116589799523354 imagef_547052864345
25910 0.35370180010795593 0.2692817151546478 0.019112033769488335 imagef_546851863543
25920 0.029896780848503113 0.01998533122241497 0.019106637686491013 imaged_547115860606
25930 0.014589820057153702 0.00956390704959631 0.01909240148961544 imagel_547047859335
25940 0.027336109429597855 0.015956183895468712 0.01908506639301777 imaged_547094872971
25950 0.03785550966858864 0.02257644012570381 0.019084176048636436 imageb_547014859704
25960 0.030299639329314232 0.017905810847878456 0.01908230595290661 imaged_547111856605
25970 0.16908320784568787 0.13525468111038208 0.01907256804406643 imageu_546856868537
25980 0.020372869446873665 0.011111496947705746 0.0190700925886631 imagel_546967879439
25990 0.36942294239997864 0.3320067226886749 0.0190615002065897 imaged_546856868537
26000 0.04534946382045746 0.02787553332746029 0.019045047461986542 imageb_546972884442
26010 0.012155264616012573 0.009594601579010487 0.019049281254410744 imagel_546955867436
26020 0.03419489413499832 0.0242207869887352 0.019055532291531563 imager_547043855348
26030 0.05694543942809105 0.033148832619190216 0.01904635690152645 imageb_546922867806
26040 0.0340094119310379 0.02278747782111168 0.01902873069047928 imaged_547135880603
26050 0.01965443603694439 0.010794256813824177 0.019013037905097008 imagel_546977856071
26060 0.041679032146930695 0.02494901232421398 0.01901233196258545 imageu_547018863705
26070 0.04354953393340111 0.02483712136745453 0.019023818895220757 imageu_547006885077
26080 0.015638822689652443 0.009190788492560387 0.019028468057513237 imagel_547099877967
26090 0.04002976417541504 0.02348225563764572 0.01901678554713726 imageb_547150862236
26100 0.018382186070084572 0.01010817475616932 0.019020430743694305 imagel_547137882603
26110 0.0153892170637846 0.009021653793752193 0.019014107063412666 imagel_546856868537
26120 0.04814158007502556 0.027159035205841064 0.019013015553355217 imagef_547077855978
26130 0.32885438203811646 0.2748190760612488 0.019006578251719475 imageb_547201879876
26140 0.06089531630277634 0.03408699482679367 0.018994571641087532 imagef_546911856805
26150 0.03037748485803604 0.01917424611747265 0.018989108502864838 imaged_547089867973
26160 0.16457076370716095 0.13995856046676636 0.018986644223332405 imaged_547172884238
26170 0.2516781687736511 0.2168971449136734 0.01898588240146637 imageu_546854866535
26180 0.03600509092211723 0.019516166299581528 0.018973760306835175 imagef_547118863609
26190 0.049419939517974854 0.027126159518957138 0.01897197961807251 imageu_547035880703
26200 0.03253280743956566 0.02004823088645935 0.018969634547829628 imaged_547014859704
26210 0.011556945741176605 0.00831575971096754 0.018970586359500885 imagel_547126871606
26220 0.03897527605295181 0.02542087808251381 0.01896006427705288 imageb_547126871606
26230 0.0360223725438118 0.02271355502307415 0.01893863081932068 imageb_547069881338
26240 0.04712970182299614 0.025912171229720116 0.01892748475074768 imageb_547118863609
26250 0.04294712468981743 0.02397279068827629 0.018934087827801704 imageu_546965877440
26260 0.23399034142494202 0.1795615553855896 0.01892329379916191 imageu_547193871872
26270 0.047835823148489 0.025498192757368088 0.018904950469732285 imagef_547040885702
26280 0.044817037880420685 0.026429705321788788 0.018893472850322723 imageb_547023868703
26290 0.19819357991218567 0.14459118247032166 0.01889003999531269 imagef_547172884238
26300 0.04043770954012871 0.032252904027700424 0.0188771840184927 imageu_546866878536
26310 0.03913871571421623 0.02303556725382805 0.018862398341298103 imagef_547101879972
26320 0.04289483278989792 0.024940527975559235 0.01885421946644783 imageu_546987866076
26330 0.06696300953626633 0.04688739776611328 0.018845975399017334 imageu_547137882603
26340 0.052846603095531464 0.029426032677292824 0.018838025629520416 imagef_546982861070
26350 0.029249707236886024 0.02006901055574417 0.01883012428879738 imaged_547091869975
26360 0.021959684789180756 0.016611607745289803 0.018819164484739304 imager_546956868435
26370 0.038521941751241684 0.024252906441688538 0.018800046294927597 imaged_547101879972
26380 0.044698316603899 0.025629054754972458 0.018780924379825592 imageu_546975854071
26390 0.3825250566005707 0.33686429262161255 0.018777843564748764 imagef_547189867877
26400 0.07668396830558777 0.04309248924255371 0.01877516321837902 imagef_546967879439
26410 0.06214842200279236 0.04808741807937622 0.018775999546051025 imaged_546885864170
26420 0.011032439768314362 0.007601806428283453 0.01876409351825714 imagel_547028873712
26430 0.047254323959350586 0.03590555861592293 0.018751069903373718 imageb_546866878536
26440 0.032745361328125 0.022304082289338112 0.018744783475995064 imager_547079857970
26450 0.02131984382867813 0.014790165238082409 0.018739765509963036 imager_547115860606
26460 0.013793671503663063 0.007887943647801876 0.01875171810388565 imagel_547086864973
26470 0.04855005443096161 0.025717074051499367 0.01875530555844307 imageb_546892871169
26480 0.07722757011651993 0.06311993300914764 0.018748214468359947 imaged_547166878243
26490 0.02938150241971016 0.018265919759869576 0.018749013543128967 imaged_547137882603
26500 0.03741651773452759 0.02870113216340542 0.018741421401500702 imageu_546863875543
26510 0.03301376849412918 0.013831880874931812 0.018722916021943092 imagel_547157869236
26520 0.0301398616284132 0.020212868228554726 0.01870889775454998 imager_547043855348
26530 0.02814413234591484 0.02068905532360077 0.018701422959566116 imager_547135880603
26540 0.05423678085207939 0.03436737880110741 0.018689746037125587 imagef_547081859975
26550 0.23412096500396729 0.17869658768177032 0.018671471625566483 imageb_546856868537
26560 0.06603679060935974 0.04083225876092911 0.018666844815015793 imagef_546887866191
26570 0.01557920128107071 0.013690515421330929 0.018679173663258553 imager_546868880541
26580 0.03672576695680618 0.029098661616444588 0.018693948164582253 imager_547016861703
26590 0.047361698001623154 0.024274861440062523 0.018709415569901466 imageb_547132877611
26600 0.03279316797852516 0.01920364610850811 0.018715253099799156 imageb_546931876806
26610 0.025846874341368675 0.02016047015786171 0.018712038174271584 imager_546914859807
26620 0.03009919635951519 0.017898404970765114 0.018710970878601074 imaged_547099877967
26630 0.0447952002286911 0.02600810118019581 0.018714983016252518 imagef_547108853603
26640 0.05538108944892883 0.03426176309585571 0.018720056861639023 imageb_547166878243
26650 0.5807281732559204 0.48924520611763 0.018726222217082977 imagef_546843855539
26660 0.042724497616291046 0.0254280436784029 0.018727000802755356 imageb_547142854240
26670 0.14624668657779694 0.11068499833345413 0.018723346292972565 imaged_547203881874
26680 0.04669029638171196 0.027395114302635193 0.018723085522651672 imageb_547006885077
26690 0.02575358934700489 0.01801915280520916 0.01872739940881729 imagel_546989868066
26700 0.06227853149175644 0.032649651169776917 0.0187368281185627 imagef_546902881194
26710 0.35287609696388245 0.3025015890598297 0.018752390518784523 imageb_547193871872
26720 0.019243279471993446 0.014901861548423767 0.018739882856607437 imager_547033878707
26730 0.04048725962638855 0.03168041631579399 0.01872626505792141 imager_547160872234
26740 0.047103092074394226 0.027369068935513496 0.018716737627983093 imageb_547104882977
26750 0.034727100282907486 0.021342968568205833 0.018715811893343925 imaged_547140885602
26760 0.04189092665910721 0.024590028449892998 0.0187107902020216 imagef_547062874337
26770 0.03920953720808029 0.02149471826851368 0.018701676279306412 imageu_546950862437
26780 0.34350869059562683 0.3048517405986786 0.018687566742300987 imagef_547191869875
26790 0.5365098714828491 0.47042611241340637 0.018672309815883636 imageb_547205883874
26800 0.04618450254201889 0.028297239914536476 0.018655570223927498 imagef_546924869806
26810 0.01882702298462391 0.010603183880448341 0.018650896847248077 imagel_547062874337
26820 0.025626568123698235 0.014043827541172504 0.01864786259829998 imagel_546909854806
26830 0.5300664901733398 0.4125911593437195 0.018645763397216797 imageu_547196874870
26840 0.04439599812030792 0.030065789818763733 0.018635950982570648 imagef_547154866233
26850 0.01631423644721508 0.010659044608473778 0.018626205623149872 imagel_546912857810
26860 0.03207895904779434 0.025444867089390755 0.018614500761032104 imager_546963875440
26870 0.19570516049861908 0.12267158180475235 0.01859760284423828 imageb_547172884238
26880 0.03686230629682541 0.02389165386557579 0.01858912594616413 imaged_547126871606
26890 0.03940880671143532 0.02173268236219883 0.018591273576021194 imageu_546928873809
26900 0.16811330616474152 0.1077212318778038 0.01859273575246334 imageb_547179857873
26910 0.4627559185028076 0.3906576335430145 0.01860356144607067 imageb_546849861536
26920 0.5884976387023926 0.4952457547187805 0.018607046455144882 imagef_546846858536
26930 0.038451243191957474 0.024028612300753593 0.018601370975375175 imagef_547079857970
26940 0.061795674264431 0.03608428314328194 0.018589811399579048 imagef_546919864808
26950 0.040009431540966034 0.034488845616579056 0.01860019750893116 imager_547125870610
26960 0.015159478411078453 0.008935465477406979 0.018610090017318726 imagel_546950862437
26970 0.02305659092962742 0.016866546124219894 0.018612461164593697 imager_546916861809
26980 0.1274252086877823 0.06438954919576645 0.018603801727294922 imagef_547171883239
26990 0.048773393034935 0.02604791708290577 0.01861746981739998 imageu_546980859076
27000 0.9238928556442261 0.9046662449836731 0.01861090399324894 imager_547179857873
27010 0.02949424460530281 0.01847161538898945 0.018588770180940628 imaged_547092870974
27020 0.025095341727137566 0.013647441752254963 0.018580717965960503 imagel_547060872343
27030 0.01684381440281868 0.008901660330593586 0.018573127686977386 imagel_546960872437
27040 0.044739168137311935 0.026604752987623215 0.018560361117124557 imageb_547152864241
27050 0.059557314962148666 0.043990395963191986 0.01855485700070858 imaged_547125870610
27060 0.5478323101997375 0.501246988773346 0.01854526996612549 imaged_546849861536
27070 0.024501005187630653 0.01635347492992878 0.01854327879846096 imaged_546999878077
27080 0.016794968396425247 0.008293266408145428 0.018533824011683464 imagel_547087865974
27090 0.05137600004673004 0.035477571189403534 0.018521996214985847 imaged_546897876191
27100 0.04413216561079025 0.025729365646839142 0.01851985603570938 imageu_547079857970
27110 0.9140781164169312 0.8923981189727783 0.018512843176722527 imager_547181859871
27120 0.04540367051959038 0.02629273571074009 0.01850000210106373 imagef_547099877967
27130 0.029496749863028526 0.017328109592199326 0.018497783690690994 imaged_547104882977
27140 0.31727907061576843 0.2678706645965576 0.01850268617272377 imagef_547200878871
27150 0.04459462687373161 0.02593773975968361 0.018490571528673172 imageb_546950862437
27160 0.03502345085144043 0.020539624616503716 0.018475234508514404 imaged_547024869702
27170 0.04371647909283638 0.025569694116711617 0.018465282395482063 imageb_547057869336
27180 0.030491242185235023 0.019256381317973137 0.0184701569378376 imaged_546924869806
27190 0.009779805317521095 0.007847880013287067 0.018467022106051445 imagel_546883862169
27200 0.041462987661361694 0.03286923095583916 0.018455827608704567 imageu_546865877539
27210 0.022917490452528 0.01828615367412567 0.018445774912834167 imager_546924869806
27220 0.037833698093891144 0.02534438855946064 0.018439779058098793 imager_547074852968
27230 0.07380994409322739 0.055181894451379776 0.018439117819070816 imaged_546883862169
27240 0.017786221578717232 0.011029551737010479 0.018450763076543808 imagel_546951863443
27250 0.01091049239039421 0.007725388277322054 0.01846475340425968 imagel_547113858603
27260 0.28468412160873413 0.24461357295513153 0.018477575853466988 imagef_547176854870
27270 0.01696295104920864 0.01050242967903614 0.018478842452168465 imagel_547018863705
27280 0.020918449386954308 0.01578632742166519 0.018480001017451286 imager_546955867436
27290 0.030208399519324303 0.021717192605137825 0.018488425761461258 imagef_546866878536
27300 0.027885781601071358 0.015809450298547745 0.01849719136953354 imagel_546941853440
27310 0.023980919271707535 0.010617555119097233 0.018492041155695915 imagel_547181859871
27320 0.0355600044131279 0.022684738039970398 0.018498316407203674 imaged_547109854609
27330 0.05500653758645058 0.030230047181248665 0.018504347652196884 imageu_547101879972
27340 0.06581022590398788 0.043208785355091095 0.01850086823105812 imageb_547164876237
27350 0.011807400733232498 0.008310523815453053 0.018499748781323433 imagel_547143855237
27360 0.046949148178100586 0.027788111940026283 0.018501555547118187 imageu_547113858603
27370 0.04421842470765114 0.024630697444081306 0.018505075946450233 imageu_546911856805
27380 0.024933114647865295 0.017163122072815895 0.018509142100811005 imager_547007852711
27390 0.025828462094068527 0.014793546870350838 0.018502749502658844 imagel_547060872343
27400 0.04292924329638481 0.02364349737763405 0.018491366878151894 imagef_546953865434
27410 0.009432910941541195 0.008634157478809357 0.018501706421375275 imagel_546866878536
27420 0.41418254375457764 0.36300671100616455 0.01851355843245983 imagel_546844856539
27430 0.008970474824309349 0.006589910481125116 0.018516303971409798 imagel_546992871071
27440 0.011258772574365139 0.007043712306767702 0.018504584208130836 imagel_547179857873
27450 0.02884010039269924 0.021290689706802368 0.01848696917295456 imager_547094872971
27460 0.23158159852027893 0.1669432520866394 0.018483448773622513 imageb_547184862870
27470 0.04291503503918648 0.03446919843554497 0.01848362758755684 imageu_546868880541
27480 0.04544617980718613 0.025706864893436432 0.01847522146999836 imageu_547055867337
27490 0.04398109391331673 0.028722034767270088 0.018456218764185905 imageu_547121866605
27500 0.36502528190612793 0.31913965940475464 0.018438013270497322 imageu_547169881238
27510 0.033788859844207764 0.018529776483774185 0.01841733604669571 imaged_547057869336
27520 0.01733526960015297 0.008974842727184296 0.018390869721770287 imagel_547087865974
27530 0.040557026863098145 0.025099802762269974 0.018369659781455994 imagef_547058870341
27540 0.04854273051023483 0.027368217706680298 0.01835540309548378 imageb_547118863609
27550 0.04081666097044945 0.024950314313173294 0.01835964433848858 imageb_547036881708
27560 0.05056547746062279 0.02783634141087532 0.018366865813732147 imageu_547101879972
27570 0.02968466654419899 0.020464280620217323 0.018366044387221336 imaged_547152864241
27580 0.05101298540830612 0.027496596798300743 0.018352113664150238 imagef_547043855348
27590 0.02894774079322815 0.017175130546092987 0.018349915742874146 imaged_547099877967
27600 0.04124169796705246 0.025262340903282166 0.01834944076836109 imageb_547089867973
27610 0.04259354621171951 0.025248060002923012 0.018335385248064995 imageb_546900879170
27620 0.05644745007157326 0.0369364358484745 0.01833084411919117 imaged_546892871169
27630 0.015548859722912312 0.00940360501408577 0.018331462517380714 imagel_546950862437
27640 0.015204839408397675 0.008762969635426998 0.018326550722122192 imagel_547098876976
27650 0.009038988500833511 0.007176349405199289 0.018330426886677742 imagel_546882861171
27660 0.03616635501384735 0.022486025467514992 0.018334386870265007 imageb_547069881338
27670 0.053390175104141235 0.029317526146769524 0.01832437328994274 imagef_546922867806
27680 0.12513047456741333 0.08495612442493439 0.01831207238137722 imagel_547189867877
27690 0.04803672432899475 0.027335891500115395 0.01829487830400467 imagef_547150862236
27700 0.018799560144543648 0.014253517612814903 0.018289050087332726 imager_546955867436
27710 0.0539812296628952 0.029260974377393723 0.01828443445265293 imageb_546894873172
27720 0.03625122085213661 0.02295778878033161 0.018294641748070717 imageb_546963875440
27730 0.22520849108695984 0.15250003337860107 0.01830216497182846 imagel_547196874870
27740 0.0794939249753952 0.04230625182390213 0.018298806622624397 imagef_546878857194
27750 0.028152361512184143 0.02095791883766651 0.018287865445017815 imager_547089867973
27760 0.035634081810712814 0.020716072991490364 0.018290676176548004 imageb_546945857437
27770 0.04121728986501694 0.021820591762661934 0.018285131081938744 imagef_547120865600
27780 0.5356962084770203 0.44293826818466187 0.018306288868188858 imageb_547188866869
27790 0.6122045516967773 0.5186429619789124 0.01831785961985588 imagef_547194872874
27800 0.03188619390130043 0.02295861393213272 0.018314160406589508 imager_547060872343
27810 0.31399694085121155 0.24895896017551422 0.018300453200936317 imageb_546851863543
27820 0.034854792058467865 0.027071932330727577 0.018284335732460022 imagef_546866878536
27830 0.06761245429515839 0.0482841320335865 0.018272800371050835 imageu_547137882603
27840 0.06057911366224289 0.03795740753412247 0.01827423833310604 imageu_546875854173
27850 0.044222936034202576 0.0253280159085989 0.018266456201672554 imageu_546975854071
27860 0.5890156626701355 0.4955140948295593 0.018263503909111023 imagef_546846858536
27870 0.027374936267733574 0.019941061735153198 0.01826535165309906 imager_546900879170
27880 0.021976230666041374 0.018944863229990005 0.01826578937470913 imager_546870882540
27890 0.916810929775238 0.8958161473274231 0.018258925527334213 imager_547186864875
27900 0.35624417662620544 0.28814101219177246 0.018246060237288475 imagef_547205883874
27910 0.03148026391863823 0.024144168943166733 0.018235594034194946 imager_547145857237
27920 0.08575507253408432 0.04646776244044304 0.018229052424430847 imagef_546861873539
27930 0.019104763865470886 0.010561979375779629 0.018223952502012253 imagel_546922867806
27940 0.020884590223431587 0.01650775969028473 0.018213044852018356 imager_546999878077
27950 0.022152036428451538 0.013925942592322826 0.018205858767032623 imagel_547033878707
27960 0.03288803994655609 0.021353255957365036 0.018199600279331207 imaged_546985864078
27970 0.06402351707220078 0.03733624890446663 0.01818975806236267 imageu_546922867806
27980 0.053547464311122894 0.039398908615112305 0.018180502578616142 imaged_546890869170
27990 0.5560051798820496 0.4615536630153656 0.018165376037359238 imagef_546848860533
28000 0.05352300405502319 0.0334298312664032 0.018140094354748726 imageb_547098876976
28010 0.026163170114159584 0.01925254426896572 0.018123799934983253 imager_547126871606
28020 0.6293948292732239 0.5532845258712769 0.01811845600605011 imageu_546844856539
28030 0.04653747379779816 0.02792716957628727 0.01811070553958416 imagef_547065877343
28040 0.017298171296715736 0.013932748697698116 0.01809822954237461 imagel_546873885533
28050 0.049555618315935135 0.027791468426585197 0.01808375120162964 imageu_547013858709
28060 0.6154005527496338 0.5227111577987671 0.018077081069350243 imageb_546843855539
28070 0.08651361614465714 0.06696123629808426 0.01806570775806904 imaged_546878857194
28080 0.06710691750049591 0.03184499219059944 0.018043827265501022 imageu_547072884335
28090 0.04642689600586891 0.027601419016718864 0.018022486940026283 imagef_547064876339
28100 0.06517663598060608 0.037702083587646484 0.018012462183833122 imagef_546917862811
28110 0.02033706195652485 0.011599166318774223 0.01802138239145279 imagel_546962874438
28120 0.023411186411976814 0.017621256411075592 0.01803288236260414 imager_546934879798
28130 0.056533362716436386 0.035331133753061295 0.01803865097463131 imageb_547166878243
28140 0.047488704323768616 0.02808493562042713 0.01803252287209034 imagef_547111856605
28150 0.23806650936603546 0.18193678557872772 0.018030287697911263 imageu_547193871872
28160 0.05366002395749092 0.030833324417471886 0.018027888610959053 imageb_547048860337
28170 0.4755750298500061 0.39407074451446533 0.018018478527665138 imageu_547189867877
28180 0.035203967243433 0.02436547540128231 0.018012968823313713 imaged_547021866708
28190 0.04096471890807152 0.023828059434890747 0.018008532002568245 imagef_547007852711
28200 0.032392717897892 0.01944752223789692 0.018016034737229347 imaged_547023868703
28210 0.0269868653267622 0.011756183579564095 0.01802833378314972 imagel_547149861238
28220 0.033131588250398636 0.020224422216415405 0.018035266548395157 imageb_547058870341
28230 0.04933490231633186 0.026635415852069855 0.01803160086274147 imagef_547132877611
28240 0.025528935715556145 0.019902003929018974 0.01803811639547348 imager_546890869170
28250 0.05174718052148819 0.029404345899820328 0.018047863617539406 imagef_546885864170
28260 0.012655535712838173 0.008069226518273354 0.018039528280496597 imagel_547057869336
28270 0.020339276641607285 0.01062767580151558 0.018026631325483322 imagel_547043855348
28280 0.03911597281694412 0.02336098439991474 0.018028508871793747 imageb_546999878077
28290 0.07262130826711655 0.04025343433022499 0.01802738755941391 imagef_546938883810
28300 0.03588328883051872 0.023084856569767 0.018014729022979736 imagef_547094872971
28310 0.014737991616129875 0.008564191870391369 0.01801510713994503 imagel_547115860606
28320 0.016762448474764824 0.010313804261386395 0.018010487779974937 imagel_547135880603
28330 0.052342094480991364 0.03310104086995125 0.01800050400197506 imagef_546882861171
28340 0.04837630316615105 0.029992643743753433 0.01798856258392334 imageu_547115860606
28350 0.03261670470237732 0.023568809032440186 0.017989130690693855 imager_546939884803
28360 0.012270974926650524 0.00695103220641613 0.01798405684530735 imagel_546936881803
28370 0.011258364655077457 0.00885502528399229 0.01796884834766388 imagel_546885864170
28380 0.06102775037288666 0.03250708058476448 0.01794859953224659 imageu_547040885702
28390 0.04210733622312546 0.02540338784456253 0.01793735846877098 imagef_547101879972
28400 0.052364133298397064 0.026967879384756088 0.017932813614606857 imagef_546962874438
28410 0.5675454139709473 0.5054011940956116 0.017939463257789612 imageb_547203881874
28420 0.02198968082666397 0.017770685255527496 0.017933281138539314 imager_546888867171
28430 0.03804634138941765 0.03055773675441742 0.01791425049304962 imager_547016861703
28440 0.3693912625312805 0.31849732995033264 0.017898863181471825 imagel_547203881874
28450 0.058336563408374786 0.03254140540957451 0.017885131761431694 imageu_546938883810
28460 0.04042677953839302 0.02546093240380287 0.01787400059401989 imageb_546984863078
28470 0.06026497483253479 0.03458654507994652 0.01787007600069046 imagef_546965877440
28480 0.03232612833380699 0.0217555183917284 0.017868438735604286 imaged_547113858603
28490 0.2861400246620178 0.239453986287117 0.017865357920527458 imaged_547188866869
28500 0.04662637785077095 0.027536779642105103 0.017844634130597115 imageu_546987866076
28510 0.04228205978870392 0.028578778728842735 0.017823975533246994 imager_547057869336
28520 0.05473111942410469 0.03203888610005379 0.017820395529270172 imagef_547038883711
28530 0.05564003810286522 0.037753354758024216 0.017811141908168793 imageu_547126871606
28540 0.0816495269536972 0.044316407293081284 0.017790140584111214 imagef_546914859807
28550 0.05360887944698334 0.031159289181232452 0.017781682312488556 imageu_546885864170
28560 0.03468944504857063 0.025872381404042244 0.017773445695638657 imager_546938883810
28570 0.01983240619301796 0.011781350709497929 0.017775118350982666 imagel_547013858709
28580 0.027302050963044167 0.019471803680062294 0.017781654372811317 imager_547113858603
28590 0.014272939413785934 0.008786247111856937 0.017782337963581085 imagel_547160872234
28600 0.0678168386220932 0.034791406244039536 0.01778234727680683 imageu_546892871169
28610 0.417015939950943 0.3609465956687927 0.01777733489871025 imagef_547188866869
28620 0.04208815470337868 0.02903689444065094 0.01776033639907837 imaged_546921866804
28630 0.03201621025800705 0.021047716960310936 0.01773817650973797 imaged_547041853338
28640 0.026430081576108932 0.019563252106308937 0.01771850325167179 imager_547084862980
28650 0.8355525732040405 0.7947376370429993 0.017703844234347343 imager_546839884906
28660 0.03458832949399948 0.025602417066693306 0.017699379473924637 imager_547128873606
28670 0.042293254286050797 0.023964926600456238 0.01769709773361683 imagef_547111856605
28680 0.015171261504292488 0.0090164290741086 0.017704199999570847 imagel_546950862437
28690 0.05170145630836487 0.029945578426122665 0.01770542934536934 imageb_547115860606
28700 0.018432391807436943 0.010007474571466446 0.01770358718931675 imagel_546968880435
28710 0.04525519907474518 0.025715170428156853 0.017694350332021713 imageb_546924869806
28720 0.046720512211322784 0.026212675496935844 0.017700940370559692 imageu_546914859807
28730 0.038847435265779495 0.023048538714647293 0.017709700390696526 imageu_546994873075
28740 0.01993783935904503 0.01395412627607584 0.017717676237225533 imager_546929874807
28750 0.4595889449119568 0.38860446214675903 0.017720835283398628 imageb_546849861536
28760 0.011517695151269436 0.007988996803760529 0.017715400084853172 imagel_547142854240
28770 0.03304204344749451 0.02567330002784729 0.017707644030451775 imager_547159871241
28780 0.032125625759363174 0.01907879300415516 0.017706982791423798 imagef_547070882331
28790 0.547823965549469 0.501246988773346 0.017709558829665184 imaged_546849861536
28800 0.038273684680461884 0.023899298161268234 0.017717646434903145 imageb_547031876706
28810 0.033835578709840775 0.020458156242966652 0.01772100292146206 imageb_547058870341
28820 0.034111201763153076 0.02671986073255539 0.017711468040943146 imager_547096874977
28830 0.0574900284409523 0.03296438604593277 0.017711497843265533 imageu_547023868703
28840 0.01678214594721794 0.009609570726752281 0.01771806739270687 imagel_546965877440
28850 0.02956649847328663 0.01820404827594757 0.01771768368780613 imageb_546934879798
28860 0.03900076821446419 0.023397216573357582 0.01772286184132099 imageb_547016861703
28870 0.06613816320896149 0.03982215374708176 0.01773054152727127 imagef_546939884803
28880 0.043241169303655624 0.026530873030424118 0.017740266397595406 imagef_547152864241
28890 0.37213557958602905 0.32191595435142517 0.0177600160241127 imageu_547181859871
28900 0.1641477346420288 0.13896626234054565 0.017766594886779785 imaged_547172884238
28910 0.01613355241715908 0.009986375458538532 0.017773155122995377 imagel_546856868537
28920 0.7358282804489136 0.7007399797439575 0.017769744619727135 imager_547205883874
28930 0.03957979381084442 0.02275235578417778 0.017758477479219437 imageb_546938883810
28940 0.029841890558600426 0.017029954120516777 0.017745984718203545 imageb_546931876806
28950 0.03429466858506203 0.021910730749368668 0.017750263214111328 imaged_547126871606
28960 0.6394307017326355 0.5722318291664124 0.0177534818649292 imageu_546839884906
28970 0.04809869825839996 0.025168510153889656 0.01776721328496933 imagef_547072884335
28980 0.36745408177375793 0.30796751379966736 0.017774583771824837 imagel_546846858536
28990 0.02800913155078888 0.019807035103440285 0.01776994951069355 imager_547009854705
29000 0.09361621737480164 0.06158803030848503 0.017752917483448982 imageb_547167879238
29010 0.017495445907115936 0.009718149900436401 0.017743565142154694 imagel_546960872437
29020 0.055166710168123245 0.03226787969470024 0.017732655629515648 imageb_547045857339
29030 0.011870519258081913 0.00919419713318348 0.0177278071641922 imagel_546887866191
29040 0.01668999344110489 0.014696529135107994 0.017718881368637085 imagel_546868880541
29050 0.062349144369363785 0.039813823997974396 0.017704322934150696 imagef_547009854705
29060 0.02967611514031887 0.020455123856663704 0.01769161969423294 imaged_547154866233
29070 0.10093972086906433 0.07949160784482956 0.017677396535873413 imaged_546877856173
29080 0.07224735617637634 0.05915352702140808 0.0176711305975914 imaged_547167879238
29090 0.04015202820301056 0.02362518385052681 0.017679687589406967 imageb_547070882331
29100 0.0147683285176754 0.00900560524314642 0.017699236050248146 imagel_547109854609
29110 0.03670378029346466 0.029475780203938484 0.017708683386445045 imager_547018863705
29120 0.0461297444999218 0.025466034188866615 0.017705854028463364 imageb_546895874174
29130 0.0458865612745285 0.02597075141966343 0.017698777839541435 imageb_546916861809
29140 0.023408154025673866 0.011674131266772747 0.017688918858766556 imagel_546909854806
29150 0.7800077795982361 0.7528608441352844 0.017681250348687172 imager_546860872536
29160 0.023532552644610405 0.017428645864129066 0.017677346244454384 imager_546980859076
29170 0.044803693890571594 0.0269952192902565 0.017665397375822067 imageb_547152864241
29180 0.012663979083299637 0.008900289423763752 0.017656395211815834 imagel_546997876076
29190 0.03435259684920311 0.02453543245792389 0.01765214279294014 imaged_547160872234
29200 0.03378002718091011 0.02432345040142536 0.017639394849538803 imagef_546868880541
29210 0.02603129856288433 0.017966847866773605 0.01763683371245861 imager_547004883077
29220 0.06999900937080383 0.05239235237240791 0.01763446256518364 imaged_546883862169
29230 0.017882170155644417 0.010067966766655445 0.01763610728085041 imagel_547023868703
29240 0.029083792120218277 0.021123694255948067 0.017632342875003815 imager_546962874438
29250 0.025035696104168892 0.01714285835623741 0.017633065581321716 imager_546960872437
29260 0.07128605246543884 0.048836059868335724 0.01763135939836502 imageu_547138883611
29270 0.010307056829333305 0.007653728127479553 0.01763412170112133 imagel_547094872971
29280 0.058332089334726334 0.03382176533341408 0.017621923238039017 imageb_547157869236
29290 0.9442951083183289 0.9301730990409851 0.017605001106858253 imager_547172884238
29300 0.048810847103595734 0.02706713043153286 0.01759306527674198 imageu_547001880072
29310 0.06303634494543076 0.03610236197710037 0.017582722008228302 imageu_546922867806
29320 0.4637686312198639 0.41712358593940735 0.017576143145561218 imaged_546841853547
29330 0.03042626567184925 0.018998298794031143 0.017567746341228485 imaged_546989868066
29340 0.034369900822639465 0.020909437909722328 0.017560193315148354 imageu_547062874337
29350 0.050698619335889816 0.039046354591846466 0.01755462773144245 imageb_546866878536
29360 0.05784357711672783 0.03738357871770859 0.0175470020622015 imagef_547086864973
29370 0.019567709416151047 0.013055401854217052 0.017535990104079247 imagel_546934879798
29380 0.02252579852938652 0.01791863515973091 0.017532875761389732 imager_546924869806
29390 0.03040236607193947 0.019108694046735764 0.01752668246626854 imaged_547081859975
29400 0.018825680017471313 0.011297577060759068 0.017517879605293274 imagel_547133878607
29410 0.34131497144699097 0.28579556941986084 0.01750032790005207 imagef_547201879876
29420 0.03995441645383835 0.02523236721754074 0.01748536340892315 imageb_546994873075
29430 0.0839405432343483 0.0681026428937912 0.017478033900260925 imaged_546887866191
29440 0.08015347272157669 0.054170794785022736 0.01747201383113861 imageu_547140885602
29450 0.01587183028459549 0.009935546666383743 0.017466982826590538 imagel_546975854071
29460 0.02978399768471718 0.01805492490530014 0.01746327430009842 imaged_547036881708
29470 0.07682907581329346 0.03996894136071205 0.01745050959289074 imagef_546873885533
29480 0.0483543835580349 0.029824551194906235 0.017440190538764 imagef_547135880603
29490 0.029122369363904 0.014060046523809433 0.017448145896196365 imagel_547154866233
29500 0.06386992335319519 0.04587085172533989 0.01744890958070755 imageu_547142854240
29510 0.0547054223716259 0.02802526392042637 0.017445746809244156 imageu_546967879439
29520 0.02392984926700592 0.01792844943702221 0.017451461404561996 imager_546916861809
29530 0.07584995031356812 0.053929369896650314 0.017457935959100723 imageu_547133878607
29540 0.04820801690220833 0.02975285053253174 0.017462261021137238 imageu_547115860606
29550 0.5342855453491211 0.4352934956550598 0.01746164634823799 imagef_547193871872
29560 0.0299500934779644 0.022282937541604042 0.017450163140892982 imager_547101879972
29570 0.033887553960084915 0.020289510488510132 0.017435630783438683 imaged_547084862980
29580 0.06045520305633545 0.041811104863882065 0.01742454245686531 imageb_546973885436
29590 0.010006112977862358 0.00780903035774827 0.017414622008800507 imagel_546992871071
29600 0.02033563144505024 0.014360018074512482 0.0174211747944355 imagel_546863875543
29610 0.04184873029589653 0.027892129495739937 0.017406601458787918 imaged_546917862811
29620 0.026114139705896378 0.015527416951954365 0.017387153580784798 imaged_546962874438
29630 0.05453867465257645 0.03236649930477142 0.017373288050293922 imagef_547035880703
29640 0.03510840982198715 0.02088308148086071 0.01736651360988617 imaged_546951863443
29650 0.03326192870736122 0.022212743759155273 0.017376849427819252 imaged_546965877440
29660 0.3687470853328705 0.3338552415370941 0.01738859713077545 imageu_547166878243
29670 0.02983657270669937 0.018456686288118362 0.0174090638756752 imageb_546929874807
29680 0.036435727030038834 0.021259374916553497 0.01741761900484562 imageb_547011856705
29690 0.8972548246383667 0.8766031265258789 0.017419403418898582 imager_546858870537
29700 0.016896158456802368 0.011363176628947258 0.017413463443517685 imagel_546912857810
29710 0.04570217430591583 0.02582746371626854 0.01740032061934471 imageu_546919864808
29720 0.08204765617847443 0.06407660245895386 0.017380427569150925 imaged_546882861171
29730 0.0400422178208828 0.023305309936404228 0.017370499670505524 imageu_546999878077
29740 0.04389159753918648 0.025678135454654694 0.01735757105052471 imagef_547064876339
29750 0.5309913158416748 0.4529418647289276 0.017346100881695747 imageb_546848860533
29760 0.016214853152632713 0.009561577811837196 0.01733512431383133 imagel_547006885077
29770 0.010871876031160355 0.007031803485006094 0.017332613468170166 imagel_547096874977
29780 0.01723027601838112 0.011521376669406891 0.017317403107881546 imagel_547152864241
29790 0.047090865671634674 0.027656737715005875 0.017307529225945473 imageu_547103881966
29800 0.019908877089619637 0.010164991952478886 0.017321627587080002 imagel_547043855348
29810 0.015889473259449005 0.010781536810100079 0.017325786873698235 imagel_547007852711
29820 0.02922614850103855 0.01771395467221737 0.017331400886178017 imaged_546970882435
29830 0.0186541136354208 0.012101766653358936 0.017327897250652313 imagel_547128873606
29840 0.02277744747698307 0.019402824342250824 0.01731914095580578 imager_546873885533
29850 0.024583488702774048 0.016182826831936836 0.017314361408352852 imagel_546899878172
29860 0.3983871638774872 0.3392447829246521 0.017318911850452423 imagel_547201879876
29870 0.06028123199939728 0.030578959733247757 0.01731753721833229 imageu_546907852806
29880 0.0493924543261528 0.02496662177145481 0.017312170937657356 imageu_546982861070
29890 0.0458909347653389 0.02607046253979206 0.017300264909863472 imaged_546907852806
29900 0.052609916776418686 0.031987398862838745 0.01728852093219757 imageb_547099877967
29910 0.028371082618832588 0.02219884656369686 0.01728101260960102 imager_547118863609
29920 0.029662787914276123 0.02042851224541664 0.017277946695685387 imager_546895874174
29930 0.04570876061916351 0.025223052129149437 0.01727474108338356 imageu_546996875070
29940 0.921245813369751 0.9014809727668762 0.017273077741265297 imager_547174852869
29950 0.04876112565398216 0.0351962074637413 0.017264287918806076 imaged_546894873172
29960 0.044891782104969025 0.024646908044815063 0.0172563586384058 imageu_547048860337
29970 0.07652105391025543 0.05413598567247391 0.01724487543106079 imageu_547130875605
29980 0.040549539029598236 0.023605355992913246 0.01723111793398857 imagef_547001880072
29990 0.029432768002152443 0.02092907577753067 0.017218470573425293 imageb_546870882540
30000 0.040434472262859344 0.023030608892440796 0.01721199043095112 imagef_547147859235
