10 0.24679407477378845 0.20787379145622253 0.8996528387069702 imager_546951863443
20 0.16215889155864716 0.12726587057113647 0.7984655499458313 imaged_547001880072
30 0.07318045198917389 0.06214340031147003 0.649319589138031 imagel_547086864973
40 0.2005319893360138 0.16015058755874634 0.48638230562210083 imageu_547121866605
50 0.1710091531276703 0.12728382647037506 0.3850546181201935 imageu_546958870432
60 0.11451270431280136 0.07664679735898972 0.3390391170978546 imageu_546919864808
70 0.09205574542284012 0.055273737758398056 0.31653136014938354 imageb_546892871169
80 0.14897318184375763 0.11316074430942535 0.3033982217311859 imageb_547014859704
90 0.12514182925224304 0.09642010182142258 0.29342880845069885 imaged_546941853440
100 0.05183890834450722 0.030297420918941498 0.2844409644603729 imaged_547048860337
110 0.4379664957523346 0.35158491134643555 0.276559978723526 imageu_546848860533
120 0.0898183286190033 0.07453813403844833 0.27008116245269775 imager_547125870610
130 0.04041672870516777 0.030571600422263145 0.2637307047843933 imagel_547084862980
140 0.028452476486563683 0.02025885321199894 0.257089227437973 imagel_546912857810
150 0.1761118769645691 0.11983244121074677 0.2511281669139862 imaged_547169881238
160 0.05166903883218765 0.040343448519706726 0.24699780344963074 imager_546921866804
170 0.08495724946260452 0.06776610016822815 0.2423994541168213 imager_546963875440
180 0.12595655024051666 0.10088793188333511 0.23664522171020508 imaged_546929874807
190 0.07454740256071091 0.04906892776489258 0.2300717532634735 imaged_546912857810
200 0.36953240633010864 0.30796751379966736 0.22560665011405945 imagel_546846858536
210 0.13661397993564606 0.11018585413694382 0.22263745963573456 imagef_547023868703
220 0.25364989042282104 0.23612841963768005 0.21901877224445343 imager_547019864709
230 0.02925673872232437 0.02425207570195198 0.21457059681415558 imagel_546996875070
240 0.07898718118667603 0.05094713345170021 0.21122820675373077 imageu_547050862335
250 0.11088943481445312 0.09195507317781448 0.20837794244289398 imaged_546997876076
260 0.25747424364089966 0.17136536538600922 0.20584037899971008 imageb_547172884238
270 0.060174599289894104 0.04236581176519394 0.20365212857723236 imaged_547064876339
280 0.12728622555732727 0.0985492393374443 0.2012515813112259 imagef_547126871606
290 0.21831533312797546 0.189941868185997 0.1983787715435028 imageb_547098876976
300 0.41006502509117126 0.39753276109695435 0.19618229568004608 imageu_547160872234
310 0.09853807091712952 0.06645027548074722 0.19330112636089325 imageb_547132877611
320 0.040258970111608505 0.029412802308797836 0.18998190760612488 imager_546931876806
330 0.05384282395243645 0.03370899334549904 0.1864648014307022 imaged_547121866605
340 0.07990865409374237 0.05363832414150238 0.18391473591327667 imageb_546946858444
350 0.2949933707714081 0.23917816579341888 0.1817859560251236 imageu_546851863543
360 0.029378948733210564 0.019704341888427734 0.18010450899600983 imagel_546919864808
370 0.07314079999923706 0.05727367475628853 0.17835816740989685 imager_547009854705
380 0.06494313478469849 0.044268377125263214 0.1765146255493164 imaged_547016861703
390 0.07597563415765762 0.05187123268842697 0.17460957169532776 imagef_547081859975
400 0.3680766522884369 0.31227025389671326 0.17305301129817963 imageb_547193871872
410 0.0789545401930809 0.054493796080350876 0.17139659821987152 imagef_547135880603
420 0.10304384678602219 0.09006686508655548 0.17000742256641388 imageb_546868880541
430 0.061307717114686966 0.03868383914232254 0.1687949150800705 imageu_547062874337
440 0.3754217326641083 0.3479049503803253 0.16773052513599396 imager_547167879238
450 0.07467812299728394 0.04909636452794075 0.1660332977771759 imageu_547103881966
460 0.11218322813510895 0.07974331825971603 0.16437804698944092 imageu_547006885077
470 0.07586387544870377 0.04973858222365379 0.16248595714569092 imageb_547052864345
480 0.06563715636730194 0.049727458506822586 0.16110719740390778 imaged_547089867973
490 0.24844303727149963 0.21354429423809052 0.16005562245845795 imaged_547172884238
500 0.08127045631408691 0.05304225906729698 0.15871362388134003 imageu_546934879798
510 0.06635722517967224 0.057186052203178406 0.15643659234046936 imagel_547147859235
520 0.08451604843139648 0.05766775831580162 0.15408073365688324 imagef_546924869806
530 0.1340065598487854 0.10628753900527954 0.1523013710975647 imageb_547104882977
540 0.08246633410453796 0.05803060904145241 0.15063297748565674 imagef_547002881074
550 0.344435453414917 0.2781997323036194 0.1496945470571518 imagef_547198876871
560 0.07559803128242493 0.05013508349657059 0.14892072975635529 imagef_547007852711
570 0.06256949156522751 0.04019961878657341 0.1481381207704544 imagef_547069881338
580 0.24968793988227844 0.2112712860107422 0.1471942663192749 imaged_547174852869
590 0.12226442247629166 0.10085661709308624 0.14611835777759552 imageb_547162874244
600 0.09563440829515457 0.07736969739198685 0.14487534761428833 imaged_546890869170
610 0.09999680519104004 0.08095960319042206 0.144089937210083 imageu_546866878536
620 0.08359189331531525 0.06393366307020187 0.14343108236789703 imagef_547053865336
630 0.07765931636095047 0.04788999259471893 0.142427459359169 imagef_547111856605
640 0.07475879788398743 0.05022932216525078 0.14166074991226196 imagef_546989868066
650 0.06833730638027191 0.046913012862205505 0.14078041911125183 imagef_547065877343
660 0.06365203112363815 0.036691125482320786 0.13931889832019806 imageb_547072884335
670 0.0363759845495224 0.029209652915596962 0.13840201497077942 imager_546924869806
680 0.7506088018417358 0.7192129492759705 0.13755899667739868 imager_546861873539
690 0.0863153338432312 0.057854387909173965 0.13653339445590973 imagef_546979858070
700 0.07846347242593765 0.052387312054634094 0.13559570908546448 imageb_547091869975
710 0.09936346113681793 0.06956474483013153 0.13442611694335938 imageu_547009854705
720 0.06529402732849121 0.039466261863708496 0.13339856266975403 imageb_546962874438
730 0.2376861274242401 0.2379807084798813 0.13273639976978302 imager_547164876237
740 0.07063756883144379 0.04628290235996246 0.13165317475795746 imageb_546948860438
750 0.04262961074709892 0.031158849596977234 0.13053910434246063 imager_546922867806
760 0.07782547920942307 0.048296574503183365 0.12955713272094727 imageu_546980859076
770 0.36390209197998047 0.29077666997909546 0.12882797420024872 imageu_546849861536
780 0.06955651193857193 0.051827024668455124 0.12828055024147034 imaged_546933878804
790 0.7484331130981445 0.7118023633956909 0.12767384946346283 imager_547205883874
800 0.15369035303592682 0.14429186284542084 0.12685663998126984 imagef_547164876237
810 0.11965665966272354 0.08743886649608612 0.12610366940498352 imageu_546963875440
820 0.029283998534083366 0.020513491705060005 0.12509296834468842 imagel_546853865537
830 0.03635731339454651 0.030429653823375702 0.12424212694168091 imagel_546914859807
840 0.6673220992088318 0.5967687964439392 0.12364070862531662 imageu_546843855539
850 0.04627515375614166 0.03654732555150986 0.12320352345705032 imager_547094872971
860 0.10101774334907532 0.08266769349575043 0.12277533113956451 imagef_547157869236
870 0.08156633377075195 0.052745357155799866 0.12242452055215836 imageb_546997876076
880 0.5375407934188843 0.47042611241340637 0.12176618725061417 imageb_547205883874
890 0.07252147048711777 0.05916444584727287 0.12097911536693573 imaged_546996875070
900 0.05341115593910217 0.04548115283250809 0.12056399136781693 imager_547086864973
910 0.05546388775110245 0.04086491838097572 0.12020537257194519 imaged_547075853978
920 0.05025114864110947 0.04075969383120537 0.11966615915298462 imagel_546899878172
930 0.06961070746183395 0.04600445181131363 0.11916672438383102 imageb_546904883185
940 0.04408564418554306 0.027700373902916908 0.11852381378412247 imagel_547132877611
950 0.06998731940984726 0.042024463415145874 0.11815383285284042 imagef_547035880703
960 0.09288308024406433 0.06403928250074387 0.11779537051916122 imageb_547099877967
970 0.41938790678977966 0.37103384733200073 0.1171799972653389 imageu_547169881238
980 0.07561119645833969 0.06256485730409622 0.11661157757043839 imagef_546866878536
990 0.05431317165493965 0.032935794442892075 0.11608154326677322 imageb_547074852968
1000 0.07699517905712128 0.052705757319927216 0.11532485485076904 imageb_547089867973
1010 0.04631891846656799 0.034839972853660583 0.11486350744962692 imaged_547074852968
1020 0.04235211759805679 0.03639071062207222 0.11410843580961227 imager_546883862169
1030 0.06201992556452751 0.04824940487742424 0.11346514523029327 imagel_547149861238
1040 0.06339713931083679 0.042085759341716766 0.11288058757781982 imageb_547013858709
1050 0.03584983944892883 0.02955874614417553 0.11238899827003479 imagel_547018863705
1060 0.05645117908716202 0.04716741666197777 0.11189239472150803 imager_547149861238
1070 0.07873184233903885 0.052582260221242905 0.11146721243858337 imageu_546914859807
1080 0.053957048803567886 0.04290822520852089 0.11090735346078873 imager_547087865974
1090 0.5487490892410278 0.501246988773346 0.11022210121154785 imaged_546849861536
1100 0.06851449608802795 0.04622508957982063 0.10920526832342148 imageu_546945857437
1110 0.11916889995336533 0.0769110843539238 0.10864680260419846 imagef_546863875543
1120 0.04150108993053436 0.03125231713056564 0.10814594477415085 imager_546900879170
1130 0.18642954528331757 0.12927992641925812 0.10750767588615417 imageb_547169881238
1140 0.5684351325035095 0.5054011940956116 0.10691133141517639 imageb_547203881874
1150 0.07950399816036224 0.049151740968227386 0.10634534060955048 imageb_546899878172
1160 0.9224126935005188 0.9017660021781921 0.10605131834745407 imager_547174852869
1170 0.09905784577131271 0.061496395617723465 0.10576097667217255 imagef_546902881194
1180 0.07777970284223557 0.05068716034293175 0.10544250905513763 imagef_546941853440
1190 0.0466107614338398 0.04029516130685806 0.10505504906177521 imager_546916861809
1200 0.03211997449398041 0.02331588603556156 0.1047876700758934 imagel_547137882603
1210 0.07856975495815277 0.05140920355916023 0.10465944558382034 imageu_547074852968
1220 0.3588341176509857 0.3140850365161896 0.10434742271900177 imagef_547191869875
1230 0.044147178530693054 0.03919990360736847 0.10390039533376694 imagel_547014859704
1240 0.06387557089328766 0.04544712230563164 0.10358405858278275 imaged_546936881803
1250 0.5415313243865967 0.46027493476867676 0.10324332863092422 imageb_546848860533
1260 0.04909626021981239 0.04206978529691696 0.10297558456659317 imager_547064876339
1270 0.08498792350292206 0.05790203809738159 0.10275689512491226 imageu_546977856071
1280 0.03910417854785919 0.027468472719192505 0.1023939773440361 imagel_547024869702
1290 0.05309363454580307 0.04075474664568901 0.10226153582334518 imaged_547033878707
1300 0.08042296022176743 0.05020149052143097 0.10208987444639206 imagef_546894873172
1310 0.08051357418298721 0.052758872509002686 0.10203133523464203 imageu_546875854173
1320 0.06848879158496857 0.0420265793800354 0.10203029215335846 imagef_546933878804
1330 0.05933399498462677 0.03837394341826439 0.10213340073823929 imageu_547067879338
1340 0.08257761597633362 0.053506217896938324 0.10214006900787354 imagef_546946858444
1350 0.08566825091838837 0.06515315175056458 0.10207623988389969 imageu_547121866605
1360 0.3647416830062866 0.31582266092300415 0.1016191840171814 imageu_547176854870
1370 0.024975528940558434 0.018801573663949966 0.10110384970903397 imagel_547160872234
1380 0.053143423050642014 0.03274332731962204 0.10081148147583008 imagef_546996875070
1390 0.05928647890686989 0.03742607310414314 0.10054442286491394 imageb_546926871803
1400 0.06534396857023239 0.04415564239025116 0.10033947974443436 imageb_546970882435
1410 0.07946479320526123 0.04749550297856331 0.10022222995758057 imagef_546938883810
1420 0.048353567719459534 0.02786955237388611 0.10006582736968994 imagef_546956868435
1430 0.050571102648973465 0.04331820458173752 0.09992330521345139 imager_547002881074
1440 0.07998723536729813 0.04856518656015396 0.09979201853275299 imageb_546880859173
1450 0.06014440953731537 0.04538016393780708 0.09984085708856583 imaged_546921866804
1460 0.06241421774029732 0.0403585210442543 0.09990354627370834 imagef_547084862980
1470 0.06354128569364548 0.04731918126344681 0.10002096742391586 imaged_546933878804
1480 0.03583763539791107 0.026858169585466385 0.09992300719022751 imagel_546977856071
1490 0.026531964540481567 0.018663203343749046 0.09978900104761124 imagel_547075853978
1500 0.060181837528944016 0.03558306768536568 0.09950071573257446 imagef_547074852968
1510 0.04618401825428009 0.036328159272670746 0.09909728914499283 imager_546897876191
1520 0.05383056029677391 0.03526739776134491 0.09865236282348633 imageb_546938883810
1530 0.6193191409111023 0.5266779065132141 0.0982404500246048 imageb_546841853547
1540 0.09597744047641754 0.057283639907836914 0.09796584397554398 imagef_546967879439
1550 0.04360533505678177 0.03608442470431328 0.09786319732666016 imager_547055867337
1560 0.07620306313037872 0.06176839396357536 0.09767366945743561 imageb_546866878536
1570 0.3682556450366974 0.29430341720581055 0.09771843999624252 imaged_547198876871
1580 0.07208611071109772 0.04677172750234604 0.09759150445461273 imageu_546912857810
1590 0.022214777767658234 0.017475834116339684 0.09748005867004395 imagel_547064876339
1600 0.06483741104602814 0.04313940554857254 0.0971161276102066 imagef_547016861703
1610 0.3994324803352356 0.3393722176551819 0.09658423811197281 imagel_547201879876
1620 0.07080184668302536 0.04159975051879883 0.09618435055017471 imageb_546883862169
1630 0.06220307573676109 0.0450802743434906 0.09594377875328064 imagef_547094872971
1640 0.053182050585746765 0.046017251908779144 0.09574293345212936 imager_546946858444
1650 0.1247241422533989 0.1043911874294281 0.09550545364618301 imageu_547142854240
1660 0.017296910285949707 0.012782884761691093 0.09517443180084229 imagel_547092870974
1670 0.05601699650287628 0.043099381029605865 0.09508564323186874 imaged_546960872437
1680 0.050750069320201874 0.03325079753994942 0.09489811211824417 imagef_547018863705
1690 0.045169420540332794 0.03169932961463928 0.09471853077411652 imaged_546924869806
1700 0.07200242578983307 0.04858117550611496 0.09440062940120697 imageu_546933878804
1710 0.12000921368598938 0.10348000377416611 0.09424681216478348 imageb_547164876237
1720 0.03257669880986214 0.021774468943476677 0.09400195628404617 imagel_547043855348
1730 0.13044945895671844 0.1099780946969986 0.09382262825965881 imageu_547203881874
1740 0.021185018122196198 0.013504741713404655 0.09372139722108841 imagel_546950862437
1750 0.08294607698917389 0.04675379395484924 0.09362689405679703 imageu_546892871169
1760 0.04117388278245926 0.03456772491335869 0.09338963031768799 imager_547138883611
1770 0.060818642377853394 0.04765216261148453 0.09329098463058472 imaged_546992871071
1780 0.29816386103630066 0.2547110617160797 0.09306953102350235 imagef_547179857873
1790 0.09153617173433304 0.05915733426809311 0.09287069737911224 imagef_546970882435
1800 0.03606733679771423 0.01921967789530754 0.09266813099384308 imagel_547132877611
1810 0.05097992718219757 0.04655611142516136 0.09232911467552185 imager_547123868601
1820 0.4247453510761261 0.2899046838283539 0.09197589755058289 imageu_547205883874
1830 0.06233277544379234 0.04204626381397247 0.09161113947629929 imagef_547101879972
1840 0.43902522325515747 0.37173977494239807 0.0913357213139534 imageb_546844856539
1850 0.35171595215797424 0.3124956488609314 0.0910312831401825 imaged_546858870537
1860 0.9088124632835388 0.884918749332428 0.0907384604215622 imager_547188866869
1870 0.3226272463798523 0.2672751247882843 0.09042501449584961 imagef_547198876871
1880 0.0745587944984436 0.04453044757246971 0.09022726118564606 imageu_546894873172
1890 0.048539772629737854 0.037839796394109726 0.08985567092895508 imaged_546990869071
1900 0.08410757780075073 0.06605648249387741 0.08966351300477982 imaged_546897876191
1910 0.06704504042863846 0.03928442671895027 0.08937016129493713 imageu_546885864170
1920 0.06193527206778526 0.041938215494155884 0.08901630342006683 imageu_547028873712
1930 0.06089663878083229 0.03759980574250221 0.08867722749710083 imageb_546900879170
1940 0.06968199461698532 0.04951145499944687 0.08836013823747635 imageb_547125870610
1950 0.045086026191711426 0.0358874648809433 0.08803822845220566 imagel_547033878707
1960 0.05290321260690689 0.03590499609708786 0.0878923088312149 imageb_546929874807
1970 0.0785999521613121 0.048318684101104736 0.0877552479505539 imageb_547137882603
1980 0.06376919150352478 0.04334462806582451 0.08753850311040878 imageb_546987866076
1990 0.041586022824048996 0.03707223758101463 0.08724764734506607 imager_546985864078
2000 0.0798877626657486 0.06250209361314774 0.08703932911157608 imaged_547130875605
2010 0.03266197070479393 0.027400128543376923 0.08715977519750595 imager_546871883543
2020 0.9041663408279419 0.879156768321991 0.0871979147195816 imager_547184862870
2030 0.07057584077119827 0.04942687600851059 0.08721257746219635 imageu_547092870974
2040 0.5481873750686646 0.49531587958335876 0.08711594343185425 imaged_546851863543
2050 0.06168075278401375 0.04014403000473976 0.08685493469238281 imageb_547070882331
2060 0.07505929470062256 0.05211004242300987 0.08672502636909485 imageu_547115860606
2070 0.0772802084684372 0.05284622684121132 0.08655180037021637 imageu_547045857339
2080 0.031932562589645386 0.025467274710536003 0.08631210029125214 imager_547116861604
2090 0.07772799581289291 0.052137523889541626 0.08626367896795273 imageu_546977856071
2100 0.07231748849153519 0.07021857053041458 0.08595757931470871 imager_546977856071
2110 0.0384322889149189 0.029386769980192184 0.08563778549432755 imager_546968880435
2120 0.06442485004663467 0.041840821504592896 0.08543907105922699 imageb_547052864345
2130 0.10801296681165695 0.06809712201356888 0.08500751107931137 imagef_546863875543
2140 0.06481196731328964 0.04371432587504387 0.08480508625507355 imageb_547033878707
2150 0.09061391651630402 0.07405908405780792 0.08458416908979416 imageu_546866878536
2160 0.05276033282279968 0.03426331281661987 0.08442466706037521 imageb_546958870432
2170 0.05666759982705116 0.03738584369421005 0.0843743234872818 imageu_546953865434
2180 0.056960273534059525 0.039991073310375214 0.08426839858293533 imaged_546909854806
2190 0.05589766055345535 0.03693849965929985 0.08409462124109268 imageb_547058870341
2200 0.13357867300510406 0.09742674231529236 0.0837775319814682 imageu_546858870537
2210 0.4887228012084961 0.431058794260025 0.08354098349809647 imagel_546839884906
2220 0.7403573393821716 0.7049635648727417 0.08329818397760391 imager_547205883874
2230 0.06443215906620026 0.0456729456782341 0.08317502588033676 imagef_547145857237
2240 0.032215479761362076 0.024531206116080284 0.08310432732105255 imager_546951863443
2250 0.07131414860486984 0.05576431378722191 0.08319881558418274 imaged_546900879170
2260 0.03991576284170151 0.02613298036158085 0.08303684741258621 imaged_547086864973
2270 0.035167235881090164 0.029193522408604622 0.08270564675331116 imager_546929874807
2280 0.1271410435438156 0.10955420136451721 0.08246222883462906 imaged_546883862169
2290 0.07234599441289902 0.043323058634996414 0.08219681680202484 imageb_547111856605
2300 0.23373280465602875 0.23481367528438568 0.08206931501626968 imageu_547162874244
2310 0.06858676671981812 0.0405329093337059 0.08194933831691742 imagef_546883862169
2320 0.10669902712106705 0.0732739269733429 0.08185907453298569 imageu_546888867171
2330 0.05005873367190361 0.039988771080970764 0.08179543912410736 imager_547060872343
2340 0.0463387705385685 0.0325041338801384 0.08171121031045914 imager_547074852968
2350 0.03940568119287491 0.029883936047554016 0.081515371799469 imager_546938883810
2360 0.148012176156044 0.1401212513446808 0.08130694925785065 imageu_547154866233
2370 0.06954775750637054 0.04272405803203583 0.08094023168087006 imagef_546945857437
2380 0.18221941590309143 0.1679578274488449 0.08075348287820816 imaged_546873885533
2390 0.7891796827316284 0.761294424533844 0.08054283261299133 imager_546860872536
2400 0.05509905517101288 0.034300796687603 0.08039978891611099 imageb_547050862335
2410 0.07124757021665573 0.0517536960542202 0.08030827343463898 imageu_547033878707
2420 0.08384917676448822 0.06314901262521744 0.0800650343298912 imageu_547013858709
2430 0.029264647513628006 0.0200395118445158 0.07983400672674179 imagel_547079857970
2440 0.0826280489563942 0.05112789198756218 0.0796501636505127 imagef_546929874807
2450 0.07103201746940613 0.04198317229747772 0.0794011801481247 imageb_546922867806
2460 0.07616143673658371 0.05425748601555824 0.07934941351413727 imagef_547128873606
2470 0.06599261611700058 0.04009705036878586 0.07929589599370956 imagef_546953865434
2480 0.5581337213516235 0.47930383682250977 0.07903280109167099 imageb_546846858536
2490 0.054347265511751175 0.033891938626766205 0.07877040654420853 imageb_547011856705
2500 0.05020687356591225 0.037731509655714035 0.07860402017831802 imaged_546979858070
2510 0.05274248123168945 0.038714371621608734 0.07846643030643463 imagel_547149861238
2520 0.054215751588344574 0.03787364810705185 0.0782698541879654 imaged_547084862980
2530 0.018121492117643356 0.01640993356704712 0.07809385657310486 imagel_546882861171
2540 0.590146541595459 0.49508729577064514 0.0780341699719429 imagef_546846858536
2550 0.04798058047890663 0.03168011084198952 0.07797516882419586 imaged_547024869702
2560 0.03821113705635071 0.024854067713022232 0.07787730544805527 imaged_546962874438
2570 0.06477757543325424 0.0421186201274395 0.07773270457983017 imagef_546985864078
2580 0.5350281596183777 0.4353265166282654 0.07769180834293365 imagef_547193871872
2590 0.03665290027856827 0.030683480203151703 0.07755693793296814 imagel_546926871803
2600 0.026081591844558716 0.019000504165887833 0.0774327963590622 imagel_546877856173
2610 0.045291218906641006 0.03724442422389984 0.07723430544137955 imager_547058870341
2620 0.06483610719442368 0.04619593918323517 0.0771096870303154 imageu_547030875702
2630 0.5075415968894958 0.41862916946411133 0.07702408730983734 imageb_547196874870
2640 0.06737067550420761 0.0359797477722168 0.07693236321210861 imagef_546931876806
2650 0.05689818039536476 0.0364968441426754 0.07692372798919678 imageu_546968880435
2660 0.08270640671253204 0.04724602773785591 0.07676827907562256 imageu_546892871169
2670 0.0605899877846241 0.03618840500712395 0.07662305980920792 imageb_546967879439
2680 0.05355193465948105 0.0385240763425827 0.07646304368972778 imaged_547126871606
2690 0.0705370157957077 0.04610001668334007 0.07621657103300095 imageb_547098876976
2700 0.03331805393099785 0.020975545048713684 0.0760791152715683 imaged_546962874438
2710 0.041651107370853424 0.03310331329703331 0.0760595053434372 imagel_546899878172
2720 0.020968370139598846 0.01776692271232605 0.07605838030576706 imagel_546996875070
2730 0.12649638950824738 0.12407724559307098 0.07604097574949265 imager_547162874244
2740 0.015471583232283592 0.011511196382343769 0.0758100226521492 imagel_547126871606
2750 0.06810150295495987 0.05391094461083412 0.07559113204479218 imaged_546900879170
2760 0.03254891186952591 0.025558773428201675 0.07542646676301956 imager_547126871606
2770 0.04442671686410904 0.030482297763228416 0.075332872569561 imager_547050862335
2780 0.5480684638023376 0.49531587958335876 0.07522648572921753 imaged_546851863543
2790 0.06537384539842606 0.0507693849503994 0.07513042539358139 imaged_547147859235
2800 0.5857570767402649 0.4934060573577881 0.07489350438117981 imagef_546841853547
2810 0.47903862595558167 0.3953263461589813 0.07476436346769333 imageu_547189867877
2820 0.05172190070152283 0.033385708928108215 0.07464350759983063 imageb_546938883810
2830 0.036082129925489426 0.026507895439863205 0.07463064789772034 imager_546962874438
2840 0.03831249848008156 0.030309248715639114 0.07468848675489426 imager_547062874337
2850 0.06892705708742142 0.0412682481110096 0.07478555291891098 imagef_546885864170
2860 0.06314298510551453 0.044127147644758224 0.07477622479200363 imageu_547033878707
2870 0.023151950910687447 0.015966985374689102 0.0746227353811264 imagel_547099877967
2880 0.12733864784240723 0.08389455080032349 0.07430292665958405 imagel_547191869875
2890 0.5055072903633118 0.4285655617713928 0.07403364032506943 imageu_546846858536
2900 0.016801120713353157 0.012419178150594234 0.07392920553684235 imagel_547030875702
2910 0.028639160096645355 0.023291418328881264 0.0738050565123558 imagel_546933878804
2920 0.07119689881801605 0.042029231786727905 0.07364027202129364 imagef_547057869336
2930 0.13872578740119934 0.10981322079896927 0.07346829771995544 imaged_547205883874
2940 0.027774015441536903 0.022355856373906136 0.07315780222415924 imager_546868880541
2950 0.06279061734676361 0.039023805409669876 0.07299873977899551 imageu_547070882331
2960 0.1621953248977661 0.1670459657907486 0.07289392501115799 imageu_547160872234
2970 0.05582212284207344 0.04014282301068306 0.07260836660861969 imaged_546929874807
2980 0.05063535273075104 0.039558082818984985 0.07234978675842285 imaged_546984863078
2990 0.1708902269601822 0.12245514243841171 0.07206321507692337 imagel_547186864875
3000 0.07451920956373215 0.04875465855002403 0.07190750539302826 imageu_547038883711
3010 0.3436967134475708 0.2671235203742981 0.9781973958015442 imaged_547075853978
3020 0.11693436652421951 0.08144214749336243 0.5381608605384827 imaged_547150862236
3030 0.12554296851158142 0.10129956156015396 0.39066216349601746 imagef_546924869806
3040 0.054210759699344635 0.03187507763504982 0.346172571182251 imageu_546989868066
3050 0.15312841534614563 0.1079784482717514 0.317806214094162 imageb_547113858603
3060 0.06496603786945343 0.038764532655477524 0.29462724924087524 imageb_546890869170
3070 0.0864153504371643 0.05419047176837921 0.2777082622051239 imagef_547142854240
3080 0.13707487285137177 0.10440067201852798 0.2666456699371338 imagef_547096874977
3090 0.10797763615846634 0.07245343178510666 0.2573782801628113 imagef_547150862236
3100 0.0840449407696724 0.0580354705452919 0.24781247973442078 imageb_546875854173
3110 0.07861854881048203 0.053778450936079025 0.1812504529953003 imageu_546921866804
3120 0.06662340462207794 0.04425919055938721 0.17066381871700287 imageb_546970882435
3130 0.06283631920814514 0.04040345177054405 0.16035307943820953 imageb_546914859807
3140 0.0651945099234581 0.04253418743610382 0.1534614861011505 imageb_547023868703
3150 0.17046040296554565 0.14987751841545105 0.14721481502056122 imageu_547150862236
3160 0.12956790626049042 0.10919389873743057 0.1414545327425003 imageu_547203881874
3170 0.07341732829809189 0.05795963853597641 0.13689303398132324 imagel_547098876976
3180 0.03551037982106209 0.023559318855404854 0.13312041759490967 imagel_547024869702
3190 0.08733115345239639 0.05964367464184761 0.12985657155513763 imagef_547133878607
3200 0.05907054245471954 0.03723843768239021 0.12665410339832306 imageu_546975854071
3210 0.03669176995754242 0.027154752984642982 0.12350098788738251 imager_546878857194
3220 0.06536788493394852 0.04440320283174515 0.12142039090394974 imageu_546999878077
3230 0.06804297119379044 0.04922373965382576 0.11943452805280685 imageu_547019864709
3240 0.07066121697425842 0.047948431223630905 0.11686985194683075 imagef_547052864345
3250 0.06916891783475876 0.048092667013406754 0.1149735301733017 imaged_547152864241
3260 0.07727260142564774 0.058002181351184845 0.11335671693086624 imaged_547069881338
3270 0.04710077494382858 0.03727757930755615 0.11180429905653 imager_546897876191
3280 0.026428034529089928 0.022879688069224358 0.11042392998933792 imagel_547142854240
3290 0.1340905874967575 0.1166519820690155 0.10906609892845154 imaged_546887866191
3300 0.11306235194206238 0.0778796523809433 0.10748527199029922 imageb_547115860606
3310 0.08209571242332458 0.05990855395793915 0.10569726675748825 imaged_547142854240
3320 0.04516006261110306 0.03873138874769211 0.10420343279838562 imager_546871883543
3330 0.06120999529957771 0.041102126240730286 0.1032073125243187 imaged_547140885602
3340 0.07059229165315628 0.045088030397892 0.10212405771017075 imageu_546917862811
3350 0.025340881198644638 0.019414935261011124 0.10086642950773239 imagel_546999878077
3360 0.26466408371925354 0.2235535830259323 0.09975755959749222 imaged_547186864875
3370 0.043163467198610306 0.027097396552562714 0.09862267225980759 imaged_546945857437
3380 0.09325896203517914 0.06556721031665802 0.0974167063832283 imageb_546921866804
3390 0.05988620966672897 0.03627752140164375 0.0963011085987091 imageb_546902881194
3400 0.055779799818992615 0.039326053112745285 0.0951291099190712 imaged_546917862811
3410 0.3078187108039856 0.27609026432037354 0.09383226186037064 imaged_546861873539
3420 0.045409590005874634 0.0350203737616539 0.09268899261951447 imagel_547067879338
3430 0.054413385689258575 0.0374409444630146 0.09180952608585358 imaged_546938883810
3440 0.07178135961294174 0.056873247027397156 0.09101416170597076 imaged_546894873172
3450 0.07697125524282455 0.0521814189851284 0.09005524218082428 imagef_547011856705
3460 0.030758235603570938 0.023919058963656425 0.08899200707674026 imagel_547041853338
3470 0.019424844533205032 0.01582675240933895 0.0881262794137001 imagel_546868880541
3480 0.02258371002972126 0.015514825470745564 0.08729527145624161 imagel_547115860606
3490 0.05984686315059662 0.03840935230255127 0.08647999167442322 imageu_546934879798
3500 0.04667866975069046 0.03268645331263542 0.08568625897169113 imaged_547021866708
3510 0.02265922725200653 0.018813451752066612 0.08486198633909225 imagel_546916861809
3520 0.04285414144396782 0.029400000348687172 0.08377578109502792 imaged_546980859076
3530 0.37003692984580994 0.31849732995033264 0.08246655017137527 imagel_547203881874
3540 0.04079033061861992 0.034209128469228745 0.08163954317569733 imager_547031876706
3550 0.06024114415049553 0.03745200112462044 0.08102419227361679 imagef_546985864078
3560 0.04556748643517494 0.032945092767477036 0.08030882477760315 imagel_546941853440
3570 0.04275869205594063 0.03131376951932907 0.07975989580154419 imager_547043855348
3580 0.4886763095855713 0.431058794260025 0.07889197021722794 imagel_546839884906
3590 0.04298354685306549 0.03804216533899307 0.07808401435613632 imager_546914859807
3600 0.0783500224351883 0.054970476776361465 0.0772641971707344 imaged_547072884335
3610 0.03273385390639305 0.026056379079818726 0.07651745527982712 imagel_546975854071
3620 0.08217896521091461 0.0578787699341774 0.07564850896596909 imagef_547023868703
3630 0.054295945912599564 0.04790865257382393 0.07465822249650955 imagel_547150862236
3640 0.03394947946071625 0.02272843010723591 0.07392078638076782 imagel_547036881708
3650 0.053821105509996414 0.03376477584242821 0.07319648563861847 imageu_546950862437
3660 0.06895790249109268 0.04204973950982094 0.07248322665691376 imagef_546945857437
3670 0.27472275495529175 0.2150191068649292 0.07180150598287582 imaged_547191869875
3680 0.03948783874511719 0.028941363096237183 0.07112259417772293 imagel_546987866076
3690 0.0705825462937355 0.04470745101571083 0.07046114653348923 imageb_547007852711
3700 0.5370221734046936 0.47042611241340637 0.06990291178226471 imageb_547205883874
3710 0.06236058101058006 0.035747844725847244 0.06947176903486252 imageu_546880859173
3720 0.05048644542694092 0.037481874227523804 0.06908504664897919 imaged_547074852968
3730 0.09767871350049973 0.07882991433143616 0.06857119500637054 imageb_546865877539
3740 0.07159502804279327 0.05573354288935661 0.06818465143442154 imaged_547070882331
3750 0.03616714105010033 0.022930266335606575 0.06775448471307755 imagel_546982861070
3760 0.04453575983643532 0.03144179657101631 0.06730806082487106 imaged_546987866076
3770 0.08818070590496063 0.05622580647468567 0.06678126007318497 imageb_547137882603
3780 0.024817345663905144 0.014718790538609028 0.06622622162103653 imagel_546854866535
3790 0.04653526842594147 0.0381099134683609 0.06577033549547195 imager_546939884803
3800 0.0474003329873085 0.034541260451078415 0.0652424544095993 imaged_547019864709
3810 0.051135145127773285 0.03212156519293785 0.06479990482330322 imageb_546911856805
3820 0.9214912056922913 0.9012013077735901 0.06449110060930252 imager_547174852869
3830 0.032075900584459305 0.026541270315647125 0.06418502330780029 imagel_547007852711
3840 0.06288676708936691 0.05114993825554848 0.06379828602075577 imaged_546996875070
3850 0.37351951003074646 0.33340370655059814 0.06347260624170303 imaged_546856868537
3860 0.08361061662435532 0.04968315362930298 0.06318467855453491 imagel_547159871241
3870 0.0632278174161911 0.03986984118819237 0.06287825852632523 imageu_546965877440
3880 0.04632353410124779 0.03728633001446724 0.06256748735904694 imager_547053865336
3890 0.07487116754055023 0.053906917572021484 0.06227670609951019 imageb_546973885436
3900 0.1931561976671219 0.12704946100711823 0.062040966004133224 imageb_547181859871
3910 0.06412393599748611 0.04453330487012863 0.06177636981010437 imagef_547091869975
3920 0.8984392881393433 0.8723088502883911 0.06157331168651581 imager_547193871872
3930 0.7789940237998962 0.7514944076538086 0.061318717896938324 imager_546860872536
3940 0.06997677683830261 0.04465591534972191 0.06099763140082359 imagef_546941853440
3950 0.052459828555583954 0.028232187032699585 0.060819946229457855 imagef_546897876191
3960 0.03745359182357788 0.025361116975545883 0.060672953724861145 imaged_546975854071
3970 0.026612915098667145 0.01779777556657791 0.06048504635691643 imagel_546922867806
3980 0.04674195870757103 0.03267570585012436 0.060414232313632965 imagef_547033878707
3990 0.018494023010134697 0.013623159378767014 0.06015097722411156 imagel_547120865600
4000 0.15863116085529327 0.12738370895385742 0.05977804586291313 imageu_547147859235
4010 0.05983997881412506 0.03426518663764 0.059428825974464417 imagef_546945857437
4020 0.07331032305955887 0.04980401322245598 0.05916634947061539 imageu_547045857339
4030 0.19108818471431732 0.17899374663829803 0.058846425265073776 imaged_546868880541
4040 0.01954227313399315 0.015649300068616867 0.058498188853263855 imagel_547142854240
4050 0.478520005941391 0.3947223126888275 0.05826025828719139 imageu_547189867877
4060 0.05684901773929596 0.0350685715675354 0.05804883688688278 imageb_546941853440
4070 0.044818732887506485 0.032087456434965134 0.05772357061505318 imager_546967879439
4080 0.36153286695480347 0.3073117733001709 0.057428304105997086 imagel_547200878871
4090 0.48694872856140137 0.38387182354927063 0.05716634541749954 imageu_547194872874
4100 0.06296810507774353 0.044916171580553055 0.056891635060310364 imaged_547123868601
4110 0.05696716532111168 0.03625371307134628 0.056617967784404755 imageu_546968880435
4120 0.05399602651596069 0.036577410995960236 0.05632065236568451 imaged_547121866605
4130 0.03525734692811966 0.022483915090560913 0.055892206728458405 imagel_547060872343
4140 0.08215700834989548 0.06039122864603996 0.05563393235206604 imagef_547096874977
4150 0.026788434013724327 0.016373438760638237 0.05544170364737511 imagel_547183861871
4160 0.0643676146864891 0.040369611233472824 0.05519150570034981 imagef_547138883611
4170 0.052239805459976196 0.03143606707453728 0.055055368691682816 imageb_546980859076
4180 0.046318940818309784 0.03357383608818054 0.05494869500398636 imaged_546958870432
4190 0.07249559462070465 0.045859936624765396 0.054707594215869904 imageu_546899878172
4200 0.04125509411096573 0.03187811002135277 0.054440874606370926 imager_547120865600
4210 0.03648236766457558 0.03078884445130825 0.05417156219482422 imager_547028873712
4220 0.023259155452251434 0.015570019371807575 0.05396011099219322 imagel_547006885077
4230 0.01896749623119831 0.01569453999400139 0.0537671335041523 imagel_546870882540
4240 0.03961209952831268 0.022511564195156097 0.05354924499988556 imagel_547162874244
4250 0.05595918372273445 0.03509427607059479 0.053389906883239746 imagef_547137882603
4260 0.0344664640724659 0.02889079600572586 0.0531921349465847 imagel_547045857339
4270 0.022169318050146103 0.012924978509545326 0.05304039642214775 imagel_546968880435
4280 0.047242145985364914 0.03079933300614357 0.05285859480500221 imagef_546990869071
4290 0.058110542595386505 0.04074651747941971 0.052708402276039124 imaged_547104882977
4300 0.04868931695818901 0.034067925065755844 0.052499689161777496 imaged_547143855237
4310 0.11714921146631241 0.0992456004023552 0.052289411425590515 imaged_546882861171
4320 0.077848881483078 0.053659602999687195 0.052107781171798706 imageu_547011856705
4330 0.05297761783003807 0.03605646267533302 0.05192432180047035 imaged_546911856805
4340 0.3166554570198059 0.2536592185497284 0.05179988592863083 imageu_546849861536
4350 0.04599186033010483 0.031790345907211304 0.05160576105117798 imaged_547062874337
4360 0.8948144912719727 0.8679617047309875 0.051397088915109634 imager_546853865537
4370 0.04631836712360382 0.04157979413866997 0.05122710019350052 imager_546973885436
4380 0.4200313687324524 0.36327284574508667 0.0510990284383297 imagef_547188866869
4390 0.4296188950538635 0.3950428366661072 0.05086461082100868 imageu_547167879238
4400 0.08966787904500961 0.0692102387547493 0.05051258206367493 imageb_547166878243
4410 0.06417117267847061 0.0356084369122982 0.050218354910612106 imageb_546892871169
4420 0.266611784696579 0.22547897696495056 0.04996846243739128 imageu_546854866535
4430 0.046794675290584564 0.029302868992090225 0.04969913512468338 imaged_546982861070
4440 0.027987301349639893 0.022011039778590202 0.04949813708662987 imagel_547101879972
4450 0.04889111593365669 0.032036226242780685 0.04931933432817459 imageb_546985864078
4460 0.0518915168941021 0.037908390164375305 0.0491233766078949 imaged_547014859704
4470 0.17869716882705688 0.14019028842449188 0.048951655626297 imageu_546856868537
4480 0.07275401800870895 0.04599403589963913 0.04876909404993057 imageb_547145857237
4490 0.07790758460760117 0.046393781900405884 0.0485788993537426 imageb_547147859235
4500 0.019555920735001564 0.01578139327466488 0.048408638685941696 imagel_546997876076
4510 0.06256210058927536 0.04213548079133034 0.04823605716228485 imageb_547030875702
4520 0.0733959898352623 0.04951351135969162 0.0480453260242939 imagef_547113858603
4530 0.07036260515451431 0.05237890034914017 0.04785959795117378 imaged_547109854609
4540 0.021877702325582504 0.014637964777648449 0.047721393406391144 imagel_547103881966
4550 0.07464607805013657 0.05834077671170235 0.04759545251727104 imaged_546890869170
4560 0.0822431743144989 0.061350464820861816 0.04747465252876282 imagef_547152864241
4570 0.1718990057706833 0.14213289320468903 0.0473807156085968 imageu_547201879876
4580 0.028900107368826866 0.01933325082063675 0.047277383506298065 imagel_547062874337
4590 0.06676152348518372 0.041681088507175446 0.047165170311927795 imageu_547035880703
4600 0.0707067996263504 0.04396717995405197 0.047031253576278687 imagef_546948860438
4610 0.056546952575445175 0.036815542727708817 0.046933867037296295 imageb_547028873712
4620 0.054657064378261566 0.038427893072366714 0.04690687358379364 imaged_546917862811
4630 0.037387292832136154 0.024264033883810043 0.04689067602157593 imaged_547007852711
4640 0.07451508939266205 0.05459795147180557 0.04681151732802391 imaged_546892871169
4650 0.06457416713237762 0.0410783477127552 0.046729594469070435 imageu_547055867337
4660 0.02886524610221386 0.018981993198394775 0.046540919691324234 imagel_546962874438
4670 0.053357988595962524 0.033079326152801514 0.0463908351957798 imageu_546928873809
4680 0.02846190705895424 0.02333625592291355 0.046298619359731674 imagel_546990869071
4690 0.06553806364536285 0.050246965140104294 0.046188902109861374 imaged_546900879170
4700 0.06598716229200363 0.04076071083545685 0.0460185781121254 imageu_546916861809
4710 0.041024498641490936 0.0264939833432436 0.04582342132925987 imageb_546934879798
4720 0.1238400787115097 0.11313621699810028 0.04571755975484848 imageu_547154866233
4730 0.09308460354804993 0.0756128802895546 0.045651573687791824 imageb_546865877539
4740 0.033228904008865356 0.023771854117512703 0.04554418846964836 imager_546922867806
4750 0.05415301397442818 0.034549880772829056 0.04541226476430893 imageb_546945857437
4760 0.01767263561487198 0.013566468842327595 0.04528496786952019 imagel_546880859173
4770 0.031970538198947906 0.024676378816366196 0.0452117882668972 imager_546917862811
4780 0.04772065952420235 0.035469502210617065 0.04516935348510742 imaged_546965877440
4790 0.07917186617851257 0.050804056227207184 0.04513537883758545 imageb_547118863609
4800 0.048641353845596313 0.030657969415187836 0.044997766613960266 imageb_546984863078
4810 0.03791861981153488 0.025852922350168228 0.04481285437941551 imaged_546968880435
4820 0.04036213085055351 0.03593108430504799 0.04474258795380592 imager_546914859807
4830 0.12677797675132751 0.09252719581127167 0.04462937265634537 imagef_547087865974
4840 0.023950563743710518 0.018144911155104637 0.044507432729005814 imagel_546911856805
4850 0.04737141728401184 0.03339971974492073 0.04437822476029396 imaged_546972884442
4860 0.07753904163837433 0.05211968719959259 0.04421836882829666 imagef_547118863609
4870 0.030398517847061157 0.026277242228388786 0.044142577797174454 imager_546955867436
4880 0.07289041578769684 0.04946079105138779 0.04407350718975067 imagef_546926871803
4890 0.023877227678894997 0.019373618066310883 0.04400913044810295 imagel_546970882435
4900 0.06046769767999649 0.03722992539405823 0.043895453214645386 imageu_546972884442
4910 0.043738026171922684 0.036500588059425354 0.04373499006032944 imager_547150862236
4920 0.03466515243053436 0.029360344633460045 0.04365377128124237 imager_546979858070
4930 0.058292075991630554 0.036542318761348724 0.043602462857961655 imageb_547053865336
4940 0.0270267054438591 0.02053971029818058 0.04351217299699783 imagel_546948860438
4950 0.14107301831245422 0.10542760044336319 0.043411802500486374 imagef_547086864973
4960 0.028188595548272133 0.019849970936775208 0.04336659237742424 imagel_546929874807
4970 0.22769805788993835 0.164239764213562 0.04336249455809593 imageb_546853865537
4980 0.024186337366700172 0.01955152116715908 0.043265268206596375 imagel_546871883543
4990 0.026933634653687477 0.016753636300563812 0.04304594546556473 imagel_547177855874
5000 0.05039827898144722 0.03199270740151405 0.04287805035710335 imageb_546963875440
5010 0.04426167532801628 0.034759871661663055 0.04270665720105171 imager_547092870974
5020 0.07614383101463318 0.0471671000123024 0.04259594529867172 imagef_546965877440
5030 0.06857466697692871 0.04080779105424881 0.04247139021754265 imagef_546894873172
5040 0.03372078016400337 0.027499284595251083 0.04234253615140915 imagel_547128873606
5050 0.060143936425447464 0.04269428178668022 0.04219077154994011 imaged_546902881194
5060 0.061850111931562424 0.039549943059682846 0.042022958397865295 imageb_547130875605
5070 0.08043818175792694 0.057127319276332855 0.04188277944922447 imaged_547162874244
5080 0.19239100813865662 0.1440909206867218 0.04173743724822998 imagel_547193871872
5090 0.0693100169301033 0.05419626832008362 0.041578371077775955 imaged_547077855978
5100 0.05244922637939453 0.04103837162256241 0.04142463952302933 imaged_546985864078
5110 0.04444761574268341 0.03667828068137169 0.04126448929309845 imager_547069881338
5120 0.03147563710808754 0.025946488603949547 0.041174013167619705 imager_546868880541
5130 0.026106014847755432 0.017765304073691368 0.04104234278202057 imagel_547072884335
5140 0.1335301399230957 0.11054287105798721 0.040909770876169205 imageu_547145857237
5150 0.09019257128238678 0.07962702214717865 0.04078373685479164 imageb_546868880541
5160 0.38369685411453247 0.31924694776535034 0.0407223142683506 imagel_547205883874
5170 0.04797781631350517 0.02928132191300392 0.04070356488227844 imageb_546943855437
5180 0.6038569211959839 0.505283534526825 0.04063959792256355 imageu_547186864875
5190 0.07388906180858612 0.05907706916332245 0.04048757627606392 imagef_546868880541
5200 0.03767187520861626 0.03151390329003334 0.04035916551947594 imager_546975854071
5210 0.06253145635128021 0.04005458578467369 0.040207505226135254 imagef_547121866605
5220 0.0787186473608017 0.05917556956410408 0.040152452886104584 imagef_547152864241
5230 0.018999217078089714 0.012035124003887177 0.0401274673640728 imagel_546875854173
5240 0.0614619217813015 0.037197452038526535 0.04005754366517067 imagef_547098876976
5250 0.05522644519805908 0.041594743728637695 0.03996652364730835 imaged_546895874174
5260 0.40619155764579773 0.3502783477306366 0.0399358794093132 imageb_547200878871
5270 0.03888515383005142 0.02305404096841812 0.039870455861091614 imagel_547149861238
5280 0.06482803076505661 0.03911977633833885 0.03986124321818352 imageb_546877856173
5290 0.06228189542889595 0.03508676216006279 0.03980875760316849 imageb_546899878172
5300 0.0604708306491375 0.04018053412437439 0.039734676480293274 imagef_546870882540
5310 0.040733542293310165 0.036874089390039444 0.03958922624588013 imagel_547152864241
5320 0.9083011746406555 0.884918749332428 0.039604417979717255 imager_547188866869
5330 0.05863335728645325 0.034055061638355255 0.03959296643733978 imageu_546980859076
5340 0.05312138423323631 0.0322398878633976 0.03950994461774826 imageb_547123868601
5350 0.06390343606472015 0.04403693228960037 0.03936319425702095 imageu_547007852711
5360 0.02524567022919655 0.018416952341794968 0.0392574816942215 imagel_546926871803
5370 0.01692497543990612 0.012227404862642288 0.03917524963617325 imagel_547120865600
5380 0.06342913955450058 0.047775544226169586 0.039078488945961 imageb_546873885533
5390 0.06641963124275208 0.0492263101041317 0.03901161253452301 imageu_547121866605
5400 0.04012979567050934 0.027220377698540688 0.03894750401377678 imaged_547045857339
5410 0.05493651703000069 0.033180851489305496 0.03886935114860535 imagef_546989868066
5420 0.048691488802433014 0.03099864162504673 0.03879953548312187 imageb_546994873075
5430 0.3185267448425293 0.276767373085022 0.03872467204928398 imaged_547196874870
5440 0.29557207226753235 0.2589370906352997 0.03868555277585983 imaged_547183861871
5450 0.05197393149137497 0.03199777752161026 0.03866036608815193 imagef_546963875440
5460 0.4864004850387573 0.3835562765598297 0.03858804702758789 imageu_547194872874
5470 0.08741356432437897 0.0655156597495079 0.03847213834524155 imageu_547123868601
5480 0.05494847148656845 0.0446733683347702 0.03838164359331131 imager_547089867973
5490 0.4673782289028168 0.40423911809921265 0.03832394257187843 imageu_547183861871
5500 0.03657246008515358 0.02458125911653042 0.038222912698984146 imaged_546924869806
5510 0.024815434589982033 0.01962575688958168 0.03810920566320419 imager_546956868435
5520 0.037843625992536545 0.02511008270084858 0.03801964223384857 imagel_546941853440
5530 0.32904303073883057 0.2748190760612488 0.03787259757518768 imageb_547201879876
5540 0.028348492458462715 0.01711706630885601 0.03772613778710365 imagel_546861873539
5550 0.04687809571623802 0.03314085304737091 0.03760179132223129 imagef_547033878707
5560 0.05358724296092987 0.033349648118019104 0.03749571740627289 imageb_547053865336
5570 0.0579172782599926 0.03688369318842888 0.0374385267496109 imageb_547023868703
5580 0.0499858595430851 0.03449888154864311 0.03741263598203659 imaged_547160872234
5590 0.47020453214645386 0.4222436547279358 0.03737281262874603 imaged_546839884906
5600 0.0651838481426239 0.040691081434488297 0.03726804628968239 imageu_546914859807
5610 0.07359745353460312 0.0504034198820591 0.037146151065826416 imageb_547084862980
5620 0.02679854817688465 0.015772046521306038 0.03702772781252861 imagel_546980859076
5630 0.469731867313385 0.38174113631248474 0.036907859146595 imageb_547186864875
5640 0.070543073117733 0.04625673219561577 0.03683001920580864 imagel_547171883239
5650 0.0348593033850193 0.02626768872141838 0.03679700940847397 imager_546943855437
5660 0.06952027231454849 0.04088952764868736 0.036771565675735474 imagef_547057869336
5670 0.053259238600730896 0.03343358635902405 0.036744844168424606 imageb_547009854705
5680 0.04348433017730713 0.02750268578529358 0.03671149164438248 imageb_546956868435
5690 0.05623295530676842 0.03685180842876434 0.036651160567998886 imageu_547031876706
5700 0.05594441667199135 0.03304887190461159 0.036545418202877045 imagef_547099877967
5710 0.0391530767083168 0.03154395520687103 0.03646125644445419 imager_547069881338
5720 0.026290930807590485 0.02065393701195717 0.03646575286984444 imager_546883862169
5730 0.056268587708473206 0.0448218397796154 0.036452457308769226 imager_547057869336
5740 0.06181443855166435 0.04232478886842728 0.03640096262097359 imageb_547067879338
5750 0.05867721140384674 0.03203034773468971 0.03635302186012268 imageb_547132877611
5760 0.07150077074766159 0.04660030081868172 0.03636249899864197 imageu_546860872536
5770 0.030465321615338326 0.026133563369512558 0.03633212670683861 imager_546885864170
5780 0.036367885768413544 0.027837255969643593 0.036279838532209396 imager_546938883810
5790 0.050738390535116196 0.03752302750945091 0.03621671721339226 imaged_547065877343
5800 0.0736074298620224 0.0457150861620903 0.03610078617930412 imageu_547043855348
5810 0.06153709441423416 0.040291596204042435 0.035985834896564484 imageu_546861873539
5820 0.06117716804146767 0.03533865511417389 0.03590179979801178 imageu_546883862169
5830 0.06459327042102814 0.041846681386232376 0.03583275154232979 imagef_547113858603
5840 0.0497988685965538 0.03417281061410904 0.03580813109874725 imaged_546939884803
5850 0.04361048713326454 0.029731374233961105 0.0357460156083107 imaged_546967879439
5860 0.026444407179951668 0.02210061438381672 0.03573106974363327 imagel_547160872234
5870 0.38156455755233765 0.3291115164756775 0.0356699675321579 imageu_547181859871
5880 0.2635371685028076 0.1813974231481552 0.03557095304131508 imageb_547171883239
5890 0.03432418406009674 0.02762535773217678 0.03551565855741501 imagel_547064876339
5900 0.0533624030649662 0.03634214401245117 0.035465724766254425 imagef_546997876076
5910 0.3840436339378357 0.33715441823005676 0.03538740426301956 imagef_547189867877
5920 0.054541297256946564 0.04376264289021492 0.03538068011403084 imager_547094872971
5930 0.05303915962576866 0.03428236395120621 0.03536324203014374 imageb_546939884803
5940 0.048391710966825485 0.03239660710096359 0.03533291816711426 imaged_546938883810
5950 0.06845419853925705 0.04332948848605156 0.03528299555182457 imagef_547077855978
5960 0.2044476419687271 0.14924128353595734 0.03526347503066063 imageb_546858870537
5970 0.14890626072883606 0.075421042740345 0.03529122844338417 imagef_547171883239
5980 0.08036372065544128 0.050516799092292786 0.03534526005387306 imagef_546970882435
5990 0.4650520086288452 0.3905419111251831 0.035345111042261124 imageb_546849861536
6000 0.09065638482570648 0.0686759278178215 0.03529123216867447 imageb_547162874244
6010 0.32248687744140625 0.29041537642478943 0.9827170968055725 imager_546946858444
6020 0.02738403156399727 0.01829059235751629 0.6524314284324646 imagel_546870882540
6030 0.2351158708333969 0.19562067091464996 0.5221507549285889 imagef_546987866076
6040 0.34191542863845825 0.27768972516059875 0.4668295681476593 imagef_547111856605
6050 0.0909143015742302 0.06087325140833855 0.4265327751636505 imageb_546921866804
6060 0.027898231521248817 0.01568356156349182 0.39534589648246765 imagel_547104882977
6070 0.019388768821954727 0.011989346705377102 0.36798393726348877 imagel_546895874174
6080 0.1911247819662094 0.14672408998012543 0.3443962037563324 imager_547121866605
6090 0.07593268156051636 0.05772267282009125 0.3240509033203125 imaged_547018863705
6100 0.07848150283098221 0.04992203041911125 0.3064206540584564 imagef_546984863078
6110 0.06394000351428986 0.03936639055609703 0.26232782006263733 imageb_546941853440
6120 0.5825458765029907 0.48804929852485657 0.24908894300460815 imagef_546839884906
6130 0.07106521725654602 0.049471136182546616 0.23626546561717987 imagef_546996875070
6140 0.10663509368896484 0.07417140156030655 0.22683870792388916 imageu_547002881074
6150 0.10708311945199966 0.06384049355983734 0.2185755968093872 imageu_547072884335
6160 0.05824580043554306 0.034518346190452576 0.21150773763656616 imageu_546887866191
6170 0.10235008597373962 0.05512072890996933 0.20541588962078094 imagef_546856868537
6180 0.030436664819717407 0.021968400105834007 0.19936825335025787 imagel_547014859704
6190 0.22593693435192108 0.1823287159204483 0.19425612688064575 imaged_547174852869
6200 0.10166361927986145 0.07127925008535385 0.18955907225608826 imageb_547120865600
6210 0.031329140067100525 0.01984061673283577 0.1833861619234085 imagel_546902881194
6220 0.054864611476659775 0.0342155285179615 0.1789579689502716 imageb_546926871803
6230 0.12142705172300339 0.09362762421369553 0.17577649652957916 imageb_547125870610
6240 0.07927503436803818 0.05483822897076607 0.17304041981697083 imageb_546875854173
6250 0.018604394048452377 0.014187025837600231 0.16982851922512054 imagel_547125870610
6260 0.07851482182741165 0.04912353679537773 0.16633744537830353 imagef_546939884803
6270 0.3378472626209259 0.29184070229530334 0.163863405585289 imagef_547183861871
6280 0.08319368213415146 0.051535505801439285 0.16157270967960358 imageu_547075853978
6290 0.17476440966129303 0.12098359316587448 0.15941230952739716 imagef_546854866535
6300 0.01935713179409504 0.013992606662213802 0.15696752071380615 imagel_547123868601
6310 0.045948613435029984 0.02799842320382595 0.15352819859981537 imageb_546911856805
6320 0.12399998307228088 0.0959828570485115 0.15133318305015564 imaged_547125870610
6330 0.28237858414649963 0.23090237379074097 0.14914283156394958 imageb_547194872874
6340 0.08771753311157227 0.07171668112277985 0.14715591073036194 imager_547096874977
6350 0.156031534075737 0.14352105557918549 0.14558573067188263 imaged_546871883543
6360 0.04527565836906433 0.036360252648591995 0.1439647376537323 imagel_547089867973
6370 0.05046745017170906 0.03550485894083977 0.14255981147289276 imager_547050862335
6380 0.5791976451873779 0.4737558960914612 0.14085572957992554 imageu_547188866869
6390 0.06999867409467697 0.047999974340200424 0.13936671614646912 imagef_547101879972
6400 0.0633506327867508 0.049923088401556015 0.13783374428749084 imageu_546868880541
6410 0.22779522836208344 0.19135916233062744 0.13605569303035736 imaged_547200878871
6420 0.07936631888151169 0.05611918121576309 0.13449281454086304 imageb_546973885436
6430 0.09662509709596634 0.057984985411167145 0.13296827673912048 imagef_546863875543
6440 0.06356989592313766 0.03962392359972 0.13162493705749512 imagef_547048860337
6450 0.06283308565616608 0.0427960529923439 0.13049133121967316 imageb_547069881338
6460 0.04030240699648857 0.031054198741912842 0.12947534024715424 imager_547004883077
6470 0.2219478189945221 0.1758737415075302 0.12853720784187317 imagef_547167879238
6480 0.06733522564172745 0.05116323381662369 0.12721268832683563 imagel_547162874244
6490 0.043893001973629 0.03372090309858322 0.12591202557086945 imager_547053865336
6500 0.06834030896425247 0.04259622097015381 0.12453240156173706 imageu_547001880072
6510 0.09725980460643768 0.05282405763864517 0.1231403797864914 imagef_546861873539
6520 0.321535587310791 0.28391143679618835 0.12205634266138077 imaged_547184862870
6530 0.9242761135101318 0.9038711190223694 0.12053461372852325 imager_547177855874
6540 0.08109188079833984 0.05226830393075943 0.11929387599229813 imageb_547094872971
6550 0.06510449945926666 0.0430787056684494 0.11771070957183838 imagef_547147859235
6560 0.0982084646821022 0.06847888231277466 0.11637020856142044 imageu_547084862980
6570 0.04948698729276657 0.02935059927403927 0.1152348592877388 imageb_547028873712
6580 0.051582422107458115 0.03163548558950424 0.1142391487956047 imager_546907852806
6590 0.04701600596308708 0.03015350177884102 0.1133727952837944 imageb_546946858444
6600 0.226221963763237 0.19052045047283173 0.11251869052648544 imaged_547200878871
6610 0.0596468448638916 0.03495585173368454 0.11157318204641342 imagef_547035880703
6620 0.045805636793375015 0.031445324420928955 0.11069049686193466 imaged_547079857970
6630 0.046989113092422485 0.0354875810444355 0.10986118763685226 imager_546909854806
6640 0.8988789916038513 0.872782826423645 0.10908040404319763 imager_546854866535
6650 0.0331573411822319 0.022883180528879166 0.10818397253751755 imagef_546866878536
6660 0.04340820759534836 0.03457145765423775 0.10701553523540497 imager_547009854705
6670 0.04488503932952881 0.028966763988137245 0.10609789192676544 imaged_547062874337
6680 0.26972508430480957 0.21140773594379425 0.104730986058712 imaged_547191869875
6690 0.04998615011572838 0.03448520600795746 0.10347611457109451 imaged_547106884970
6700 0.06509581208229065 0.04376271739602089 0.10252315551042557 imageu_547014859704
6710 0.027906687930226326 0.022672588005661964 0.10175356268882751 imager_546999878077
6720 0.043885987251996994 0.031935859471559525 0.10119329392910004 imaged_547152864241
6730 0.06687795370817184 0.04373013973236084 0.10059157013893127 imageb_547152864241
6740 0.052351564168930054 0.029523730278015137 0.09986699372529984 imageu_546985864078
6750 0.05501546710729599 0.033855702728033066 0.09922759234905243 imagef_546882861171
6760 0.47778549790382385 0.39406511187553406 0.0985642671585083 imageu_547189867877
6770 0.050046198070049286 0.03127307817339897 0.09791942685842514 imageb_546970882435
6780 0.04486357048153877 0.026714466512203217 0.09742088615894318 imageb_546914859807
6790 0.05246525630354881 0.042300742119550705 0.09666559100151062 imageb_546870882540
6800 0.9175872206687927 0.8958161473274231 0.0958850160241127 imager_547186864875
6810 0.07139922678470612 0.04746289178729057 0.09515014290809631 imageu_547092870974
6820 0.3608540892601013 0.30648523569107056 0.09450041502714157 imagel_547200878871
6830 0.33172667026519775 0.2760167419910431 0.0937730148434639 imageu_547172884238
6840 0.22138987481594086 0.13835304975509644 0.09304556995630264 imageb_547172884238
6850 0.28530019521713257 0.24768151342868805 0.09245418012142181 imagef_547179857873
6860 0.03705064579844475 0.031045297160744667 0.09189709275960922 imager_546890869170
6870 0.029283320531249046 0.018590828403830528 0.09146161377429962 imagel_546943855437
6880 0.02512527070939541 0.01953478530049324 0.09087222814559937 imagel_546990869071
6890 0.060622379183769226 0.04325736686587334 0.09014812111854553 imageu_547018863705
6900 0.6042030453681946 0.5051606893539429 0.08932959288358688 imageu_547186864875
6910 0.019951272755861282 0.012451735325157642 0.08858710527420044 imagel_547004883077
6920 0.06400177627801895 0.04460752010345459 0.08803585171699524 imagef_547089867973
6930 0.054519642144441605 0.03887036815285683 0.0875459536910057 imaged_546933878804
6940 0.08324390649795532 0.05623744800686836 0.08703786879777908 imagef_547135880603
6950 0.07477033883333206 0.04955684393644333 0.08648025244474411 imagef_547113858603
6960 0.08128077536821365 0.054752103984355927 0.08594731986522675 imageb_547133878607
6970 0.6517561674118042 0.6305500864982605 0.08540575951337814 imager_547200878871
6980 0.07521966099739075 0.04742872714996338 0.08494288474321365 imageu_547040885702
6990 0.08912968635559082 0.06047369912266731 0.08437957614660263 imageu_547094872971
7000 0.03612165525555611 0.021335946395993233 0.08390539884567261 imaged_547050862335
7010 0.13850609958171844 0.10936896502971649 0.08338746428489685 imaged_547205883874
7020 0.01543247140944004 0.010516500100493431 0.08294475823640823 imagel_546956868435
7030 0.0872935950756073 0.06984954327344894 0.08267311751842499 imageb_546865877539
7040 0.07741397619247437 0.0579444020986557 0.082292340695858 imaged_547128873606
7050 0.17012295126914978 0.11926619708538055 0.08183040469884872 imagef_546854866535
7060 0.05955972895026207 0.038845472037792206 0.08151134848594666 imagef_547062874337
7070 0.1926923543214798 0.1439768522977829 0.08117073774337769 imagel_547193871872
7080 0.0443604439496994 0.0345146469771862 0.08080226927995682 imager_547060872343
7090 0.05968756601214409 0.03476765751838684 0.08043885976076126 imageu_546912857810
7100 0.072415292263031 0.05768515542149544 0.08001639693975449 imagef_547154866233
7110 0.05779900401830673 0.037347208708524704 0.07954853028059006 imageu_546921866804
7120 0.07298000156879425 0.044433895498514175 0.07911551743745804 imageb_547138883611
7130 0.040548600256443024 0.03144501894712448 0.07863100618124008 imager_547069881338
7140 0.048777103424072266 0.02905881777405739 0.07815597206354141 imageu_546928873809
7150 0.06418951600790024 0.04147438704967499 0.07772418856620789 imagef_547055867337
7160 0.0993741974234581 0.05258975178003311 0.07731101661920547 imagef_546877856173
7170 0.035078130662441254 0.021027708426117897 0.07696656137704849 imaged_547023868703
7180 0.7216365337371826 0.6860045790672302 0.0765829086303711 imager_547206884871
7190 0.03869963809847832 0.024670755490660667 0.07622658461332321 imaged_547043855348
7200 0.05087021365761757 0.041810277849435806 0.07584872841835022 imager_547126871606
7210 0.04371986538171768 0.026827214285731316 0.07549308240413666 imaged_547099877967
7220 0.8652381896972656 0.8329447507858276 0.07521361112594604 imager_546849861536
7230 0.01972753182053566 0.015582422725856304 0.0748666301369667 imagel_546953865434
7240 0.04680529609322548 0.027879886329174042 0.0745515301823616 imageb_546945857437
7250 0.018352404236793518 0.014093042351305485 0.07418303191661835 imagel_546873885533
7260 0.07772237062454224 0.047594018280506134 0.07374400645494461 imagef_546968880435
7270 0.04827694967389107 0.0417429618537426 0.07338792085647583 imager_547038883711
7280 0.0565912090241909 0.03628276288509369 0.07298164069652557 imagef_547052864345
7290 0.06991465389728546 0.04467685520648956 0.0725972056388855 imageb_547135880603
7300 0.056582000106573105 0.033387333154678345 0.07231507450342178 imageu_546911856805
7310 0.016233384609222412 0.008970841765403748 0.07202037423849106 imagel_546856868537
7320 0.036172062158584595 0.0233551524579525 0.07178142666816711 imagel_547060872343
7330 0.06160149350762367 0.040589477866888046 0.07140912860631943 imageb_546989868066
7340 0.049608323723077774 0.030074939131736755 0.07106409221887589 imageb_546951863443
7350 0.06301538646221161 0.040670618414878845 0.07074321806430817 imageu_547004883077
7360 0.046459097415208817 0.032415926456451416 0.07034233957529068 imaged_546934879798
7370 0.025630585849285126 0.01987449638545513 0.06996098905801773 imager_546883862169
7380 0.015071574598550797 0.010354399681091309 0.06962089985609055 imagel_546894873172
7390 0.01796802133321762 0.014730668626725674 0.06910256296396255 imagel_547113858603
7400 0.2142598181962967 0.14994294941425323 0.06868822872638702 imagef_547172884238
7410 0.046987373381853104 0.030333707109093666 0.06826751679182053 imaged_547055867337
7420 0.06255020201206207 0.04061318561434746 0.06786628812551498 imagef_547064876339
7430 0.0674029290676117 0.048717204481363297 0.06743258237838745 imagef_547155867242
7440 0.0483403317630291 0.03223438933491707 0.06703472137451172 imaged_546939884803
7450 0.06782764941453934 0.04034224525094032 0.06664101034402847 imagef_546883862169
7460 0.05493059381842613 0.033873219043016434 0.0663289949297905 imagef_546985864078
7470 0.04537837579846382 0.02973516471683979 0.06605353206396103 imaged_547024869702
7480 0.039494987577199936 0.032220661640167236 0.0657627210021019 imager_547150862236
7490 0.05094573274254799 0.03424371778964996 0.06557279080152512 imaged_546911856805
7500 0.023259693756699562 0.014437866397202015 0.06536204367876053 imagel_547072884335
7510 0.053165584802627563 0.0333678312599659 0.06510608643293381 imagef_547001880072
7520 0.048700962215662 0.029738515615463257 0.06490318477153778 imaged_546919864808
7530 0.031556546688079834 0.020137056708335876 0.06471048295497894 imaged_546963875440
7540 0.06529247015714645 0.0386708565056324 0.06448850780725479 imagef_546885864170
7550 0.06130280718207359 0.035621434450149536 0.06425485759973526 imageb_546922867806
7560 0.18708372116088867 0.1672176718711853 0.06400684267282486 imaged_547169881238
7570 0.1053227037191391 0.09719835966825485 0.06384109705686569 imager_547162874244
7580 0.09299342334270477 0.05230046436190605 0.06362670660018921 imagef_546914859807
7590 0.06990572810173035 0.043366238474845886 0.06338503211736679 imagef_546948860438
7600 0.8334159851074219 0.8183717727661133 0.06308232992887497 imager_547171883239
7610 0.49925002455711365 0.40440860390663147 0.06278137117624283 imagef_546849861536
7620 0.025401929393410683 0.017882589250802994 0.062494292855262756 imagel_546924869806
7630 0.11040354520082474 0.09381408244371414 0.06217913702130318 imaged_546887866191
7640 0.039358243346214294 0.028610242530703545 0.06182628497481346 imager_547006885077
7650 0.022086957469582558 0.014629680663347244 0.061492789536714554 imagel_546931876806
7660 0.06666258722543716 0.03835747018456459 0.06121813878417015 imageu_546899878172
7670 0.025727033615112305 0.02291024662554264 0.06101769208908081 imagel_546885864170
7680 0.04080622270703316 0.029339587315917015 0.06075229123234749 imaged_546990869071
7690 0.03694561868906021 0.022891007363796234 0.06038006767630577 imageb_546934879798
7700 0.06455551087856293 0.03915635496377945 0.06007092073559761 imageu_547070882331
7710 0.04554593563079834 0.03713973984122276 0.05983840674161911 imager_547016861703
7720 0.06987212598323822 0.03981093689799309 0.059570468962192535 imagef_546880859173
7730 0.06505003571510315 0.04177134111523628 0.05932594835758209 imageu_547098876976
7740 0.023684101179242134 0.015017918311059475 0.05905504897236824 imagel_547104882977
7750 0.05843382328748703 0.03472684696316719 0.05883140116930008 imagef_546897876191
7760 0.04790426045656204 0.02801140584051609 0.058610279113054276 imageb_546904883185
7770 0.04682903364300728 0.03824925050139427 0.05839892849326134 imager_547154866233
7780 0.05032898113131523 0.03620574623346329 0.058105260133743286 imager_547074852968
7790 0.07248309254646301 0.05381733551621437 0.05784400552511215 imageb_547125870610
7800 0.05088324844837189 0.031360335648059845 0.05761604756116867 imagef_546963875440
7810 0.04735974594950676 0.03597184643149376 0.057388026267290115 imager_547155867242
7820 0.06989143788814545 0.0471319817006588 0.05720257759094238 imageu_547014859704
7830 0.06880687177181244 0.047852545976638794 0.05698448792099953 imagef_547084862980
7840 0.08009076118469238 0.05235888063907623 0.05685567483305931 imagef_547109854609
7850 0.051651373505592346 0.02981034852564335 0.05669880658388138 imageu_546909854806
7860 0.05615716800093651 0.035003166645765305 0.05655626952648163 imagef_546989868066
7870 0.02364143542945385 0.016768595203757286 0.056408610194921494 imagel_547045857339
7880 0.5573511719703674 0.4787052273750305 0.05624837055802345 imageb_546846858536
7890 0.08603496849536896 0.07523935288190842 0.05607594549655914 imager_547162874244
7900 0.06457088887691498 0.03975885361433029 0.05594677850604057 imageb_547145857237
7910 0.8256155848503113 0.7813827991485596 0.0557061992585659 imager_546844856539
7920 0.5573005676269531 0.46884164214134216 0.055470630526542664 imageb_547189867877
7930 0.16791220009326935 0.14135892689228058 0.055295128375291824 imageu_547200878871
7940 0.0608406700193882 0.037789251655340195 0.05526838079094887 imagef_547099877967
7950 0.05947192758321762 0.03906398266553879 0.05525726079940796 imageu_547007852711
7960 0.09918147325515747 0.0733388364315033 0.055084940046072006 imageu_547133878607
7970 0.9010641574859619 0.8756829500198364 0.05485022813081741 imager_547189867877
7980 0.01219181064516306 0.009383782744407654 0.05463029071688652 imagel_547070882331
7990 0.054635319858789444 0.032708413898944855 0.05444101244211197 imagef_547024869702
8000 0.3838329613208771 0.31924694776535034 0.054331157356500626 imagel_547205883874
8010 0.05684780701994896 0.02239219658076763 0.05419383570551872 imagel_547166878243
8020 0.03270263224840164 0.0221369881182909 0.054069358855485916 imager_547047859335
8030 0.06599258631467819 0.04632461816072464 0.053930025547742844 imageu_547121866605
8040 0.01839234121143818 0.011421266943216324 0.053725361824035645 imagel_546875854173
8050 0.038836218416690826 0.024922575801610947 0.05351817235350609 imaged_546967879439
8060 0.2555718421936035 0.21692819893360138 0.05330963432788849 imageu_546854866535
8070 0.04742002114653587 0.02812962606549263 0.05312969163060188 imageb_546890869170
8080 0.07315696775913239 0.051980990916490555 0.052949342876672745 imageb_546977856071
8090 0.8948119282722473 0.8679448962211609 0.05280134081840515 imager_546853865537
8100 0.014697842299938202 0.011542621068656445 0.052592869848012924 imagel_547125870610
8110 0.05643797665834427 0.03504981845617294 0.05240907892584801 imagef_547064876339
8120 0.07316690683364868 0.037201449275016785 0.05225195735692978 imagef_546892871169
8130 0.05477665364742279 0.03312405198812485 0.0521472804248333 imageb_547024869702
8140 0.5705723166465759 0.4796903133392334 0.0520123653113842 imageb_547191869875
8150 0.7143512964248657 0.6847623586654663 0.0519026480615139 imager_546861873539
8160 0.02177732065320015 0.014288447797298431 0.05177083611488342 imagel_547041853338
8170 0.8362043499946594 0.7952017188072205 0.05164887756109238 imager_546843855539
8180 0.062356263399124146 0.035821493715047836 0.05149775743484497 imageb_547111856605
8190 0.3121943473815918 0.23131787776947021 0.05137817561626434 imagel_547198876871
8200 0.3365917503833771 0.30275797843933105 0.051221832633018494 imaged_546860872536
8210 0.03689524531364441 0.026806030422449112 0.05098961293697357 imager_547006885077
8220 0.05152421444654465 0.03412859886884689 0.05079232528805733 imagef_546997876076
8230 0.07939833402633667 0.0498867891728878 0.05061633884906769 imagef_546970882435
8240 0.06766969710588455 0.0454699881374836 0.0504964254796505 imaged_546905884197
8250 0.09038664400577545 0.04918133094906807 0.05040254071354866 imagef_546861873539
8260 0.05723089352250099 0.038727641105651855 0.05029379576444626 imagef_547079857970
8270 0.3488363027572632 0.2636975646018982 0.050166334956884384 imagef_546851863543
8280 0.05587289109826088 0.046576887369155884 0.050013840198516846 imager_547101879972
8290 0.047709908336400986 0.03499796986579895 0.04987838491797447 imaged_547070882331
8300 0.04438274726271629 0.028591569513082504 0.04975765198469162 imaged_547092870974
8310 0.06827758997678757 0.05030537024140358 0.0496106892824173 imagef_547155867242
8320 0.03639235720038414 0.0241857822984457 0.04944183677434921 imaged_546989868066
8330 0.053377725183963776 0.032659776508808136 0.04932573437690735 imagef_547028873712
8340 0.01632131263613701 0.012903416529297829 0.049261223524808884 imagel_547067879338
8350 0.042279306799173355 0.028645841404795647 0.04921725019812584 imaged_547045857339
8360 0.10964711755514145 0.08888055384159088 0.0491194874048233 imagel_547086864973
8370 0.042303286492824554 0.028288794681429863 0.0489853173494339 imaged_547052864345
8380 0.46555519104003906 0.40227657556533813 0.04885049909353256 imageu_547183861871
8390 0.06617703288793564 0.04021959751844406 0.048742152750492096 imageb_547154866233
8400 0.06827671080827713 0.04255203902721405 0.048636939376592636 imagef_546941853440
8410 0.04563315585255623 0.028037497773766518 0.04846801608800888 imageu_547028873712
8420 0.022893937304615974 0.013981109485030174 0.048339564353227615 imagel_546968880435
8430 0.05513367801904678 0.0350327305495739 0.04816091060638428 imagef_547031876706
8440 0.04196120798587799 0.02975868433713913 0.04801376909017563 imager_546905884197
8450 0.06190839409828186 0.054515719413757324 0.04785587266087532 imager_547160872234
8460 0.032360684126615524 0.027010386809706688 0.04763077571988106 imager_546873885533
8470 0.35248133540153503 0.30272650718688965 0.04745781794190407 imageu_547179857873
8480 0.05778520926833153 0.03294285759329796 0.0473034530878067 imagef_546950862437
8490 0.0478241890668869 0.031577207148075104 0.047182150185108185 imageu_546955867436
8500 0.02358764037489891 0.019007420167326927 0.047035593539476395 imager_546888867171
8510 0.050073157995939255 0.039869729429483414 0.04683476313948631 imager_546909854806
8520 0.07235480844974518 0.04752758890390396 0.0466289259493351 imagef_547121866605
8530 0.03475980833172798 0.025971125811338425 0.046509820967912674 imager_547007852711
8540 0.051424842327833176 0.03704773634672165 0.04641371965408325 imaged_547142854240
8550 0.0658983439207077 0.04430028796195984 0.04626580327749252 imageb_547089867973
8560 0.38631001114845276 0.3369383215904236 0.04612012207508087 imageu_547174852869
8570 0.051542554050683975 0.03728732839226723 0.045957986265420914 imaged_546895874174
8580 0.0508839376270771 0.028091764077544212 0.045827969908714294 imageu_546985864078
8590 0.04684314876794815 0.028779497370123863 0.045701295137405396 imaged_546919864808
8600 0.045194949954748154 0.02720586583018303 0.04553220793604851 imageu_546931876806
8610 0.06882059574127197 0.03873562812805176 0.04540078341960907 imagef_546931876806
8620 0.07125648856163025 0.04576665163040161 0.04532197490334511 imageb_547155867242
8630 0.041971851140260696 0.03173138201236725 0.04520544409751892 imaged_547004883077
8640 0.0656953826546669 0.04719950631260872 0.04507492855191231 imageb_547125870610
8650 0.38030675053596497 0.3066391348838806 0.04502015560865402 imageu_546848860533
8660 0.03446727618575096 0.028640853241086006 0.044989343732595444 imager_547065877343
8670 0.06728566437959671 0.04062745347619057 0.04491254687309265 imageb_547118863609
8680 0.2870416045188904 0.24353502690792084 0.04484616219997406 imaged_547177855874
8690 0.04677935317158699 0.033218033611774445 0.04484161362051964 imager_547050862335
8700 0.06613144278526306 0.03769521042704582 0.04478977993130684 imageb_546880859173
8710 0.04305479675531387 0.027011236175894737 0.04467594996094704 imaged_547055867337
8720 0.15459443628787994 0.12227984517812729 0.04451679438352585 imaged_547206884871
8730 0.016242729499936104 0.013366218656301498 0.04437942057847977 imagel_547069881338
8740 0.05136619135737419 0.031366512179374695 0.0443057045340538 imageu_546956868435
8750 0.019161053001880646 0.01398332230746746 0.04426439106464386 imagel_547106884970
8760 0.059855490922927856 0.03455215319991112 0.04417356848716736 imageu_547057869336
8770 0.03137970343232155 0.02567916177213192 0.044032178819179535 imager_547067879338
8780 0.05589255690574646 0.035855941474437714 0.04389747604727745 imageb_547052864345
8790 0.07798280566930771 0.05347420275211334 0.0438084676861763 imagef_547009854705
8800 0.38420233130455017 0.3518804609775543 0.04370427131652832 imaged_546863875543
8810 0.07560667395591736 0.0430261567234993 0.043542779982089996 imagef_546911856805
8820 0.34013983607292175 0.27658453583717346 0.0433938093483448 imagef_547203881874
8830 0.056547440588474274 0.03676695376634598 0.04324633255600929 imagef_547052864345
8840 0.04701283946633339 0.028906213119626045 0.043149806559085846 imageb_546928873809
8850 0.0654141753911972 0.047836605459451675 0.043023839592933655 imaged_546899878172
8860 0.030481109395623207 0.018904542550444603 0.04290862753987312 imaged_547018863705
8870 0.02862996608018875 0.019389724358916283 0.04283105209469795 imagel_546962874438
8880 0.07185058295726776 0.049618955701589584 0.0427839495241642 imagef_546977856071
8890 0.04580312967300415 0.0361051969230175 0.04263176769018173 imageu_546866878536
8900 0.0359312929213047 0.027132533490657806 0.04250253736972809 imager_546962874438
8910 0.03449637070298195 0.025315040722489357 0.04236900433897972 imager_546899878172
8920 0.019012274220585823 0.013606744818389416 0.04221310093998909 imagel_546999878077
8930 0.06386974453926086 0.041147708892822266 0.04203444719314575 imageu_547115860606
8940 0.045819636434316635 0.030624372884631157 0.04188276827335358 imaged_547160872234
8950 0.04826725274324417 0.029744142666459084 0.041753124445676804 imageb_546951863443
8960 0.2385992556810379 0.19204674661159515 0.041634660214185715 imaged_547201879876
8970 0.3022814393043518 0.2729247212409973 0.04155431315302849 imaged_546861873539
8980 0.07635998725891113 0.048014216125011444 0.04148804023861885 imagef_546919864808
8990 0.03785862773656845 0.031557146459817886 0.04143694415688515 imager_546975854071
9000 0.22525164484977722 0.1524539440870285 0.04136625677347183 imagel_547196874870
9010 0.5137910842895508 0.44543400406837463 0.975845992565155 imageu_547111856605
9020 0.07102637737989426 0.04107361659407616 0.4754503667354584 imageu_546914859807
9030 0.0311273206025362 0.02119855396449566 0.3584469258785248 imager_546916861809
9040 0.06056985259056091 0.04422272369265556 0.3178483843803406 imageb_546866878536
9050 0.15317586064338684 0.11733792722225189 0.2918832004070282 imageu_547098876976
9060 0.038984350860118866 0.02243620716035366 0.27175667881965637 imaged_546945857437
9070 0.2655530571937561 0.24635116755962372 0.2570316195487976 imageu_547155867242
9080 0.041916828602552414 0.030262572690844536 0.24449655413627625 imager_546982861070
9090 0.07412181794643402 0.05749182030558586 0.23382772505283356 imager_547133878607
9100 0.09920969605445862 0.0660042092204094 0.22490616142749786 imageb_547138883611
9110 0.07974570244550705 0.05731227621436119 0.19421638548374176 imageu_547018863705
9120 0.0694291740655899 0.046923309564590454 0.18607346713542938 imagef_547030875702
9130 0.03901121765375137 0.022304845973849297 0.17990851402282715 imageb_546936881803
9140 0.15624530613422394 0.12376394867897034 0.17482443153858185 imageb_547113858603
9150 0.15855193138122559 0.13093465566635132 0.16953451931476593 imageu_547143855237
9160 0.02566171996295452 0.017282890155911446 0.1649187058210373 imagel_546934879798
9170 0.38213181495666504 0.33325958251953125 0.16103051602840424 imagef_547186864875
9180 0.5492186546325684 0.501246988773346 0.15717805922031403 imaged_546849861536
9190 0.13153786957263947 0.09603480994701385 0.15294940769672394 imagef_547138883611
9200 0.057933054864406586 0.03493524715304375 0.1491653174161911 imageb_546875854173
9210 0.07395008206367493 0.038326945155858994 0.1442912071943283 imageu_546892871169
9220 0.025075173005461693 0.014310752972960472 0.14107303321361542 imagel_546962874438
9230 0.04570680111646652 0.026988664641976357 0.1387721598148346 imageu_546994873075
9240 0.05504537373781204 0.032762303948402405 0.1366862952709198 imageu_546997876076
9250 0.054846927523612976 0.03436095640063286 0.1344263255596161 imagef_547001880072
9260 0.04722102731466293 0.029392432421445847 0.13227242231369019 imageb_546926871803
9270 0.386760413646698 0.35311082005500793 0.13034474849700928 imaged_546863875543
9280 0.04077461361885071 0.02590535581111908 0.1286737620830536 imaged_547043855348
9290 0.2727013826370239 0.2406754195690155 0.12719373404979706 imager_547157869236
9300 0.07466811686754227 0.046542730182409286 0.1254381239414215 imageb_547132877611
9310 0.051597777754068375 0.03312436118721962 0.12357957661151886 imageb_546968880435
9320 0.4773966670036316 0.41870710253715515 0.12207499891519547 imagel_546843855539
9330 0.07094703614711761 0.041497278958559036 0.12073975056409836 imagef_547057869336
9340 0.0641215369105339 0.03857830911874771 0.11811596900224686 imageb_547109854609
9350 0.05555392801761627 0.03789437189698219 0.1161193773150444 imaged_547133878607
9360 0.07133634388446808 0.04088875651359558 0.114377960562706 imageu_546905884197
9370 0.05374046415090561 0.03309715911746025 0.11306783556938171 imagef_547019864709
9380 0.043304525315761566 0.02366918884217739 0.11178173869848251 imageb_546897876191
9390 0.07435118407011032 0.05795334652066231 0.11043402552604675 imaged_546885864170
9400 0.1760699301958084 0.13540489971637726 0.10929258167743683 imageu_547147859235
9410 0.07859987765550613 0.05579061806201935 0.10798285901546478 imagef_547104882977
9420 0.061135780066251755 0.03866131231188774 0.10650414228439331 imageb_547121866605
9430 0.05557583272457123 0.031101064756512642 0.1053042933344841 imageu_546912857810
9440 0.04663008078932762 0.029741939157247543 0.10412825644016266 imageb_546985864078
9450 0.05651309713721275 0.03831988573074341 0.10299129039049149 imagef_546870882540
9460 0.04990658909082413 0.031178316101431847 0.1020321324467659 imagef_546996875070
9470 0.041363053023815155 0.025958891957998276 0.10124725103378296 imaged_547116861604
9480 0.05965375527739525 0.03540680557489395 0.1002315804362297 imageu_547001880072
9490 0.057232633233070374 0.03769950568675995 0.09927304089069366 imageb_547026871704
9500 0.05699601396918297 0.03088534250855446 0.09800314903259277 imageu_546877856173
9510 0.020847149193286896 0.012684187851846218 0.0964941456913948 imagel_546890869170
9520 0.0799068883061409 0.05326944217085838 0.0954383909702301 imagef_547123868601
9530 0.1494717299938202 0.12837807834148407 0.0946323573589325 imager_547159871241
9540 0.034924089908599854 0.021309854462742805 0.09385806322097778 imaged_546970882435
9550 0.022739756852388382 0.01495258416980505 0.09296546131372452 imagel_547077855978
9560 0.3482823669910431 0.30704382061958313 0.09226325154304504 imagef_547191869875
9570 0.025860659778118134 0.02016250230371952 0.09157270193099976 imager_546882861171
9580 0.07314157485961914 0.048320990055799484 0.09066624939441681 imageb_547086864973
9590 0.03823617100715637 0.022943969815969467 0.08993005007505417 imageb_546931876806
9600 0.027651755139231682 0.018046565353870392 0.08923985064029694 imagel_546899878172
9610 0.11531110107898712 0.08073673397302628 0.08844295144081116 imaged_547160872234
9620 0.03930680453777313 0.02104940637946129 0.08764391392469406 imagel_547169881238
9630 0.06735096126794815 0.044373225420713425 0.08687977492809296 imagef_547133878607
9640 0.02394019439816475 0.014966457150876522 0.0862337276339531 imagel_547104882977
9650 0.019540466368198395 0.01183987781405449 0.08556529134511948 imagel_546931876806
9660 0.06011313945055008 0.03596179187297821 0.08482619374990463 imagef_547035880703
9670 0.06490468978881836 0.036954768002033234 0.08418574184179306 imageu_546939884803
9680 0.03383100777864456 0.024149805307388306 0.08356979489326477 imaged_547001880072
9690 0.059161968529224396 0.03401464968919754 0.08299944549798965 imageu_546916861809
9700 0.03583132475614548 0.029845060780644417 0.082543283700943 imager_547028873712
9710 0.06198827549815178 0.03572145476937294 0.08195997774600983 imageu_547041853338
9720 0.08103697001934052 0.05250929668545723 0.08142131567001343 imageb_547154866233
9730 0.051090653985738754 0.032212596386671066 0.08091651648283005 imagef_547053865336
9740 0.039008405059576035 0.019494129344820976 0.08031012117862701 imagel_547172884238
9750 0.046282943338155746 0.027591858059167862 0.07955452054738998 imageu_547028873712
9760 0.014965305104851723 0.011242946609854698 0.07888243347406387 imagel_547094872971
9770 0.05949844792485237 0.03391312435269356 0.07835762202739716 imageu_547035880703
9780 0.06985267996788025 0.04639950022101402 0.07785696536302567 imageu_547079857970
9790 0.03183490410447121 0.022217782214283943 0.07735155522823334 imagel_547062874337
9800 0.053926944732666016 0.03347989171743393 0.07674041390419006 imaged_547072884335
9810 0.013479214161634445 0.008730300702154636 0.07613521814346313 imagel_546916861809
9820 0.2125307023525238 0.14669957756996155 0.07567905634641647 imagel_547188866869
9830 0.09043745696544647 0.05994196981191635 0.07527289539575577 imagef_546888867171
9840 0.04929697886109352 0.03178279474377632 0.0749182477593422 imagef_546994873075
9850 0.07326067984104156 0.053233228623867035 0.07450785487890244 imaged_547147859235
9860 0.056174349039793015 0.03241648152470589 0.07399867475032806 imageu_546933878804
9870 0.13157685101032257 0.10585564374923706 0.07368945330381393 imagef_547160872234
9880 0.26317915320396423 0.22233846783638 0.07321047782897949 imaged_547186864875
9890 0.040936462581157684 0.03193050995469093 0.07275231927633286 imagel_546989868066
9900 0.013611960224807262 0.00914856418967247 0.0722697451710701 imagel_546880859173
9910 0.05569526180624962 0.03735420107841492 0.07167600095272064 imaged_547118863609
9920 0.07250504940748215 0.04343312233686447 0.07112687826156616 imagef_546936881803
9930 0.6153357028961182 0.5221019983291626 0.07067590206861496 imageb_546839884906
9940 0.023122450336813927 0.017841029912233353 0.0702541321516037 imager_547033878707
9950 0.03785170242190361 0.029110001400113106 0.06987030059099197 imager_546938883810
9960 0.1020628958940506 0.08638523519039154 0.06952057778835297 imageu_547155867242
9970 0.37751200795173645 0.3040316104888916 0.06914293766021729 imageu_546848860533
9980 0.05239611491560936 0.04194708541035652 0.06863667815923691 imager_547104882977
9990 0.06530584394931793 0.038493361324071884 0.06822983175516129 imageu_547002881074
10000 0.34882956743240356 0.2984922528266907 0.06770338118076324 imagef_547184862870
10010 0.03898358345031738 0.02776665799319744 0.06725803762674332 imaged_546984863078
10020 0.329332560300827 0.2748190760612488 0.06682513654232025 imageb_547201879876
10030 0.059107255190610886 0.03658527135848999 0.06645553559064865 imageu_547013858709
10040 0.57808518409729 0.4861394166946411 0.06604541838169098 imagef_546843855539
10050 0.05516570806503296 0.03983881324529648 0.06564939022064209 imaged_546900879170
10060 0.0376138836145401 0.029222475364804268 0.06537314504384995 imagel_547160872234
10070 0.06248193234205246 0.03923375532031059 0.0650271624326706 imageb_547152864241
10080 0.08852466195821762 0.07617998868227005 0.06456183642148972 imager_547160872234
10090 0.08381357789039612 0.06024262681603432 0.06411204487085342 imagef_547145857237
10100 0.3304378092288971 0.3051908016204834 0.06381570547819138 imaged_546865877539
10110 0.0656750276684761 0.03798047825694084 0.0634598657488823 imagef_546982861070
10120 0.04419415071606636 0.037926074117422104 0.0630573257803917 imager_547024869702
10130 0.272746205329895 0.21726325154304504 0.06271455436944962 imagef_547174852869
10140 0.05893877521157265 0.034821223467588425 0.06242136284708977 imageb_546885864170
10150 0.06761840730905533 0.04742395877838135 0.06211406737565994 imageb_546973885436
10160 0.056970588862895966 0.03482762724161148 0.06187569722533226 imagef_547026871704
10170 0.04524875804781914 0.026342038065195084 0.061632100492715836 imageb_546962874438
10180 0.058414142578840256 0.036730218678712845 0.061366815119981766 imageb_547149861238
10190 0.08651880919933319 0.06117207929491997 0.06113048270344734 imaged_547159871241
10200 0.05623574182391167 0.03743878751993179 0.060862597078084946 imageb_547091869975
10210 0.022325966507196426 0.014684529043734074 0.06053760647773743 imagel_546924869806
10220 0.8984260559082031 0.8723088502883911 0.06024964153766632 imager_547193871872
10230 0.03850644826889038 0.02664002776145935 0.06000767648220062 imaged_547041853338
10240 0.01815934106707573 0.015137782320380211 0.05971631407737732 imagel_546870882540
10250 0.062019553035497665 0.037438228726387024 0.059374965727329254 imagef_546984863078
10260 0.08170811086893082 0.05869443714618683 0.05903082340955734 imagef_547137882603
10270 0.11958786100149155 0.10475295782089233 0.058705151081085205 imageu_547152864241
10280 0.04968000948429108 0.041229818016290665 0.058374542742967606 imager_547135880603
10290 0.04188534989953041 0.028901850804686546 0.05811382085084915 imagef_546999878077
10300 0.03393232077360153 0.022646602243185043 0.057871025055646896 imagel_547024869702
10310 0.06535070389509201 0.03265399485826492 0.05757663771510124 imagel_547166878243
10320 0.054794274270534515 0.03211865574121475 0.057307593524456024 imageu_547004883077
10330 0.05028407275676727 0.03161098435521126 0.05704909935593605 imageb_546938883810
10340 0.061263278126716614 0.03922116011381149 0.05679798871278763 imageu_547115860606
10350 0.06302802264690399 0.03896337002515793 0.05653539299964905 imagef_547013858709
10360 0.03482115641236305 0.020922623574733734 0.056248512119054794 imaged_546945857437
10370 0.04471705108880997 0.03815663233399391 0.05598996952176094 imager_546970882435
10380 0.06613694131374359 0.05148300155997276 0.05574467405676842 imager_547087865974
10390 0.041100215166807175 0.027086041867733 0.05549710616469383 imaged_546946858444
10400 0.22591909766197205 0.19070996344089508 0.05523626133799553 imaged_547200878871
10410 0.05261264368891716 0.04720139130949974 0.05499924719333649 imagel_547152864241
10420 0.02915899269282818 0.023704370483756065 0.054698262363672256 imager_546984863078
10430 0.060044266283512115 0.04317295923829079 0.05441517010331154 imaged_546897876191
10440 0.3071828782558441 0.2682812511920929 0.05419853702187538 imagef_547181859871
10450 0.09058685600757599 0.06459484994411469 0.05400365963578224 imageb_547101879972
10460 0.26114335656166077 0.22068102657794952 0.05384961515665054 imaged_547186864875
10470 0.6157564520835876 0.5227111577987671 0.05366510525345802 imageb_546843855539
10480 0.03985116630792618 0.03174382448196411 0.05345812439918518 imager_547142854240
10490 0.017926882952451706 0.009824694134294987 0.053282856941223145 imagel_546892871169
10500 0.01727570779621601 0.011170654557645321 0.05311911553144455 imagel_547121866605
10510 0.468533456325531 0.38060659170150757 0.05285364389419556 imageb_547186864875
10520 0.0396057553589344 0.022768983617424965 0.05264829471707344 imageu_546951863443
10530 0.31528061628341675 0.2473825365304947 0.052454374730587006 imageb_546851863543
10540 0.03584552928805351 0.020738471299409866 0.05233236774802208 imaged_547055867337
10550 0.045581866055727005 0.033145587891340256 0.05223577469587326 imager_547052864345
10560 0.05632692575454712 0.03212398290634155 0.05211467295885086 imageb_546922867806
10570 0.06234849616885185 0.041150085628032684 0.05193847045302391 imageu_547116861604
10580 0.057412609457969666 0.04300376772880554 0.05173543468117714 imaged_547089867973
10590 0.05740909278392792 0.04576782137155533 0.0515095591545105 imager_547086864973
10600 0.02703970856964588 0.01722906343638897 0.05130079388618469 imager_546894873172
10610 0.0724727138876915 0.050561320036649704 0.051141299307346344 imaged_547159871241
10620 0.026089949533343315 0.019980978220701218 0.051018938422203064 imager_546980859076
10630 0.01610075868666172 0.01166771724820137 0.050884898751974106 imagel_547055867337
10640 0.04104326665401459 0.023019840940833092 0.050753895193338394 imageb_546900879170
10650 0.0653921365737915 0.04489799216389656 0.05057413876056671 imaged_547157869236
10660 0.06345748901367188 0.03705289587378502 0.05039283260703087 imageu_546938883810
10670 0.05442057549953461 0.03353770822286606 0.05012417584657669 imagef_547028873712
10680 0.033334944397211075 0.02218497358262539 0.049909401684999466 imaged_547019864709
10690 0.015431500039994717 0.010450346395373344 0.049690209329128265 imagel_547026871704
10700 0.03106607124209404 0.02523135580122471 0.04948636516928673 imager_546890869170
10710 0.6413451433181763 0.5712156891822815 0.04930967092514038 imageu_546843855539
10720 0.01929348148405552 0.01104732509702444 0.04910711944103241 imagel_546919864808
10730 0.014329107478260994 0.012778484262526035 0.04891875758767128 imagel_546865877539
10740 0.04073232412338257 0.025996899232268333 0.04880485311150551 imaged_547092870974
10750 0.05473451316356659 0.03167930245399475 0.0487087182700634 imageu_546941853440
10760 0.14095072448253632 0.12307818979024887 0.04854326322674751 imaged_547169881238
10770 0.04693038389086723 0.030618542805314064 0.04840635135769844 imageb_546994873075
10780 0.017900411039590836 0.01059284433722496 0.0482327938079834 imagel_546948860438
10790 0.11462800204753876 0.0796336829662323 0.04805462807416916 imageb_547167879238
10800 0.168717160820961 0.08870470523834229 0.04789821058511734 imageb_547174852869
10810 0.05083107575774193 0.027451159432530403 0.047742873430252075 imageu_546980859076
10820 0.12816154956817627 0.0892246887087822 0.047576699405908585 imagef_547166878243
10830 0.06469647586345673 0.03782768175005913 0.04743364453315735 imagef_546965877440
10840 0.036470115184783936 0.023200107738375664 0.04728450998663902 imaged_546972884442
10850 0.04825018718838692 0.03038526326417923 0.04711706191301346 imageu_547018863705
10860 0.03783818334341049 0.021128354594111443 0.04692467674612999 imaged_546982861070
10870 0.3377838432788849 0.2828778326511383 0.046762265264987946 imagef_547201879876
10880 0.033953312784433365 0.026416365057229996 0.04665461927652359 imager_546958870432
10890 0.057638704776763916 0.03513803705573082 0.046497005969285965 imageu_547098876976
10900 0.05627654492855072 0.03478631377220154 0.04635068029165268 imageu_547104882977
10910 0.5481087565422058 0.501246988773346 0.04618659242987633 imaged_546849861536
10920 0.0425509512424469 0.02878411114215851 0.046096235513687134 imageb_546953865434
10930 0.032760582864284515 0.02878289856016636 0.04597834125161171 imager_546926871803
10940 0.029501033946871758 0.02261166460812092 0.04583236575126648 imager_546875854173
10950 0.05301849916577339 0.03134078532457352 0.045704517513513565 imageb_547001880072
10960 0.04826390743255615 0.02874697558581829 0.045584626495838165 imageu_546946858444
10970 0.05134330317378044 0.031515687704086304 0.045462291687726974 imagef_547001880072
10980 0.04117828607559204 0.02451823465526104 0.04536060243844986 imageb_547011856705
10990 0.02830260805785656 0.01691911183297634 0.04527852684259415 imaged_547018863705
11000 0.01910691149532795 0.013077497482299805 0.04517905041575432 imagel_546912857810
11010 0.06010819226503372 0.026398127898573875 0.04502076283097267 imagel_547167879238
11020 0.06656034290790558 0.044129882007837296 0.044894348829984665 imagef_547135880603
11030 0.033083055168390274 0.02609754540026188 0.04474278911948204 imager_546975854071
11040 0.04812565818428993 0.029763394966721535 0.04456416890025139 imageb_547047859335
11050 0.06717541068792343 0.04106094688177109 0.04444887116551399 imagef_547132877611
11060 0.05402262508869171 0.036699820309877396 0.04435781389474869 imageb_547062874337
11070 0.052678100764751434 0.04200107976794243 0.04428248852491379 imageu_546868880541
11080 0.027188999578356743 0.020586665719747543 0.04419994354248047 imager_546951863443
11090 0.061471737921237946 0.03604564070701599 0.04407769441604614 imagef_546950862437
11100 0.07524673640727997 0.052935779094696045 0.04391692206263542 imaged_547160872234
11110 0.21662722527980804 0.1558927297592163 0.04374297708272934 imageb_546853865537
11120 0.05363652482628822 0.03334752097725868 0.04363936185836792 imagef_547031876706
11130 0.02901788242161274 0.019831430166959763 0.0435168631374836 imagel_546987866076
11140 0.05254132300615311 0.035206858068704605 0.04343530908226967 imageb_547069881338
11150 0.06894343346357346 0.04257316514849663 0.04330179840326309 imagef_546946858444
11160 0.04143296554684639 0.03059653379023075 0.04319941624999046 imaged_547033878707
11170 0.04944600164890289 0.029033254832029343 0.04305986315011978 imageu_546987866076
11180 0.024810297414660454 0.01619412563741207 0.04291436821222305 imagel_547013858709
11190 0.05464497208595276 0.031931620091199875 0.04280775040388107 imageu_547053865336
11200 0.04464147612452507 0.026159292086958885 0.04265550151467323 imaged_547132877611
11210 0.016111144796013832 0.01364943478256464 0.04249303415417671 imagel_546868880541
11220 0.013188054785132408 0.00888745579868555 0.04230639711022377 imagel_547096874977
11230 0.028813887387514114 0.022669930011034012 0.04207345098257065 imager_546916861809
11240 0.0399135984480381 0.027241898700594902 0.041935909539461136 imagef_546865877539
11250 0.07022430747747421 0.03965797275304794 0.041777726262807846 imageu_546905884197
11260 0.05403422191739082 0.03742308169603348 0.04162483662366867 imaged_547101879972
11270 0.015479370020329952 0.011491668410599232 0.04146311804652214 imagel_547143855237
11280 0.05977616831660271 0.04136301577091217 0.041270662099123 imageb_546973885436
11290 0.03903122991323471 0.02293943054974079 0.04114821180701256 imagel_547149861238
11300 0.016707953065633774 0.012668333016335964 0.04101891815662384 imagel_547142854240
11310 0.05522913485765457 0.036299917846918106 0.04088302701711655 imagel_547157869236
11320 0.014505336061120033 0.010026763193309307 0.04077204689383507 imagel_546972884442
11330 0.07223354279994965 0.047491397708654404 0.04067542776465416 imageb_547104882977
11340 0.39849528670310974 0.33917149901390076 0.040581442415714264 imagel_547201879876
11350 0.03418805077672005 0.024795565754175186 0.040481094270944595 imagel_547081859975
11360 0.04702437296509743 0.029339127242565155 0.04040353372693062 imageb_547050862335
11370 0.014965723268687725 0.012099127285182476 0.04029056429862976 imagel_547125870610
11380 0.6269088983535767 0.5495641827583313 0.04013829678297043 imageu_546844856539
11390 0.027702271938323975 0.022234132513403893 0.039980094879865646 imager_546956868435
11400 0.3591485321521759 0.30581289529800415 0.03986578434705734 imagel_547200878871
11410 0.05583859607577324 0.031259410083293915 0.0397784523665905 imageu_546895874174
11420 0.06993012130260468 0.05640684440732002 0.03967556357383728 imager_547154866233
11430 0.031248856335878372 0.019145242869853973 0.039560191333293915 imaged_547007852711
11440 0.055172014981508255 0.033254776149988174 0.039480701088905334 imageb_547150862236
11450 0.16775354743003845 0.14135892689228058 0.03943036124110222 imageu_547200878871
11460 0.04130828380584717 0.027725057676434517 0.03930323198437691 imaged_546958870432
11470 0.011747067794203758 0.008672512136399746 0.039166174829006195 imagel_546887866191
11480 0.04331210255622864 0.02740434557199478 0.03907671570777893 imageb_546985864078
11490 0.03006519377231598 0.02079058066010475 0.039012324064970016 imagel_546939884803
11500 0.5302696228027344 0.4125911593437195 0.03895813226699829 imageu_547196874870
11510 0.023787418380379677 0.015598169527947903 0.038857150822877884 imagel_547023868703
11520 0.04499590024352074 0.029111800715327263 0.038770224899053574 imageb_546970882435
11530 0.04976649582386017 0.035699669271707535 0.03866342455148697 imaged_546895874174
11540 0.06080402061343193 0.03349849581718445 0.038535598665475845 imagef_546900879170
11550 0.011862401850521564 0.008695032447576523 0.038395725190639496 imagel_546994873075
11560 0.07336645573377609 0.04406776651740074 0.03825793042778969 imagef_546968880435
11570 0.025817926973104477 0.020444372668862343 0.038144711405038834 imager_546882861171
11580 0.042094387114048004 0.024057462811470032 0.038047999143600464 imaged_547057869336
11590 0.04350908100605011 0.03799622505903244 0.03791642561554909 imagel_547152864241
11600 0.0740296021103859 0.06480259448289871 0.037810370326042175 imager_547106884970
11610 0.04651963338255882 0.02874455600976944 0.03771223872900009 imageb_546914859807
11620 0.06599924713373184 0.03997255116701126 0.03761434182524681 imageu_547009854705
11630 0.03974952921271324 0.02796754240989685 0.03752008453011513 imaged_546941853440
11640 0.3492039144039154 0.29901322722435 0.03743915259838104 imageu_547177855874
11650 0.07584121823310852 0.059193968772888184 0.0373571440577507 imaged_547125870610
11660 0.027386335656046867 0.02151486463844776 0.03724721819162369 imager_546979858070
11670 0.05788388475775719 0.03398144990205765 0.03714045509696007 imageu_547058870341
11680 0.053754277527332306 0.04062705487012863 0.037009693682193756 imager_547057869336
11690 0.036066409200429916 0.025896361097693443 0.03686709329485893 imager_547040885702
11700 0.04033643379807472 0.02934284880757332 0.036752231419086456 imager_547043855348
11710 0.03863372281193733 0.02996494248509407 0.036642979830503464 imager_547070882331
11720 0.059750430285930634 0.038897350430488586 0.03657853230834007 imageu_547116861604
11730 0.0530545637011528 0.030102035030722618 0.03656748682260513 imageu_547024869702
11740 0.04183536767959595 0.03230898454785347 0.03651726245880127 imager_547060872343
11750 0.05604414641857147 0.03237370029091835 0.03649994730949402 imageu_547045857339
11760 0.054965417832136154 0.029973439872264862 0.03643267974257469 imageu_546902881194
11770 0.2225729078054428 0.20793472230434418 0.036335539072752 imageu_547164876237
11780 0.06304647773504257 0.035504575818777084 0.03621799126267433 imagef_546968880435
11790 0.05376815423369408 0.03512312099337578 0.03615139052271843 imageb_547082860970
11800 0.401901513338089 0.3587470054626465 0.0361531525850296 imaged_546854866535
11810 0.34846168756484985 0.2813183069229126 0.03608475998044014 imagef_547205883874
11820 0.022956836968660355 0.012779991142451763 0.036033857613801956 imagel_546902881194
11830 0.041030582040548325 0.03192780539393425 0.03598655015230179 imaged_547002881074
11840 0.0481145903468132 0.03505677357316017 0.035942960530519485 imaged_546977856071
11850 0.057787444442510605 0.036734774708747864 0.03585853427648544 imagef_547011856705
11860 0.9065142869949341 0.8827312588691711 0.035804633051157 imager_547183861871
11870 0.35228562355041504 0.30243179202079773 0.03582159802317619 imageb_547193871872
11880 0.04165300354361534 0.024797815829515457 0.035805560648441315 imageb_547050862335
11890 0.5476734638214111 0.49531587958335876 0.03572871536016464 imaged_546851863543
11900 0.030539074912667274 0.02485511638224125 0.03567064180970192 imager_547030875702
11910 0.04630228504538536 0.02832626923918724 0.03564780205488205 imageb_546905884197
11920 0.06805408000946045 0.04528288543224335 0.03562187775969505 imagef_547147859235
11930 0.08352535218000412 0.06068209931254387 0.035582009702920914 imageu_547137882603
11940 0.18711289763450623 0.1365615576505661 0.03548971936106682 imagef_547167879238
11950 0.040162183344364166 0.022446313872933388 0.03539968281984329 imageb_547074852968
11960 0.03889830410480499 0.026710644364356995 0.035318274050951004 imaged_546992871071
11970 0.023184651508927345 0.01488485373556614 0.03523215651512146 imagel_547176854870
11980 0.9036455154418945 0.879156768321991 0.03511200100183487 imager_547184862870
11990 0.06216159462928772 0.045265667140483856 0.03505712002515793 imaged_547096874977
12000 0.015621943399310112 0.009448598138988018 0.035043783485889435 imagel_547109854609
12010 0.3117288649082184 0.27083924412727356 0.9699013829231262 imagef_547082860970
12020 0.42228323221206665 0.4202447533607483 0.3886384963989258 imager_547160872234
12030 0.021059295162558556 0.011499718762934208 0.2385314553976059 imagel_547011856705
12040 0.027074763551354408 0.012143292464315891 0.19992393255233765 imagel_546982861070
12050 0.07385140657424927 0.048042088747024536 0.18045902252197266 imagef_547009854705
12060 0.012493257410824299 0.009115288965404034 0.16770802438259125 imagel_546883862169
12070 0.5583341121673584 0.46884164214134216 0.15882250666618347 imageb_547189867877
12080 0.05576051026582718 0.04294370487332344 0.1497105062007904 imager_547075853978
12090 0.06981386244297028 0.042598575353622437 0.1429317742586136 imageu_547096874977
12100 0.06185029447078705 0.04433417320251465 0.1380203366279602 imageb_546873885533
12110 0.05530639365315437 0.03453850373625755 0.1313217431306839 imagef_546882861171
12120 0.14590397477149963 0.11229290813207626 0.12793394923210144 imagef_547159871241
12130 0.1753372997045517 0.14159443974494934 0.12471920251846313 imageb_547143855237
12140 0.014297204092144966 0.01040696818381548 0.12096227705478668 imagel_547069881338
12150 0.02687913179397583 0.015264815650880337 0.11712014675140381 imagel_546980859076
12160 0.07104560732841492 0.04301638901233673 0.11374770104885101 imagef_546946858444
12170 0.16398616135120392 0.1340050846338272 0.11113142967224121 imageu_547149861238
12180 0.056236401200294495 0.03380191698670387 0.10826374590396881 imageu_547013858709
12190 0.25972485542297363 0.18713167309761047 0.10611510276794434 imagel_547194872874
12200 0.053637292236089706 0.03026520647108555 0.10393552482128143 imageu_547053865336
12210 0.06030910089612007 0.035692423582077026 0.1008678451180458 imageu_547058870341
12220 0.04173152893781662 0.02654074691236019 0.09906745702028275 imaged_547069881338
12230 0.062115784734487534 0.04548860713839531 0.0975382849574089 imaged_547147859235
12240 0.07138144224882126 0.04307481274008751 0.09599047154188156 imagef_546965877440
12250 0.022982142865657806 0.015447646379470825 0.09470459073781967 imagel_547099877967
12260 0.07218211144208908 0.04426407814025879 0.09338156133890152 imageu_547060872343
12270 0.05903143063187599 0.0341387614607811 0.09189105778932571 imagef_547040885702
12280 0.06860890984535217 0.04544224590063095 0.09058556705713272 imageu_546861873539
12290 0.033807750791311264 0.022687207907438278 0.08885699510574341 imager_546922867806
12300 0.025438103824853897 0.019069822505116463 0.08763396739959717 imager_546956868435
12310 0.43897512555122375 0.37173977494239807 0.08632637560367584 imageb_546844856539
12320 0.057071834802627563 0.03772710636258125 0.08542905002832413 imagef_547091869975
12330 0.05067949742078781 0.0409138984978199 0.08452765643596649 imager_547115860606
12340 0.01803344301879406 0.009698388166725636 0.08320079743862152 imagel_546892871169
12350 0.057478491216897964 0.031640730798244476 0.08186496049165726 imageu_547036881708
12360 0.043086353689432144 0.026510396972298622 0.08088552951812744 imaged_546931876806
12370 0.03274257853627205 0.021399037912487984 0.07994088530540466 imaged_546979858070
12380 0.016561144962906837 0.011122683994472027 0.07905705273151398 imagel_546999878077
12390 0.019452739506959915 0.011623598635196686 0.07821746915578842 imagel_547128873606
12400 0.03825358673930168 0.02698656916618347 0.07736128568649292 imaged_546984863078
12410 0.036393459886312485 0.02300870418548584 0.07645919173955917 imaged_546972884442
12420 0.26795077323913574 0.21051263809204102 0.07576359808444977 imaged_547191869875
12430 0.06345323473215103 0.040583230555057526 0.07511088252067566 imageu_547115860606
12440 0.02625058963894844 0.016580890864133835 0.07437852770090103 imagel_546962874438
12450 0.40909087657928467 0.37113484740257263 0.07371500134468079 imageu_547167879238
12460 0.027206800878047943 0.016845153644680977 0.07302016764879227 imagel_546943855437
12470 0.04416695609688759 0.033001501113176346 0.07224132120609283 imager_547103881966
12480 0.1369727998971939 0.10849842429161072 0.07150331139564514 imaged_547205883874
12490 0.6512445211410522 0.6301447153091431 0.07090936601161957 imager_547200878871
12500 0.23810523748397827 0.17066700756549835 0.07031574845314026 imageb_547184862870
12510 0.3679734766483307 0.30796751379966736 0.0697130411863327 imagel_546846858536
12520 0.2395007610321045 0.1791730523109436 0.06915955990552902 imageb_546856868537
12530 0.04882412403821945 0.02938229590654373 0.06846406310796738 imageb_546972884442
12540 0.038051411509513855 0.027605632320046425 0.06776703149080276 imaged_547004883077
12550 0.03999515250325203 0.024381767958402634 0.06718964129686356 imaged_547062874337
12560 0.04140464961528778 0.029110578820109367 0.06662332266569138 imager_547048860337
12570 0.08151762932538986 0.058966197073459625 0.06606407463550568 imageu_547128873606
12580 0.8351655006408691 0.7937399744987488 0.06551039218902588 imager_546839884906
12590 0.16240015625953674 0.11502833664417267 0.06495986878871918 imagel_547186864875
12600 0.05851486325263977 0.03015955351293087 0.06439924985170364 imageu_546967879439
12610 0.022670095786452293 0.014804398640990257 0.06386522203683853 imagel_546985864078
12620 0.04447934404015541 0.026202620938420296 0.06338328123092651 imageu_546931876806
12630 0.040122684091329575 0.02868567407131195 0.06290856003761292 imager_547043855348
12640 0.062040261924266815 0.03928336501121521 0.06244538724422455 imageu_547079857970
12650 0.050567299127578735 0.02935612015426159 0.06196434795856476 imageb_547057869336
12660 0.035269200801849365 0.02529914490878582 0.06158017739653587 imager_546982861070
12670 0.03861711919307709 0.02961484156548977 0.06117844581604004 imager_547092870974
12680 0.04621056467294693 0.02990635670721531 0.060829631984233856 imageu_546955867436
12690 0.02029188722372055 0.01419086754322052 0.06048412621021271 imagel_546912857810
12700 0.058494262397289276 0.03339190036058426 0.06021326407790184 imagef_546894873172
12710 0.053334932774305344 0.029586035758256912 0.05979416146874428 imageu_546984863078
12720 0.06179559603333473 0.033357396721839905 0.05945061519742012 imagef_546962874438
12730 0.3131008744239807 0.2631611227989197 0.05907440930604935 imagef_547200878871
12740 0.024680551141500473 0.018892522901296616 0.05873189494013786 imager_546928873809
12750 0.03062201477587223 0.024372469633817673 0.058135926723480225 imager_547036881708
12760 0.05432014539837837 0.03163841739296913 0.05770065262913704 imagef_546953865434
12770 0.052967529743909836 0.029903262853622437 0.057260386645793915 imageu_546933878804
12780 0.056640081107616425 0.03688190504908562 0.056850332766771317 imagef_547058870341
12790 0.011684524826705456 0.008295902982354164 0.056512705981731415 imagel_546994873075
12800 0.047755997627973557 0.034548886120319366 0.05613776668906212 imaged_546997876076
12810 0.014447583816945553 0.00994911976158619 0.0558079332113266 imagel_546953865434
12820 0.044669970870018005 0.029216760769486427 0.055507756769657135 imager_547072884335
12830 0.08334650844335556 0.05451368913054466 0.05518443509936333 imagef_546887866191
12840 0.01455807127058506 0.00870982464402914 0.05487580969929695 imagel_547118863609
12850 0.011516942642629147 0.008065611124038696 0.05452534556388855 imagel_547094872971
12860 0.018960755318403244 0.012022190727293491 0.054204270243644714 imagel_547111856605
12870 0.15131154656410217 0.07992640882730484 0.053891345858573914 imagef_547171883239
12880 0.5481833815574646 0.501246988773346 0.053650472313165665 imaged_546849861536
12890 0.09093192219734192 0.07278566807508469 0.05341891199350357 imaged_546880859173
12900 0.17792469263076782 0.11211631447076797 0.053036946803331375 imageb_547179857873
12910 0.1719517856836319 0.14213289320468903 0.05265876650810242 imageu_547201879876
12920 0.04267540201544762 0.025952424854040146 0.052331965416669846 imageb_547058870341
12930 0.0391366221010685 0.028980595991015434 0.052078645676374435 imager_547040885702
12940 0.020703786984086037 0.013634196482598782 0.05185133218765259 imagel_547074852968
12950 0.054849375039339066 0.03805328533053398 0.05156547203660011 imaged_547101879972
12960 0.0658133402466774 0.03966877609491348 0.05120932310819626 imageb_547118863609
12970 0.01483815349638462 0.00961366854608059 0.05086790397763252 imagel_547057869336
12980 0.04740067943930626 0.036407146602869034 0.05058271810412407 imager_547130875605
12990 0.0559837780892849 0.03270874172449112 0.05028295889496803 imageb_546885864170
13000 0.6783785223960876 0.6641232371330261 0.04999625310301781 imager_547169881238
13010 0.061587609350681305 0.03799285367131233 0.04962654784321785 imageu_547113858603
13020 0.019947003573179245 0.012889305129647255 0.0492946095764637 imagel_546979858070
13030 0.1123294085264206 0.08594019711017609 0.04902387782931328 imageu_547145857237
13040 0.01954600401222706 0.012271317653357983 0.04874279722571373 imagel_547006885077
13050 0.11234084516763687 0.08165071904659271 0.04849027469754219 imagef_547086864973
13060 0.055852167308330536 0.0351133719086647 0.04822244495153427 imageb_547089867973
13070 0.043312471359968185 0.024904195219278336 0.047986678779125214 imaged_547132877611
13080 0.08253549039363861 0.062006909400224686 0.047795992344617844 imagef_547157869236
13090 0.046855565160512924 0.03411376103758812 0.04768263176083565 imager_547081859975
13100 0.05404222756624222 0.03320610150694847 0.04750931262969971 imageb_547142854240
13110 0.05010358989238739 0.028034260496497154 0.04726581647992134 imageu_546960872437
13120 0.05173854902386665 0.031954050064086914 0.0470387227833271 imageb_547070882331
13130 0.0961926206946373 0.0528411939740181 0.04678887873888016 imagef_546875854173
13140 0.0689772292971611 0.041249651461839676 0.046574667096138 imageu_547101879972
13150 0.17889565229415894 0.17225302755832672 0.04633311182260513 imager_546865877539
13160 0.012128856033086777 0.010757070034742355 0.046067722141742706 imagel_546866878536
13170 0.10495074093341827 0.08372877538204193 0.04587341099977493 imageu_547150862236
13180 0.04199769347906113 0.03174761310219765 0.045704226940870285 imager_546909854806
13190 0.04614787548780441 0.028109194710850716 0.045466791838407516 imageb_546939884803
13200 0.027579329907894135 0.014516162686049938 0.04525633901357651 imagel_547164876237
13210 0.026570525020360947 0.02054515853524208 0.045046642422676086 imager_546984863078
13220 0.05715588480234146 0.03246181830763817 0.044855378568172455 imageb_547041853338
13230 0.5862547159194946 0.4922809600830078 0.044656507670879364 imagef_546846858536
13240 0.17779898643493652 0.10415477305650711 0.044455211609601974 imageb_547177855874
13250 0.053200576454401016 0.028481686487793922 0.04431285709142685 imageb_546982861070
13260 0.03695927560329437 0.027938688173890114 0.044204454869031906 imager_547120865600
13270 0.016189226880669594 0.010483182966709137 0.044037383049726486 imagel_546897876191
13280 0.048668816685676575 0.03398232161998749 0.04385477676987648 imaged_547108853603
13290 0.04948285222053528 0.030349329113960266 0.04367988184094429 imagel_547157869236
13300 0.22860339283943176 0.2137395590543747 0.04354134202003479 imageu_547164876237
13310 0.057778384536504745 0.03553035855293274 0.04341723397374153 imageu_547113858603
13320 0.0390021912753582 0.027600456029176712 0.043260734528303146 imaged_547033878707
13330 0.057597555220127106 0.031727757304906845 0.043081581592559814 imageu_546936881803
13340 0.05527395382523537 0.03309428319334984 0.042923133820295334 imageu_547098876976
13350 0.04908787086606026 0.026240898296236992 0.042775873094797134 imageu_546962874438
13360 0.057291366159915924 0.03248870000243187 0.04258288815617561 imageu_546883862169
13370 0.0414714515209198 0.024149637669324875 0.04239159822463989 imageu_546931876806
13380 0.6036006808280945 0.505093514919281 0.04221160709857941 imageu_547186864875
13390 0.05941206216812134 0.044116031378507614 0.042062025517225266 imaged_546890869170
13400 0.02188619039952755 0.018863016739487648 0.04188798740506172 imager_546994873075
13410 0.022618858143687248 0.01708410307765007 0.041782278567552567 imager_546928873809
13420 0.6585094332695007 0.6365569233894348 0.04166898503899574 imager_547203881874
13430 0.022090241312980652 0.013125923462212086 0.04150499030947685 imagel_547013858709
13440 0.04436689615249634 0.03430807963013649 0.041289038956165314 imager_547060872343
13450 0.03564009070396423 0.024599146097898483 0.0411173440515995 imaged_546941853440
13460 0.041781533509492874 0.03452884033322334 0.04098988324403763 imager_547137882603
13470 0.05627883970737457 0.03453098237514496 0.04092440381646156 imageb_547152864241
13480 0.06602701544761658 0.03968142718076706 0.0407915934920311 imageu_547096874977
13490 0.042404014617204666 0.024759726598858833 0.040592603385448456 imageb_547035880703
13500 0.028104407712817192 0.016718171536922455 0.04044301062822342 imagel_547035880703
13510 0.09942152351140976 0.07339432090520859 0.040280744433403015 imageb_547098876976
13520 0.052727848291397095 0.04242776706814766 0.04018104821443558 imager_547128873606
13530 0.026465369388461113 0.019189167767763138 0.04007083177566528 imager_546917862811
13540 0.031160710379481316 0.021812859922647476 0.03991912305355072 imager_546895874174
13550 0.036298591643571854 0.025897137820720673 0.03980771079659462 imaged_547004883077
13560 0.01840251125395298 0.01013356912881136 0.039574190974235535 imagel_546960872437
13570 0.06373468041419983 0.036618221551179886 0.039417967200279236 imageb_547132877611
13580 0.2347179502248764 0.17641013860702515 0.039203397929668427 imageb_546856868537
13590 0.03929075971245766 0.033292047679424286 0.039045874029397964 imager_547024869702
13600 0.0379805751144886 0.029389236122369766 0.03886374831199646 imager_547126871606
13610 0.026363356038928032 0.020048674196004868 0.03869866579771042 imager_546934879798
13620 0.9065418243408203 0.8827312588691711 0.03855651989579201 imager_547183861871
13630 0.5053401589393616 0.4357757270336151 0.038464464247226715 imageu_547184862870
13640 0.045786142349243164 0.02885233610868454 0.03836096078157425 imagef_547053865336
13650 0.01687369868159294 0.010741256177425385 0.03818613663315773 imagel_547109854609
13660 0.05308123677968979 0.03300762549042702 0.03802363574504852 imageb_547092870974
13670 0.03916905075311661 0.023286087438464165 0.03785652667284012 imaged_547111856605
13680 0.5571231842041016 0.46884164214134216 0.037729304283857346 imageb_547189867877
13690 0.43848809599876404 0.37173977494239807 0.03762354329228401 imageb_546844856539
13700 0.046264100819826126 0.030712386593222618 0.037517182528972626 imaged_547126871606
13710 0.06328541040420532 0.03524108976125717 0.03740745782852173 imagef_547057869336
13720 0.530252993106842 0.4125911593437195 0.03729415312409401 imageu_547196874870
13730 0.037205252796411514 0.028947558254003525 0.03713488206267357 imager_547143855237
13740 0.03141004592180252 0.019108958542346954 0.036988258361816406 imaged_547011856705
13750 0.08865877985954285 0.06812363862991333 0.03686557337641716 imageu_547142854240
13760 0.3766765892505646 0.3296627998352051 0.03670131787657738 imagef_547186864875
13770 0.0479373037815094 0.029205380007624626 0.03663753345608711 imageb_547018863705
13780 0.04889945685863495 0.02824445068836212 0.03655990958213806 imageb_546902881194
13790 0.23887291550636292 0.18226806819438934 0.03651629015803337 imageu_547193871872
13800 0.018158478662371635 0.011212210170924664 0.03641235828399658 imagel_546931876806
13810 0.02809741720557213 0.021769290789961815 0.036269333213567734 imager_546951863443
13820 0.032847292721271515 0.020805763080716133 0.03614335134625435 imaged_546987866076
13830 0.02043628878891468 0.013507883995771408 0.036021798849105835 imagel_547077855978
13840 0.07006139308214188 0.04669538512825966 0.03588142991065979 imagef_547147859235
13850 0.05805831775069237 0.031920768320560455 0.03575090318918228 imagef_546900879170
13860 0.022999269887804985 0.015888698399066925 0.03560538589954376 imagel_546924869806
13870 0.048591967672109604 0.04218035191297531 0.035491183400154114 imager_547140885602
13880 0.047649603337049484 0.03259975463151932 0.035454072058200836 imaged_546928873809
13890 0.028920385986566544 0.02200564742088318 0.03535226732492447 imager_547001880072
13900 0.043081823736429214 0.035399869084358215 0.03523969277739525 imager_547138883611
13910 0.048416733741760254 0.03049834817647934 0.035125672817230225 imagef_547067879338
13920 0.05722420662641525 0.03361516818404198 0.03501856327056885 imagef_546984863078
13930 0.014741668477654457 0.01070344727486372 0.034927818924188614 imagel_547053865336
13940 0.04655240848660469 0.02879798226058483 0.034840431064367294 imageu_547019864709
13950 0.05180380493402481 0.034295547753572464 0.03472401574254036 imageb_547033878707
13960 0.0911753848195076 0.050108302384614944 0.03461496904492378 imagef_546861873539
13970 0.8888536095619202 0.8677997589111328 0.03444531559944153 imager_546858870537
13980 0.8884361982345581 0.8601586818695068 0.034286558628082275 imager_547194872874
13990 0.029434705153107643 0.019487548619508743 0.03414595499634743 imaged_546955867436
14000 0.04744524508714676 0.028921643272042274 0.0340690053999424 imageb_546904883185
14010 0.031030777841806412 0.018598349764943123 0.03398052603006363 imagel_547060872343
14020 0.3676149249076843 0.30796751379966736 0.0338578075170517 imagel_546846858536
14030 0.05845637619495392 0.04113871976733208 0.033704712986946106 imaged_546897876191
14040 0.013247093185782433 0.009165636263787746 0.03358399495482445 imagel_547096874977
14050 0.027492759749293327 0.022755252197384834 0.03346741572022438 imager_546953865434
14060 0.055413100868463516 0.03735921531915665 0.033356133848428726 imageb_547067879338
14070 0.01152831595391035 0.008511899039149284 0.03328848257660866 imagel_546887866191
14080 0.05910893902182579 0.047654204070568085 0.03321194276213646 imager_547154866233
14090 0.05772678554058075 0.034356649965047836 0.03312075883150101 imagef_547035880703
14100 0.045265018939971924 0.02668137662112713 0.03304122015833855 imageu_547033878707
14110 0.05522582679986954 0.033402081578969955 0.032920073717832565 imageb_547121866605
14120 0.03958645090460777 0.024754540994763374 0.03284202516078949 imageb_546956868435
14130 0.31664958596229553 0.24850879609584808 0.03272869810461998 imageb_546851863543
14140 0.05683770403265953 0.041767194867134094 0.032604753971099854 imaged_547142854240
14150 0.07248342782258987 0.04317520558834076 0.03247528523206711 imagef_546968880435
14160 0.028697555884718895 0.017542541027069092 0.032377779483795166 imaged_546968880435
14170 0.08272911608219147 0.045496851205825806 0.03229832276701927 imagef_546907852806
14180 0.05066785216331482 0.029493551701307297 0.03214186802506447 imageu_546919864808
14190 0.09331751614809036 0.04760726913809776 0.0319669172167778 imagef_546877856173
14200 0.03807266056537628 0.024742811918258667 0.03174200281500816 imageb_546955867436
14210 0.023080889135599136 0.01978590339422226 0.03158652409911156 imager_546990869071
14220 0.05084571614861488 0.03043423220515251 0.03150815889239311 imageb_546887866191
14230 0.024482809007167816 0.018365776166319847 0.03144067898392677 imagel_547135880603
14240 0.08154889941215515 0.06416066735982895 0.03136671707034111 imaged_546880859173
14250 0.010262015275657177 0.007673957850784063 0.031267017126083374 imagel_546992871071
14260 0.11536570638418198 0.09255849570035934 0.03120354749262333 imaged_546877856173
14270 0.012640567496418953 0.008409435860812664 0.03111717849969864 imagel_547123868601
14280 0.05573021620512009 0.03456275910139084 0.031020568683743477 imagef_547014859704
14290 0.23746441304683685 0.1912551075220108 0.030917560681700706 imaged_547201879876
14300 0.5277320742607117 0.4822539985179901 0.030823033303022385 imaged_546846858536
14310 0.3775622844696045 0.304473340511322 0.030691832304000854 imageu_546848860533
14320 0.06473848223686218 0.037464868277311325 0.030578190460801125 imageu_546939884803
14330 0.03004814125597477 0.018712149932980537 0.030489666387438774 imaged_547006885077
14340 0.04800471290946007 0.03862529620528221 0.030469324439764023 imageu_546868880541
14350 0.03545986860990524 0.020512934774160385 0.030433516949415207 imageb_546926871803
14360 0.009984426200389862 0.007147293072193861 0.03035498969256878 imagel_547091869975
14370 0.049256742000579834 0.03466928005218506 0.030275540426373482 imaged_547147859235
14380 0.04129134491086006 0.024070894345641136 0.030197465792298317 imageb_546943855437
14390 0.025755830109119415 0.015739601105451584 0.0302240252494812 imaged_546968880435
14400 0.04925462603569031 0.02815081737935543 0.030191203579306602 imageu_546911856805
14410 0.019147301092743874 0.016325965523719788 0.030142072588205338 imager_546866878536
14420 0.08669011294841766 0.04814727604389191 0.030091667547822 imagef_546858870537
14430 0.024382133036851883 0.015362304635345936 0.03007015772163868 imagel_547137882603
14440 0.0381576269865036 0.027807125821709633 0.029997916892170906 imager_547043855348
14450 0.04781201481819153 0.027206214144825935 0.029925286769866943 imageb_547004883077
14460 0.018779458478093147 0.010048874653875828 0.029843563213944435 imagel_547072884335
14470 0.045464493334293365 0.025974947959184647 0.029773619025945663 imageu_546965877440
14480 0.33915239572525024 0.29220786690711975 0.029702844098210335 imagef_547184862870
14490 0.04632328078150749 0.023944566026329994 0.029638854786753654 imageb_547072884335
14500 0.04354388639330864 0.02432429790496826 0.029591046273708344 imageb_546902881194
14510 0.046198274940252304 0.02971581183373928 0.029491862282156944 imaged_547084862980
14520 0.06065041944384575 0.03424609452486038 0.029409341514110565 imageb_547132877611
14530 0.04777781665325165 0.02604292891919613 0.02941398322582245 imageu_546972884442
14540 0.01606708951294422 0.010039380751550198 0.02938123606145382 imagel_547109854609
14550 0.04070029780268669 0.02667989581823349 0.02929205819964409 imaged_547106884970
14560 0.02153538540005684 0.012129262089729309 0.029206369072198868 imagel_546962874438
14570 0.053911373019218445 0.032318346202373505 0.02914014831185341 imageb_546997876076
14580 0.0583777017891407 0.03698169067502022 0.029082493856549263 imageu_547089867973
14590 0.036755453795194626 0.024473508819937706 0.02902204543352127 imaged_547149861238
14600 0.024748006835579872 0.01559242233633995 0.028984081000089645 imagel_546900879170
14610 0.04393517225980759 0.027017338201403618 0.028919551521539688 imageb_546999878077
14620 0.03209368884563446 0.02016396075487137 0.028846368193626404 imaged_546950862437
14630 0.06612350791692734 0.03875134140253067 0.028762614354491234 imagef_546970882435
14640 0.019067514687776566 0.011441987939178944 0.02867952734231949 imagel_546965877440
14650 0.03051796369254589 0.02404540404677391 0.02859671600162983 imager_547026871704
14660 0.03625839948654175 0.02516024187207222 0.028529126197099686 imaged_546984863078
14670 0.4881722033023834 0.431058794260025 0.028480838984251022 imagel_546839884906
14680 0.040410492569208145 0.022954052314162254 0.0284592118114233 imageb_547018863705
14690 0.153192400932312 0.12158749252557755 0.028398524969816208 imaged_547206884871
14700 0.058161377906799316 0.033086150884628296 0.028344182297587395 imagef_547040885702
14710 0.034113090485334396 0.014759048819541931 0.028212331235408783 imagel_547172884238
14720 0.14439384639263153 0.10451273620128632 0.028126288205385208 imageb_546861873539
14730 0.03400402516126633 0.021932309493422508 0.02804887667298317 imaged_547086864973
14740 0.027215626090765 0.017655925825238228 0.027935611084103584 imaged_546955867436
14750 0.2666514813899994 0.21322298049926758 0.027861740440130234 imagef_547174852869
14760 0.04218341037631035 0.028829485177993774 0.027825795114040375 imaged_547065877343
14770 0.05206214264035225 0.02782254107296467 0.027777941897511482 imageu_546890869170
14780 0.3182471692562103 0.2769933044910431 0.027720589190721512 imaged_547196874870
14790 0.03660174459218979 0.0218913946300745 0.02765539661049843 imageb_546911856805
14800 0.5466641783714294 0.5007677674293518 0.02761932834982872 imaged_546848860533
14810 0.016948994249105453 0.012704997323453426 0.027597634121775627 imagel_546871883543
14820 0.06329681724309921 0.04126032814383507 0.027545250952243805 imageu_547082860970
14830 0.04184715449810028 0.024484265595674515 0.027495019137859344 imageb_547021866708
14840 0.03809633478522301 0.029230862855911255 0.02737998589873314 imageu_546863875543
14850 0.05121511593461037 0.041454460471868515 0.027298107743263245 imager_547159871241
14860 0.04870862886309624 0.025904472917318344 0.027179650962352753 imageu_546962874438
14870 0.07553587853908539 0.03756912425160408 0.027133721858263016 imageu_547072884335
14880 0.05471142381429672 0.03123856894671917 0.02707257680594921 imagef_546894873172
14890 0.03312244638800621 0.0241804551333189 0.027041515335440636 imager_547009854705
14900 0.01945398561656475 0.012456492520868778 0.027001408860087395 imagel_547140885602
14910 0.03188888728618622 0.020366525277495384 0.02692737802863121 imaged_546924869806
14920 0.043101608753204346 0.029434368014335632 0.026849566027522087 imager_547132877611
14930 0.11913394182920456 0.10157860070466995 0.026777980849146843 imaged_547167879238
14940 0.06078154593706131 0.03443135693669319 0.026805099099874496 imagef_546922867806
14950 0.029146306216716766 0.02333083190023899 0.02680159918963909 imager_546890869170
14960 0.37190160155296326 0.3003528118133545 0.026754925027489662 imageu_546848860533
14970 0.0647631585597992 0.04331927001476288 0.0267281923443079 imagef_547030875702
14980 0.020333141088485718 0.010447466745972633 0.026694342494010925 imagel_546854866535
14990 0.03484721481800079 0.024865861982107162 0.026625704020261765 imager_547040885702
15000 0.017738524824380875 0.011590566486120224 0.026552099734544754 imagel_547145857237
15010 0.034532465040683746 0.02630341425538063 0.02651054784655571 imager_547091869975
15020 0.05632469058036804 0.03219073638319969 0.026467476040124893 imageb_546877856173
15030 0.05385434255003929 0.032769136130809784 0.02641344629228115 imageb_546882861171
15040 0.04272184893488884 0.026763493195176125 0.026373589411377907 imagef_546994873075
15050 0.014316923916339874 0.010973844677209854 0.02635287307202816 imagel_547126871606
15060 0.03553019091486931 0.022234778851270676 0.026319487020373344 imaged_546967879439
15070 0.037312764674425125 0.022734619677066803 0.02629430778324604 imaged_546951863443
15080 0.044853027909994125 0.028524845838546753 0.026259247213602066 imageb_547031876706
15090 0.05335407331585884 0.042650334537029266 0.026175128296017647 imager_547150862236
15100 0.04499077424407005 0.028381498530507088 0.026091918349266052 imagef_547053865336
15110 0.019869918003678322 0.017327260226011276 0.026033785194158554 imager_546868880541
15120 0.05624816194176674 0.03532375395298004 0.02600649558007717 imageu_547115860606
15130 0.03201877325773239 0.024530285969376564 0.025988338515162468 imager_546958870432
15140 0.034556977450847626 0.027371469885110855 0.025924639776349068 imager_546880859173
15150 0.09220999479293823 0.06096642464399338 0.02584921568632126 imageu_546888867171
15160 0.3355743885040283 0.3021083474159241 0.025761321187019348 imaged_546860872536
15170 0.06049419939517975 0.03361062332987785 0.025724561884999275 imageb_546892871169
15180 0.05475259944796562 0.030782101675868034 0.02567438781261444 imageu_547070882331
15190 0.3341791033744812 0.2977047562599182 0.025623321533203125 imaged_546858870537
15200 0.07342768460512161 0.05487361177802086 0.02556156925857067 imagef_547154866233
15210 0.0520809069275856 0.02883593738079071 0.02551557682454586 imageu_547024869702
15220 0.03861434385180473 0.02563646249473095 0.025470048189163208 imager_546967879439
15230 0.9233250021934509 0.9038711190223694 0.0254196897149086 imager_547177855874
15240 0.01527279894798994 0.010261422954499722 0.02535555511713028 imagel_547106884970
15250 0.29930970072746277 0.2704874277114868 0.025285817682743073 imaged_546861873539
15260 0.06373068690299988 0.04274044930934906 0.02520960196852684 imagef_547084862980
15270 0.6582858562469482 0.6364793181419373 0.025128604844212532 imager_547203881874
15280 0.0522502176463604 0.03167768195271492 0.025061940774321556 imagef_547028873712
15290 0.36120498180389404 0.28971627354621887 0.025040721520781517 imaged_547198876871
15300 0.059667252004146576 0.03630071133375168 0.025007758289575577 imageu_547113858603
15310 0.04967540502548218 0.031335752457380295 0.024948209524154663 imageb_546938883810
15320 0.021273251622915268 0.013143851421773434 0.024876117706298828 imagel_547023868703
15330 0.17870377004146576 0.15074528753757477 0.02478601783514023 imaged_547172884238
15340 0.3897227942943573 0.3252004086971283 0.024737436324357986 imagel_546848860533
15350 0.05471333861351013 0.0347156897187233 0.02466549724340439 imageu_547030875702
15360 0.05316305160522461 0.04150491580367088 0.02460741065442562 imager_547075853978
15370 0.054860036820173264 0.034141749143600464 0.024549216032028198 imagef_547011856705
15380 0.02356852777302265 0.020321426913142204 0.02448733150959015 imager_546871883543
15390 0.022426052019000053 0.018539708107709885 0.02439848892390728 imager_546887866191
15400 0.041057977825403214 0.026373034343123436 0.02429899200797081 imageb_546992871071
15410 0.05441842973232269 0.03429475799202919 0.024226292967796326 imageb_547052864345
15420 0.05479905754327774 0.04089963063597679 0.024172786623239517 imager_547147859235
15430 0.05761319398880005 0.03239164128899574 0.024126296862959862 imageb_546982861070
15440 0.027229785919189453 0.02097008004784584 0.02408108115196228 imager_546951863443
15450 0.017980877310037613 0.010457271710038185 0.024038098752498627 imagel_546890869170
15460 0.036911025643348694 0.022018391638994217 0.024004947394132614 imaged_547024869702
15470 0.0372638925909996 0.022981543093919754 0.023972073569893837 imaged_547069881338
15480 0.0281677208840847 0.02186809480190277 0.023937903344631195 imager_546875854173
15490 0.0901583656668663 0.0527619943022728 0.023915870115160942 imagef_546916861809
15500 0.10953318327665329 0.08366915583610535 0.02390223741531372 imageb_547096874977
15510 0.018276747316122055 0.010885343886911869 0.023855609819293022 imagel_547011856705
15520 0.4969909191131592 0.4029364585876465 0.02380562573671341 imagef_546849861536
15530 0.06768735498189926 0.04293321818113327 0.023790260776877403 imagef_547106884970
15540 0.0534399040043354 0.03205494582653046 0.023753512650728226 imageu_547103881966
15550 0.033744048327207565 0.024184785783290863 0.02370724081993103 imager_546877856173
15560 0.05652661621570587 0.03351752832531929 0.02359018847346306 imagef_547035880703
15570 0.03560572490096092 0.023373108357191086 0.02351287007331848 imaged_547115860606
15580 0.07457432895898819 0.049738988280296326 0.023434637114405632 imagef_547140885602
15590 0.03675548732280731 0.02448522113263607 0.023396316915750504 imaged_546992871071
15600 0.06153634563088417 0.03953786939382553 0.023354696109890938 imageb_546975854071
15610 0.01685495115816593 0.012672137469053268 0.02330789715051651 imagel_547052864345
15620 0.05962929129600525 0.030813228338956833 0.023259995505213737 imageu_546967879439
15630 0.02686573937535286 0.019068405032157898 0.023214373737573624 imager_546972884442
15640 0.012353787198662758 0.009465821087360382 0.023217463865876198 imagel_547125870610
15650 0.06261181086301804 0.0428539514541626 0.023196149617433548 imageu_547126871606
15660 0.6578686237335205 0.6361280083656311 0.023184916004538536 imager_547203881874
15670 0.5003699660301208 0.43795451521873474 0.02315257303416729 imageb_547206884871
15680 0.020996663719415665 0.011859818361699581 0.02310967445373535 imagel_546977856071
15690 0.029499102383852005 0.01837492734193802 0.02311653271317482 imagel_547035880703
15700 0.03832101821899414 0.022285636514425278 0.023123202845454216 imageb_546945857437
15710 0.4123668074607849 0.36410218477249146 0.023089779540896416 imaged_547194872874
15720 0.06209857389330864 0.03574686869978905 0.023059073835611343 imagef_547040885702
15730 0.029714122414588928 0.018352549523115158 0.023005502298474312 imaged_547006885077
15740 0.03270826116204262 0.021489664912223816 0.022971222177147865 imaged_546992871071
15750 0.052572183310985565 0.03152370825409889 0.022935843095183372 imagef_547055867337
15760 0.026667486876249313 0.01940014958381653 0.022879555821418762 imager_547064876339
15770 0.023925818502902985 0.01014579739421606 0.022852540016174316 imagel_547181859871
15780 0.03854832053184509 0.02964458242058754 0.02284080907702446 imageu_546863875543
15790 0.8270636200904846 0.8125026822090149 0.02280268259346485 imager_547171883239
15800 0.16843438148498535 0.13381138443946838 0.02274547889828682 imageu_546856868537
15810 0.04359736293554306 0.026163941249251366 0.02270047925412655 imageb_546938883810
15820 0.06671323627233505 0.05657223239541054 0.02265063300728798 imager_547106884970
15830 0.040894076228141785 0.02404545247554779 0.0226114671677351 imageb_546999878077
15840 0.3472195267677307 0.2794303297996521 0.022593313828110695 imagef_547205883874
15850 0.03689153119921684 0.030564041808247566 0.022579513490200043 imager_547024869702
15860 0.04193767160177231 0.027034971863031387 0.02254691906273365 imageb_546926871803
15870 0.018910402432084084 0.011955669149756432 0.022522438317537308 imagel_547006885077
15880 0.9063811898231506 0.8827312588691711 0.022496895864605904 imager_547183861871
15890 0.025362569838762283 0.014817659743130207 0.022472357377409935 imagel_546980859076
15900 0.014592578634619713 0.009600811637938023 0.022425265982747078 imagel_547106884970
15910 0.05804474279284477 0.032950300723314285 0.02240588888525963 imagef_546982861070
15920 0.04289613664150238 0.025498826056718826 0.022382063791155815 imageu_547018863705
15930 0.5702759027481079 0.4796903133392334 0.02236863598227501 imageb_547191869875
15940 0.09092365950345993 0.06432764232158661 0.0223377775400877 imageu_547140885602
15950 0.2647167146205902 0.21245017647743225 0.02229628711938858 imagef_547174852869
15960 0.04907853528857231 0.02996066026389599 0.022312520071864128 imageb_547070882331
15970 0.045774444937705994 0.026293713599443436 0.022311579436063766 imageb_546967879439
15980 0.018614966422319412 0.011882942169904709 0.022296680137515068 imagel_547045857339
15990 0.017380690202116966 0.011081015691161156 0.022298578172922134 imagel_546975854071
16000 0.048307012766599655 0.026537735015153885 0.02228429913520813 imagef_546945857437
16010 0.009645288810133934 0.007853292860090733 0.022257396951317787 imagel_546882861171
16020 0.09793011844158173 0.07319879531860352 0.022237297147512436 imageu_547159871241
16030 0.0373193696141243 0.022626176476478577 0.02227265015244484 imageb_547058870341
16040 0.03601212799549103 0.027228616178035736 0.022296512499451637 imager_547021866708
16050 0.056697845458984375 0.03610536456108093 0.022287242114543915 imagef_546871883543
16060 0.07204169034957886 0.044516198337078094 0.022255072370171547 imagef_547149861238
16070 0.05111297219991684 0.03632265701889992 0.02220805548131466 imaged_546900879170
16080 0.12184728682041168 0.0818624496459961 0.02215646579861641 imagel_547189867877
16090 0.04342268407344818 0.026255428791046143 0.02210376039147377 imaged_546919864808
16100 0.06583176553249359 0.038321301341056824 0.022048918530344963 imageb_547137882603
16110 0.060315560549497604 0.03758425638079643 0.022021548822522163 imagef_547121866605
16120 0.046351537108421326 0.03538817912340164 0.021984755992889404 imager_547128873606
16130 0.20245596766471863 0.17088919878005981 0.021930547431111336 imaged_547174852869
16140 0.014693977311253548 0.010611656121909618 0.021883325651288033 imagel_546917862811
16150 0.05203847587108612 0.0289753470569849 0.02187269739806652 imageb_547048860337
16160 0.2091924548149109 0.14752674102783203 0.02186546102166176 imagef_547172884238
16170 0.018724361434578896 0.011230450123548508 0.02186734415590763 imagel_546965877440
16180 0.028797484934329987 0.021073095500469208 0.02188759297132492 imager_546878857194
16190 0.03767408803105354 0.021696964278817177 0.021883049979805946 imagel_547154866233
16200 0.0379367396235466 0.02640303410589695 0.021863847970962524 imageb_546871883543
16210 0.02447957545518875 0.01564926654100418 0.021820122376084328 imagel_546987866076
16220 0.02822648547589779 0.017461439594626427 0.0217686016112566 imageb_546929874807
16230 0.5517259836196899 0.45732903480529785 0.021732522174715996 imagef_546848860533
16240 0.567582905292511 0.5054011940956116 0.021691886708140373 imageb_547203881874
16250 0.03215963765978813 0.014689303934574127 0.02165621891617775 imagel_547162874244
16260 0.02671045809984207 0.015632977709174156 0.021654721349477768 imaged_546962874438
16270 0.034684933722019196 0.026199841871857643 0.021628690883517265 imager_547070882331
16280 0.017108989879488945 0.01164731290191412 0.02159494161605835 imagel_546933878804
16290 0.028690800070762634 0.01657123491168022 0.021571991965174675 imaged_547035880703
16300 0.07131823897361755 0.04156021401286125 0.02155185677111149 imageb_547113858603
16310 0.023609306663274765 0.016387399286031723 0.02152741327881813 imager_546917862811
16320 0.3066043555736542 0.2545156478881836 0.02146856300532818 imagef_547198876871
16330 0.05280288681387901 0.029975997284054756 0.021417031064629555 imageu_547001880072
16340 0.05633566156029701 0.03520391136407852 0.021367147564888 imageb_547152864241
16350 0.047465868294239044 0.027406273409724236 0.021342778578400612 imaged_546907852806
16360 0.06309613585472107 0.03996871039271355 0.021333564072847366 imageu_547081859975
16370 0.04343235120177269 0.02651403471827507 0.02131209522485733 imageb_547028873712
16380 0.2543485164642334 0.21580588817596436 0.02130254916846752 imageu_546854866535
16390 0.045013509690761566 0.02861320786178112 0.02129458077251911 imageu_547062874337
16400 0.022055335342884064 0.01155781652778387 0.021259469911456108 imagel_546905884197
16410 0.02446409873664379 0.01781403459608555 0.021223632618784904 imagel_546934879798
16420 0.07720236480236053 0.04213768616318703 0.021182607859373093 imagef_546892871169
16430 0.053944576531648636 0.030879437923431396 0.021133193746209145 imageu_546885864170
16440 0.02494642324745655 0.016297422349452972 0.021085897460579872 imagel_547033878707
16450 0.07327337563037872 0.05105398967862129 0.021040597930550575 imageu_547128873606
16460 0.40600207448005676 0.3502783477306366 0.02098730579018593 imageb_547200878871
16470 0.07590268552303314 0.05420300364494324 0.020934687927365303 imagef_547157869236
16480 0.055487945675849915 0.03296181932091713 0.02092488668859005 imagef_547021866708
16490 0.018313953652977943 0.011144649237394333 0.020915329456329346 imagel_547103881966
16500 0.02805999293923378 0.022193776443600655 0.02090633660554886 imager_546890869170
16510 0.03833624720573425 0.027273664250969887 0.020886201411485672 imaged_547033878707
16520 0.03930366411805153 0.022383634001016617 0.02085234224796295 imageu_546992871071
16530 0.033112455159425735 0.024422571063041687 0.020822016522288322 imager_547092870974
16540 0.34466320276260376 0.30493077635765076 0.020789342001080513 imagef_547191869875
16550 0.02784193865954876 0.01781662181019783 0.020768316462635994 imaged_546956868435
16560 0.12318195402622223 0.0897379070520401 0.020793331786990166 imageu_547132877611
16570 0.04633691534399986 0.028499601408839226 0.020776912569999695 imageu_547031876706
16580 0.04169060289859772 0.02428356185555458 0.020752783864736557 imageu_546931876806
16590 0.0470750592648983 0.026907730847597122 0.020751751959323883 imageu_546965877440
16600 0.6185441613197327 0.5266779065132141 0.020741721615195274 imageb_546841853547
16610 0.04184809327125549 0.027027210220694542 0.020718542858958244 imaged_546943855437
16620 0.011613861657679081 0.008668722584843636 0.020665183663368225 imagel_547094872971
16630 0.05122429504990578 0.02718099020421505 0.020628876984119415 imageu_547041853338
16640 0.05635974928736687 0.033436886966228485 0.020594630390405655 imagef_547038883711
16650 0.06595391780138016 0.041155215352773666 0.020579272881150246 imageb_547155867242
16660 0.03206586465239525 0.025533543899655342 0.02056887373328209 imager_546963875440
16670 0.04910189285874367 0.029907112941145897 0.020550638437271118 imaged_547087865974
16680 0.07405194640159607 0.05549844726920128 0.020534697920084 imagef_547154866233
16690 0.03089177794754505 0.020497102290391922 0.020510844886302948 imaged_547038883711
16700 0.13335098326206207 0.06662140041589737 0.020485635846853256 imagef_547171883239
16710 0.056742019951343536 0.03881480172276497 0.020486481487751007 imageu_547121866605
16720 0.0691523402929306 0.039974942803382874 0.02048070728778839 imagef_546917862811
16730 0.02313687838613987 0.01742062345147133 0.020481005311012268 imager_546928873809
16740 0.0603259801864624 0.035642702132463455 0.020475085824728012 imageb_547154866233
16750 0.027889015153050423 0.016232499852776527 0.02046169340610504 imaged_546980859076
16760 0.22438335418701172 0.1899256855249405 0.02044687233865261 imaged_547200878871
16770 0.23836851119995117 0.18212942779064178 0.02045888639986515 imageu_547193871872
16780 0.03607308119535446 0.02406822144985199 0.02047572284936905 imager_547048860337
16790 0.15390683710575104 0.12189321219921112 0.0204747524112463 imaged_547206884871
16800 0.4639124572277069 0.4149811267852783 0.020464640110731125 imaged_546843855539
16810 0.03177747130393982 0.01954556070268154 0.020428648218512535 imaged_546970882435
16820 0.044612955302000046 0.02940884605050087 0.020354533568024635 imaged_546973885436
16830 0.03925781324505806 0.023960933089256287 0.020300110802054405 imageb_546985864078
16840 0.06362655013799667 0.037943799048662186 0.020284203812479973 imagef_547120865600
16850 0.07126925885677338 0.04661639779806137 0.020255202427506447 imageu_546860872536
16860 0.055323634296655655 0.03234156593680382 0.020207252353429794 imagef_547098876976
16870 0.059684351086616516 0.03405241295695305 0.02017664536833763 imagef_546883862169
16880 0.03966202214360237 0.02360689640045166 0.020152105018496513 imaged_547009854705
16890 0.3834908604621887 0.31924694776535034 0.02012208104133606 imagel_547205883874
16900 0.04610186070203781 0.03622419387102127 0.02009010687470436 imager_547084862980
16910 0.035826608538627625 0.024373535066843033 0.02007393166422844 imager_546892871169
16920 0.08326980471611023 0.05835161358118057 0.02005918323993683 imageu_547138883611
16930 0.0968695655465126 0.08280804008245468 0.02003437653183937 imageu_547152864241
16940 0.0359128974378109 0.02165689878165722 0.0200026948004961 imaged_547121866605
16950 0.30430367588996887 0.28232187032699585 0.020007142797112465 imaged_546866878536
16960 0.01924651861190796 0.012876652181148529 0.01999070681631565 imager_546980859076
16970 0.04886231571435928 0.03517316281795502 0.019996196031570435 imaged_546900879170
16980 0.03379705175757408 0.025721969082951546 0.019986635074019432 imagef_546866878536
16990 0.019675716757774353 0.013002954423427582 0.01996305212378502 imagel_547099877967
17000 0.48473697900772095 0.3824230432510376 0.0199385117739439 imageu_547194872874
17010 0.031247826293110847 0.020084509626030922 0.019911492243409157 imaged_547115860606
17020 0.02310226857662201 0.01702023483812809 0.019894976168870926 imager_546929874807
17030 0.05107854679226875 0.027451762929558754 0.019938094541430473 imageu_547038883711
17040 0.5047256946563721 0.4460821747779846 0.019981281831860542 imagel_546841853547
17050 0.049630165100097656 0.03614699840545654 0.019985314458608627 imaged_547077855978
17060 0.051653359085321426 0.03256496042013168 0.019964033737778664 imageb_547092870974
17070 0.04355277121067047 0.029021088033914566 0.019946016371250153 imaged_547123868601
17080 0.04172394797205925 0.025295281782746315 0.019930323585867882 imageb_547047859335
17090 0.04078499227762222 0.027425134554505348 0.019920438528060913 imaged_546917862811
17100 0.055161722004413605 0.03163236379623413 0.01989186368882656 imageu_547011856705
17110 0.36941084265708923 0.31849732995033264 0.019856011494994164 imagel_547203881874
17120 0.05077916011214256 0.028570886701345444 0.019803058356046677 imagef_547038883711
17130 0.7321031093597412 0.6967975497245789 0.01976480893790722 imager_547205883874
17140 0.5045729279518127 0.4355301856994629 0.01975100487470627 imageu_547184862870
17150 0.10957711935043335 0.07934779673814774 0.01975572109222412 imagef_547086864973
17160 0.18446022272109985 0.16108541190624237 0.019733697175979614 imager_547166878243
17170 0.04018902778625488 0.023666955530643463 0.019703334197402 imageb_547026871704
17180 0.026402529329061508 0.014854785054922104 0.019696911796927452 imagel_547024869702
17190 0.030788151547312737 0.021287642419338226 0.019700229167938232 imager_547040885702
17200 0.2667004466056824 0.2103327512741089 0.01969311013817787 imaged_547191869875
17210 0.03979935869574547 0.02540791779756546 0.019671354442834854 imaged_547140885602
17220 0.04405452311038971 0.02896001748740673 0.01962566375732422 imageb_547126871606
17230 0.051205992698669434 0.029667887836694717 0.01959441788494587 imageb_547130875605
17240 0.03929958492517471 0.0321679413318634 0.01957412250339985 imager_547118863609
17250 0.058777399361133575 0.03458055853843689 0.019550981000065804 imageu_547009854705
17260 0.017222091555595398 0.011804938316345215 0.01953337900340557 imagel_546933878804
17270 0.056702759116888046 0.031351488083601 0.019518772140145302 imageu_546877856173
17280 0.0652228593826294 0.04418233409523964 0.019498851150274277 imageb_546977856071
17290 0.34506648778915405 0.26101621985435486 0.019442200660705566 imagef_546851863543
17300 0.04376809671521187 0.027505258098244667 0.01938743144273758 imaged_546936881803
17310 0.019956542178988457 0.015868959948420525 0.019358595833182335 imager_546888867171
17320 0.0790993720293045 0.04177967831492424 0.019344348460435867 imagef_546878857194
17330 0.8943582773208618 0.8678176999092102 0.01930217258632183 imager_546853865537
17340 0.03997083753347397 0.024304574355483055 0.019317112863063812 imagef_547070882331
17350 0.05004604160785675 0.02822175994515419 0.019329724833369255 imageu_546878857194
17360 0.03657311946153641 0.029446324333548546 0.019316956400871277 imager_547137882603
17370 0.06199048087000847 0.025752589106559753 0.01930200681090355 imagel_547159871241
17380 0.040240347385406494 0.024792281910777092 0.0193038173019886 imageb_546914859807
17390 0.025178853422403336 0.018451087176799774 0.01929616741836071 imager_547035880703
17400 0.017703088000416756 0.009711073711514473 0.019261302426457405 imagel_546960872437
17410 0.029313139617443085 0.018719961866736412 0.019239338114857674 imaged_546979858070
17420 0.039807189255952835 0.022939098998904228 0.019227446988224983 imageu_546931876806
17430 0.24180199205875397 0.21061985194683075 0.01922457478940487 imaged_547176854870
17440 0.2856962978839874 0.23912154138088226 0.01922677457332611 imaged_547188866869
17450 0.01806984841823578 0.010896393097937107 0.01920720376074314 imagel_546890869170
17460 0.04014994204044342 0.02251618355512619 0.019188804551959038 imageb_546904883185
17470 0.04410168528556824 0.024755822494626045 0.01918235793709755 imageu_546963875440
17480 0.06414831429719925 0.03533273562788963 0.019171055406332016 imageu_546905884197
17490 0.021449869498610497 0.011015832424163818 0.019146621227264404 imagel_546905884197
17500 0.012253153137862682 0.008756209164857864 0.019120920449495316 imagel_547126871606
17510 0.08952599763870239 0.04550553485751152 0.019078681245446205 imagef_546877856173
17520 0.054172225296497345 0.041497282683849335 0.01905086077749729 imageb_546866878536
17530 0.03865671902894974 0.022955046966671944 0.019023872911930084 imageb_547011856705
17540 0.6122114658355713 0.5186429619789124 0.01900521107017994 imagef_547194872874
17550 0.01676104962825775 0.011509286239743233 0.0189954973757267 imagel_546984863078
17560 0.06948228925466537 0.04678142070770264 0.01899089477956295 imagef_547152864241
17570 0.025120975449681282 0.020407799631357193 0.01899706944823265 imager_546953865434
17580 0.01971576362848282 0.015536801889538765 0.018973195925354958 imager_546885864170
17590 0.0519888699054718 0.02937641367316246 0.018982406705617905 imagef_546894873172
17600 0.03120429813861847 0.019587015733122826 0.018981505185365677 imaged_546987866076
17610 0.036487750709056854 0.023872144520282745 0.018948398530483246 imaged_546946858444
17620 0.06733374297618866 0.03814885392785072 0.018915319815278053 imageu_547087865974
17630 0.03466731682419777 0.022114554420113564 0.018859650939702988 imageb_546953865434
17640 0.09340299665927887 0.05143403261899948 0.018800631165504456 imagef_546875854173
17650 0.03117237240076065 0.020468581467866898 0.018775278702378273 imaged_547053865336
17660 0.24904786050319672 0.19275644421577454 0.018771890550851822 imaged_547189867877
17670 0.04221958667039871 0.02677571214735508 0.018765904009342194 imageb_547031876706
17680 0.02598489634692669 0.02034633979201317 0.018742438405752182 imager_546984863078
17690 0.018838709220290184 0.01188421156257391 0.0187105443328619 imagel_546951863443
17700 0.037411730736494064 0.027122870087623596 0.018673337996006012 imager_547043855348
17710 0.04849550500512123 0.034548550844192505 0.01866561733186245 imaged_547142854240
17720 0.32533398270606995 0.3062722384929657 0.01864289492368698 imager_547167879238
17730 0.052610643208026886 0.03460307419300079 0.018628256395459175 imagef_547091869975
17740 0.330626904964447 0.2947242259979248 0.01861008256673813 imaged_546858870537
17750 0.05632270872592926 0.043367620557546616 0.018580282106995583 imageu_546871883543
17760 0.04277118295431137 0.028488093987107277 0.018556436523795128 imageb_546958870432
17770 0.04350573569536209 0.026028703898191452 0.018540536984801292 imageb_547016861703
17780 0.556882381439209 0.47860971093177795 0.01851506531238556 imageb_546846858536
17790 0.33365732431411743 0.2691102921962738 0.018494153395295143 imagef_547206884871
17800 0.603202760219574 0.5049811005592346 0.018459636718034744 imageu_547186864875
17810 0.4763602018356323 0.41870710253715515 0.018428925424814224 imagel_546843855539
17820 0.029295045882463455 0.01790080964565277 0.01840299554169178 imaged_547007852711
17830 0.06305602192878723 0.03683103993535042 0.01836569979786873 imagef_546965877440
17840 0.044481050223112106 0.024793803691864014 0.018337707966566086 imageu_546934879798
17850 0.9442920088768005 0.9301630258560181 0.018330765888094902 imager_547172884238
17860 0.016651621088385582 0.010785485617816448 0.018313465639948845 imagel_547009854705
17870 0.0597284696996212 0.03569871187210083 0.018289264291524887 imageb_547154866233
17880 0.04986982420086861 0.03915875777602196 0.018279867246747017 imager_547152864241
17890 0.045682117342948914 0.030547017231583595 0.018296314403414726 imageb_546994873075
17900 0.014179637655615807 0.009758390486240387 0.018292278051376343 imagel_547120865600
17910 0.04923415556550026 0.03076169826090336 0.018278807401657104 imagef_547019864709
17920 0.035322412848472595 0.01612139865756035 0.01825912669301033 imagel_547172884238
17930 0.04631860554218292 0.026296958327293396 0.018239004537463188 imageb_546996875070
17940 0.048822563141584396 0.0298155527561903 0.018215537071228027 imaged_547087865974
17950 0.05150450021028519 0.029869308695197105 0.01822277344763279 imageu_547055867337
17960 0.915509819984436 0.8941931128501892 0.018229397013783455 imager_547176854870
17970 0.021115252748131752 0.01396153587847948 0.018236584961414337 imagel_547138883611
17980 0.07067960500717163 0.0473862923681736 0.01822580397129059 imagef_547164876237
17990 0.011090501211583614 0.008613193407654762 0.01819847710430622 imagel_547070882331
18000 0.05676373839378357 0.03292073681950569 0.01817280612885952 imagef_546885864170
18010 0.025932898744940758 0.02030443586409092 0.018149036914110184 imager_546956868435
18020 0.05568820610642433 0.03156423941254616 0.018137799575924873 imageu_546916861809
18030 0.05623651295900345 0.031078044325113297 0.0181367639452219 imagef_547072884335
18040 0.058043040335178375 0.03581428527832031 0.018124833703041077 imagef_547118863609
18050 0.08268731087446213 0.059784602373838425 0.018132217228412628 imageb_546863875543
18060 0.026055367663502693 0.021254783496260643 0.018135709688067436 imagel_547065877343
18070 0.14642587304115295 0.11073467135429382 0.018159937113523483 imaged_547203881874
18080 0.03326736018061638 0.026007456704974174 0.018183698877692223 imager_546941853440
18090 0.05601245164871216 0.031405992805957794 0.018204187974333763 imageb_546883862169
18100 0.012105223722755909 0.008533917367458344 0.018184460699558258 imagel_547092870974
18110 0.05920325219631195 0.03691709786653519 0.018145207315683365 imageu_547106884970
18120 0.05434897169470787 0.031162390485405922 0.01814417541027069 imageu_547058870341
18130 0.05289541929960251 0.030920596793293953 0.01814531907439232 imageb_547133878607
18140 0.03853249177336693 0.030074456706643105 0.018152348697185516 imager_547135880603
18150 0.045018259435892105 0.025772403925657272 0.018125399947166443 imageu_546956868435
18160 0.014996515586972237 0.0105767035856843 0.018083347007632256 imagel_547001880072
18170 0.0630088672041893 0.03846234083175659 0.018056128174066544 imagef_547075853978
18180 0.07731353491544724 0.04419222101569176 0.018053725361824036 imagef_546938883810
18190 0.05377190560102463 0.034008290618658066 0.0180562324821949 imagef_547104882977
18200 0.045524440705776215 0.030740702524781227 0.01802115887403488 imageb_546873885533
18210 0.051682569086551666 0.03226020187139511 0.01799311675131321 imageb_547142854240
18220 0.8925826549530029 0.865538477897644 0.017984816804528236 imager_547196874870
18230 0.389655202627182 0.3252004086971283 0.01797879859805107 imagel_546848860533
18240 0.0310886949300766 0.02308104746043682 0.01795729622244835 imager_547092870974
18250 0.02838968113064766 0.020116189494729042 0.017933137714862823 imager_546912857810
18260 0.03369472920894623 0.020155586302280426 0.017911309376358986 imageb_546931876806
18270 0.17103107273578644 0.11275365203619003 0.017948737367987633 imageb_547181859871
18280 0.06587985157966614 0.03745299577713013 0.01796218380331993 imagef_546909854806
18290 0.8925824165344238 0.865538477897644 0.017958004027605057 imager_547196874870
18300 0.034591834992170334 0.022454718127846718 0.017940612509846687 imager_547052864345
18310 0.05056990310549736 0.03119875304400921 0.01791459135711193 imagef_547065877343
18320 0.11057727783918381 0.08089832216501236 0.017890816554427147 imageu_546858870537
18330 0.3106919527053833 0.23031434416770935 0.017884304746985435 imagel_547198876871
18340 0.2804006338119507 0.247103750705719 0.017876828089356422 imaged_547179857873
18350 0.05184249207377434 0.03222956135869026 0.017864996567368507 imageu_547115860606
18360 0.04379218444228172 0.026991287246346474 0.017865968868136406 imagef_546996875070
18370 0.045367706567049026 0.024970490485429764 0.01784299686551094 imageu_546997876076
18380 0.4467490613460541 0.3459821045398712 0.01783115603029728 imageu_547198876871
18390 0.07635924965143204 0.05843149498105049 0.017834775149822235 imageu_547143855237
18400 0.04967926815152168 0.02798421122133732 0.017810266464948654 imageu_547058870341
18410 0.034835413098335266 0.02412445843219757 0.017794718965888023 imageb_546871883543
18420 0.05877799540758133 0.038077279925346375 0.017784662544727325 imageb_547106884970
18430 0.013262798078358173 0.009640701115131378 0.01776289939880371 imagel_546880859173
18440 0.025189023464918137 0.011784378439188004 0.017727961763739586 imagel_547181859871
18450 0.05713111162185669 0.022848529741168022 0.017680123448371887 imagel_547167879238
18460 0.17065805196762085 0.14411525428295135 0.01766134239733219 imaged_547172884238
18470 0.01400285679847002 0.009607800282537937 0.01766940765082836 imagel_547001880072
18480 0.060548048466444016 0.035468295216560364 0.01766957901418209 imageu_547109854609
18490 0.04587274044752121 0.035770248621702194 0.017671942710876465 imager_547089867973
18500 0.02161416783928871 0.013585100881755352 0.017647819593548775 imagel_547176854870
18510 0.011158192530274391 0.00856174249202013 0.017606273293495178 imagel_546885864170
18520 0.0349385105073452 0.02768513187766075 0.01758192479610443 imager_547055867337
18530 0.04209846630692482 0.0255343746393919 0.017571736127138138 imageb_547036881708
18540 0.012627053074538708 0.008685152977705002 0.01757526956498623 imagel_547123868601
18550 0.016138430684804916 0.014175545424222946 0.017576057463884354 imager_546868880541
18560 0.05849406495690346 0.03427723050117493 0.01757468283176422 imageu_547108853603
18570 0.02352883853018284 0.015181498602032661 0.01756412908434868 imagel_546899878172
18580 0.02662690170109272 0.015634672716259956 0.017540648579597473 imaged_546980859076
18590 0.0549897663295269 0.030364103615283966 0.01753750815987587 imagef_546922867806
18600 0.05179838463664055 0.030349617823958397 0.01753831095993519 imageb_546888867171
18610 0.07097353041172028 0.04527681693434715 0.017535002902150154 imageu_547084862980
18620 0.025034505873918533 0.01727513037621975 0.017528580501675606 imager_546941853440
18630 0.03956413269042969 0.02491939067840576 0.017512984573841095 imageb_546926871803
18640 0.02843957580626011 0.02045983076095581 0.0175004992634058 imager_547007852711
18650 0.025506330654025078 0.017108682543039322 0.017485419288277626 imagel_547150862236
18660 0.0422244518995285 0.025026051327586174 0.017465250566601753 imageb_546890869170
18670 0.01057969406247139 0.008150492794811726 0.017456667497754097 imagel_547070882331
18680 0.6243011951446533 0.5474048256874084 0.01743839681148529 imageu_546844856539
18690 0.9442823529243469 0.9301624894142151 0.01741664484143257 imager_547172884238
18700 0.030639441683888435 0.01857561059296131 0.017393123358488083 imaged_547075853978
18710 0.054831963032484055 0.03402576595544815 0.017382873222231865 imagef_546871883543
18720 0.03675612434744835 0.02844661846756935 0.01735440082848072 imager_547135880603
18730 0.05357806012034416 0.03162122890353203 0.017334818840026855 imagef_546989868066
18740 0.03146229311823845 0.022983180359005928 0.017333459109067917 imager_547126871606
18750 0.07084578275680542 0.04928460717201233 0.017352424561977386 imageu_547128873606
18760 0.030711015686392784 0.022219199687242508 0.017336910590529442 imager_547070882331
18770 0.5856844782829285 0.4923018217086792 0.017333829775452614 imagef_546846858536
18780 0.05187755450606346 0.028134431689977646 0.017344439402222633 imageb_546917862811
18790 0.07194744050502777 0.048489395529031754 0.017362672835588455 imagef_547152864241
18800 0.03611300513148308 0.028082849457859993 0.017386076971888542 imager_547138883611
18810 0.07433651387691498 0.041815824806690216 0.01738840341567993 imagef_546938883810
18820 0.053648531436920166 0.029400233179330826 0.01738143153488636 imageb_546982861070
18830 0.023948313668370247 0.01329039130359888 0.017389122396707535 imagel_546980859076
18840 0.049428991973400116 0.02742142789065838 0.01738819293677807 imageu_546984863078
18850 0.04968429356813431 0.03075641393661499 0.017371762543916702 imageb_547123868601
18860 0.37767112255096436 0.34610167145729065 0.017362838611006737 imaged_546863875543
18870 0.05179813131690025 0.03287717327475548 0.017344145104289055 imagef_546975854071
18880 0.06569572538137436 0.04559532552957535 0.01731504313647747 imagef_547096874977
18890 0.021595589816570282 0.016553450375795364 0.01727469637989998 imagel_546990869071
18900 0.013585368171334267 0.009396045468747616 0.01724398322403431 imagel_546888867171
18910 0.02867804653942585 0.01867290958762169 0.01721162348985672 imaged_547038883711
18920 0.06075628474354744 0.041202522814273834 0.017205320298671722 imageu_547126871606
18930 0.057438042014837265 0.03176067769527435 0.01720811240375042 imageu_546897876191
18940 0.018466956913471222 0.012721771374344826 0.017206614837050438 imagel_547145857237
18950 0.1722991168498993 0.1019069030880928 0.017211126163601875 imageb_547177855874
18960 0.8252307176589966 0.7813827991485596 0.01721784844994545 imager_546844856539
18970 0.22910724580287933 0.17281080782413483 0.017213614657521248 imageb_546856868537
18980 0.04465634748339653 0.034908123314380646 0.01721913367509842 imager_547103881966
18990 0.020213089883327484 0.011433612555265427 0.017217470332980156 imagel_546922867806
19000 0.4649750888347626 0.4478863477706909 0.017238708212971687 imager_546863875543
19010 0.05181220918893814 0.03296445310115814 0.017257699742913246 imagef_547062874337
19020 0.014320803806185722 0.009953184984624386 0.01725686900317669 imagel_547058870341
19030 0.053202420473098755 0.03509289771318436 0.017230169847607613 imagef_547092870974
19040 0.054753176867961884 0.03519468754529953 0.01721244305372238 imagef_546882861171
19050 0.06099405884742737 0.03448707237839699 0.017198264598846436 imageu_546938883810
19060 0.31801837682724 0.2766376733779907 0.017203083261847496 imaged_547196874870
19070 0.40159451961517334 0.3587000072002411 0.01719198003411293 imaged_546854866535
19080 0.0564388670027256 0.03127187862992287 0.01716030202805996 imagef_547072884335
19090 0.04434013366699219 0.028411544859409332 0.017133336514234543 imageb_547031876706
19100 0.05824927240610123 0.03161994367837906 0.017117749899625778 imageu_547075853978
19110 0.04327576234936714 0.025289705023169518 0.01710621267557144 imageu_546945857437
19120 0.031086325645446777 0.01883368194103241 0.017086274921894073 imaged_547036881708
19130 0.049708493053913116 0.030674543231725693 0.01705719158053398 imageb_547070882331
19140 0.3345032036304474 0.2716948688030243 0.01706702634692192 imagef_547203881874
19150 0.2379746437072754 0.18211734294891357 0.01705515943467617 imageu_547193871872
19160 0.028545193374156952 0.02147687040269375 0.017046919092535973 imager_546948860438
19170 0.05361893028020859 0.030337948352098465 0.017038121819496155 imageb_546922867806
19180 0.015787526965141296 0.010130375623703003 0.01703343726694584 imagel_547121866605
19190 0.04500887915492058 0.027854928746819496 0.017022784799337387 imageu_547018863705
19200 0.05303817614912987 0.03229829668998718 0.01699081063270569 imageb_547024869702
19210 0.5364924669265747 0.47042611241340637 0.016935056075453758 imageb_547205883874
19220 0.05023270472884178 0.027893949300050735 0.016892362385988235 imageb_546895874174
19230 0.015900107100605965 0.009523168206214905 0.01685934141278267 imagel_547115860606
19240 0.051733873784542084 0.03217229247093201 0.016835886985063553 imageb_547092870974
19250 0.035204801708459854 0.022756213322281837 0.016825130209326744 imaged_547016861703
19260 0.023134559392929077 0.012425427325069904 0.016812261193990707 imagel_547147859235
19270 0.05293630063533783 0.03525543585419655 0.016800589859485626 imagef_547091869975
19280 0.044822175055742264 0.02718820795416832 0.01678532548248768 imageb_547047859335
19290 0.043696485459804535 0.029196280986070633 0.016775628551840782 imaged_546917862811
19300 0.5474836826324463 0.49531587958335876 0.016749558970332146 imaged_546851863543
19310 0.04013322293758392 0.028728872537612915 0.016725843772292137 imager_547082860970
19320 0.041886139661073685 0.02527668885886669 0.0167028047144413 imageb_546979858070
19330 0.06577672809362411 0.041232626885175705 0.0166916623711586 imagef_546933878804
19340 0.02829987183213234 0.016109637916088104 0.01668190397322178 imagel_547060872343
19350 0.12037298828363419 0.08657388389110565 0.016676757484674454 imageu_547132877611
19360 0.06406797468662262 0.03606526553630829 0.016644906252622604 imagef_547057869336
19370 0.0669364407658577 0.04024353250861168 0.016622327268123627 imageu_546882861171
19380 0.04730258882045746 0.026877446100115776 0.016595030203461647 imageu_546919864808
19390 0.04839431867003441 0.03213947266340256 0.016573769971728325 imaged_547101879972
19400 0.027178434655070305 0.016566667705774307 0.01655944623053074 imagel_546861873539
19410 0.020912883803248405 0.01259461697191 0.01654197834432125 imagel_547104882977
19420 0.03391028940677643 0.017706986516714096 0.016535254195332527 imagel_547154866233
19430 0.022194333374500275 0.017270445823669434 0.016524357721209526 imager_546883862169
19440 0.027384981513023376 0.01721678487956524 0.016526831313967705 imaged_546975854071
19450 0.054225366562604904 0.032586902379989624 0.016522642225027084 imagef_546934879798
19460 0.06982363015413284 0.04185258969664574 0.016532203182578087 imagef_546970882435
19470 0.03527037799358368 0.026725782081484795 0.016547419130802155 imager_546962874438
19480 0.3104666769504547 0.26131418347358704 0.01656128466129303 imagef_547200878871
19490 0.029317153617739677 0.025366177782416344 0.016567377373576164 imager_546873885533
19500 0.033676628023386 0.019857555627822876 0.016563251614570618 imaged_547062874337
19510 0.014452600851655006 0.010580681264400482 0.01657428964972496 imagel_546873885533
19520 0.055514413863420486 0.029654545709490776 0.016580000519752502 imageu_546936881803
19530 0.05356081202626228 0.033543407917022705 0.01657402329146862 imageb_547052864345
19540 0.07305332273244858 0.038647156208753586 0.0165660809725523 imagef_546892871169
19550 0.06538961827754974 0.03789233788847923 0.016546281054615974 imageu_546922867806
19560 0.050679128617048264 0.02837296947836876 0.01653836853802204 imageb_547041853338
19570 0.048411715775728226 0.028787020593881607 0.016583267599344254 imageu_546887866191
19580 0.04126065596938133 0.022786883637309074 0.016599344089627266 imageb_546907852806
19590 0.043920502066612244 0.02547619678080082 0.016600003466010094 imageu_546926871803
19600 0.03034401126205921 0.018709130585193634 0.016598304733633995 imaged_547075853978
19610 0.013116734102368355 0.009595206007361412 0.01659271866083145 imagel_547142854240
19620 0.0348997563123703 0.020504627376794815 0.016582543030381203 imageu_546953865434
19630 0.03770172595977783 0.022801896557211876 0.016573110595345497 imagef_547070882331
19640 0.058838874101638794 0.033853333443403244 0.01657070964574814 imagef_546922867806
19650 0.03438538685441017 0.026633301749825478 0.016593489795923233 imager_547023868703
19660 0.04041844978928566 0.024862470105290413 0.016615422442555428 imagef_547053865336
19670 0.04526578262448311 0.02593522146344185 0.01662541553378105 imagef_547133878607
19680 0.03518374264240265 0.028876079246401787 0.016641927883028984 imager_547024869702
19690 0.04115450382232666 0.024727217853069305 0.01665661111474037 imageb_547016861703
19700 0.07393199950456619 0.049972619861364365 0.01664840057492256 imageb_547164876237
19710 0.040623005479574203 0.026381559669971466 0.016657374799251556 imaged_547123868601
19720 0.03383646905422211 0.024914376437664032 0.016621587797999382 imager_546982861070
19730 0.05630730837583542 0.03324513137340546 0.01660750061273575 imagef_547116861604
19740 0.03573380038142204 0.026184309273958206 0.016598669812083244 imager_547133878607
19750 0.06617087125778198 0.03354741260409355 0.016583796590566635 imageu_546892871169
19760 0.047527991235256195 0.02505934052169323 0.016562800854444504 imageb_546917862811
19770 0.06291790306568146 0.03980967774987221 0.016544179990887642 imageb_547104882977
19780 0.011882359161973 0.008077055215835571 0.016527805477380753 imagel_546880859173
19790 0.024376124143600464 0.016652777791023254 0.01651596650481224 imagel_547155867242
19800 0.04949820414185524 0.028466956689953804 0.016495348885655403 imagef_547041853338
19810 0.8925675749778748 0.865538477897644 0.016476409509778023 imager_547196874870
19820 0.04764055833220482 0.026613356545567513 0.01646091602742672 imageu_546911856805
19830 0.05127161741256714 0.029731284826993942 0.016452282667160034 imagef_547021866708
19840 0.04513771831989288 0.02990526705980301 0.01643601432442665 imageb_547062874337
19850 0.05791044607758522 0.0317043662071228 0.016437914222478867 imagef_547043855348
19860 0.03281688317656517 0.01483132317662239 0.01643710397183895 imagel_547169881238
19870 0.05229595676064491 0.03143385052680969 0.01643475703895092 imageb_546941853440
19880 0.025783833116292953 0.014998797327280045 0.016426321119070053 imaged_546980859076
19890 0.04625286906957626 0.030109034851193428 0.01641344651579857 imagef_547082860970
19900 0.03398257866501808 0.02000245824456215 0.016410408541560173 imaged_547121866605
19910 0.02173854038119316 0.018929602578282356 0.016397055238485336 imager_546870882540
19920 0.44648975133895874 0.34553980827331543 0.016385313123464584 imageu_547198876871
19930 0.016262665390968323 0.009683209471404552 0.016369881108403206 imagel_546931876806
19940 0.4013223648071289 0.35847339034080505 0.016356274485588074 imaged_546854866535
19950 0.03678549826145172 0.022351820021867752 0.016337603330612183 imageb_547064876339
19960 0.046641454100608826 0.02890901081264019 0.016342012211680412 imagef_547058870341
19970 0.054296866059303284 0.03762676939368248 0.016344144940376282 imaged_546899878172
19980 0.015508449636399746 0.012175563722848892 0.01632893644273281 imager_546992871071
19990 0.6153828501701355 0.5227111577987671 0.01630997844040394 imageb_546843855539
20000 0.04721832647919655 0.02757965587079525 0.0162860956043005 imaged_547072884335
20010 0.048860322684049606 0.028621520847082138 0.0162606630474329 imageu_547104882977
20020 0.049698732793331146 0.030887862667441368 0.016257042065262794 imagef_546924869806
20030 0.020081087946891785 0.015221154317259789 0.016245052218437195 imager_546955867436
20040 0.07261315733194351 0.05289326608181 0.016236739233136177 imagef_547157869236
20050 0.043570272624492645 0.030670056119561195 0.016277587041258812 imaged_546977856071
20060 0.02120864950120449 0.012137417681515217 0.01629231870174408 imagel_546962874438
20070 0.06781083345413208 0.037055183202028275 0.0162904541939497 imagef_546890869170
20080 0.07950995862483978 0.045009810477495193 0.016297517344355583 imagef_546967879439
20090 0.03498132526874542 0.02164779230952263 0.016297277063131332 imaged_547013858709
20100 0.028379768133163452 0.020680025219917297 0.016282038763165474 imager_547142854240
20110 0.06281284242868423 0.04146439582109451 0.01626509055495262 imageb_547106884970
20120 0.28573882579803467 0.2393874078989029 0.016240358352661133 imaged_547188866869
20130 0.052062585949897766 0.03225287050008774 0.01620509661734104 imagef_547143855237
20140 0.021615609526634216 0.012432911433279514 0.016200821846723557 imagel_546938883810
20150 0.03806766867637634 0.02121412567794323 0.016207382082939148 imageb_546897876191
20160 0.059545569121837616 0.04186950623989105 0.01619742624461651 imageb_547125870610
20170 0.27292168140411377 0.22834716737270355 0.016182007268071175 imagef_547177855874
20180 0.04964802414178848 0.02982373721897602 0.016174448654055595 imageb_547121866605
20190 0.09525036066770554 0.07523973286151886 0.01616550423204899 imager_547164876237
20200 0.03461676836013794 0.023565193638205528 0.016175825148820877 imaged_547058870341
20210 0.04544203728437424 0.026278013363480568 0.016176486387848854 imageu_547007852711
20220 0.05032872408628464 0.02833404578268528 0.016171632334589958 imagef_546958870432
20230 0.050418704748153687 0.028734538704156876 0.016180522739887238 imagef_547004883077
20240 0.028492974117398262 0.01648818515241146 0.016163015738129616 imagel_547060872343
20250 0.020968778058886528 0.014278977178037167 0.016107140108942986 imagel_546860872536
20260 0.04855433478951454 0.02754073031246662 0.016079405322670937 imageu_546909854806
20270 0.027905872091650963 0.02132444642484188 0.016066713258624077 imager_547026871704
20280 0.17260515689849854 0.16559892892837524 0.016049275174736977 imager_546865877539
20290 0.029585208743810654 0.021764883771538734 0.016037805005908012 imager_546968880435
20300 0.022777466103434563 0.01723124459385872 0.016033614054322243 imagel_547152864241
20310 0.06275741755962372 0.04157863184809685 0.0160274188965559 imaged_546905884197
20320 0.04730352759361267 0.026413362473249435 0.016012895852327347 imagef_546897876191
20330 0.04283853992819786 0.025836121290922165 0.016004277393221855 imagef_546963875440
20340 0.04694325849413872 0.026559315621852875 0.01599213294684887 imageu_546900879170
20350 0.05190115422010422 0.029376953840255737 0.01598529890179634 imageb_546922867806
20360 0.013518046587705612 0.008623228408396244 0.015983369201421738 imagel_546858870537
20370 0.026047242805361748 0.019732031971216202 0.015973923727869987 imager_546951863443
20380 0.16053050756454468 0.1139349490404129 0.015954604372382164 imagel_547186864875
20390 0.05618756636977196 0.041369494050741196 0.015940995886921883 imager_547087865974
20400 0.029584471136331558 0.021879663690924644 0.015932247042655945 imager_546919864808
20410 0.05415556952357292 0.03291352838277817 0.01592734269797802 imageb_547043855348
20420 0.013551315292716026 0.009352611377835274 0.015916340053081512 imagel_546894873172
20430 0.052956901490688324 0.03260462358593941 0.015909042209386826 imagef_547113858603
20440 0.048199545592069626 0.028677476570010185 0.015915432944893837 imageu_546921866804
20450 0.06982628256082535 0.039276719093322754 0.015912285074591637 imagef_547162874244
20460 0.04277680814266205 0.025962239131331444 0.015906065702438354 imageu_547019864709
20470 0.05527695268392563 0.031696170568466187 0.015896635130047798 imageb_546919864808
20480 0.045157212764024734 0.031431663781404495 0.015907302498817444 imaged_547142854240
20490 0.056976933032274246 0.03290185704827309 0.015906503424048424 imageb_546877856173
20500 0.04145961254835129 0.026670198887586594 0.01589122787117958 imageb_546948860438
20510 0.0424613356590271 0.033269740641117096 0.01588035188615322 imager_547111856605
20520 0.033112067729234695 0.024612557142972946 0.015867887064814568 imager_547143855237
20530 0.040106311440467834 0.024829771369695663 0.01585049368441105 imageb_546912857810
20540 0.019362181425094604 0.01212135050445795 0.015832582488656044 imagel_547041853338
20550 0.8724448680877686 0.8497479557991028 0.01580709218978882 imager_546856868537
20560 0.04671041667461395 0.033556267619132996 0.015794729813933372 imaged_547091869975
20570 0.020635096356272697 0.01116704661399126 0.01577788032591343 imagel_546967879439
20580 0.055538810789585114 0.04434521496295929 0.01576172560453415 imager_547096874977
20590 0.058664437383413315 0.03252318501472473 0.0157362949103117 imageb_546894873172
20600 0.24971994757652283 0.1934146285057068 0.01572653092443943 imaged_547189867877
20610 0.057009875774383545 0.03545564040541649 0.015705641359090805 imageu_547118863609
20620 0.025077715516090393 0.020831536501646042 0.015699058771133423 imager_546989868066
20630 0.5764811635017395 0.48523828387260437 0.0157421063631773 imagef_546839884906
20640 0.03046799637377262 0.023449042811989784 0.015765555202960968 imager_546941853440
20650 0.05293877795338631 0.029143575578927994 0.015769178047776222 imageu_547057869336
20660 0.03822594881057739 0.021528711542487144 0.015787726268172264 imageu_546992871071
20670 0.02496129646897316 0.01964414492249489 0.015786973759531975 imager_547067879338
20680 0.04677770659327507 0.0263131745159626 0.015770254656672478 imageu_546919864808
20690 0.19022667407989502 0.1317502111196518 0.015763260424137115 imageb_547183861871
20700 0.04216058552265167 0.029455440118908882 0.015766799449920654 imaged_546997876076
20710 0.03474786505103111 0.024314034730196 0.015749899670481682 imaged_546960872437
20720 0.026890020817518234 0.021623391658067703 0.01573112979531288 imager_546933878804
20730 0.046418868005275726 0.028987322002649307 0.015719735994935036 imageb_547028873712
20740 0.07294417172670364 0.04663245752453804 0.01571342907845974 imageu_547084862980
20750 0.12838807702064514 0.06245634704828262 0.01570192165672779 imagef_547171883239
20760 0.05487050488591194 0.0295804962515831 0.015724824741482735 imageb_546899878172
20770 0.0572771392762661 0.03321179002523422 0.015721648931503296 imageb_547154866233
20780 0.3778972327709198 0.346296101808548 0.015723582357168198 imaged_546863875543
20790 0.044649310410022736 0.03174929693341255 0.015726855024695396 imager_547157869236
20800 0.15402254462242126 0.1218617781996727 0.0157210323959589 imaged_547206884871
20810 0.031202824786305428 0.012809784151613712 0.01573128066956997 imagel_546907852806
20820 0.05424415320158005 0.03248191997408867 0.01573164574801922 imagef_547036881708
20830 0.03372160345315933 0.02490917406976223 0.01572337932884693 imager_547021866708
20840 0.07506858557462692 0.04362506791949272 0.015712536871433258 imagef_546863875543
20850 0.03761322423815727 0.023331008851528168 0.01570405624806881 imaged_547118863609
20860 0.028077097609639168 0.019915996119379997 0.015698475763201714 imager_547018863705
20870 0.02785574644804001 0.017681876197457314 0.01568993367254734 imaged_547019864709
20880 0.05195561423897743 0.027104614302515984 0.015677236020565033 imageu_546899878172
20890 0.029805460944771767 0.018922993913292885 0.01566239260137081 imaged_547086864973
20900 0.011579975485801697 0.008759385906159878 0.015663232654333115 imagel_547069881338
20910 0.016713347285985947 0.010716523043811321 0.01565634272992611 imagel_546975854071
20920 0.04177456349134445 0.023735055699944496 0.01564905047416687 imageu_546965877440
20930 0.07645653933286667 0.04850355535745621 0.015638235956430435 imageb_547060872343
20940 0.38963183760643005 0.3252004086971283 0.015642287209630013 imagel_546848860533
20950 0.03469078615307808 0.023514866828918457 0.01566026546061039 imager_547048860337
20960 0.0349239781498909 0.02283327467739582 0.015664711594581604 imaged_546958870432
20970 0.5569024682044983 0.46884164214134216 0.015660274773836136 imageb_547189867877
20980 0.6355620622634888 0.5677204728126526 0.015668926760554314 imageu_546839884906
20990 0.05999072268605232 0.04073924571275711 0.015677034854888916 imageu_547126871606
21000 0.6030965447425842 0.504919707775116 0.015679094940423965 imageu_547186864875
21010 0.045737236738204956 0.027382781729102135 0.01567360758781433 imageb_547007852711
21020 0.05781872197985649 0.033607110381126404 0.015665099024772644 imagef_546928873809
21030 0.057854216545820236 0.03331493213772774 0.015669969841837883 imageu_547108853603
21040 0.019999803975224495 0.014953721314668655 0.015654366463422775 imagel_546990869071
21050 0.3368835747241974 0.29619061946868896 0.015657350420951843 imageu_547176854870
21060 0.03204749897122383 0.023971714079380035 0.01566469669342041 imager_546912857810
21070 0.03014134243130684 0.017947709187865257 0.015665888786315918 imaged_547138883611
21080 0.7678281664848328 0.7404656410217285 0.01566902920603752 imager_546860872536
21090 0.022009804844856262 0.016395270824432373 0.015666628256440163 imagel_547064876339
21100 0.04788844287395477 0.027354642748832703 0.015657702460885048 imageu_547055867337
21110 0.05168449506163597 0.030370155349373817 0.01563897170126438 imageu_547079857970
21120 0.035588331520557404 0.02640952542424202 0.015613251365721226 imager_547013858709
21130 0.026165075600147247 0.016170980408787727 0.01560154464095831 imaged_547031876706
21140 0.02602815255522728 0.01866738870739937 0.015606103464961052 imager_546878857194
21150 0.41501763463020325 0.35933607816696167 0.015602465718984604 imagef_547188866869
21160 0.07321856915950775 0.05578707903623581 0.015580873936414719 imaged_546880859173
21170 0.062159180641174316 0.03638678044080734 0.01556184608489275 imageb_546878857194
21180 0.01685241423547268 0.00989038310945034 0.015545534901320934 imagel_546979858070
21190 0.03815312311053276 0.03211279213428497 0.015534039586782455 imager_547038883711
21200 0.04978147894144058 0.028241010382771492 0.015517214313149452 imageb_547135880603
21210 0.04419833794236183 0.02680150978267193 0.015519093722105026 imaged_546922867806
21220 0.03167770057916641 0.024881258606910706 0.015501868911087513 imager_547002881074
21230 0.029263116419315338 0.020224332809448242 0.015498552471399307 imager_547021866708
21240 0.01268468052148819 0.008672871626913548 0.01550612598657608 imagel_546997876076
21250 0.2568983733654022 0.21738269925117493 0.015507407486438751 imaged_547186864875
21260 0.06671153008937836 0.04125039279460907 0.01550146471709013 imageu_547086864973
21270 0.4637477993965149 0.41712358593940735 0.01549498550593853 imaged_546841853547
21280 0.0346083864569664 0.021039288491010666 0.015494843013584614 imageb_547064876339
21290 0.03433671221137047 0.020584888756275177 0.015500185079872608 imaged_547069881338
21300 0.3938134014606476 0.3558219075202942 0.015520991757512093 imageu_547167879238
21310 0.037341758608818054 0.021302605047822 0.015510612167418003 imageu_546992871071
21320 0.05026875436306 0.030781157314777374 0.015518654137849808 imageu_547115860606
21330 0.09395360201597214 0.07348139584064484 0.015528298914432526 imaged_547166878243
21340 0.03550892695784569 0.022977596148848534 0.015578525140881538 imager_546967879439
21350 0.03300275653600693 0.017321810126304626 0.015583068132400513 imagel_547154866233
21360 0.06999213248491287 0.04420056939125061 0.015595164149999619 imagef_547150862236
21370 0.04208281636238098 0.030131040140986443 0.01562194898724556 imager_547157869236
21380 0.054191652685403824 0.03192887827754021 0.015626495704054832 imagef_547142854240
21390 0.02090030536055565 0.018117036670446396 0.015624593943357468 imager_546994873075
21400 0.031092477962374687 0.025213273242115974 0.015605369582772255 imager_547030875702
21410 0.06340251117944717 0.0470333993434906 0.015586528927087784 imaged_547125870610
21420 0.0276133194565773 0.018694989383220673 0.015602887608110905 imagel_547081859975
21430 0.017563577741384506 0.01187085174024105 0.015598996542394161 imagel_546912857810
21440 0.03624017536640167 0.023085929453372955 0.01558874174952507 imaged_547106884970
21450 0.04761713743209839 0.026999499648809433 0.015570041723549366 imageu_546900879170
21460 0.0704154521226883 0.04252059757709503 0.015554037876427174 imagef_546968880435
21470 0.03588554263114929 0.02359965816140175 0.015550889074802399 imaged_547149861238
21480 0.0156719833612442 0.009150090627372265 0.015535364858806133 imagel_547111856605
21490 0.014374827966094017 0.009865043684840202 0.015521135181188583 imagel_547108853603
21500 0.012184755876660347 0.009640895761549473 0.015480240806937218 imagel_547094872971
21510 0.0345241017639637 0.02057153359055519 0.015449989587068558 imageb_546931876806
21520 0.05152347683906555 0.03567737713456154 0.015441495925188065 imaged_546897876191
21530 0.05338742956519127 0.02976558916270733 0.015446314588189125 imageu_547069881338
21540 0.05365338549017906 0.029729992151260376 0.015449630096554756 imageb_546982861070
21550 0.06027347594499588 0.02389354258775711 0.015441986732184887 imagel_547159871241
21560 0.048320472240448 0.02828250266611576 0.015434070490300655 imageu_547016861703
21570 0.05603388696908951 0.03501439839601517 0.015421551652252674 imagef_546926871803
21580 0.04621989652514458 0.028537139296531677 0.015414870344102383 imageb_546939884803
21590 0.05484012886881828 0.032383739948272705 0.015420246869325638 imagef_547038883711
21600 0.047639716416597366 0.02517596073448658 0.015420770272612572 imageb_547072884335
21610 0.0222200695425272 0.017973143607378006 0.015418730676174164 imager_546888867171
21620 0.07483326643705368 0.04238441586494446 0.015417557209730148 imagef_546938883810
21630 0.019979076460003853 0.015272545628249645 0.015427200123667717 imager_546989868066
21640 0.04089062288403511 0.025320474058389664 0.01544314157217741 imageb_547033878707
21650 0.05102643370628357 0.030142057687044144 0.015447248704731464 imageu_546878857194
21660 0.038799695670604706 0.02435140684247017 0.015449396334588528 imageb_546926871803
21670 0.04436492547392845 0.030162980780005455 0.015440299175679684 imaged_547108853603
21680 0.05691453441977501 0.030753618106245995 0.015437344089150429 imageu_547043855348
21690 0.04970180243253708 0.029087256640195847 0.01543839555233717 imageu_546924869806
21700 0.03148625046014786 0.019752928987145424 0.015442914329469204 imaged_547094872971
21710 0.09246130287647247 0.07361438870429993 0.015458717942237854 imagel_547086864973
21720 0.049809813499450684 0.028887322172522545 0.015451543964445591 imageu_546917862811
21730 0.03959646821022034 0.02467142790555954 0.015424119308590889 imaged_546939884803
21740 0.021515391767024994 0.011648690328001976 0.0153929702937603 imagel_546902881194
21750 0.03765340894460678 0.02899630181491375 0.01536488439887762 imager_547023868703
21760 0.037945456802845 0.024776889011263847 0.015339392237365246 imagef_547033878707
21770 0.03236633911728859 0.025336872786283493 0.015334554947912693 imager_546941853440
21780 0.10874340683221817 0.07836417853832245 0.015338754281401634 imagef_547086864973
21790 0.06462517380714417 0.04351193085312843 0.015338928438723087 imagef_547030875702
21800 0.06302183866500854 0.03514141961932182 0.015325846150517464 imagef_546931876806
21810 0.01730167120695114 0.01011362113058567 0.015312007628381252 imagel_546890869170
21820 0.06289117783308029 0.04159051179885864 0.015308956615626812 imagef_547002881074
21830 0.6392913460731506 0.5715579986572266 0.015301740728318691 imageu_546841853547
21840 0.35822388529777527 0.3052825927734375 0.015293369069695473 imagel_547200878871
21850 0.04486220329999924 0.03121335618197918 0.015282019972801208 imaged_547103881966
21860 0.05043134093284607 0.02712421491742134 0.015276583842933178 imageu_547038883711
21870 0.04398992657661438 0.02869774028658867 0.015261132270097733 imaged_546916861809
21880 0.037606798112392426 0.022869708016514778 0.015243705362081528 imaged_547120865600
21890 0.05411291867494583 0.034186434000730515 0.015228907577693462 imageu_547116861604
21900 0.02071472257375717 0.017792103812098503 0.015224223025143147 imager_546992871071
21910 0.021556232124567032 0.016655221581459045 0.015209613367915154 imager_546883862169
21920 0.05099079757928848 0.03083575889468193 0.015200565569102764 imageb_547121866605
21930 0.05044978857040405 0.03090295009315014 0.015195532701909542 imageu_547064876339
21940 0.09035509824752808 0.061935920268297195 0.015188001096248627 imagef_547125870610
21950 0.16156135499477386 0.08574695140123367 0.015158764086663723 imageb_547174852869
21960 0.026478247717022896 0.017164532095193863 0.015134922228753567 imaged_546955867436
21970 0.016430562362074852 0.012825962156057358 0.015133311040699482 imagel_546873885533
21980 0.547798216342926 0.501246988773346 0.015135972760617733 imaged_546849861536
21990 0.043461866676807404 0.031670182943344116 0.01513442862778902 imaged_547152864241
22000 0.3774101734161377 0.31148138642311096 0.015133844688534737 imagel_547206884871
22010 0.05087687447667122 0.028574127703905106 0.015129055827856064 imageu_547014859704
22020 0.0406351201236248 0.026080574840307236 0.01511949673295021 imaged_547140885602
22030 0.023024413734674454 0.018447834998369217 0.01510927639901638 imager_546924869806
22040 0.010883833281695843 0.008523157797753811 0.015103369951248169 imagel_547070882331
22050 0.34320247173309326 0.30371028184890747 0.015098793432116508 imagef_547191869875
22060 0.9063071608543396 0.8827312588691711 0.015091164968907833 imager_547183861871
22070 0.039307449012994766 0.02198757417500019 0.015090469270944595 imageb_546897876191
22080 0.06188102811574936 0.038884323090314865 0.015111257322132587 imageu_546977856071
22090 0.26681947708129883 0.21767686307430267 0.01511714980006218 imageu_546851863543
22100 0.04160476103425026 0.025330444797873497 0.015108506195247173 imageb_546928873809
22110 0.06404558569192886 0.0357510931789875 0.015089725144207478 imagef_546911856805
22120 0.09577770531177521 0.054145101457834244 0.015073715709149837 imagef_546875854173
22130 0.2854679226875305 0.24208226799964905 0.015062861144542694 imagef_547176854870
22140 0.062125034630298615 0.032758601009845734 0.015064538456499577 imagef_546902881194
22150 0.05775994062423706 0.030752362683415413 0.015073957853019238 imageu_547040885702
22160 0.04079502075910568 0.025006335228681564 0.015098419040441513 imagef_546997876076
22170 0.03255735710263252 0.019317682832479477 0.015118415467441082 imagef_547006885077
22180 0.057085633277893066 0.032428644597530365 0.015138883143663406 imagef_546922867806
22190 0.06642723828554153 0.04372793063521385 0.015154034830629826 imageu_547125870610
22200 0.011550174094736576 0.008081026375293732 0.015151913277804852 imagel_547126871606
22210 0.04395917057991028 0.027132462710142136 0.015153558924794197 imageb_547036881708
22220 0.0711747258901596 0.03948095440864563 0.015145917423069477 imagef_546938883810
22230 0.07290279120206833 0.05379170924425125 0.015131991356611252 imager_547162874244
22240 0.037011854350566864 0.02340538613498211 0.015103035606443882 imaged_547104882977
22250 0.022743819281458855 0.014200047589838505 0.015080859884619713 imaged_546955867436
22260 0.043901193886995316 0.02451920136809349 0.015075511299073696 imagef_547041853338
22270 0.019566670060157776 0.01569651998579502 0.01509014144539833 imager_546885864170
22280 0.015320437960326672 0.008583663031458855 0.015092514455318451 imagel_547016861703
22290 0.0357491672039032 0.022743217647075653 0.01508976612240076 imaged_547155867242
22300 0.021686425432562828 0.015692155808210373 0.015088929794728756 imager_547031876706
22310 0.03605610132217407 0.021256688982248306 0.015087669715285301 imageb_547033878707
22320 0.8870745897293091 0.8661892414093018 0.015095978043973446 imager_546858870537
22330 0.02637515589594841 0.016592463478446007 0.015101494267582893 imaged_547031876706
22340 0.05973921716213226 0.03248531371355057 0.015099271200597286 imagef_546931876806
22350 0.45968639850616455 0.3975223898887634 0.015106068924069405 imageu_547183861871
22360 0.03381695970892906 0.02074550837278366 0.01510707288980484 imaged_547052864345
22370 0.04039788991212845 0.023157915100455284 0.015095749869942665 imageu_546945857437
22380 0.059155791997909546 0.03352260962128639 0.015103787183761597 imagef_546917862811
22390 0.05087494105100632 0.0385647788643837 0.015111951157450676 imageu_546871883543
22400 0.03151634335517883 0.02337309718132019 0.015119885094463825 imager_546962874438
22410 0.06136563420295715 0.041555147618055344 0.01511277724057436 imaged_547162874244
22420 0.05005131661891937 0.026859229430556297 0.01510176807641983 imageu_547036881708
22430 0.028297701850533485 0.01908847689628601 0.015082821249961853 imager_546922867806
22440 0.04342254623770714 0.024939941242337227 0.015070498920977116 imageb_547057869336
22450 0.049943335354328156 0.029555127024650574 0.015086676925420761 imageb_547024869702
22460 0.9063069224357605 0.8827312588691711 0.015069727785885334 imager_547183861871
22470 0.013909857720136642 0.009332400746643543 0.015045004896819592 imagel_547057869336
22480 0.062215931713581085 0.040194522589445114 0.015034545212984085 imageb_546921866804
22490 0.6153700947761536 0.5227111577987671 0.015030454844236374 imageb_546843855539
22500 0.031124917790293694 0.022984156385064125 0.01503665279597044 imager_546912857810
22510 0.025783341377973557 0.014705694280564785 0.01504060160368681 imaged_547011856705
22520 0.03797679767012596 0.023212015628814697 0.015047522261738777 imageb_546936881803
22530 0.04421750456094742 0.03125732019543648 0.015041621401906013 imaged_547157869236
22540 0.04191470518708229 0.024430682882666588 0.015028690919280052 imagef_547007852711
22550 0.04353473335504532 0.029417816549539566 0.015014573000371456 imaged_547160872234
22560 0.040786806493997574 0.028115952387452126 0.015009170398116112 imaged_546921866804
22570 0.03522524610161781 0.020427364856004715 0.014999481849372387 imagef_547053865336
22580 0.04632166400551796 0.0285508930683136 0.014996026642620564 imageb_546939884803
22590 0.045422282069921494 0.033473219722509384 0.014997867867350578 imager_547098876976
22600 0.050048865377902985 0.028727872297167778 0.015007761307060719 imagef_547004883077
22610 0.07631753385066986 0.05980219691991806 0.014999749138951302 imaged_547171883239
22620 0.028690872713923454 0.017747286707162857 0.015001962892711163 imaged_546989868066
22630 0.04402640089392662 0.024659521877765656 0.015000564977526665 imageu_546985864078
22640 0.023859554901719093 0.014897949062287807 0.01499783806502819 imagel_546939884803
22650 0.03896452113986015 0.02473209798336029 0.01499173417687416 imaged_546943855437
22660 0.0676601380109787 0.03749644011259079 0.014984703622758389 imagef_547162874244
22670 0.46450555324554443 0.44782933592796326 0.014974856749176979 imager_546863875543
22680 0.06480981409549713 0.037269603461027145 0.01495438627898693 imageu_546922867806
22690 0.2589591145515442 0.1873091757297516 0.01494744885712862 imagel_547194872874
22700 0.3836895823478699 0.3237735331058502 0.01496139820665121 imagel_546849861536
22710 0.03970590606331825 0.025211380794644356 0.014958093874156475 imaged_547126871606
22720 0.054429639130830765 0.03380845487117767 0.014955773949623108 imageu_547092870974
22730 0.03842391073703766 0.02725849114358425 0.014961382374167442 imager_547082860970
22740 0.030030593276023865 0.019504018127918243 0.014961155131459236 imager_546911856805
22750 0.612170934677124 0.5186429619789124 0.01495768316090107 imagef_547194872874
22760 0.02245037443935871 0.01452542096376419 0.014962398447096348 imagel_546989868066
22770 0.021665463224053383 0.016236918047070503 0.014961592853069305 imager_546997876076
22780 0.009398028254508972 0.0070433481596410275 0.014957957901060581 imagel_546992871071
22790 0.05167325213551521 0.029105229303240776 0.01494626048952341 imageu_547058870341
22800 0.033836763352155685 0.020491739735007286 0.014935674145817757 imaged_547064876339
22810 0.5521901249885559 0.4576667249202728 0.014925370924174786 imagef_546848860533
22820 0.014234582893550396 0.008602755144238472 0.014907433651387691 imagel_547004883077
22830 0.03755883127450943 0.022779077291488647 0.014892966486513615 imagef_547070882331
22840 0.046040233224630356 0.026317398995161057 0.014882898889482021 imageu_546919864808
22850 0.10961911827325821 0.0801970362663269 0.0148794399574399 imageu_546858870537
22860 0.035872023552656174 0.028225544840097427 0.014905990101397038 imager_547062874337
22870 0.0371372364461422 0.025330394506454468 0.014925552532076836 imaged_547149861238
22880 0.05336742475628853 0.03045845218002796 0.014926223084330559 imageu_546914859807
22890 0.014427169226109982 0.01011798344552517 0.014918167144060135 imagel_547120865600
22900 0.030958572402596474 0.022125814110040665 0.014911796897649765 imager_546945857437
22910 0.013143613934516907 0.009798215702176094 0.01490245945751667 imagel_547030875702
22920 0.0617230087518692 0.04276716709136963 0.014890872873365879 imageb_546973885436
22930 0.04223879426717758 0.029415449127554893 0.014870530925691128 imager_547081859975
22940 0.05410809442400932 0.030651086941361427 0.014854826964437962 imageu_547077855978
22950 0.10337799042463303 0.08595353364944458 0.014835492707788944 imaged_546875854173
22960 0.08710509538650513 0.060013547539711 0.014815948903560638 imageu_547140885602
22970 0.03143656253814697 0.02218075841665268 0.014813616871833801 imaged_547026871704
22980 0.06260121613740921 0.0340145006775856 0.014801600947976112 imagef_546960872437
22990 0.392389714717865 0.3541480600833893 0.014801928773522377 imageu_547167879238
23000 0.03608012571930885 0.028214354068040848 0.014803731814026833 imager_547023868703
23010 0.03540929779410362 0.021093303337693214 0.014801772311329842 imageu_546990869071
23020 0.14641748368740082 0.11077586561441422 0.014814498834311962 imaged_547203881874
23030 0.020668035373091698 0.011314675211906433 0.014814596623182297 imagel_546967879439
23040 0.044466517865657806 0.0301060788333416 0.014828518964350224 imaged_547108853603
23050 0.03240623697638512 0.015594867058098316 0.014863432385027409 imagel_547174852869
23060 0.03062332421541214 0.021219946444034576 0.014867771416902542 imager_546894873172
23070 0.03977573662996292 0.023838916793465614 0.014863882213830948 imagef_546992871071
23080 0.05869537964463234 0.03483554348349571 0.014861391857266426 imageb_547045857339
23090 0.33520206809043884 0.27017319202423096 0.014840316958725452 imagef_547206884871
23100 0.030395258218050003 0.023450374603271484 0.01483228150755167 imager_547116861604
23110 0.0524623841047287 0.028982019051909447 0.014828982762992382 imageu_547070882331
23120 0.05050114542245865 0.029849804937839508 0.01481477078050375 imageu_547104882977
23130 0.022367162629961967 0.012404858134686947 0.014801970683038235 imagel_547177855874
23140 0.0426069051027298 0.025687366724014282 0.014787254855036736 imageb_547035880703
23150 0.02741335704922676 0.016564205288887024 0.01477485429495573 imagel_547035880703
23160 0.030080659314990044 0.01824387162923813 0.014759346842765808 imaged_547094872971
23170 0.07252737134695053 0.044368065893650055 0.014750085771083832 imagef_546943855437
23180 0.010157964192330837 0.007668470498174429 0.014747978188097477 imagel_547070882331
23190 0.016331398859620094 0.00991032738238573 0.014736865647137165 imagel_547111856605
23200 0.9034415483474731 0.879156768321991 0.014717594720423222 imager_547184862870
23210 0.04523295536637306 0.026623429730534554 0.014710774645209312 imageu_546946858444
23220 0.1264769583940506 0.10819381475448608 0.014699181541800499 imageu_547203881874
23230 0.05469970032572746 0.02972462587058544 0.01469069067388773 imagef_546900879170
23240 0.061530351638793945 0.03328334540128708 0.014685813337564468 imagef_546880859173
23250 0.02838575467467308 0.0195558350533247 0.014673113822937012 imagel_547082860970
23260 0.03573053702712059 0.026479313150048256 0.014653999358415604 imager_547121866605
23270 0.08825605362653732 0.06852913647890091 0.014643926173448563 imaged_546878857194
23280 0.053302668035030365 0.02812320366501808 0.014631315134465694 imageu_546936881803
23290 0.030604949221014977 0.019939690828323364 0.014631953090429306 imaged_546990869071
23300 0.027598392218351364 0.022401275113224983 0.014632573351264 imager_547067879338
23310 0.059044595807790756 0.033883802592754364 0.014630258083343506 imageb_547138883611
23320 0.08022657036781311 0.05541601777076721 0.014630298130214214 imageu_547135880603
23330 0.16457267105579376 0.11615195125341415 0.014640805311501026 imagef_546854866535
23340 0.021248312667012215 0.016929905861616135 0.01466257032006979 imager_546888867171
23350 0.04317529499530792 0.025257667526602745 0.014668786898255348 imageu_547033878707
23360 0.053295474499464035 0.03508454188704491 0.01466958224773407 imagef_547145857237
23370 0.3834362328052521 0.31924694776535034 0.014659445732831955 imagel_547205883874
23380 0.03283447027206421 0.021234484389424324 0.01464939210563898 imaged_546972884442
23390 0.021451599895954132 0.011903969570994377 0.014644413255155087 imagel_546943855437
23400 0.0174647755920887 0.011897147633135319 0.014636999927461147 imagel_546928873809
23410 0.021396545693278313 0.014718783088028431 0.01463236939162016 imagel_546934879798
23420 0.043951790779829025 0.029159793630242348 0.014632591046392918 imaged_546933878804
23430 0.04077838361263275 0.0275132954120636 0.014622747898101807 imager_547074852968
23440 0.02806873247027397 0.02131802961230278 0.014610673300921917 imager_547116861604
23450 0.04542458802461624 0.027473198249936104 0.014612171798944473 imageb_547053865336
23460 0.044645022600889206 0.02673865668475628 0.014605874195694923 imageb_547149861238
23470 0.04038254916667938 0.029952995479106903 0.01460892241448164 imager_547149861238
23480 0.023998873308300972 0.010520556010305882 0.014619660563766956 imagel_547181859871
23490 0.0384368933737278 0.024565471336245537 0.014617601409554482 imageb_546994873075
23500 0.047142475843429565 0.02615104615688324 0.014617925509810448 imagef_546950862437
23510 0.04105387255549431 0.023609383031725883 0.014657230116426945 imageu_546970882435
23520 0.03162800520658493 0.018659839406609535 0.0146696288138628 imagef_546990869071
23530 0.036890387535095215 0.023015856742858887 0.014668522402644157 imageb_547064876339
23540 0.02928415685892105 0.020849760621786118 0.014678733423352242 imager_546895874174
23550 0.055732667446136475 0.0310739167034626 0.014697186648845673 imageb_547132877611
23560 0.058789316564798355 0.035260241478681564 0.01470251102000475 imageb_547155867242
23570 0.03210977092385292 0.01731906644999981 0.014706647954881191 imaged_546982861070
23580 0.03573540225625038 0.02289995737373829 0.014701711013913155 imaged_547150862236
23590 0.05028058588504791 0.028830233961343765 0.014688671566545963 imagef_547021866708
23600 0.028626328334212303 0.022124815732240677 0.014677182771265507 imager_546975854071
23610 0.04215104505419731 0.02629648521542549 0.014677662402391434 imaged_546936881803
23620 0.4177601933479309 0.28628936409950256 0.014680935069918633 imageu_547205883874
23630 0.05270371213555336 0.030947143211960793 0.01468321867287159 imagef_547118863609
23640 0.017721625044941902 0.010815260000526905 0.014683970250189304 imagel_547014859704
23650 0.0220571830868721 0.01225117314606905 0.01467986311763525 imagel_547043855348
23660 0.06036677956581116 0.037894684821367264 0.014671196229755878 imageu_546977856071
23670 0.3426547348499298 0.29419001936912537 0.014659155160188675 imagef_547184862870
23680 0.033208124339580536 0.015430633910000324 0.01465179119259119 imagel_547169881238
23690 0.03141108527779579 0.023370411247015 0.014644935727119446 imager_546912857810
23700 0.536469578742981 0.47042611241340637 0.014644240029156208 imageb_547205883874
23710 0.06034261733293533 0.03232738748192787 0.014638243243098259 imageu_547040885702
23720 0.012016103602945805 0.00936761312186718 0.014638807624578476 imagel_547125870610
23730 0.05060762166976929 0.030329851433634758 0.014637929387390614 imageu_547079857970
23740 0.060252655297517776 0.03519663214683533 0.014617588371038437 imageu_547023868703
23750 0.05729003995656967 0.03265433758497238 0.0145974550396204 imagef_546965877440
23760 0.09119312465190887 0.05157303810119629 0.01458955742418766 imagef_546860872536
23770 0.01203172281384468 0.008108002133667469 0.014595108106732368 imagel_547123868601
23780 0.035294607281684875 0.023318156599998474 0.014602499082684517 imager_547079857970
23790 0.04146704822778702 0.024429194629192352 0.014603773131966591 imageb_546900879170
23800 0.3648448586463928 0.3276064991950989 0.014601427130401134 imaged_546856868537
23810 0.04534560814499855 0.02634885162115097 0.014606521464884281 imageu_547016861703
23820 0.04985077306628227 0.027072302997112274 0.014610819518566132 imageu_547057869336
23830 0.12196297943592072 0.10959427058696747 0.014608744531869888 imageu_547162874244
23840 0.05196651443839073 0.02952263504266739 0.01461079716682434 imageu_546914859807
23850 0.018994418904185295 0.010620517656207085 0.014603777788579464 imagel_547021866708
23860 0.02829592116177082 0.022584935650229454 0.01459295954555273 imager_546890869170
23870 0.028067978098988533 0.019733484834432602 0.01458040252327919 imager_546965877440
23880 0.01718004234135151 0.010277602821588516 0.014574592001736164 imagel_546924869806
23890 0.068319171667099 0.04206523299217224 0.014570590108633041 imagef_547149861238
23900 0.013596744276583195 0.009260010905563831 0.014565860852599144 imagel_547001880072
23910 0.034900348633527756 0.0275013018399477 0.014557084999978542 imager_546946858444
23920 0.02532699517905712 0.019765548408031464 0.014550382271409035 imager_546984863078
23930 0.05684860050678253 0.032610636204481125 0.014545050449669361 imagef_547120865600
23940 0.030415087938308716 0.022875146940350533 0.014541642740368843 imager_547069881338
23950 0.03527219593524933 0.01926671527326107 0.014533706940710545 imaged_547057869336
23960 0.06346423178911209 0.03801649436354637 0.014520195312798023 imageb_547094872971
23970 0.057768601924180984 0.03547798842191696 0.014522259123623371 imageu_547081859975
23980 0.04808516055345535 0.02855563350021839 0.014526491984724998 imageu_546887866191
23990 0.07680394500494003 0.07033330202102661 0.01451574731618166 imageu_547160872234
24000 0.04579808935523033 0.026545453816652298 0.014498240314424038 imagef_546980859076
24010 0.026793990284204483 0.01660807803273201 0.014486994594335556 imaged_547074852968
24020 0.04049842059612274 0.026311736553907394 0.014470391906797886 imaged_546973885436
24030 0.03899212181568146 0.022525370121002197 0.014457673765718937 imageu_547026871704
24040 0.6147734522819519 0.5221019983291626 0.014446188695728779 imageb_546839884906
24050 0.038570061326026917 0.022854957729578018 0.014430399984121323 imagef_546955867436
24060 0.1706717163324356 0.10096698254346848 0.0144211919978261 imageb_547177855874
24070 0.021613838151097298 0.013703848235309124 0.01441183965653181 imagel_546987866076
24080 0.9140370488166809 0.8923981189727783 0.014408673159778118 imager_547181859871
24090 0.03747037053108215 0.026656195521354675 0.014419912360608578 imager_547130875605
24100 0.22263731062412262 0.18899892270565033 0.014431150630116463 imaged_547200878871
24110 0.0418374240398407 0.023959795013070107 0.014442937448620796 imageu_546968880435
24120 0.5567329525947571 0.4784891605377197 0.014451385475695133 imageb_546846858536
24130 0.04861194267868996 0.0372006855905056 0.014459767378866673 imager_547075853978
24140 0.014828208833932877 0.010700933635234833 0.014449103735387325 imagel_547052864345
24150 0.888237714767456 0.8601586818695068 0.014434396289288998 imager_547194872874
24160 0.015353785827755928 0.008747857064008713 0.014456615783274174 imagel_546931876806
24170 0.9080497622489929 0.884918749332428 0.01446794904768467 imager_547188866869
24180 0.05222458019852638 0.02905607968568802 0.014461342245340347 imageu_546912857810
24190 0.035590484738349915 0.022335762158036232 0.014449026435613632 imaged_546967879439
24200 0.04059538617730141 0.02490806020796299 0.014435249380767345 imageb_547047859335
24210 0.021372433751821518 0.018643654882907867 0.014427960850298405 imager_546994873075
24220 0.013011911883950233 0.0083328727632761 0.014415526762604713 imagel_547057869336
24230 0.03872399404644966 0.024929406121373177 0.014411065727472305 imageb_546873885533
24240 0.04091737046837807 0.026079878211021423 0.014407003298401833 imaged_546933878804
24250 0.03566502779722214 0.023551642894744873 0.014410004951059818 imaged_547082860970
24260 0.06956656277179718 0.04382679983973503 0.014406369999051094 imagef_547150862236
24270 0.018569884821772575 0.012265167199075222 0.014410426840186119 imagel_547018863705
24280 0.02682199329137802 0.014839695766568184 0.014409844763576984 imagel_547060872343
24290 0.03232579305768013 0.02336825244128704 0.014403097331523895 imager_547058870341
24300 0.051104240119457245 0.03093269094824791 0.014395435340702534 imagef_547113858603
24310 0.05514923483133316 0.0369965098798275 0.014385637827217579 imagef_547092870974
24320 0.019291557371616364 0.011041177436709404 0.014387689530849457 imagel_546963875440
24330 0.02299024537205696 0.017136815935373306 0.014373290352523327 imager_546934879798
24340 0.04848558083176613 0.027992695569992065 0.014365051873028278 imagef_546953865434
24350 0.05524538829922676 0.03129218891263008 0.014366613700985909 imageb_547111856605
24360 0.5356568098068237 0.44293826818466187 0.014363640919327736 imageb_547188866869
24370 0.04560872167348862 0.03111460618674755 0.014360873959958553 imaged_547108853603
24380 0.4584020972251892 0.3859734833240509 0.01436616200953722 imageb_546849861536
24390 0.546531617641449 0.5007677674293518 0.014363125897943974 imaged_546848860533
24400 0.035658709704875946 0.02272282913327217 0.014357639476656914 imaged_547047859335
24410 0.34317725896835327 0.30399879813194275 0.014360123313963413 imagef_547191869875
24420 0.5675097703933716 0.5054011940956116 0.014374710619449615 imageb_547203881874
24430 0.05859500169754028 0.034374114125967026 0.014376748353242874 imageu_546883862169
24440 0.012768568471074104 0.0073833344504237175 0.014363388530910015 imagel_546936881803
24450 0.08777107298374176 0.0728522464632988 0.01434357650578022 imageu_547152864241
24460 0.15447565913200378 0.1299130767583847 0.014326739124953747 imagel_546851863543
24470 0.046003129333257675 0.028668725863099098 0.014331752434372902 imagef_547103881966
24480 0.05912890285253525 0.034763071686029434 0.014330928213894367 imagef_547060872343
24490 0.04509524255990982 0.03215739503502846 0.014331046491861343 imaged_546895874174
24500 0.0578853003680706 0.032613176852464676 0.014330720528960228 imagef_546922867806
24510 0.017229123041033745 0.0105008315294981 0.014338118955492973 imagel_547006885077
24520 0.04695909842848778 0.02779223397374153 0.014330903999507427 imageu_547064876339
24530 0.030070466920733452 0.020459339022636414 0.014316525310277939 imager_547041853338
24540 0.049184221774339676 0.02481893263757229 0.014295621775090694 imageu_546982861070
24550 0.025461802259087563 0.01858905516564846 0.014296061359345913 imager_547035880703
24560 0.04389604181051254 0.025782639160752296 0.014296877197921276 imageb_546980859076
24570 0.019039705395698547 0.0104788513854146 0.014280620962381363 imagel_546968880435
24580 0.26629504561424255 0.21734511852264404 0.014266962185502052 imageu_546851863543
24590 0.08781249076128006 0.06635016947984695 0.01425844430923462 imager_547164876237
24600 0.03828921541571617 0.026493562385439873 0.014253973960876465 imaged_547154866233
24610 0.061514731496572495 0.03861960023641586 0.014256434515118599 imageb_547109854609
24620 0.024150360375642776 0.016226917505264282 0.01424190029501915 imagel_546989868066
24630 0.03368562459945679 0.02214709483087063 0.01423297356814146 imaged_546985864078
24640 0.16049326956272125 0.11391700804233551 0.01422981545329094 imagel_547186864875
24650 0.0553220771253109 0.0320429727435112 0.014219793491065502 imageu_547011856705
24660 0.1282883584499359 0.0633893832564354 0.014216921292245388 imagef_547171883239
24670 0.04132882505655289 0.028536425903439522 0.014234829694032669 imaged_547159871241
24680 0.33422133326530457 0.2693651020526886 0.014254378154873848 imagef_547206884871
24690 0.1211031824350357 0.0810224637389183 0.014257551170885563 imagel_547189867877
24700 0.05246856063604355 0.032637130469083786 0.014268363825976849 imagef_547065877343
24710 0.04684430733323097 0.026334477588534355 0.014263894408941269 imageb_546916861809
24720 0.052115753293037415 0.031151914969086647 0.014268587343394756 imagef_546871883543
24730 0.31118616461753845 0.23076625168323517 0.01426765974611044 imagel_547198876871
24740 0.9167709350585938 0.8958161473274231 0.014257722534239292 imager_547186864875
24750 0.025441104546189308 0.0164314154535532 0.014242847450077534 imager_547053865336
24760 0.054545480757951736 0.028916124254465103 0.01423751749098301 imageu_547043855348
24770 0.0522545650601387 0.033784862607717514 0.014230011031031609 imageb_547089867973
24780 0.03574128821492195 0.02192334085702896 0.014222627505660057 imageb_547064876339
24790 0.08212186396121979 0.06727219372987747 0.014222774654626846 imaged_546887866191
24800 0.0699196457862854 0.03868908807635307 0.014220570214092731 imagef_546938883810
24810 0.2983633875846863 0.23982195556163788 0.014215151779353619 imageu_546849861536
24820 0.06022500619292259 0.03462837636470795 0.014218921773135662 imagef_546968880435
24830 0.3403092324733734 0.29375216364860535 0.014236143790185452 imageu_547177855874
24840 0.07783150672912598 0.04145141690969467 0.014257802627980709 imagef_546856868537
24850 0.03272349759936333 0.020051347091794014 0.014294992201030254 imaged_546967879439
24860 0.03565350919961929 0.022007882595062256 0.014324645511806011 imageb_547058870341
24870 0.05291328206658363 0.02996845729649067 0.01432852353900671 imagef_546948860438
24880 0.01611878164112568 0.010739337652921677 0.014342998154461384 imagel_547160872234
24890 0.06042036414146423 0.039299171417951584 0.014343883842229843 imageu_546860872536
24900 0.1863228976726532 0.1388978213071823 0.014340349473059177 imagel_547193871872
24910 0.032212696969509125 0.01716282032430172 0.014331775717437267 imaged_546982861070
24920 0.0544244684278965 0.035709578543901443 0.014322042465209961 imagef_546871883543
24930 0.021275153383612633 0.014752369374036789 0.014321204274892807 imager_547035880703
24940 0.05556390434503555 0.030445521697402 0.014314044266939163 imageu_546938883810
24950 0.3581154942512512 0.30516517162323 0.014296297915279865 imagel_547200878871
24960 0.04970728978514671 0.03191392868757248 0.014282445423305035 imagef_546882861171
24970 0.06096027046442032 0.03643808513879776 0.01427221018821001 imageb_547094872971
24980 0.5465306043624878 0.5007677674293518 0.0142619414255023 imaged_546848860533
24990 0.023553699254989624 0.018902497366070747 0.014257833361625671 imager_546926871803
25000 0.056901805102825165 0.0394546203315258 0.014251205138862133 imageb_546973885436
25010 0.037073444575071335 0.02275405265390873 0.014238848350942135 imageb_546948860438
25020 0.05161144584417343 0.025759773328900337 0.014237979426980019 imageu_546967879439
25030 0.03161007910966873 0.026544658467173576 0.014229944907128811 imager_547036881708
25040 0.03749939054250717 0.020427951589226723 0.01423632726073265 imageb_546996875070
25050 0.18897338211536407 0.14067387580871582 0.014232584275305271 imageb_546858870537
25060 0.041610702872276306 0.023570770397782326 0.014227502048015594 imageu_546965877440
25070 0.03417094424366951 0.02488747611641884 0.014224382117390633 imager_547121866605
25080 0.013716896995902061 0.008545201271772385 0.014210822992026806 imagel_547118863609
25090 0.09589415788650513 0.054252080619335175 0.014201008714735508 imagef_546860872536
25100 0.01827426813542843 0.011397424153983593 0.014191221445798874 imagel_546890869170
25110 0.079445980489254 0.057871874421834946 0.0141676664352417 imageb_546863875543
25120 0.9154690504074097 0.8941931128501892 0.014151928015053272 imager_547176854870
25130 0.02424878068268299 0.018807154148817062 0.014176761731505394 imager_546987866076
25140 0.017190614715218544 0.01213955506682396 0.014193497598171234 imagel_546990869071
25150 0.02249307744204998 0.016835197806358337 0.014187121763825417 imager_546934879798
25160 0.9080470204353333 0.884918749332428 0.01419246755540371 imager_547188866869
25170 0.05222558602690697 0.029300261288881302 0.014188396744430065 imageu_546916861809
25180 0.015429003164172173 0.010477517731487751 0.01417908351868391 imagel_547002881074
25190 0.051066458225250244 0.03393866494297981 0.01417008601129055 imagef_547092870974
25200 0.027607733383774757 0.01631847582757473 0.014167039655148983 imaged_547035880703
25210 0.04722898453474045 0.029244937002658844 0.014167946763336658 imagef_547058870341
25220 0.0618765614926815 0.039397355169057846 0.014164814725518227 imageu_546875854173
25230 0.05390626937150955 0.032365862280130386 0.014159811660647392 imagef_547121866605
25240 0.03919306769967079 0.030118538066744804 0.014158261939883232 imageb_546868880541
25250 0.290924608707428 0.25551488995552063 0.014162165112793446 imaged_547183861871
25260 0.04597202315926552 0.03930893540382385 0.014154604636132717 imager_547125870610
25270 0.03342759609222412 0.019405215978622437 0.014156238175928593 imageu_546953865434
25280 0.0442303791642189 0.031321633607149124 0.014166443608701229 imaged_546895874174
25290 0.36065906286239624 0.2894767224788666 0.014164182357490063 imaged_547198876871
25300 0.03700236976146698 0.023231003433465958 0.014160038903355598 imaged_547064876339
25310 0.0341668576002121 0.02433452382683754 0.014155447483062744 imager_547014859704
25320 0.035724423825740814 0.027740154415369034 0.014141018502414227 imager_547138883611
25330 0.013852467760443687 0.009089628234505653 0.014123369939625263 imagel_547106884970
25340 0.02996344491839409 0.019429704174399376 0.01410441193729639 imaged_547019864709
25350 0.030192594975233078 0.021708883345127106 0.014085602015256882 imager_547009854705
25360 0.04613650217652321 0.026892680674791336 0.014075905084609985 imageb_547006885077
25370 0.10710826516151428 0.09627696871757507 0.014075695537030697 imaged_546871883543
25380 0.0384187325835228 0.02128845639526844 0.014085354283452034 imageu_546950862437
25390 0.04572846740484238 0.02593810297548771 0.014080114662647247 imageu_546919864808
25400 0.04712328314781189 0.027469100430607796 0.01407621894031763 imagef_546979858070
25410 0.051696594804525375 0.028308255597949028 0.014080979861319065 imageu_547070882331
25420 0.034506216645240784 0.027233820408582687 0.014089830219745636 imager_547118863609
25430 0.02641528844833374 0.02057267352938652 0.01410290040075779 imager_546890869170
25440 0.04501798376441002 0.031111910939216614 0.014101522043347359 imaged_547142854240
25450 0.05293085426092148 0.03232593089342117 0.014120540581643581 imageu_547115860606
25460 0.10030116885900497 0.08327402174472809 0.014137249439954758 imaged_546875854173
25470 0.0266314335167408 0.019492901861667633 0.014146646484732628 imager_546936881803
25480 0.027778513729572296 0.019044945016503334 0.014144140295684338 imagel_547082860970
25490 0.02782227285206318 0.01723491959273815 0.014132856391370296 imaged_547006885077
25500 0.23674866557121277 0.17230530083179474 0.014126219786703587 imagef_546853865537
25510 0.06175209954380989 0.03722438961267471 0.014089561067521572 imagef_547160872234
25520 0.029805868864059448 0.017604485154151917 0.014056719839572906 imaged_547116861604
25530 0.04561510682106018 0.026571432128548622 0.014041409827768803 imageb_547121866605
25540 0.01535335835069418 0.009144311770796776 0.014034116640686989 imagel_547116861604
25550 0.050126396119594574 0.02813519723713398 0.014031512662768364 imagef_546958870432
25560 0.05340464040637016 0.029851220548152924 0.014030194841325283 imageu_547077855978
25570 0.012453376315534115 0.00853476207703352 0.014019807800650597 imagel_547179857873
25580 0.02078302763402462 0.012130661867558956 0.01401753630489111 imagel_547137882603
25590 0.02925020270049572 0.02296639233827591 0.014009889215230942 imager_547001880072
25600 0.056346163153648376 0.0374610461294651 0.014002637937664986 imageb_547030875702
25610 0.05286998301744461 0.031180378049612045 0.013992544263601303 imagef_547021866708
25620 0.05119848623871803 0.035515327006578445 0.013989368453621864 imaged_546897876191
25630 0.16747364401817322 0.10510449856519699 0.013986893929541111 imagef_547169881238
25640 0.02969479374587536 0.0178836602717638 0.013996100053191185 imaged_547075853978
25650 0.03396330401301384 0.021480269730091095 0.01400013454258442 imageb_546953865434
25660 0.36346134543418884 0.32822704315185547 0.014002438634634018 imageu_547166878243
25670 0.06717702746391296 0.04016910120844841 0.01400973740965128 imageb_547157869236
25680 0.0522659569978714 0.029837757349014282 0.014021682552993298 imageu_547058870341
25690 0.04295814037322998 0.02715829759836197 0.01403005886822939 imagef_546990869071
25700 0.14474502205848694 0.07962287217378616 0.014034487307071686 imageb_547176854870
25710 0.04502469673752785 0.026719193905591965 0.014030017890036106 imagef_547016861703
25720 0.01905915141105652 0.01539405807852745 0.014028318226337433 imager_546887866191
25730 0.0788278728723526 0.04159634932875633 0.014037256129086018 imagef_546878857194
25740 0.06222828850150108 0.04082275554537773 0.014037436805665493 imaged_546905884197
25750 0.03891043737530708 0.023884540423750877 0.014038678258657455 imagef_546956868435
25760 0.03765380010008812 0.021593892946839333 0.014048880897462368 imageb_546962874438
25770 0.23482872545719147 0.17945022881031036 0.014062491245567799 imageu_547193871872
25780 0.4630386233329773 0.37518176436424255 0.01408391259610653 imageu_547191869875
25790 0.04240480437874794 0.026247477158904076 0.014088576659560204 imageb_546999878077
25800 0.0518256239593029 0.028166180476546288 0.01408801507204771 imageb_546982861070
25810 0.034669406712055206 0.022316476330161095 0.01408847700804472 imaged_547016861703
25820 0.0470401905477047 0.029454484581947327 0.014082401990890503 imagef_547067879338
25830 0.031196407973766327 0.02246149070560932 0.014085010625422001 imager_546945857437
25840 0.040899015963077545 0.02613212540745735 0.014074842445552349 imaged_546973885436
25850 0.02533755451440811 0.014967049472033978 0.014058876782655716 imagel_546861873539
25860 0.03946799039840698 0.02448084019124508 0.014050604775547981 imaged_546939884803
25870 0.038843799382448196 0.0251424852758646 0.01403735764324665 imageb_546958870432
25880 0.0445714108645916 0.029952291399240494 0.014021026901900768 imaged_547147859235
25890 0.03250687196850777 0.015362056903541088 0.014008221216499805 imagel_547162874244
25900 0.04846185818314552 0.02981138974428177 0.013998551294207573 imagef_547052864345
25910 0.34477904438972473 0.26080599427223206 0.013990857638418674 imagef_546851863543
25920 0.03229103237390518 0.02112058736383915 0.013988564722239971 imaged_547115860606
25930 0.01590551994740963 0.010930926539003849 0.013980378396809101 imagel_547047859335
25940 0.029484832659363747 0.01760905794799328 0.013975114561617374 imaged_547094872971
25950 0.037449438124895096 0.022421667352318764 0.013971125707030296 imageb_547014859704
25960 0.036156054586172104 0.02145877294242382 0.013961322605609894 imaged_547111856605
25970 0.16597114503383636 0.13190504908561707 0.013949776999652386 imageu_546856868537
25980 0.020532047376036644 0.011261219158768654 0.013945477083325386 imagel_546967879439
25990 0.3652046024799347 0.32793501019477844 0.013939361087977886 imaged_546856868537
26000 0.045492637902498245 0.028066862374544144 0.013929225504398346 imageb_546972884442
26010 0.012394370511174202 0.009800001978874207 0.01393213588744402 imagel_546955867436
26020 0.0353071391582489 0.025073464959859848 0.013936229050159454 imager_547043855348
26030 0.05684708431363106 0.03314639627933502 0.013923575170338154 imageb_546922867806
26040 0.0383172333240509 0.02558448165655136 0.01390698179602623 imaged_547135880603
26050 0.019914468750357628 0.01110290177166462 0.013899228535592556 imagel_546977856071
26060 0.04113190248608589 0.02445164881646633 0.01389931421726942 imageu_547018863705
26070 0.04366207495331764 0.025037849321961403 0.013909772969782352 imageu_547006885077
26080 0.018023941665887833 0.011519906111061573 0.013911751098930836 imagel_547099877967
26090 0.043457262217998505 0.025461697950959206 0.013900727964937687 imageb_547150862236
26100 0.02069244161248207 0.012080900371074677 0.013915597461163998 imagel_547137882603
26110 0.015493771992623806 0.009191986173391342 0.013922492042183876 imagel_546856868537
26120 0.055421244353055954 0.03210849314928055 0.013946667313575745 imagef_547077855978
26130 0.3288038671016693 0.2748190760612488 0.01395567599684 imageb_547201879876
26140 0.05984804034233093 0.033439405262470245 0.013951129280030727 imagef_546911856805
26150 0.04624845087528229 0.031944967806339264 0.013947268016636372 imaged_547089867973
26160 0.16114258766174316 0.13611257076263428 0.01394607499241829 imaged_547172884238
26170 0.24792158603668213 0.21300697326660156 0.01394586730748415 imageu_546854866535
26180 0.04951418563723564 0.028229285031557083 0.013937530107796192 imagef_547118863609
26190 0.04987357184290886 0.02727203071117401 0.013931497000157833 imageu_547035880703
26200 0.031962864100933075 0.019633393734693527 0.01393025740981102 imaged_547014859704
26210 0.012049045413732529 0.008693818934261799 0.01393661554902792 imagel_547126871606
26220 0.04146365821361542 0.02723206765949726 0.013937562704086304 imageb_547126871606
26230 0.041596852242946625 0.02674553170800209 0.013933628797531128 imageb_547069881338
26240 0.05286134406924248 0.02957243099808693 0.01393372006714344 imageb_547118863609
26250 0.04282650724053383 0.023835770785808563 0.013945598155260086 imageu_546965877440
26260 0.23175328969955444 0.17762057483196259 0.013940062373876572 imageu_547193871872
26270 0.04841193929314613 0.026008183136582375 0.01393006183207035 imagef_547040885702
26280 0.044709984213113785 0.0263148732483387 0.013918709941208363 imageb_547023868703
26290 0.19267621636390686 0.1382472962141037 0.013913859613239765 imagef_547172884238
26300 0.04036758840084076 0.03231165558099747 0.013907107524573803 imageu_546866878536
26310 0.043497081845998764 0.026053138077259064 0.013897454366087914 imagef_547101879972
26320 0.0425955168902874 0.024803034961223602 0.013882466591894627 imageu_546987866076
26330 0.07152289152145386 0.04931262135505676 0.013875660486519337 imageu_547137882603
26340 0.052826639264822006 0.02941324934363365 0.01386971864849329 imagef_546982861070
26350 0.04466231167316437 0.03198857232928276 0.013851472176611423 imaged_547091869975
26360 0.022269686684012413 0.016935991123318672 0.01383859571069479 imager_546956868435
26370 0.044930350035429 0.029484283179044724 0.013825880363583565 imaged_547101879972
26380 0.0449543222784996 0.025830063968896866 0.013811190612614155 imageu_546975854071
26390 0.3818693161010742 0.33623918890953064 0.013812662102282047 imagef_547189867877
26400 0.07651223987340927 0.043086085468530655 0.013815558515489101 imagef_546967879439
26410 0.06176544725894928 0.04778250306844711 0.013819169253110886 imaged_546885864170
26420 0.011664911173284054 0.008198864758014679 0.013811754062771797 imagel_547028873712
26430 0.046803511679172516 0.035380877554416656 0.013802832923829556 imageb_546866878536
26440 0.03898471221327782 0.027098283171653748 0.013798152096569538 imager_547079857970
26450 0.027308374643325806 0.01912832260131836 0.013795493170619011 imager_547115860606
26460 0.09129386395215988 0.07254821062088013 0.013805869035422802 imagel_547086864973
26470 0.04829585179686546 0.02552972361445427 0.013811606913805008 imageb_546892871169
26480 0.08763948827981949 0.06914079189300537 0.0138078723102808 imaged_547166878243
26490 0.03149695694446564 0.019566606730222702 0.013834835030138493 imaged_547137882603
26500 0.03717445209622383 0.02854475937783718 0.013839649967849255 imageu_546863875543
26510 0.035301681607961655 0.015453637577593327 0.01382782869040966 imagel_547157869236
26520 0.03136312589049339 0.02114308625459671 0.013815337792038918 imager_547043855348
26530 0.033378470689058304 0.02475566230714321 0.013808747753500938 imager_547135880603
26540 0.05951758846640587 0.038819100707769394 0.013798884116113186 imagef_547081859975
26550 0.22891713678836823 0.17331282794475555 0.01379033736884594 imageb_546856868537
26560 0.0652012750506401 0.040408022701740265 0.013796056620776653 imagef_546887866191
26570 0.015779370442032814 0.013865681365132332 0.0138131994754076 imager_546868880541
26580 0.03716119006276131 0.029640255495905876 0.013824325986206532 imager_547016861703
26590 0.05565628036856651 0.030389273539185524 0.013831214047968388 imageb_547132877611
26600 0.032218050211668015 0.018865350633859634 0.013840007595717907 imageb_546931876806
26610 0.02587217278778553 0.020214322954416275 0.013832871802151203 imager_546914859807
26620 0.03450153395533562 0.02055113948881626 0.013828073628246784 imaged_547099877967
26630 0.0544150248169899 0.03267687186598778 0.013826107606291771 imagef_547108853603
26640 0.059255558997392654 0.03611605614423752 0.013823327608406544 imageb_547166878243
26650 0.5776047706604004 0.4862096309661865 0.0138408737257123 imagef_546843855539
26660 0.04601094126701355 0.02765084058046341 0.013856559991836548 imageb_547142854240
26670 0.1461801528930664 0.11065061390399933 0.01386046689003706 imaged_547203881874
26680 0.046359941363334656 0.027205808088183403 0.013864174485206604 imageb_547006885077
26690 0.026193223893642426 0.018527446314692497 0.013871151022613049 imagel_546989868066
26700 0.06157801300287247 0.03223342075943947 0.013884762302041054 imagef_546902881194
26710 0.3514624536037445 0.3014610707759857 0.013893280178308487 imageb_547193871872
26720 0.019461840391159058 0.015151658095419407 0.013879424892365932 imager_547033878707
26730 0.04841328784823418 0.03733214735984802 0.013866160064935684 imager_547160872234
26740 0.0614410936832428 0.03876962885260582 0.013851610943675041 imageb_547104882977
26750 0.03951339051127434 0.025061605498194695 0.013845655135810375 imaged_547140885602
26760 0.047129109501838684 0.028572579845786095 0.013838615268468857 imagef_547062874337
26770 0.03886007145047188 0.021202770993113518 0.013830713927745819 imageu_546950862437
26780 0.34253033995628357 0.3039950132369995 0.013832013122737408 imagef_547191869875
26790 0.5364614129066467 0.47042611241340637 0.013829388655722141 imageb_547205883874
26800 0.045501165091991425 0.027724966406822205 0.01382017508149147 imagef_546924869806
26810 0.021198611706495285 0.012746984139084816 0.01382078044116497 imagel_547062874337
26820 0.025800347328186035 0.014158093370497227 0.013814552687108517 imagel_546909854806
26830 0.530018150806427 0.4125911593437195 0.013810931704938412 imageu_547196874870
26840 0.06120096519589424 0.043521344661712646 0.01380321104079485 imagef_547154866233
26850 0.01651013270020485 0.010839376598596573 0.013795990496873856 imagel_546912857810
26860 0.032012686133384705 0.025440825149416924 0.013786542229354382 imager_546963875440
26870 0.1949705332517624 0.12085503339767456 0.013773340731859207 imageb_547172884238
26880 0.04081377387046814 0.02618781290948391 0.013767598196864128 imaged_547126871606
26890 0.03916042670607567 0.02160581760108471 0.013766013085842133 imageu_546928873809
26900 0.1675611436367035 0.10690782964229584 0.013762501068413258 imageb_547179857873
26910 0.45829305052757263 0.3858546316623688 0.013764484785497189 imageb_546849861536
26920 0.5849728584289551 0.49181804060935974 0.013762910850346088 imagef_546846858536
26930 0.04680357500910759 0.030301416292786598 0.013755302876234055 imagef_547079857970
26940 0.061127908527851105 0.03558265045285225 0.013743991032242775 imagef_546919864808
26950 0.04673091322183609 0.03989517316222191 0.01374894194304943 imager_547125870610
26960 0.015131361782550812 0.00895913876593113 0.013759174384176731 imagel_546950862437
26970 0.023066191002726555 0.016954291611909866 0.013767505064606667 imager_546916861809
26980 0.1256173551082611 0.06225912272930145 0.013765283860266209 imagef_547171883239
26990 0.04844985902309418 0.025861622765660286 0.013781294226646423 imageu_546980859076
27000 0.923844575881958 0.9046662449836731 0.01378068421036005 imager_547179857873
27010 0.036309417337179184 0.022788431495428085 0.013763707131147385 imaged_547092870974
27020 0.02738775499165058 0.015536767430603504 0.013753924518823624 imagel_547060872343
27030 0.01677650585770607 0.008840254507958889 0.013748148456215858 imagel_546960872437
27040 0.049324240535497665 0.029548976570367813 0.013737654313445091 imageb_547152864241
27050 0.06364473700523376 0.04719771444797516 0.013737333007156849 imaged_547125870610
27060 0.5477842092514038 0.501246988773346 0.013733820989727974 imaged_546849861536
27070 0.024167468771338463 0.01609814539551735 0.01373868528753519 imaged_546999878077
27080 0.1284709870815277 0.10065900534391403 0.013735459186136723 imagel_547087865974
27090 0.05160057172179222 0.03557797893881798 0.013728025369346142 imaged_546897876191
27100 0.05256199464201927 0.031289245933294296 0.013726002536714077 imageu_547079857970
27110 0.9140301942825317 0.8923981189727783 0.013720731250941753 imager_547181859871
27120 0.04997367784380913 0.029167629778385162 0.013710849918425083 imagef_547099877967
27130 0.037321943789720535 0.023227058351039886 0.013708027079701424 imaged_547104882977
27140 0.3090323209762573 0.2598091959953308 0.013714432716369629 imagef_547200878871
27150 0.04391782358288765 0.025462744757533073 0.013703634031116962 imageb_546950862437
27160 0.034992992877960205 0.02054847776889801 0.013686359860002995 imaged_547024869702
27170 0.0449087917804718 0.026309246197342873 0.013673161156475544 imageb_547057869336
27180 0.0304331686347723 0.019223909825086594 0.013670112006366253 imaged_546924869806
27190 0.009649021551012993 0.007745882961899042 0.013666287064552307 imagel_546883862169
27200 0.04087929427623749 0.032420966774225235 0.013654574751853943 imageu_546865877539
27210 0.022923151031136513 0.01838480308651924 0.013644780963659286 imager_546924869806
27220 0.04163601994514465 0.02835123799741268 0.013639852404594421 imager_547074852968
27230 0.07351352274417877 0.05493317171931267 0.013636365532875061 imaged_546883862169
27240 0.01778969168663025 0.011117968708276749 0.01363903097808361 imagel_546951863443
27250 0.011555925011634827 0.008389287628233433 0.01364908181130886 imagel_547113858603
27260 0.27963224053382874 0.23937419056892395 0.013660137541592121 imagef_547176854870
27270 0.017198599874973297 0.010722205974161625 0.013665063306689262 imagel_547018863705
27280 0.020875822752714157 0.01584565080702305 0.013661808334290981 imager_546955867436
27290 0.029941165819764137 0.021631505340337753 0.013660448603332043 imagef_546866878536
27300 0.02788124419748783 0.015934037044644356 0.013659142889082432 imagel_546941853440
27310 0.024150097742676735 0.010754392482340336 0.013650540262460709 imagel_547181859871
27320 0.04516018182039261 0.029675671830773354 0.013654053211212158 imaged_547109854609
27330 0.06649664044380188 0.03903671354055405 0.013657416217029095 imageu_547101879972
27340 0.0726749524474144 0.04789399728178978 0.013655154965817928 imageb_547164876237
27350 0.011916907504200935 0.008338633924722672 0.01366307120770216 imagel_547143855237
27360 0.051588620990514755 0.030192403122782707 0.013670040294528008 imageu_547113858603
27370 0.04393754526972771 0.024505751207470894 0.013673507608473301 imageu_546911856805
27380 0.025119194760918617 0.01737779565155506 0.01368009950965643 imager_547007852711
27390 0.02827358804643154 0.016766581684350967 0.013684348203241825 imagel_547060872343
27400 0.042667169123888016 0.023571085184812546 0.013682636432349682 imagef_546953865434
27410 0.009238552302122116 0.00842727068811655 0.013695193454623222 imagel_546866878536
27420 0.4141344428062439 0.36300671100616455 0.013703829608857632 imagel_546844856539
27430 0.0092123132199049 0.0069290753453969955 0.013707226142287254 imagel_546992871071
27440 0.011389226652681828 0.007231476716697216 0.01370240654796362 imagel_547179857873
27450 0.037302710115909576 0.02720979042351246 0.013696005567908287 imager_547094872971
27460 0.2293054461479187 0.1651596873998642 0.013697835616767406 imageb_547184862870
27470 0.042778465896844864 0.03440272808074951 0.013713632710278034 imageu_546868880541
27480 0.04698256030678749 0.026662083342671394 0.01371840387582779 imageu_547055867337
27490 0.04720078781247139 0.030253443866968155 0.013705478049814701 imageu_547121866605
27500 0.3630331754684448 0.31667232513427734 0.013691849075257778 imageu_547169881238
27510 0.03433554619550705 0.018748462200164795 0.01368800736963749 imaged_547057869336
27520 0.12655073404312134 0.09907287359237671 0.013675772584974766 imagel_547087865974
27530 0.04353121295571327 0.027008619159460068 0.013658667914569378 imagef_547058870341
27540 0.05442383140325546 0.031094416975975037 0.013644251972436905 imageb_547118863609
27550 0.04134035110473633 0.025247057899832726 0.013651316985487938 imageb_547036881708
27560 0.06264930963516235 0.03683383762836456 0.013661842793226242 imageu_547101879972
27570 0.03940669074654579 0.028158606961369514 0.0136633375659585 imaged_547152864241
27580 0.05278686061501503 0.02864273637533188 0.013658128678798676 imagef_547043855348
27590 0.033815618604421616 0.020197652280330658 0.01366630382835865 imaged_547099877967
27600 0.0513150580227375 0.032624516636133194 0.013673070818185806 imageb_547089867973
27610 0.04229317232966423 0.02511289156973362 0.013663232326507568 imageb_546900879170
27620 0.055921122431755066 0.03660764917731285 0.013659183867275715 imaged_546892871169
27630 0.015470790676772594 0.009384610690176487 0.013659416697919369 imagel_546950862437
27640 0.016760725528001785 0.010229581035673618 0.013658931478857994 imagel_547098876976
27650 0.009181643836200237 0.007412763778120279 0.013664905913174152 imagel_546882861171
27660 0.041674792766571045 0.02639572136104107 0.013682841323316097 imageb_547069881338
27670 0.05322118476033211 0.02926000952720642 0.013683261349797249 imagef_546922867806
27680 0.12260489165782928 0.08287940174341202 0.013677866198122501 imagel_547189867877
27690 0.06236482411623001 0.037420615553855896 0.013665297999978065 imagef_547150862236
27700 0.01884598284959793 0.014382784254848957 0.013665321283042431 imager_546955867436
27710 0.053390756249427795 0.028964633122086525 0.013657153584063053 imageb_546894873172
27720 0.036480169743299484 0.02315741963684559 0.013662880286574364 imageb_546963875440
27730 0.22321376204490662 0.15115641057491302 0.013668814674019814 imagel_547196874870
27740 0.07891903072595596 0.04188726097345352 0.013666790910065174 imagef_546878857194
27750 0.04456638917326927 0.03468852490186691 0.013659252785146236 imager_547089867973
27760 0.03519488126039505 0.02051861211657524 0.013661425560712814 imageb_546945857437
27770 0.05403292551636696 0.030254051089286804 0.013655619695782661 imagef_547120865600
27780 0.535649836063385 0.44293826818466187 0.013666114769876003 imageb_547188866869
27790 0.6121581196784973 0.5186429619789124 0.013674437068402767 imagef_547194872874
27800 0.03384541720151901 0.02446826361119747 0.013667233288288116 imager_547060872343
27810 0.3067845404148102 0.2417621910572052 0.013658687472343445 imageb_546851863543
27820 0.03451211377978325 0.026831502094864845 0.01364849228411913 imagef_546866878536
27830 0.07101063430309296 0.049733638763427734 0.013639022596180439 imageu_547137882603
27840 0.06039729714393616 0.038048483431339264 0.013635469600558281 imageu_546875854173
27850 0.044242747128009796 0.025248639285564423 0.013627967797219753 imageu_546975854071
27860 0.5854599475860596 0.49205806851387024 0.013625969178974628 imagef_546846858536
27870 0.027311429381370544 0.01994546689093113 0.013628162443637848 imager_546900879170
27880 0.02215830609202385 0.01918184757232666 0.013624927029013634 imager_546870882540
27890 0.916764497756958 0.8958161473274231 0.013615969568490982 imager_547186864875
27900 0.3472583293914795 0.27964746952056885 0.013607258908450603 imagef_547205883874
27910 0.03736691176891327 0.028976554051041603 0.013600549660623074 imager_547145857237
27920 0.08413762599229813 0.04563041403889656 0.01359148882329464 imagef_546861873539
27930 0.019207347184419632 0.010559311136603355 0.013581113889813423 imagel_546922867806
27940 0.021106338128447533 0.01673661544919014 0.013571578077971935 imager_546999878077
27950 0.022392239421606064 0.01412369217723608 0.013570984825491905 imagel_547033878707
27960 0.03281926363706589 0.021362943574786186 0.013573630712926388 imaged_546985864078
27970 0.06393395364284515 0.03730447590351105 0.013563301414251328 imageu_546922867806
27980 0.05318174138665199 0.03901083394885063 0.013554207980632782 imaged_546890869170
27990 0.5512980818748474 0.45711082220077515 0.013545064255595207 imagef_546848860533
28000 0.09160436689853668 0.06688114255666733 0.013531208038330078 imageb_547098876976
28010 0.033517803996801376 0.025046691298484802 0.01352193858474493 imager_547126871606
28020 0.6236536502838135 0.5468494892120361 0.013520798645913601 imageu_546844856539
28030 0.05115581676363945 0.03136807680130005 0.01351796742528677 imagef_547065877343
28040 0.017835520207881927 0.014509313739836216 0.013510337099432945 imagel_546873885533
28050 0.04970894381403923 0.02783813886344433 0.01350218802690506 imageu_547013858709
28060 0.6153547763824463 0.5227111577987671 0.013499581255018711 imageb_546843855539
28070 0.08627413958311081 0.06663694232702255 0.013495228253304958 imaged_546878857194
28080 0.07069094479084015 0.03410383313894272 0.01348102930933237 imageu_547072884335
28090 0.05140503868460655 0.03131221607327461 0.013469074852764606 imagef_547064876339
28100 0.065440833568573 0.03800506889820099 0.013487374410033226 imagef_546917862811
28110 0.020468680188059807 0.011747412383556366 0.013505001552402973 imagel_546962874438
28120 0.023427115753293037 0.017672479152679443 0.013517036102712154 imager_546934879798
28130 0.058404069393873215 0.03516983240842819 0.013525442220270634 imageb_547166878243
28140 0.06075836345553398 0.037103068083524704 0.013528108596801758 imagef_547111856605
28150 0.23624663054943085 0.180417999625206 0.013526043854653835 imageu_547193871872
28160 0.05429160222411156 0.03125813975930214 0.01352029200643301 imageb_547048860337
28170 0.4735965430736542 0.392132967710495 0.013508530333638191 imageu_547189867877
28180 0.03549043834209442 0.024545792490243912 0.013503430411219597 imaged_547021866708
28190 0.04119380936026573 0.024045443162322044 0.013492879457771778 imagef_547007852711
28200 0.03196384385228157 0.01920231804251671 0.01348362397402525 imaged_547023868703
28210 0.028660636395215988 0.013233866542577744 0.013497395440936089 imagel_547149861238
28220 0.034878622740507126 0.02127283625304699 0.013509937562048435 imageb_547058870341
28230 0.054516278207302094 0.029817305505275726 0.013510440476238728 imagef_547132877611
28240 0.025899402797222137 0.020297128707170486 0.013516180217266083 imager_546890869170
28250 0.05158200487494469 0.029503298923373222 0.01351978164166212 imagef_546885864170
28260 0.012696005403995514 0.008040807209908962 0.013513145036995411 imagel_547057869336
28270 0.021131053566932678 0.011167103424668312 0.01350822951644659 imagel_547043855348
28280 0.039083082228899 0.023390138521790504 0.01352409366518259 imageb_546999878077
28290 0.07223491370677948 0.04004061594605446 0.013530422002077103 imagef_546938883810
28300 0.05310947820544243 0.03705665469169617 0.013527548871934414 imagef_547094872971
28310 0.014900998212397099 0.008734880946576595 0.01351760420948267 imagel_547115860606
28320 0.017346499487757683 0.010768956504762173 0.013510438613593578 imagel_547135880603
28330 0.05171196907758713 0.032722026109695435 0.013496104627847672 imagef_546882861171
28340 0.050981637090444565 0.031164582818746567 0.013477835804224014 imageu_547115860606
28350 0.032810892909765244 0.02383861504495144 0.013484777882695198 imager_546939884803
28360 0.012090801261365414 0.006798851303756237 0.013484587892889977 imagel_546936881803
28370 0.011764775030314922 0.00936825294047594 0.013474326580762863 imagel_546885864170
28380 0.06120138615369797 0.0327000617980957 0.013459267094731331 imageu_547040885702
28390 0.04579367861151695 0.027963051572442055 0.013431774452328682 imagef_547101879972
28400 0.05149425193667412 0.026524053886532784 0.013422743417322636 imagef_546962874438
28410 0.5675003528594971 0.5054011940956116 0.01343291811645031 imageb_547203881874
28420 0.02192886732518673 0.017706559970974922 0.013430878520011902 imager_546888867171
28430 0.038324806839227676 0.03104422241449356 0.013417483307421207 imager_547016861703
28440 0.3693463206291199 0.31849732995033264 0.013404333032667637 imagel_547203881874
28450 0.058950264006853104 0.03312405198812485 0.013397837989032269 imageu_546938883810
28460 0.04006126523017883 0.025288982316851616 0.013400932773947716 imageb_546984863078
28470 0.05942029878497124 0.03418467566370964 0.01340616773813963 imagef_546965877440
28480 0.038874976336956024 0.026072097942233086 0.013410280458629131 imaged_547113858603
28490 0.28495922684669495 0.23849517107009888 0.013410518877208233 imaged_547188866869
28500 0.04628133773803711 0.027293838560581207 0.013400602154433727 imageu_546987866076
28510 0.043615929782390594 0.029683636501431465 0.013386383652687073 imager_547057869336
28520 0.05491336062550545 0.03219917044043541 0.013384593650698662 imagef_547038883711
28530 0.06038610637187958 0.040374696254730225 0.013382173143327236 imageu_547126871606
28540 0.0801241546869278 0.04356640577316284 0.013367059640586376 imagef_546914859807
28550 0.05333275347948074 0.031007369980216026 0.01335398480296135 imageu_546885864170
28560 0.034812234342098236 0.026003912091255188 0.01334279216825962 imager_546938883810
28570 0.01938166841864586 0.011239401996135712 0.013348598964512348 imagel_547013858709
28580 0.03505437448620796 0.02551873028278351 0.013356118462979794 imager_547113858603
28590 0.014688115566968918 0.009146934375166893 0.013355042785406113 imagel_547160872234
28600 0.06764821708202362 0.03470757603645325 0.0133544085547328 imageu_546892871169
28610 0.4147800803184509 0.35886436700820923 0.013346700929105282 imagef_547188866869
28620 0.04178151488304138 0.02888971008360386 0.013332114554941654 imaged_546921866804
28630 0.03206101432442665 0.021122945472598076 0.013312898576259613 imaged_547041853338
28640 0.04143958538770676 0.03136409819126129 0.013299359008669853 imager_547084862980
28650 0.8343247771263123 0.7934191226959229 0.013289165683090687 imager_546839884906
28660 0.04205011948943138 0.031480513513088226 0.013289469294250011 imager_547128873606
28670 0.056270115077495575 0.03332676365971565 0.013291832059621811 imagef_547111856605
28680 0.014994613826274872 0.008857913315296173 0.013301219791173935 imagel_546950862437
28690 0.06044426187872887 0.035614579916000366 0.013306532986462116 imageb_547115860606
28700 0.018531598150730133 0.010122916661202908 0.013308177702128887 imagel_546968880435
28710 0.04433255270123482 0.025201013311743736 0.013307052664458752 imageb_546924869806
28720 0.04687878116965294 0.026496456936001778 0.013308705762028694 imageu_546914859807
28730 0.0390075258910656 0.023143252357840538 0.013316841796040535 imageu_546994873075
28740 0.019910046830773354 0.013960199430584908 0.013324893079698086 imager_546929874807
28750 0.45503559708595276 0.3837808072566986 0.013330815359950066 imageb_546849861536
28760 0.011844433844089508 0.008210795931518078 0.013331174850463867 imagel_547142854240
28770 0.040707770735025406 0.031163156032562256 0.01332801766693592 imager_547159871241
28780 0.03645287826657295 0.021834272891283035 0.013328628614544868 imagef_547070882331
28790 0.5477802157402039 0.501246988773346 0.013333198614418507 imaged_546849861536
28800 0.03897518664598465 0.02435993030667305 0.013351699337363243 imageb_547031876706
28810 0.035526130348443985 0.021618865430355072 0.013357925228774548 imageb_547058870341
28820 0.05132921412587166 0.04013288393616676 0.013353157788515091 imager_547096874977
28830 0.057701703161001205 0.033001746982336044 0.01335094589740038 imageu_547023868703
28840 0.016925550997257233 0.009741062298417091 0.013360438868403435 imagel_546965877440
28850 0.028924306854605675 0.017946235835552216 0.01336477231234312 imageb_546934879798
28860 0.03878471255302429 0.023173680528998375 0.013365003280341625 imageb_547016861703
28870 0.06580302119255066 0.03965859115123749 0.013378257863223553 imagef_546939884803
28880 0.058857280761003494 0.036991748958826065 0.013393440283834934 imagef_547152864241
28890 0.37018877267837524 0.3199922442436218 0.013419819995760918 imageu_547181859871
28900 0.1609838753938675 0.13539031147956848 0.013433288782835007 imaged_547172884238
28910 0.016080664470791817 0.009968891739845276 0.013442997820675373 imagel_546856868537
28920 0.731475293636322 0.6962437629699707 0.013431742787361145 imager_547205883874
28930 0.03934330865740776 0.022604791447520256 0.01341714896261692 imageb_546938883810
28940 0.029008572921156883 0.016571087762713432 0.01340444479137659 imageb_546931876806
28950 0.03790121152997017 0.02388676255941391 0.013404257595539093 imaged_547126871606
28960 0.634470522403717 0.5667251944541931 0.013393593020737171 imageu_546839884906
28970 0.054489150643348694 0.029836030676960945 0.01339921448379755 imagef_547072884335
28980 0.3674103915691376 0.30796751379966736 0.013404146768152714 imagel_546846858536
28990 0.028013570234179497 0.019885512068867683 0.013398450799286366 imager_547009854705
29000 0.09575389325618744 0.06268245726823807 0.013386699371039867 imageb_547167879238
29010 0.017720254138112068 0.009968322701752186 0.013383310288190842 imagel_546960872437
29020 0.056042782962322235 0.03304121270775795 0.013380064629018307 imageb_547045857339
29030 0.01143049169331789 0.008756847120821476 0.013384873047471046 imagel_546887866191
29040 0.016383949667215347 0.014396118000149727 0.013384965248405933 imagel_546868880541
29050 0.06215796247124672 0.03968142718076706 0.01337301917374134 imagef_547009854705
29060 0.03584013506770134 0.024502450600266457 0.013362028636038303 imaged_547154866233
29070 0.10012907534837723 0.07858086377382278 0.013359332457184792 imaged_546877856173
29080 0.08413904905319214 0.0670546442270279 0.013354926370084286 imaged_547167879238
29090 0.044919297099113464 0.02696814015507698 0.013380545191466808 imageb_547070882331
29100 0.014817148447036743 0.008988497778773308 0.013397454284131527 imagel_547109854609
29110 0.03673899546265602 0.02974841371178627 0.013396671041846275 imager_547018863705
29120 0.04600872844457626 0.025433436036109924 0.013385741971433163 imageb_546895874174
29130 0.04545585811138153 0.025757908821105957 0.013375029899179935 imageb_546916861809
29140 0.023559078574180603 0.011760655790567398 0.01336047425866127 imagel_546909854806
29150 0.7693989872932434 0.7415522336959839 0.013352387584745884 imager_546860872536
29160 0.023571506142616272 0.017519036307930946 0.01335224974900484 imager_546980859076
29170 0.048963095992803574 0.029483113437891006 0.01334270741790533 imageb_547152864241
29180 0.012348871678113937 0.008526379242539406 0.013341686688363552 imagel_546997876076
29190 0.04357505589723587 0.030180802568793297 0.013351491652429104 imaged_547160872234
29200 0.03411981090903282 0.024613335728645325 0.013353989459574223 imagef_546868880541
29210 0.026137879118323326 0.01811155490577221 0.013361345045268536 imager_547004883077
29220 0.06929812580347061 0.051682960242033005 0.013368368148803711 imaged_546883862169
29230 0.018185941502451897 0.010222344659268856 0.013372061774134636 imagel_547023868703
29240 0.02918318100273609 0.021257571876049042 0.013363572768867016 imager_546962874438
29250 0.025298193097114563 0.01736556366086006 0.013360947370529175 imager_546960872437
29260 0.07612732797861099 0.05143584683537483 0.01335662230849266 imageu_547138883611
29270 0.010620582848787308 0.007877987809479237 0.013346930034458637 imagel_547094872971
29280 0.06717997789382935 0.04058559983968735 0.013330393470823765 imageb_547157869236
29290 0.9442409873008728 0.9301621317863464 0.013318898156285286 imager_547172884238
29300 0.048861678689718246 0.02702888287603855 0.013320516794919968 imageu_547001880072
29310 0.06288965046405792 0.035991769284009933 0.013316139578819275 imageu_546922867806
29320 0.4637259840965271 0.41712358593940735 0.013313393108546734 imaged_546841853547
29330 0.03019578754901886 0.0189179927110672 0.013311181217432022 imaged_546989868066
29340 0.040685247629880905 0.025323128327727318 0.013309909962117672 imageu_547062874337
29350 0.05014858394861221 0.038365207612514496 0.01330571062862873 imageb_546866878536
29360 0.10716963559389114 0.07712718099355698 0.01329860556870699 imagef_547086864973
29370 0.019010668620467186 0.012545021250844002 0.013288588263094425 imagel_546934879798
29380 0.022508790716528893 0.017939303070306778 0.013284648768603802 imager_546924869806
29390 0.035772208124399185 0.022952089086174965 0.013278261758387089 imaged_547081859975
29400 0.019130047410726547 0.011573566123843193 0.013270207680761814 imagel_547133878607
29410 0.33210641145706177 0.2774602472782135 0.013259878382086754 imagef_547201879876
29420 0.03962704911828041 0.025058241561055183 0.01325101125985384 imageb_546994873075
29430 0.08390358090400696 0.06800665706396103 0.013244925998151302 imaged_546887866191
29440 0.08379921317100525 0.05629265308380127 0.013238796032965183 imageu_547140885602
29450 0.01605851575732231 0.010106298141181469 0.013227001763880253 imagel_546975854071
29460 0.02974001318216324 0.018028417602181435 0.013219626620411873 imaged_547036881708
29470 0.07646370679140091 0.039748623967170715 0.013207945041358471 imagef_546873885533
29480 0.05492139607667923 0.03431549668312073 0.01320309191942215 imagef_547135880603
29490 0.030695239081978798 0.015393739566206932 0.013204725459218025 imagel_547154866233
29500 0.07010464370250702 0.04962899908423424 0.013207078911364079 imageu_547142854240
29510 0.05464660003781319 0.027897603809833527 0.013208604417741299 imageu_546967879439
29520 0.023831987753510475 0.01786600425839424 0.013218910433351994 imager_546916861809
29530 0.08116836845874786 0.05678169056773186 0.013225077651441097 imageu_547133878607
29540 0.05079801008105278 0.03088482655584812 0.013224983587861061 imageu_547115860606
29550 0.5316748023033142 0.4329526424407959 0.01322246715426445 imagef_547193871872
29560 0.042622003704309464 0.03332798182964325 0.013213969767093658 imager_547101879972
29570 0.04152756556868553 0.026189230382442474 0.013203506357967854 imaged_547084862980
29580 0.05979277193546295 0.04119015112519264 0.01319726463407278 imageb_546973885436
29590 0.009920349344611168 0.007744132541120052 0.013193249702453613 imagel_546992871071
29600 0.01973709464073181 0.01372098084539175 0.013197573833167553 imagel_546863875543
29610 0.04175375774502754 0.027931511402130127 0.013185717165470123 imaged_546917862811
29620 0.02608420141041279 0.015515756793320179 0.013173150829970837 imaged_546962874438
29630 0.054643165320158005 0.03241647034883499 0.013162676244974136 imagef_547035880703
29640 0.03478114679455757 0.020652446895837784 0.013156764209270477 imaged_546951863443
29650 0.032748155295848846 0.021904200315475464 0.013166897930204868 imaged_546965877440
29660 0.3644654452800751 0.32920926809310913 0.013180199079215527 imageu_547166878243
29670 0.028989167883992195 0.0180482417345047 0.013190005905926228 imageb_546929874807
29680 0.03616480529308319 0.021189257502555847 0.013193592429161072 imageb_547011856705
29690 0.8865265250205994 0.8655584454536438 0.013195861130952835 imager_546858870537
29700 0.016902903094887733 0.011400802060961723 0.013193313963711262 imagel_546912857810
29710 0.04533286765217781 0.025586895644664764 0.013181989081203938 imageu_546919864808
29720 0.08150295168161392 0.06358546763658524 0.013170873746275902 imaged_546882861171
29730 0.040050607174634933 0.023282459005713463 0.013169843703508377 imageu_546999878077
29740 0.05012126639485359 0.03021264262497425 0.013166885823011398 imagef_547064876339
29750 0.5274025201797485 0.44910871982574463 0.013160678558051586 imageb_546848860533
29760 0.016111617907881737 0.009478162042796612 0.013156711123883724 imagel_547006885077
29770 0.01142694242298603 0.007566078566014767 0.013176760636270046 imagel_547096874977
29780 0.017781242728233337 0.0119357630610466 0.013178741559386253 imagel_547152864241
29790 0.04984395578503609 0.029067473486065865 0.013174950145184994 imageu_547103881966
29800 0.020693667232990265 0.010714785195887089 0.013191048055887222 imagel_547043855348
29810 0.0159709881991148 0.010814809240400791 0.013192867860198021 imagel_547007852711
29820 0.029114192351698875 0.01759493164718151 0.013197142630815506 imaged_546970882435
29830 0.01843072660267353 0.011739581823348999 0.013189839199185371 imagel_547128873606
29840 0.023411069065332413 0.020090332254767418 0.013174310326576233 imager_546873885533
29850 0.024460051208734512 0.01611393503844738 0.013168937526643276 imagel_546899878172
29860 0.39805686473846436 0.33907416462898254 0.013171480968594551 imagel_547201879876
29870 0.060093969106674194 0.030450990423560143 0.01316892821341753 imageu_546907852806
29880 0.049507614225149155 0.02501225471496582 0.013162633404135704 imageu_546982861070
29890 0.04566321149468422 0.0259380042552948 0.013154348358511925 imaged_546907852806
29900 0.08880667388439178 0.06405924260616302 0.013146108947694302 imageb_547099877967
29910 0.03540172427892685 0.027753960341215134 0.013141706585884094 imager_547118863609
29920 0.029696501791477203 0.020503902807831764 0.013139843009412289 imager_546895874174
29930 0.04570353031158447 0.025250351056456566 0.01313752867281437 imageu_546996875070
29940 0.9206990003585815 0.9009025692939758 0.013135457411408424 imager_547174852869
29950 0.0482858270406723 0.034776195883750916 0.013131652027368546 imaged_546894873172
29960 0.04614405333995819 0.025384685024619102 0.013130291365087032 imageu_547048860337
29970 0.07895993441343307 0.05484802648425102 0.01312874536961317 imageu_547130875605
29980 0.04069491848349571 0.023632848635315895 0.013124527409672737 imagef_547001880072
29990 0.029073502868413925 0.020671162754297256 0.01311525795608759 imageb_546870882540
30000 0.05222402885556221 0.031680162996053696 0.013111998327076435 imagef_547147859235
