10 0.24676863849163055 0.20785753428936005 0.8996502161026001 imager_546951863443
20 0.17844772338867188 0.1346982717514038 0.7982409000396729 imaged_547001880072
30 0.08133243769407272 0.06655213981866837 0.6478614211082458 imagel_547086864973
40 0.2385968267917633 0.18283870816230774 0.4843854010105133 imageu_547121866605
50 0.21911221742630005 0.1604480743408203 0.38286396861076355 imageu_546958870432
60 0.18272607028484344 0.12751905620098114 0.3368493914604187 imageu_546919864808
70 0.17010457813739777 0.12295118719339371 0.31430894136428833 imageb_546892871169
80 0.1847050040960312 0.14325815439224243 0.3010607659816742 imageb_547014859704
90 0.14001262187957764 0.10381590574979782 0.29102978110313416 imaged_546941853440
100 0.08972518891096115 0.054233748465776443 0.28197214007377625 imaged_547048860337
110 0.46300220489501953 0.3675508499145508 0.2741120159626007 imageu_546848860533
120 0.10494023561477661 0.08047430217266083 0.2675710916519165 imager_547125870610
130 0.059337206184864044 0.04949541017413139 0.2610945999622345 imagel_547084862980
140 0.04538404196500778 0.034621186554431915 0.25454723834991455 imagel_546912857810
150 0.198037788271904 0.1383463442325592 0.24871450662612915 imaged_547169881238
160 0.08668012171983719 0.06578204035758972 0.24470634758472443 imager_546921866804
170 0.09981000423431396 0.07602599263191223 0.2402983456850052 imager_546963875440
180 0.1528630256652832 0.10962484776973724 0.23493540287017822 imaged_546929874807
190 0.1252986192703247 0.08243007212877274 0.22880415618419647 imaged_546912857810
200 0.36952266097068787 0.30796751379966736 0.2246326208114624 imagel_546846858536
210 0.1641233265399933 0.12914162874221802 0.22192564606666565 imagef_547023868703
220 0.2463982105255127 0.22097918391227722 0.21873144805431366 imager_547019864709
230 0.0380459763109684 0.032323192805051804 0.21496514976024628 imagel_546996875070
240 0.13987404108047485 0.08896792680025101 0.21212880313396454 imageu_547050862335
250 0.13069212436676025 0.105183906853199 0.20951080322265625 imaged_546997876076
260 0.2645058333873749 0.17686405777931213 0.2072686403989792 imageb_547172884238
270 0.09945977479219437 0.07183846086263657 0.2053733468055725 imaged_547064876339
280 0.15435750782489777 0.12067143619060516 0.20334355533123016 imagef_547126871606
290 0.204115629196167 0.1665884107351303 0.20096315443515778 imageb_547098876976
300 0.3937905430793762 0.3676276206970215 0.1991623491048813 imageu_547160872234
310 0.14462387561798096 0.10694225132465363 0.19656649231910706 imageb_547132877611
320 0.07946577668190002 0.061632007360458374 0.1935248225927353 imager_546931876806
330 0.10706388205289841 0.07058792561292648 0.19045230746269226 imaged_547121866605
340 0.11666163802146912 0.08615906536579132 0.18836867809295654 imageb_546946858444
350 0.3072052299976349 0.24100643396377563 0.18680402636528015 imageu_546851863543
360 0.04684733599424362 0.03826066106557846 0.18556472659111023 imagel_546919864808
370 0.09160615503787994 0.07186838984489441 0.1842050552368164 imager_547009854705
380 0.09698732942342758 0.06745321303606033 0.18281476199626923 imaged_547016861703
390 0.13558757305145264 0.10483352094888687 0.1814042180776596 imagef_547081859975
400 0.3575948178768158 0.2979854345321655 0.18020033836364746 imageb_547193871872
410 0.14624722301959991 0.118931345641613 0.17882169783115387 imagef_547135880603
420 0.13170158863067627 0.10748202353715897 0.17770835757255554 imageb_546868880541
430 0.12561488151550293 0.08585698157548904 0.1767345815896988 imageu_547062874337
440 0.24761249125003815 0.22548925876617432 0.17598974704742432 imager_547167879238
450 0.13964185118675232 0.09633716195821762 0.17480863630771637 imageu_547103881966
460 0.14185942709445953 0.0968036875128746 0.1736617237329483 imageu_547006885077
470 0.1273917853832245 0.09454245120286942 0.17230379581451416 imageb_547052864345
480 0.11760973185300827 0.08713554590940475 0.17133599519729614 imaged_547089867973
490 0.22410406172275543 0.18481549620628357 0.17056094110012054 imaged_547172884238
500 0.1500331610441208 0.09989181160926819 0.1694876253604889 imageu_546934879798
510 0.11009664088487625 0.10277998447418213 0.16766320168972015 imagel_547147859235
520 0.19308075308799744 0.15903785824775696 0.16592514514923096 imagef_546924869806
530 0.15965119004249573 0.12628686428070068 0.16453441977500916 imageb_547104882977
540 0.11735019087791443 0.0905439481139183 0.16326940059661865 imagef_547002881074
550 0.32536110281944275 0.25646233558654785 0.16245317459106445 imagef_547198876871
560 0.12961076200008392 0.10017859935760498 0.16180360317230225 imagef_547007852711
570 0.10806860774755478 0.0822170227766037 0.1612539142370224 imagef_547069881338
580 0.20369140803813934 0.15768630802631378 0.16061687469482422 imaged_547174852869
590 0.16767281293869019 0.13843238353729248 0.15995146334171295 imageb_547162874244
600 0.11694397777318954 0.08644192665815353 0.15916550159454346 imaged_546890869170
610 0.10222182422876358 0.07174494862556458 0.15861494839191437 imageu_546866878536
620 0.14517980813980103 0.1257409155368805 0.15809102356433868 imagef_547053865336
630 0.14934884011745453 0.11793328821659088 0.15740390121936798 imagef_547111856605
640 0.12185556441545486 0.09558776766061783 0.15677691996097565 imagef_546989868066
650 0.11822172999382019 0.09434886276721954 0.15613162517547607 imagef_547065877343
660 0.11629506945610046 0.0827515497803688 0.15527154505252838 imageb_547072884335
670 0.09432663768529892 0.08312401920557022 0.1547686606645584 imager_546924869806
680 0.6640099287033081 0.6249673366546631 0.15435916185379028 imager_546861873539
690 0.14090067148208618 0.11185022443532944 0.15365929901599884 imagef_546979858070
700 0.12158370018005371 0.08932073414325714 0.15295454859733582 imageb_547091869975
710 0.13124386966228485 0.08876814693212509 0.15208545327186584 imageu_547009854705
720 0.13727518916130066 0.10319609194993973 0.15145865082740784 imageb_546962874438
730 0.2143189162015915 0.20188438892364502 0.15098153054714203 imager_547164876237
740 0.1115751639008522 0.0825880691409111 0.15024669468402863 imageb_546948860438
750 0.09910795092582703 0.083782859146595 0.14966094493865967 imager_546922867806
760 0.1350020468235016 0.0925537720322609 0.1491302102804184 imageu_546980859076
770 0.28502732515335083 0.20575155317783356 0.14873184263706207 imageu_546849861536
780 0.10954581201076508 0.08058164268732071 0.14830215275287628 imaged_546933878804
790 0.7025695443153381 0.6707209944725037 0.14790688455104828 imager_547205883874
800 0.17508864402770996 0.1580272912979126 0.1473361700773239 imagef_547164876237
810 0.1578599214553833 0.10894563794136047 0.14675219357013702 imageu_546963875440
820 0.05182907357811928 0.04419946298003197 0.14605866372585297 imagel_546853865537
830 0.04973290115594864 0.04432538151741028 0.1455344706773758 imagel_546914859807
840 0.5101986527442932 0.4161747097969055 0.14509844779968262 imageu_546843855539
850 0.07950369268655777 0.06425686180591583 0.1448550969362259 imager_547094872971
860 0.18931040167808533 0.16140905022621155 0.14463289082050323 imagef_547157869236
870 0.14120608568191528 0.1064373254776001 0.1444195657968521 imageb_546997876076
880 0.5228356122970581 0.45959317684173584 0.14406031370162964 imageb_547205883874
890 0.1026940643787384 0.07977089285850525 0.14350803196430206 imaged_546996875070
900 0.11117769777774811 0.09800976514816284 0.1432380974292755 imager_547086864973
910 0.08835876733064651 0.058425284922122955 0.14311887323856354 imaged_547075853978
920 0.07263806462287903 0.06405142694711685 0.14286817610263824 imagel_546899878172
930 0.13570870459079742 0.10870110243558884 0.14257314801216125 imageb_546904883185
940 0.05516345798969269 0.03955001384019852 0.14228539168834686 imagel_547132877611
950 0.17040325701236725 0.14019915461540222 0.14205887913703918 imagef_547035880703
960 0.1492132991552353 0.11625784635543823 0.14188255369663239 imageb_547099877967
970 0.3317629396915436 0.26860660314559937 0.14153192937374115 imageu_547169881238
980 0.09840922802686691 0.07738333195447922 0.14122812449932098 imagef_546866878536
990 0.11971531063318253 0.09361020475625992 0.14095546305179596 imageb_547074852968
1000 0.1495840847492218 0.12100740522146225 0.14058932662010193 imageb_547089867973
1010 0.07941802591085434 0.053747884929180145 0.1403798758983612 imaged_547074852968
1020 0.09501189738512039 0.08070206642150879 0.1400190144777298 imager_546883862169
1030 0.10281190276145935 0.08527636528015137 0.13974839448928833 imagel_547149861238
1040 0.10849660634994507 0.08327319473028183 0.1394519805908203 imageb_547013858709
1050 0.04689600691199303 0.04150044918060303 0.1391458511352539 imagel_547018863705
1060 0.10339409857988358 0.08716251701116562 0.13889272511005402 imager_547149861238
1070 0.16314919292926788 0.12232831865549088 0.138706773519516 imageu_546914859807
1080 0.1191406100988388 0.10418125987052917 0.13851560652256012 imager_547087865974
1090 0.5461658835411072 0.4986470639705658 0.1382766216993332 imaged_546849861536
1100 0.13396768271923065 0.08691588789224625 0.1378909796476364 imageu_546945857437
1110 0.17259187996387482 0.12494943290948868 0.1375570148229599 imagef_546863875543
1120 0.0976448729634285 0.08231259882450104 0.13731014728546143 imager_546900879170
1130 0.17926166951656342 0.11942943185567856 0.13692519068717957 imageb_547169881238
1140 0.5428112149238586 0.482943058013916 0.13660669326782227 imageb_547203881874
1150 0.1612025648355484 0.1260516345500946 0.13631393015384674 imageb_546899878172
1160 0.5309515595436096 0.515785276889801 0.13610191643238068 imager_547174852869
1170 0.16553671658039093 0.12714873254299164 0.13589218258857727 imagef_546902881194
1180 0.12345016002655029 0.09623302519321442 0.135581374168396 imagef_546941853440
1190 0.12478693574666977 0.11671845614910126 0.13531078398227692 imager_546916861809
1200 0.055918801575899124 0.04864773899316788 0.13511112332344055 imagel_547137882603
1210 0.1391620635986328 0.09349846839904785 0.13496682047843933 imageu_547074852968
1220 0.3067705035209656 0.25296011567115784 0.1348734050989151 imagef_547191869875
1230 0.06029856950044632 0.05638689920306206 0.1347273290157318 imagel_547014859704
1240 0.12162990868091583 0.08924106508493423 0.13465122878551483 imaged_546936881803
1250 0.4306202530860901 0.3419637978076935 0.13452750444412231 imageb_546848860533
1260 0.10252103954553604 0.08936777710914612 0.13440962135791779 imager_547064876339
1270 0.1446731984615326 0.1035178080201149 0.1342965066432953 imageu_546977856071
1280 0.05244320631027222 0.041342902928590775 0.13414108753204346 imagel_547024869702
1290 0.09221979230642319 0.07254819571971893 0.13401824235916138 imaged_547033878707
1300 0.15699264407157898 0.12508785724639893 0.13389180600643158 imagef_546894873172
1310 0.15595485270023346 0.10653120279312134 0.13384884595870972 imageu_546875854173
1320 0.16567322611808777 0.13341419398784637 0.13368162512779236 imagef_546933878804
1330 0.11979378014802933 0.08099767565727234 0.13357292115688324 imageu_547067879338
1340 0.13893936574459076 0.10562465339899063 0.13346470892429352 imagef_546946858444
1350 0.14445646107196808 0.11350695788860321 0.13332286477088928 imageu_547121866605
1360 0.316633939743042 0.2601074278354645 0.1331234574317932 imageu_547176854870
1370 0.08224757760763168 0.07194031774997711 0.1328532099723816 imagel_547160872234
1380 0.10511589795351028 0.08034994453191757 0.13262274861335754 imagef_546996875070
1390 0.15907993912696838 0.12623581290245056 0.13245269656181335 imageb_546926871803
1400 0.12575572729110718 0.0997268483042717 0.13236409425735474 imageb_546970882435
1410 0.14349567890167236 0.10604032874107361 0.13222254812717438 imagef_546938883810
1420 0.1248939037322998 0.09588336199522018 0.13207785785198212 imagef_546956868435
1430 0.0886121317744255 0.07623033970594406 0.1319529116153717 imager_547002881074
1440 0.17706653475761414 0.13857729732990265 0.13185298442840576 imageb_546880859173
1450 0.12015180289745331 0.08994020521640778 0.13178056478500366 imaged_546921866804
1460 0.1445092409849167 0.12154001742601395 0.13165754079818726 imagef_547084862980
1470 0.10702881217002869 0.08292809873819351 0.1315803825855255 imaged_546933878804
1480 0.05696617066860199 0.04521915689110756 0.13148504495620728 imagel_546977856071
1490 0.04424972087144852 0.03633343055844307 0.1313808262348175 imagel_547075853978
1500 0.12150273472070694 0.09426514059305191 0.13121482729911804 imagef_547074852968
1510 0.1250142902135849 0.1115054339170456 0.13109521567821503 imager_546897876191
1520 0.13027727603912354 0.104306161403656 0.13095997273921967 imageb_546938883810
1530 0.5781911015510559 0.48184439539909363 0.13084298372268677 imageb_546841853547
1540 0.15943585336208344 0.12157078832387924 0.13074180483818054 imagef_546967879439
1550 0.10505779832601547 0.09507343918085098 0.13068467378616333 imager_547055867337
1560 0.1208626925945282 0.10011142492294312 0.13061504065990448 imageb_546866878536
1570 0.27982309460639954 0.21870312094688416 0.13053463399410248 imaged_547198876871
1580 0.15962190926074982 0.10956127941608429 0.13035087287425995 imageu_546912857810
1590 0.04892918840050697 0.04338303953409195 0.13015297055244446 imagel_547064876339
1600 0.15217192471027374 0.12384272366762161 0.1300036460161209 imagef_547016861703
1610 0.22372660040855408 0.1918288767337799 0.12983490526676178 imagel_547201879876
1620 0.16734062135219574 0.12864649295806885 0.12964275479316711 imageb_546883862169
1630 0.11655235290527344 0.09602349996566772 0.12950170040130615 imagef_547094872971
1640 0.10499037802219391 0.09491157531738281 0.1292729377746582 imager_546946858444
1650 0.17057622969150543 0.13215088844299316 0.12910497188568115 imageu_547142854240
1660 0.04406331107020378 0.03808862715959549 0.1289239078760147 imagel_547092870974
1670 0.10051539540290833 0.07633749395608902 0.1288931965827942 imaged_546960872437
1680 0.13582079112529755 0.11389973759651184 0.12881577014923096 imagef_547018863705
1690 0.11491350829601288 0.08827865123748779 0.1286391168832779 imaged_546924869806
1700 0.15244440734386444 0.10959750413894653 0.12855924665927887 imageu_546933878804
1710 0.13679958879947662 0.11409344524145126 0.12859724462032318 imageb_547164876237
1720 0.0494491271674633 0.0393887497484684 0.1286042034626007 imagel_547043855348
1730 0.09521803259849548 0.08046120405197144 0.12855865061283112 imageu_547203881874
1740 0.03983090817928314 0.03267476707696915 0.12852905690670013 imagel_546950862437
1750 0.1601913571357727 0.11263203620910645 0.1285218596458435 imageu_546892871169
1760 0.11342630535364151 0.10350270569324493 0.12847229838371277 imager_547138883611
1770 0.11289270967245102 0.08839363604784012 0.1284383237361908 imaged_546992871071
1780 0.2571072578430176 0.2112957239151001 0.1284075528383255 imagef_547179857873
1790 0.14532245695590973 0.11382435262203217 0.12838837504386902 imagef_546970882435
1800 0.05337730422616005 0.03675592318177223 0.12832102179527283 imagel_547132877611
1810 0.11508826166391373 0.11200550198554993 0.12816764414310455 imager_547123868601
1820 0.2674936056137085 0.18715433776378632 0.1280408501625061 imageu_547205883874
1830 0.13447481393814087 0.11039980500936508 0.12788325548171997 imagef_547101879972
1840 0.41125473380088806 0.34287363290786743 0.1278325319290161 imageb_546844856539
1850 0.3011951744556427 0.2526618540287018 0.12778837978839874 imaged_546858870537
1860 0.6969449520111084 0.6913094520568848 0.12774361670017242 imager_547188866869
1870 0.2491452544927597 0.18134385347366333 0.12766040861606598 imagef_547198876871
1880 0.13793495297431946 0.09720452129840851 0.12757214903831482 imageu_546894873172
1890 0.0869244933128357 0.06548991054296494 0.1275053471326828 imaged_546990869071
1900 0.10927951335906982 0.08480612188577652 0.12749560177326202 imaged_546897876191
1910 0.16100682318210602 0.11728457361459732 0.1274549812078476 imageu_546885864170
1920 0.13229864835739136 0.09315668791532516 0.12737490236759186 imageu_547028873712
1930 0.14630599319934845 0.11520841717720032 0.12728725373744965 imageb_546900879170
1940 0.12790077924728394 0.10203695297241211 0.1272316873073578 imageb_547125870610
1950 0.08053973317146301 0.07331959903240204 0.1271951049566269 imagel_547033878707
1960 0.14024686813354492 0.1122831404209137 0.12708790600299835 imageb_546929874807
1970 0.17270442843437195 0.1408926099538803 0.1270083338022232 imageb_547137882603
1980 0.1324121654033661 0.10825815796852112 0.12698429822921753 imageb_546987866076
1990 0.08062579482793808 0.073053278028965 0.12694275379180908 imager_546985864078
2000 0.12409576773643494 0.09990256279706955 0.12694565951824188 imaged_547130875605
2010 0.07638020813465118 0.06280244886875153 0.12704060971736908 imager_546871883543
2020 0.5981165766716003 0.5974599123001099 0.1271081566810608 imager_547184862870
2030 0.13659684360027313 0.10059039294719696 0.12706273794174194 imageu_547092870974
2040 0.4729004204273224 0.42676016688346863 0.12704098224639893 imaged_546851863543
2050 0.12892329692840576 0.10091546177864075 0.12694865465164185 imageb_547070882331
2060 0.15038691461086273 0.10605614632368088 0.12686051428318024 imageu_547115860606
2070 0.14537404477596283 0.1071753278374672 0.12680578231811523 imageu_547045857339
2080 0.09911983460187912 0.08925776928663254 0.12670859694480896 imager_547116861604
2090 0.14463970065116882 0.10484503209590912 0.1266997754573822 imageu_546977856071
2100 0.10081106424331665 0.09582117944955826 0.12671510875225067 imager_546977856071
2110 0.09021506458520889 0.08113978803157806 0.12670575082302094 imager_546968880435
2120 0.13205085694789886 0.10693025588989258 0.12670791149139404 imageb_547052864345
2130 0.17323744297027588 0.12568166851997375 0.1266280859708786 imagef_546863875543
2140 0.14748254418373108 0.1220773234963417 0.12655027210712433 imageb_547033878707
2150 0.06649664044380188 0.04798067361116409 0.12644492089748383 imageu_546866878536
2160 0.11783844977617264 0.09231247007846832 0.12636829912662506 imageb_546958870432
2170 0.12744417786598206 0.0916907787322998 0.12633028626441956 imageu_546953865434
2180 0.12151944637298584 0.0907769650220871 0.1262902319431305 imaged_546909854806
2190 0.1388849914073944 0.1090063825249672 0.1262420117855072 imageb_547058870341
2200 0.195426806807518 0.14122837781906128 0.12616439163684845 imageu_546858870537
2210 0.34940728545188904 0.28055843710899353 0.12613622844219208 imagel_546839884906
2220 0.49382519721984863 0.48212477564811707 0.12602533400058746 imager_547205883874
2230 0.17032137513160706 0.14653493463993073 0.12598243355751038 imagef_547145857237
2240 0.08383066952228546 0.07272329181432724 0.12598128616809845 imager_546951863443
2250 0.11616339534521103 0.08644594252109528 0.1260479837656021 imaged_546900879170
2260 0.082425557076931 0.06702496856451035 0.12604562938213348 imaged_547086864973
2270 0.09141522645950317 0.08532486110925674 0.12598909437656403 imager_546929874807
2280 0.16262711584568024 0.13027812540531158 0.12595665454864502 imaged_546883862169
2290 0.14287208020687103 0.10840721428394318 0.12595170736312866 imageb_547111856605
2300 0.1496591567993164 0.13916100561618805 0.1259731501340866 imageu_547162874244
2310 0.14926493167877197 0.11309152096509933 0.12596793472766876 imagef_546883862169
2320 0.1641867607831955 0.12017219513654709 0.12604552507400513 imageu_546888867171
2330 0.11082645505666733 0.10108117014169693 0.1260889768600464 imager_547060872343
2340 0.10236283391714096 0.08866138011217117 0.1260715276002884 imager_547074852968
2350 0.10895806550979614 0.09698932617902756 0.12606291472911835 imager_546938883810
2360 0.18357625603675842 0.15851974487304688 0.12602154910564423 imageu_547154866233
2370 0.12624695897102356 0.09854346513748169 0.12591663002967834 imagef_546945857437
2380 0.20298750698566437 0.1860615760087967 0.12580999732017517 imaged_546873885533
2390 0.4827226996421814 0.4615512490272522 0.1257796585559845 imager_546860872536
2400 0.1298643797636032 0.10542887449264526 0.12569047510623932 imageb_547050862335
2410 0.1610301434993744 0.120771124958992 0.12556299567222595 imageu_547033878707
2420 0.13952948153018951 0.10224273055791855 0.1254720538854599 imageu_547013858709
2430 0.049177974462509155 0.04097088798880577 0.12544947862625122 imagel_547079857970
2440 0.18126583099365234 0.1506197303533554 0.12537510693073273 imagef_546929874807
2450 0.18457937240600586 0.1502895951271057 0.12535037100315094 imageb_546922867806
2460 0.14609932899475098 0.12417573481798172 0.12531672418117523 imagef_547128873606
2470 0.14309802651405334 0.11307191103696823 0.1252913475036621 imagef_546953865434
2480 0.3593021333217621 0.26843351125717163 0.12523597478866577 imageb_546846858536
2490 0.11237795650959015 0.08977661281824112 0.12519989907741547 imageb_547011856705
2500 0.08984273672103882 0.07294898480176926 0.12527436017990112 imaged_546979858070
2510 0.08537505567073822 0.07145936042070389 0.12534664571285248 imagel_547149861238
2520 0.12100714445114136 0.09670025110244751 0.1253010481595993 imaged_547084862980
2530 0.05004352331161499 0.04737848415970802 0.12524811923503876 imagel_546882861171
2540 0.45808708667755127 0.37973955273628235 0.12520235776901245 imagef_546846858536
2550 0.0867815911769867 0.06231474131345749 0.12518145143985748 imaged_547024869702
2560 0.07574205100536346 0.05408928170800209 0.1251523792743683 imaged_546962874438
2570 0.141920268535614 0.11759116500616074 0.12517474591732025 imagef_546985864078
2580 0.3325428068637848 0.2754132151603699 0.12525804340839386 imagef_547193871872
2590 0.052068136632442474 0.046580370515584946 0.12522679567337036 imagel_546926871803
2600 0.04066697508096695 0.03393731638789177 0.12519410252571106 imagel_546877856173
2610 0.10308445245027542 0.09057950228452682 0.12510356307029724 imager_547058870341
2620 0.13904128968715668 0.10181797295808792 0.12504437565803528 imageu_547030875702
2630 0.37145987153053284 0.32173481583595276 0.12505005300045013 imageb_547196874870
2640 0.1674269586801529 0.13154000043869019 0.12507130205631256 imagef_546931876806
2650 0.11497090011835098 0.08139810711145401 0.12512165307998657 imageu_546968880435
2660 0.1539703905582428 0.10706710815429688 0.1251063048839569 imageu_546892871169
2670 0.12812268733978271 0.09798126667737961 0.12503980100154877 imageb_546967879439
2680 0.11293163895606995 0.08680018037557602 0.12494887411594391 imaged_547126871606
2690 0.14230845868587494 0.11265988647937775 0.12488587945699692 imageb_547098876976
2700 0.07547709345817566 0.05158032104372978 0.12484851479530334 imaged_546962874438
2710 0.07505571097135544 0.06506915390491486 0.12481962889432907 imagel_546899878172
2720 0.035000354051589966 0.03197354078292847 0.12476378679275513 imagel_546996875070
2730 0.1470247209072113 0.1402721107006073 0.12471826374530792 imager_547162874244
2740 0.04330319166183472 0.03826405480504036 0.12462799996137619 imagel_547126871606
2750 0.118410624563694 0.09042056649923325 0.12453380227088928 imaged_546900879170
2760 0.0884038507938385 0.07870953530073166 0.12450597435235977 imager_547126871606
2770 0.12573722004890442 0.11469230055809021 0.12453102320432663 imager_547050862335
2780 0.4184774160385132 0.3751221299171448 0.12451977282762527 imaged_546851863543
2790 0.13804420828819275 0.1068391278386116 0.12443944811820984 imaged_547147859235
2800 0.3782132565975189 0.29189756512641907 0.12436385452747345 imagef_546841853547
2810 0.266204297542572 0.21182571351528168 0.1243225485086441 imageu_547189867877
2820 0.1322350800037384 0.10831498354673386 0.12430897355079651 imageb_546938883810
2830 0.0971982404589653 0.08411642909049988 0.12436637282371521 imager_546962874438
2840 0.10996150970458984 0.09938756376504898 0.12444495409727097 imager_547062874337
2850 0.15519048273563385 0.11934248358011246 0.12446360290050507 imagef_546885864170
2860 0.14396348595619202 0.10767920315265656 0.12444757670164108 imageu_547033878707
2870 0.03821106627583504 0.031319957226514816 0.12446478754281998 imagel_547099877967
2880 0.057575587183237076 0.04465523362159729 0.12437725067138672 imagel_547191869875
2890 0.24456100165843964 0.16818729043006897 0.12421110272407532 imageu_546846858536
2900 0.034286390990018845 0.029750337824225426 0.12414658814668655 imagel_547030875702
2910 0.0459585078060627 0.04096309468150139 0.12410182505846024 imagel_546933878804
2920 0.13221116364002228 0.09946626424789429 0.12410185486078262 imagef_547057869336
2930 0.07819553464651108 0.049928855150938034 0.12409929931163788 imaged_547205883874
2940 0.05734354257583618 0.047792669385671616 0.12412218004465103 imager_546868880541
2950 0.12807400524616241 0.09804830700159073 0.12418904900550842 imageu_547070882331
2960 0.125014990568161 0.12006033957004547 0.12426503002643585 imageu_547160872234
2970 0.11091093719005585 0.08157297968864441 0.12423267960548401 imaged_546929874807
2980 0.10630932450294495 0.08595668524503708 0.12424210458993912 imaged_546984863078
2990 0.06506204605102539 0.0458824597299099 0.12424567341804504 imagel_547186864875
3000 0.14181363582611084 0.10278815776109695 0.12423116713762283 imageu_547038883711
3010 0.08893809467554092 0.06481746584177017 0.12417340278625488 imaged_547075853978
3020 0.10908622294664383 0.07666922360658646 0.12411092966794968 imaged_547150862236
3030 0.19169436395168304 0.16891217231750488 0.12407435476779938 imagef_546924869806
3040 0.11295328289270401 0.08266043663024902 0.12403637915849686 imageu_546989868066
3050 0.1556137651205063 0.12128973007202148 0.12405368685722351 imageb_547113858603
3060 0.15211749076843262 0.12263083457946777 0.1240866482257843 imageb_546890869170
3070 0.14782178401947021 0.11807259172201157 0.12406725436449051 imagef_547142854240
3080 0.12601573765277863 0.10447532683610916 0.1240469291806221 imagef_547096874977
3090 0.1762041300535202 0.14051026105880737 0.12403365224599838 imagef_547150862236
3100 0.13745608925819397 0.10955481976270676 0.12408199161291122 imageb_546875854173
3110 0.16323666274547577 0.12251083552837372 0.12413974851369858 imageu_546921866804
3120 0.12123066186904907 0.09892579913139343 0.12417884916067123 imageb_546970882435
3130 0.1590009182691574 0.12822295725345612 0.12420357763767242 imageb_546914859807
3140 0.1270095854997635 0.10349005460739136 0.12420269846916199 imageb_547023868703
3150 0.20943647623062134 0.1781831681728363 0.12417957931756973 imageu_547150862236
3160 0.0634593740105629 0.050278566777706146 0.12418821454048157 imageu_547203881874
3170 0.03587036207318306 0.029424916952848434 0.12412799894809723 imagel_547098876976
3180 0.04813188314437866 0.03697777912020683 0.12405309081077576 imagel_547024869702
3190 0.13634423911571503 0.11238137632608414 0.12391316145658493 imagef_547133878607
3200 0.12447728216648102 0.08839534968137741 0.12378508597612381 imageu_546975854071
3210 0.1012052595615387 0.08815255761146545 0.12369870394468307 imager_546878857194
3220 0.12371174991130829 0.09233707934617996 0.12367601692676544 imageu_546999878077
3230 0.1287066489458084 0.10016469657421112 0.12365612387657166 imageu_547019864709
3240 0.1391213834285736 0.1183706745505333 0.12361052632331848 imagef_547052864345
3250 0.115544393658638 0.08670318871736526 0.12359604239463806 imaged_547152864241
3260 0.08348045498132706 0.06217815726995468 0.12357476353645325 imaged_547069881338
3270 0.1316181719303131 0.12163068354129791 0.12353745102882385 imager_546897876191
3280 0.05944390594959259 0.05619696527719498 0.12352290004491806 imagel_547142854240
3290 0.1686965972185135 0.13988101482391357 0.12349753826856613 imaged_546887866191
3300 0.1612951010465622 0.12743428349494934 0.12353257834911346 imageb_547115860606
3310 0.1336866319179535 0.10787154734134674 0.12353822588920593 imaged_547142854240
3320 0.05731967091560364 0.04697856679558754 0.12350845336914062 imager_546871883543
3330 0.0992172583937645 0.07702495157718658 0.12351532280445099 imaged_547140885602
3340 0.1475323885679245 0.11601165682077408 0.12354693561792374 imageu_546917862811
3350 0.03848080337047577 0.032329682260751724 0.1235504150390625 imagel_546999878077
3360 0.1680549830198288 0.11907211691141129 0.12352323532104492 imaged_547186864875
3370 0.09159466624259949 0.06901146471500397 0.1234535500407219 imaged_546945857437
3380 0.17170147597789764 0.138800710439682 0.12346871197223663 imageb_546921866804
3390 0.1356608271598816 0.11163875460624695 0.12346905469894409 imageb_546902881194
3400 0.11291109025478363 0.08279331028461456 0.12350694090127945 imaged_546917862811
3410 0.22443586587905884 0.18157854676246643 0.12357000261545181 imaged_546861873539
3420 0.03337712585926056 0.031102970242500305 0.1236143484711647 imagel_547067879338
3430 0.10467090457677841 0.07971875369548798 0.12368625402450562 imaged_546938883810
3440 0.1089242622256279 0.09128784388303757 0.12373054027557373 imaged_546894873172
3450 0.14527201652526855 0.11750897020101547 0.12373317778110504 imagef_547011856705
3460 0.04606064036488533 0.039896558970212936 0.12370907515287399 imagel_547041853338
3470 0.03477252647280693 0.03072167932987213 0.12366390228271484 imagel_546868880541
3480 0.04341845214366913 0.03681132197380066 0.12366122752428055 imagel_547115860606
3490 0.1365162432193756 0.10104988515377045 0.12365977466106415 imageu_546934879798
3500 0.09529180824756622 0.07577982544898987 0.12368978559970856 imaged_547021866708
3510 0.0408516563475132 0.03684157505631447 0.1236833855509758 imagel_546916861809
3520 0.0871782973408699 0.0690091997385025 0.12368035316467285 imaged_546980859076
3530 0.15103435516357422 0.11979884654283524 0.12369754910469055 imagel_547203881874
3540 0.09044583886861801 0.0835055410861969 0.12372943758964539 imager_547031876706
3550 0.13707879185676575 0.11265561729669571 0.12381070107221603 imagef_546985864078
3560 0.06748631596565247 0.05606043338775635 0.12389391660690308 imagel_546941853440
3570 0.10182558745145798 0.09139735251665115 0.12394991517066956 imager_547043855348
3580 0.28686395287513733 0.2143179029226303 0.12402965128421783 imagel_546839884906
3590 0.0875244140625 0.08195912837982178 0.12403631210327148 imager_546914859807
3600 0.08945684134960175 0.06522705405950546 0.12405833601951599 imaged_547072884335
3610 0.0416104719042778 0.03538902848958969 0.12404562532901764 imagel_546975854071
3620 0.11500553786754608 0.0936540961265564 0.12400224804878235 imagef_547023868703
3630 0.07236363738775253 0.06472735106945038 0.12401317805051804 imagel_547150862236
3640 0.04819173365831375 0.03716463968157768 0.1240442767739296 imagel_547036881708
3650 0.11680111289024353 0.08380475640296936 0.12406415492296219 imageu_546950862437
3660 0.1307084709405899 0.10582693666219711 0.12410417944192886 imagef_546945857437
3670 0.17239917814731598 0.11920618265867233 0.1240832507610321 imaged_547191869875
3680 0.06814847141504288 0.060208920389413834 0.12408509105443954 imagel_546987866076
3690 0.14402659237384796 0.11636742949485779 0.12402559816837311 imageb_547007852711
3700 0.3705591857433319 0.3279607594013214 0.12407740205526352 imageb_547205883874
3710 0.1420634239912033 0.1027020663022995 0.12411995232105255 imageu_546880859173
3720 0.07555271685123444 0.0565052330493927 0.12411322444677353 imaged_547074852968
3730 0.13898198306560516 0.11359858512878418 0.12411659210920334 imageb_546865877539
3740 0.08504568040370941 0.06562490016222 0.1241147518157959 imaged_547070882331
3750 0.05899382010102272 0.04693185165524483 0.12410616129636765 imagel_546982861070
3760 0.09421253204345703 0.07512934505939484 0.12408225238323212 imaged_546987866076
3770 0.16298145055770874 0.13200503587722778 0.1240905299782753 imageb_547137882603
3780 0.046178873628377914 0.03809123858809471 0.1241159737110138 imagel_546854866535
3790 0.1049824208021164 0.09710690379142761 0.12408997863531113 imager_546939884803
3800 0.09156572073698044 0.06965711712837219 0.12407432496547699 imaged_547019864709
3810 0.14707987010478973 0.12146548926830292 0.12409580498933792 imageb_546911856805
3820 0.37021851539611816 0.360103040933609 0.12412989139556885 imager_547174852869
3830 0.04824340343475342 0.0428718663752079 0.12408555299043655 imagel_547007852711
3840 0.09597670286893845 0.07643278688192368 0.1240607276558876 imaged_546996875070
3850 0.2224738895893097 0.18112747371196747 0.12410899996757507 imaged_546856868537
3860 0.09984432905912399 0.06663656234741211 0.12411217391490936 imagel_547159871241
3870 0.12681818008422852 0.09211882948875427 0.12417576462030411 imageu_546965877440
3880 0.09623173624277115 0.08470888435840607 0.12419436126947403 imager_547053865336
3890 0.12221529334783554 0.09698235988616943 0.12418232858181 imageb_546973885436
3900 0.1833510398864746 0.11857137084007263 0.12419005483388901 imageb_547181859871
3910 0.10637979209423065 0.0849900096654892 0.12423475086688995 imagef_547091869975
3920 0.4117301404476166 0.4147171378135681 0.12427132576704025 imager_547193871872
3930 0.35540351271629333 0.34172189235687256 0.12430556118488312 imager_546860872536
3940 0.12322021275758743 0.09740027040243149 0.12431544065475464 imagef_546941853440
3950 0.15143683552742004 0.11841735243797302 0.12433410435914993 imagef_546897876191
3960 0.07439205795526505 0.05181432515382767 0.1243448257446289 imaged_546975854071
3970 0.04472401365637779 0.033967025578022 0.12430740147829056 imagel_546922867806
3980 0.13787105679512024 0.11612985283136368 0.12425632774829865 imagef_547033878707
3990 0.03581780940294266 0.029940200969576836 0.12426350265741348 imagel_547120865600
4000 0.18790341913700104 0.14255216717720032 0.1241724044084549 imageu_547147859235
4010 0.1272405982017517 0.1005866527557373 0.12406392395496368 imagef_546945857437
4020 0.1329599767923355 0.09884494543075562 0.12403971701860428 imageu_547045857339
4030 0.2111808806657791 0.19278430938720703 0.12406272441148758 imaged_546868880541
4040 0.04651501402258873 0.04301851615309715 0.1240522488951683 imagel_547142854240
4050 0.23050567507743835 0.17740687727928162 0.1240195780992508 imageu_547189867877
4060 0.11714073270559311 0.0917389988899231 0.12394430488348007 imageb_546941853440
4070 0.09113618731498718 0.07828988879919052 0.12385505437850952 imager_546967879439
4080 0.15114586055278778 0.1228151023387909 0.12377005070447922 imagel_547200878871
4090 0.22481700778007507 0.17602309584617615 0.12370040267705917 imageu_547194872874
4100 0.1031084656715393 0.08031737804412842 0.12360192835330963 imaged_547123868601
4110 0.11648974567651749 0.08681552857160568 0.12357592582702637 imageu_546968880435
4120 0.10631083697080612 0.07817916572093964 0.12363088876008987 imaged_547121866605
4130 0.056729305535554886 0.045271966606378555 0.1236853152513504 imagel_547060872343
4140 0.12050940841436386 0.10004524886608124 0.12375763803720474 imagef_547096874977
4150 0.03534167632460594 0.024416116997599602 0.12381265312433243 imagel_547183861871
4160 0.16324438154697418 0.13737459480762482 0.12383351475000381 imagef_547138883611
4170 0.12597495317459106 0.10148826241493225 0.12395089119672775 imageb_546980859076
4180 0.07746165245771408 0.05518851801753044 0.12405290454626083 imaged_546958870432
4190 0.13887280225753784 0.10021744668483734 0.12406567484140396 imageu_546899878172
4200 0.07733286917209625 0.06701640039682388 0.12406827509403229 imager_547120865600
4210 0.07694586366415024 0.06748122721910477 0.12412998825311661 imager_547028873712
4220 0.043204691261053085 0.034665901213884354 0.1241835281252861 imagel_547006885077
4230 0.036930959671735764 0.03173191100358963 0.12418834865093231 imagel_546870882540
4240 0.05491858720779419 0.03745509311556816 0.12413518875837326 imagel_547162874244
4250 0.14024044573307037 0.1134226843714714 0.12410390377044678 imagef_547137882603
4260 0.04952340945601463 0.04413731023669243 0.12413965165615082 imagel_547045857339
4270 0.03858387470245361 0.02912350930273533 0.12414765357971191 imagel_546968880435
4280 0.11030037701129913 0.0901767760515213 0.12418636679649353 imagef_546990869071
4290 0.09853760153055191 0.07291585206985474 0.12428376078605652 imaged_547104882977
4300 0.11568770557641983 0.08718555420637131 0.12430642545223236 imaged_547143855237
4310 0.15017202496528625 0.12586306035518646 0.12434255331754684 imaged_546882861171
4320 0.1228099837899208 0.09144128859043121 0.1243756115436554 imageu_547011856705
4330 0.10463336110115051 0.07992778718471527 0.1243995800614357 imaged_546911856805
4340 0.1930793672800064 0.13498246669769287 0.12437230348587036 imageu_546849861536
4350 0.08811362832784653 0.06730405986309052 0.12438840419054031 imaged_547062874337
4360 0.3386561870574951 0.3340491056442261 0.12443560361862183 imager_546853865537
4370 0.08523014187812805 0.07950957119464874 0.12440220266580582 imager_546973885436
4380 0.234371155500412 0.18258239328861237 0.1243392750620842 imagef_547188866869
4390 0.14123263955116272 0.09871997684240341 0.12433087825775146 imageu_547167879238
4400 0.1241764947772026 0.09837472438812256 0.12426429241895676 imageb_547166878243
4410 0.16510409116744995 0.13119500875473022 0.12422522902488708 imageb_546892871169
4420 0.2124718725681305 0.16263392567634583 0.1242014542222023 imageu_546854866535
4430 0.08437489718198776 0.06196403503417969 0.12415602803230286 imaged_546982861070
4440 0.050869062542915344 0.046849895268678665 0.12412530183792114 imagel_547101879972
4450 0.10950689762830734 0.08742913603782654 0.12408018857240677 imageb_546985864078
4460 0.10140397399663925 0.0784018337726593 0.12406560033559799 imaged_547014859704
4470 0.17965085804462433 0.12870563566684723 0.12408573925495148 imageu_546856868537
4480 0.15780167281627655 0.12951838970184326 0.12410362809896469 imageb_547145857237
4490 0.1646437793970108 0.1283189207315445 0.12411752343177795 imageb_547147859235
4500 0.02989198826253414 0.024461593478918076 0.12415151298046112 imagel_546997876076
4510 0.11408668756484985 0.09043971449136734 0.12419978529214859 imageb_547030875702
4520 0.1478186994791031 0.12405039370059967 0.12417645007371902 imagef_547113858603
4530 0.10226324200630188 0.07806436717510223 0.12415464967489243 imaged_547109854609
4540 0.045805204659700394 0.03982605040073395 0.12421488761901855 imagel_547103881966
4550 0.1103692278265953 0.08471491932868958 0.12424232810735703 imaged_546890869170
4560 0.1759209930896759 0.1466018259525299 0.12425854802131653 imagef_547152864241
4570 0.06913427263498306 0.051940470933914185 0.12426342815160751 imageu_547201879876
4580 0.04873190447688103 0.04005971550941467 0.12428300082683563 imagel_547062874337
4590 0.12829269468784332 0.09149777144193649 0.12432146072387695 imageu_547035880703
4600 0.1529194414615631 0.1245320588350296 0.12435837835073471 imagef_546948860438
4610 0.12121083587408066 0.09722273796796799 0.12443142384290695 imageb_547028873712
4620 0.10820789635181427 0.07864119857549667 0.1244959756731987 imaged_546917862811
4630 0.0761314183473587 0.05372341722249985 0.12455672770738602 imaged_547007852711
4640 0.11428052186965942 0.08891858905553818 0.12460171431303024 imaged_546892871169
4650 0.1289522349834442 0.09674075990915298 0.12468321621417999 imageu_547055867337
4660 0.04355308413505554 0.033585432916879654 0.12474657595157623 imagel_546962874438
4670 0.13002829253673553 0.09574387967586517 0.12476634234189987 imageu_546928873809
4680 0.04594511538743973 0.040983498096466064 0.12478412687778473 imagel_546990869071
4690 0.1093074232339859 0.08340250700712204 0.12478820234537125 imaged_546900879170
4700 0.13749195635318756 0.1005282923579216 0.12473174929618835 imageu_546916861809
4710 0.11148668825626373 0.0879490077495575 0.1246965229511261 imageb_546934879798
4720 0.16497530043125153 0.14581461250782013 0.12473227828741074 imageu_547154866233
4730 0.12280011922121048 0.09715951979160309 0.12477724999189377 imageb_546865877539
4740 0.09141555428504944 0.07849178463220596 0.1247548758983612 imager_546922867806
4750 0.12196135520935059 0.1002022996544838 0.12470217794179916 imageb_546945857437
4760 0.042149581015110016 0.038080062717199326 0.12465760111808777 imagel_546880859173
4770 0.09566384553909302 0.08899062871932983 0.12462574988603592 imager_546917862811
4780 0.09325479716062546 0.07270893454551697 0.12469662725925446 imaged_546965877440
4790 0.16542284190654755 0.1388952136039734 0.1247464120388031 imageb_547118863609
4800 0.1197207123041153 0.09741353988647461 0.12472736090421677 imageb_546984863078
4810 0.08394892513751984 0.06276776641607285 0.12474917620420456 imaged_546968880435
4820 0.0942683219909668 0.08833412826061249 0.12482407689094543 imager_546914859807
4830 0.12295521050691605 0.09798203408718109 0.12483057379722595 imagef_547087865974
4840 0.04082178696990013 0.03474471718072891 0.1248566284775734 imagel_546911856805
4850 0.09127900749444962 0.07140912860631943 0.12489960342645645 imaged_546972884442
4860 0.13182134926319122 0.10630526393651962 0.12490862607955933 imagef_547118863609
4870 0.0649997815489769 0.05827416107058525 0.12490182369947433 imager_546955867436
4880 0.17653506994247437 0.15064001083374023 0.12491706758737564 imagef_546926871803
4890 0.040878940373659134 0.03670964017510414 0.12496557831764221 imagel_546970882435
4900 0.11455359309911728 0.0815301313996315 0.12492052465677261 imageu_546972884442
4910 0.09975750744342804 0.09210602939128876 0.12488582730293274 imager_547150862236
4920 0.07550190389156342 0.06852246075868607 0.12486567348241806 imager_546979858070
4930 0.1291349083185196 0.10445838421583176 0.12489835172891617 imageb_547053865336
4940 0.04595942050218582 0.04055057838559151 0.12491825222969055 imagel_546948860438
4950 0.1339588463306427 0.11182939261198044 0.12491511553525925 imagef_547086864973
4960 0.040323372930288315 0.03152575343847275 0.12494117766618729 imagel_546929874807
4970 0.1987399011850357 0.1288362592458725 0.12495370209217072 imageb_546853865537
4980 0.03869474679231644 0.03291045501828194 0.1249554380774498 imagel_546871883543
4990 0.04482599347829819 0.035363730043172836 0.1249409168958664 imagel_547177855874
5000 0.12281756848096848 0.09829762578010559 0.12492828816175461 imageb_546963875440
5010 0.08119963109493256 0.07455041259527206 0.12495429813861847 imager_547092870974
5020 0.151238813996315 0.12470338493585587 0.12499870359897614 imagef_546965877440
5030 0.13385428488254547 0.10362271964550018 0.12507562339305878 imagef_546894873172
5040 0.06110105663537979 0.056229498237371445 0.12514260411262512 imagel_547128873606
5050 0.09883974492549896 0.07450398057699203 0.12518896162509918 imaged_546902881194
5060 0.13465669751167297 0.11096181720495224 0.1252325028181076 imageb_547130875605
5070 0.17476019263267517 0.14567896723747253 0.12526580691337585 imaged_547162874244
5080 0.05382595211267471 0.04539307579398155 0.12532608211040497 imagel_547193871872
5090 0.09811066091060638 0.08171793818473816 0.1253245323896408 imaged_547077855978
5100 0.10433788597583771 0.08243843913078308 0.12538009881973267 imaged_546985864078
5110 0.07862372696399689 0.07060202211141586 0.12543879449367523 imager_547069881338
5120 0.06222011521458626 0.051675617694854736 0.12547992169857025 imager_546868880541
5130 0.041602738201618195 0.03387652710080147 0.12550894916057587 imagel_547072884335
5140 0.18732167780399323 0.1509850025177002 0.12556637823581696 imageu_547145857237
5150 0.1297995001077652 0.11136523634195328 0.12558864057064056 imageb_546868880541
5160 0.14458385109901428 0.10682100057601929 0.12558655440807343 imagel_547205883874
5170 0.10903963446617126 0.0899074375629425 0.12566818296909332 imageb_546943855437
5180 0.25914427638053894 0.20864185690879822 0.12567616999149323 imageu_547186864875
5190 0.11437566578388214 0.09523452073335648 0.1256416290998459 imagef_546868880541
5200 0.07402555644512177 0.06782760471105576 0.12560270726680756 imager_546975854071
5210 0.1379391998052597 0.11681723594665527 0.12563556432724 imagef_547121866605
5220 0.16608460247516632 0.13760297000408173 0.12564469873905182 imagef_547152864241
5230 0.03820440545678139 0.030350739136338234 0.12565042078495026 imagel_546875854173
5240 0.1234082356095314 0.09694373607635498 0.1256207525730133 imagef_547098876976
5250 0.09977298229932785 0.07756523042917252 0.1255486011505127 imaged_546895874174
5260 0.1857486367225647 0.1624554842710495 0.12554609775543213 imageb_547200878871
5270 0.055843956768512726 0.0397489108145237 0.12555880844593048 imagel_547149861238
5280 0.14532312750816345 0.11194438487291336 0.1255713552236557 imageb_546877856173
5290 0.13673946261405945 0.10659904032945633 0.125543013215065 imageb_546899878172
5300 0.11869504302740097 0.09289021790027618 0.12554320693016052 imagef_546870882540
5310 0.07059899717569351 0.06576267629861832 0.12548522651195526 imagel_547152864241
5320 0.2912689745426178 0.30723053216934204 0.12562967836856842 imager_547188866869
5330 0.11445829272270203 0.08490457385778427 0.1257626712322235 imageu_546980859076
5340 0.13528703153133392 0.11097434908151627 0.12580323219299316 imageb_547123868601
5350 0.11501955986022949 0.08513406664133072 0.12583012878894806 imageu_547007852711
5360 0.046993426978588104 0.04042915999889374 0.12585808336734772 imagel_546926871803
5370 0.038239479064941406 0.03451811149716377 0.12584900856018066 imagel_547120865600
5380 0.12511712312698364 0.10446678102016449 0.12582017481327057 imageb_546873885533
5390 0.13622598350048065 0.11448901146650314 0.12578129768371582 imageu_547121866605
5400 0.07756569981575012 0.05703212320804596 0.12579454481601715 imaged_547045857339
5410 0.10874701291322708 0.0858907550573349 0.1257876604795456 imagef_546989868066
5420 0.11924849450588226 0.09564002603292465 0.1257617324590683 imageb_546994873075
5430 0.18509288132190704 0.1393832564353943 0.12572790682315826 imaged_547196874870
5440 0.18646053969860077 0.14035730063915253 0.12571100890636444 imaged_547183861871
5450 0.14368420839309692 0.12160385400056839 0.12567391991615295 imagef_546963875440
5460 0.2134283035993576 0.1647605299949646 0.12561821937561035 imageu_547194872874
5470 0.13816113770008087 0.10774874687194824 0.1255953162908554 imageu_547123868601
5480 0.08552318066358566 0.07573382556438446 0.1255982220172882 imager_547089867973
5490 0.22698238492012024 0.18520475924015045 0.12560483813285828 imageu_547183861871
5500 0.0959433764219284 0.07606060802936554 0.12561069428920746 imaged_546924869806
5510 0.05086605250835419 0.04401158168911934 0.12562471628189087 imager_546956868435
5520 0.06814873218536377 0.05689701437950134 0.12560729682445526 imagel_546941853440
5530 0.1410435140132904 0.11475138366222382 0.12558160722255707 imageb_547201879876
5540 0.05604447051882744 0.04495042935013771 0.12551303207874298 imagel_546861873539
5550 0.1312979757785797 0.1119709312915802 0.12542001903057098 imagef_547033878707
5560 0.11193352937698364 0.08618819713592529 0.1253826916217804 imageb_547053865336
5570 0.11680223792791367 0.0967196598649025 0.12536655366420746 imageb_547023868703
5580 0.12451142072677612 0.09116204082965851 0.12538592517375946 imaged_547160872234
5590 0.3279823958873749 0.2907523810863495 0.12547117471694946 imaged_546839884906
5600 0.14916081726551056 0.11523710191249847 0.12546199560165405 imageu_546914859807
5610 0.12156300246715546 0.09868279099464417 0.12546302378177643 imageb_547084862980
5620 0.04393753409385681 0.03302902355790138 0.1254463791847229 imagel_546980859076
5630 0.2113916575908661 0.17172858119010925 0.12542329728603363 imageb_547186864875
5640 0.08027346432209015 0.05618993565440178 0.12543654441833496 imagel_547171883239
5650 0.10857564210891724 0.10171827673912048 0.125433087348938 imager_546943855437
5660 0.12871254980564117 0.09766800701618195 0.125456765294075 imagef_547057869336
5670 0.11677516251802444 0.0933745801448822 0.12552089989185333 imageb_547009854705
5680 0.10997167229652405 0.08533165603876114 0.1255715787410736 imageb_546956868435
5690 0.12590108811855316 0.09525630623102188 0.12562789022922516 imageu_547031876706
5700 0.11903674900531769 0.09163252264261246 0.1256791353225708 imagef_547099877967
5710 0.0690726637840271 0.060441773384809494 0.1257299929857254 imager_547069881338
5720 0.06586693972349167 0.05732189118862152 0.12578116357326508 imager_546883862169
5730 0.11594119668006897 0.10427182912826538 0.12584488093852997 imager_547057869336
5740 0.10959087312221527 0.08683862537145615 0.1258697211742401 imageb_547067879338
5750 0.12376341223716736 0.09463298320770264 0.12588565051555634 imageb_547132877611
5760 0.14218617975711823 0.10191961377859116 0.12591740489006042 imageu_546860872536
5770 0.07949581742286682 0.07205793261528015 0.12598074972629547 imager_546885864170
5780 0.07579091191291809 0.06561003625392914 0.12599056959152222 imager_546938883810
5790 0.08504273742437363 0.06679515540599823 0.12600307166576385 imaged_547065877343
5800 0.1254178285598755 0.09081283956766129 0.12601913511753082 imageu_547043855348
5810 0.1249982938170433 0.09066040068864822 0.1260438710451126 imageu_546861873539
5820 0.1294383704662323 0.09330520778894424 0.12611538171768188 imageu_546883862169
5830 0.14119233191013336 0.11438935995101929 0.1261725276708603 imagef_547113858603
5840 0.08831295371055603 0.0640513226389885 0.12622188031673431 imaged_546939884803
5850 0.08885475248098373 0.07090945541858673 0.1262109875679016 imaged_546967879439
5860 0.044738393276929855 0.04125285521149635 0.12618939578533173 imagel_547160872234
5870 0.23191332817077637 0.1925942450761795 0.1261410415172577 imageu_547181859871
5880 0.23766368627548218 0.14982298016548157 0.12610527873039246 imageb_547171883239
5890 0.03872913867235184 0.033248744904994965 0.1261497288942337 imagel_547064876339
5900 0.09639964252710342 0.07606328278779984 0.12613224983215332 imagef_546997876076
5910 0.18704605102539062 0.12651123106479645 0.12610554695129395 imagef_547189867877
5920 0.10063447803258896 0.09470854699611664 0.12610429525375366 imager_547094872971
5930 0.12329810857772827 0.1011868491768837 0.1260850578546524 imageb_546939884803
5940 0.08336225897073746 0.06066744402050972 0.1261037141084671 imaged_546938883810
5950 0.12147708982229233 0.09562292695045471 0.12616237998008728 imagef_547077855978
5960 0.1779807209968567 0.11257579922676086 0.12619569897651672 imageb_546858870537
5970 0.21662768721580505 0.13855771720409393 0.12627185881137848 imagef_547171883239
5980 0.1406383365392685 0.11033295094966888 0.12635914981365204 imagef_546970882435
5990 0.24152904748916626 0.1606895923614502 0.12641994655132294 imageb_546849861536
6000 0.13778521120548248 0.11505100876092911 0.12638123333454132 imageb_547162874244
6010 0.08768206089735031 0.07928841561079025 0.1263251155614853 imager_546946858444
6020 0.04015020281076431 0.03579818084836006 0.12630467116832733 imagel_546870882540
6030 0.11825702339410782 0.09376154094934464 0.12631824612617493 imagef_546987866076
6040 0.14453355967998505 0.1169760599732399 0.12635356187820435 imagef_547111856605
6050 0.16909697651863098 0.13839462399482727 0.12643662095069885 imageb_546921866804
6060 0.03278697282075882 0.02350679598748684 0.12654434144496918 imagel_547104882977
6070 0.025881903246045113 0.02142246440052986 0.12663252651691437 imagel_546895874174
6080 0.08109648525714874 0.07452737540006638 0.1267041116952896 imager_547121866605
6090 0.07651426643133163 0.061076078563928604 0.12671269476413727 imaged_547018863705
6100 0.1277475506067276 0.1029188483953476 0.12675386667251587 imagef_546984863078
6110 0.11257041245698929 0.08971337229013443 0.12677286565303802 imageb_546941853440
6120 0.2895456850528717 0.21852385997772217 0.12681910395622253 imagef_546839884906
6130 0.10034512728452682 0.07887904345989227 0.1268620789051056 imagef_546996875070
6140 0.11546681821346283 0.08374619483947754 0.12687569856643677 imageu_547002881074
6150 0.11624520272016525 0.07742927968502045 0.12689530849456787 imageu_547072884335
6160 0.12306427210569382 0.08831936866044998 0.12693224847316742 imageu_546887866191
6170 0.15861578285694122 0.1050105169415474 0.1269446313381195 imagef_546856868537
6180 0.04175357148051262 0.03480387106537819 0.12697480618953705 imagel_547014859704
6190 0.1622338593006134 0.1245279312133789 0.12702959775924683 imaged_547174852869
6200 0.15307389199733734 0.12749508023262024 0.1270996332168579 imageb_547120865600
6210 0.0610847994685173 0.05359864607453346 0.12720078229904175 imagel_546902881194
6220 0.1427229791879654 0.11472886800765991 0.12726885080337524 imageb_546926871803
6230 0.10607855021953583 0.0839603841304779 0.12734712660312653 imageb_547125870610
6240 0.13574375212192535 0.1095004752278328 0.12742482125759125 imageb_546875854173
6250 0.03279741108417511 0.029738346114754677 0.127480611205101 imagel_547125870610
6260 0.11986124515533447 0.09138000011444092 0.12757210433483124 imagef_546939884803
6270 0.21886681020259857 0.17526347935199738 0.12762534618377686 imagef_547183861871
6280 0.11935536563396454 0.08879297226667404 0.1276295781135559 imageu_547075853978
6290 0.1863742470741272 0.1314689815044403 0.12762151658535004 imagef_546854866535
6300 0.03617316111922264 0.03255847096443176 0.12763817608356476 imagel_547123868601
6310 0.13902483880519867 0.11789998412132263 0.12764327228069305 imageb_546911856805
6320 0.11738108843564987 0.09583283215761185 0.127666175365448 imaged_547125870610
6330 0.17384521663188934 0.11710301786661148 0.12769734859466553 imageb_547194872874
6340 0.10095050185918808 0.09401357173919678 0.12774574756622314 imager_547096874977
6350 0.20242518186569214 0.18631982803344727 0.12781620025634766 imaged_546871883543
6360 0.04585767164826393 0.04318336769938469 0.12787176668643951 imagel_547089867973
6370 0.1038806140422821 0.09194207191467285 0.12785208225250244 imager_547050862335
6380 0.24984200298786163 0.19544188678264618 0.1278325766324997 imageu_547188866869
6390 0.12198588997125626 0.10039409250020981 0.1278034746646881 imagef_547101879972
6400 0.07215835154056549 0.056237127631902695 0.1278153508901596 imageu_546868880541
6410 0.10917291045188904 0.0726306289434433 0.12778529524803162 imaged_547200878871
6420 0.11645202338695526 0.09303601086139679 0.127749502658844 imageb_546973885436
6430 0.15112237632274628 0.10573989152908325 0.12772397696971893 imagef_546863875543
6440 0.1253015398979187 0.1018388569355011 0.12773898243904114 imagef_547048860337
6450 0.1083817258477211 0.08775042742490768 0.12776894867420197 imageb_547069881338
6460 0.07640551030635834 0.0663674846291542 0.12779220938682556 imager_547004883077
6470 0.2557661831378937 0.21320682764053345 0.12782782316207886 imagef_547167879238
6480 0.06189389154314995 0.04725356772542 0.12787991762161255 imagel_547162874244
6490 0.09110159426927567 0.08093369752168655 0.12786777317523956 imager_547053865336
6500 0.11601339280605316 0.08245276659727097 0.12786640226840973 imageu_547001880072
6510 0.1661413311958313 0.11354057490825653 0.1279151737689972 imagef_546861873539
6520 0.17624521255493164 0.12916243076324463 0.12792500853538513 imaged_547184862870
6530 0.3006303012371063 0.30175963044166565 0.1279713660478592 imager_547177855874
6540 0.131683811545372 0.10089857131242752 0.12793517112731934 imageb_547094872971
6550 0.12691114842891693 0.09680931270122528 0.12787754833698273 imagef_547147859235
6560 0.10855112224817276 0.07936280965805054 0.12788423895835876 imageu_547084862980
6570 0.10700368136167526 0.08227594196796417 0.1279257833957672 imageb_547028873712
6580 0.09927791357040405 0.07817824929952621 0.12795794010162354 imager_546907852806
6590 0.10049416869878769 0.07928519695997238 0.12799204885959625 imageb_546946858444
6600 0.10441284626722336 0.06735843420028687 0.12803910672664642 imaged_547200878871
6610 0.13654562830924988 0.11024605482816696 0.1279781013727188 imagef_547035880703
6620 0.06761928647756577 0.052772682160139084 0.127958282828331 imaged_547079857970
6630 0.1066705733537674 0.09653429687023163 0.12795725464820862 imager_546909854806
6640 0.2423987090587616 0.23534713685512543 0.12794777750968933 imager_546854866535
6650 0.06756606698036194 0.05329563841223717 0.12790800631046295 imagef_546866878536
6660 0.07411055266857147 0.06399360299110413 0.12788020074367523 imager_547009854705
6670 0.07652272284030914 0.05595181882381439 0.127871572971344 imaged_547062874337
6680 0.1595134139060974 0.10570651292800903 0.12785160541534424 imaged_547191869875
6690 0.08324918895959854 0.06283797323703766 0.12784937024116516 imaged_547106884970
6700 0.09859916567802429 0.07487203180789948 0.12783153355121613 imageu_547014859704
6710 0.0594760961830616 0.052732668817043304 0.12780900299549103 imager_546999878077
6720 0.09323764592409134 0.07042330503463745 0.12784892320632935 imaged_547152864241
6730 0.15007798373699188 0.12347046285867691 0.1279248148202896 imageb_547152864241
6740 0.10848803073167801 0.07912120968103409 0.12797938287258148 imageu_546985864078
6750 0.11069060862064362 0.0872161015868187 0.12808702886104584 imagef_546882861171
6760 0.19879750907421112 0.1446492224931717 0.12812116742134094 imageu_547189867877
6770 0.1141289696097374 0.0913805216550827 0.12810297310352325 imageb_546970882435
6780 0.1333649903535843 0.10371043533086777 0.12812542915344238 imageb_546914859807
6790 0.0920180007815361 0.07683926820755005 0.12819568812847137 imageb_546870882540
6800 0.2718210816383362 0.2796059846878052 0.1282331943511963 imager_547186864875
6810 0.11521188169717789 0.08935809135437012 0.12821760773658752 imageu_547092870974
6820 0.10319166630506516 0.07253701984882355 0.12820887565612793 imagel_547200878871
6830 0.20261205732822418 0.14346982538700104 0.1282212883234024 imageu_547172884238
6840 0.2190179079771042 0.1338486224412918 0.12820209562778473 imageb_547172884238
6850 0.20020338892936707 0.1559385508298874 0.1281634271144867 imagef_547179857873
6860 0.11128856986761093 0.10527478903532028 0.12808410823345184 imager_546890869170
6870 0.046494077891111374 0.0369696281850338 0.12807121872901917 imagel_546943855437
6880 0.03921827673912048 0.03393425792455673 0.12808087468147278 imagel_546990869071
6890 0.10527996718883514 0.07996027916669846 0.12810401618480682 imageu_547018863705
6900 0.22901639342308044 0.18050946295261383 0.12819233536720276 imageu_547186864875
6910 0.04314515367150307 0.03643370792269707 0.1282871961593628 imagel_547004883077
6920 0.10108793526887894 0.08050654828548431 0.1283298283815384 imagef_547089867973
6930 0.09226900339126587 0.07460729032754898 0.12836606800556183 imaged_546933878804
6940 0.12453267723321915 0.0996064767241478 0.1284044086933136 imagef_547135880603
6950 0.14232796430587769 0.1159108579158783 0.12844470143318176 imagef_547113858603
6960 0.11932666599750519 0.09566542506217957 0.12846258282661438 imageb_547133878607
6970 0.14975158870220184 0.15783141553401947 0.1284865438938141 imager_547200878871
6980 0.12282521277666092 0.08748017996549606 0.12846018373966217 imageu_547040885702
6990 0.1156507283449173 0.08860812336206436 0.1285025179386139 imageu_547094872971
7000 0.06383593380451202 0.0450119711458683 0.12856584787368774 imaged_547050862335
7010 0.06663724035024643 0.03834495320916176 0.1285811811685562 imaged_547205883874
7020 0.02732415869832039 0.022246049717068672 0.128570094704628 imagel_546956868435
7030 0.10322801023721695 0.07891335338354111 0.12860991060733795 imageb_546865877539
7040 0.10441648215055466 0.08170627057552338 0.12862785160541534 imaged_547128873606
7050 0.18266798555850983 0.12596125900745392 0.12866756319999695 imagef_546854866535
7060 0.1047934889793396 0.08403094112873077 0.1286868005990982 imagef_547062874337
7070 0.045597974210977554 0.037601303309202194 0.12868846952915192 imagel_547193871872
7080 0.09812945872545242 0.08938723802566528 0.1286618709564209 imager_547060872343
7090 0.11887850612401962 0.0861375480890274 0.12863785028457642 imageu_546912857810
7100 0.13369117677211761 0.1097714826464653 0.12855923175811768 imagef_547154866233
7110 0.14275553822517395 0.11071121692657471 0.12848395109176636 imageu_546921866804
7120 0.15627780556678772 0.12643520534038544 0.1284639984369278 imageb_547138883611
7130 0.06827367842197418 0.06037052720785141 0.12844784557819366 imager_547069881338
7140 0.11279908567667007 0.08105196803808212 0.12845145165920258 imageu_546928873809
7150 0.11688700318336487 0.09444958716630936 0.1285174936056137 imagef_547055867337
7160 0.16972951591014862 0.12193714082241058 0.12855863571166992 imagef_546877856173
7170 0.06897175312042236 0.05185407027602196 0.12856672704219818 imaged_547023868703
7180 0.1962297558784485 0.18703752756118774 0.12854279577732086 imager_547206884871
7190 0.07871535420417786 0.05867813900113106 0.1284877210855484 imaged_547043855348
7200 0.05695822089910507 0.04865388944745064 0.1285344362258911 imager_547126871606
7210 0.07227624207735062 0.04966700077056885 0.12858930230140686 imaged_547099877967
7220 0.2424173355102539 0.22130006551742554 0.1286569982767105 imager_546849861536
7230 0.03324314206838608 0.02947639673948288 0.12867140769958496 imagel_546953865434
7240 0.10229700803756714 0.08011140674352646 0.1286521553993225 imageb_546945857437
7250 0.033354829996824265 0.029176566749811172 0.12866321206092834 imagel_546873885533
7260 0.13419654965400696 0.10298774391412735 0.12868443131446838 imagef_546968880435
7270 0.11006384342908859 0.10367866605520248 0.1286911517381668 imager_547038883711
7280 0.12184428423643112 0.10175395756959915 0.1287205070257187 imagef_547052864345
7290 0.1403232365846634 0.11443594098091125 0.12880933284759521 imageb_547135880603
7300 0.125097393989563 0.08930565416812897 0.12888987362384796 imageu_546911856805
7310 0.027199096977710724 0.02039971575140953 0.12893298268318176 imagel_546856868537
7320 0.05660659074783325 0.045550163835287094 0.12898825109004974 imagel_547060872343
7330 0.12145207822322845 0.09596101939678192 0.12900310754776 imageb_546989868066
7340 0.09491927921772003 0.07141930609941483 0.12900543212890625 imageb_546951863443
7350 0.10834606736898422 0.0784536600112915 0.12903615832328796 imageu_547004883077
7360 0.08904774487018585 0.06887799501419067 0.12907160818576813 imaged_546934879798
7370 0.05612329766154289 0.04773084446787834 0.1290864795446396 imager_546883862169
7380 0.028898421674966812 0.024440595880150795 0.12906873226165771 imagel_546894873172
7390 0.03423181176185608 0.03156350553035736 0.12903863191604614 imagel_547113858603
7400 0.1989353746175766 0.12868419289588928 0.1290043294429779 imagef_547172884238
7410 0.08520588278770447 0.06642430275678635 0.12901103496551514 imaged_547055867337
7420 0.09395618736743927 0.07062619924545288 0.12900203466415405 imagef_547064876339
7430 0.1380733698606491 0.11339425295591354 0.12900492548942566 imagef_547155867242
7440 0.08021833002567291 0.05847084894776344 0.12903405725955963 imaged_546939884803
7450 0.123895563185215 0.09295320510864258 0.12905460596084595 imagef_546883862169
7460 0.11613979190587997 0.0919547826051712 0.1290447860956192 imagef_546985864078
7470 0.0719418153166771 0.05327131226658821 0.12905289232730865 imaged_547024869702
7480 0.09409333020448685 0.08727120608091354 0.12908212840557098 imager_547150862236
7490 0.10296518355607986 0.08099526911973953 0.12917734682559967 imaged_546911856805
7500 0.031425658613443375 0.022392772138118744 0.12923333048820496 imagel_547072884335
7510 0.09711679071187973 0.07492833584547043 0.12929394841194153 imagef_547001880072
7520 0.09390417486429214 0.07127527892589569 0.12934552133083344 imaged_546919864808
7530 0.0675547793507576 0.04959878697991371 0.12939107418060303 imaged_546963875440
7540 0.1338568478822708 0.10211092233657837 0.12940120697021484 imagef_546885864170
7550 0.1386474370956421 0.10404990613460541 0.129464253783226 imageb_546922867806
7560 0.2019433081150055 0.18543317914009094 0.12949436902999878 imaged_547169881238
7570 0.09805312752723694 0.08806423097848892 0.12951557338237762 imager_547162874244
7580 0.17436382174491882 0.1345382034778595 0.1295047104358673 imagef_546914859807
7590 0.12580211460590363 0.0965413898229599 0.1294981837272644 imagef_546948860438
7600 0.21853765845298767 0.21596330404281616 0.12950198352336884 imager_547171883239
7610 0.22526182234287262 0.16474518179893494 0.12948249280452728 imagef_546849861536
7620 0.03698379173874855 0.029498441144824028 0.12952372431755066 imagel_546924869806
7630 0.14994603395462036 0.12600919604301453 0.1294780671596527 imaged_546887866191
7640 0.0762370228767395 0.06582503020763397 0.1294463574886322 imager_547006885077
7650 0.03702046722173691 0.030042972415685654 0.12947537004947662 imagel_546931876806
7660 0.126164048910141 0.09163249284029007 0.12951943278312683 imageu_546899878172
7670 0.037327807396650314 0.03460980951786041 0.1295500248670578 imagel_546885864170
7680 0.06842269003391266 0.05149075761437416 0.12956495583057404 imaged_546990869071
7690 0.08918093889951706 0.06894360482692719 0.12959492206573486 imageb_546934879798
7700 0.10785187780857086 0.08175206929445267 0.1296413242816925 imageu_547070882331
7710 0.082877017557621 0.07428613305091858 0.12971162796020508 imager_547016861703
7720 0.1517006754875183 0.12002547830343246 0.12979750335216522 imagef_546880859173
7730 0.10301229357719421 0.07334507256746292 0.12988418340682983 imageu_547098876976
7740 0.030645210295915604 0.021692698821425438 0.12995503842830658 imagel_547104882977
7750 0.1322343647480011 0.10195932537317276 0.12997940182685852 imagef_546897876191
7760 0.1126679852604866 0.09017138928174973 0.13004042208194733 imageb_546904883185
7770 0.07873262465000153 0.06874269247055054 0.13004572689533234 imager_547154866233
7780 0.08340306580066681 0.07072068005800247 0.13005562126636505 imager_547074852968
7790 0.09869757294654846 0.07712197303771973 0.13008002936840057 imageb_547125870610
7800 0.13947972655296326 0.11696106940507889 0.13011455535888672 imagef_546963875440
7810 0.08137810230255127 0.07245392352342606 0.13015536963939667 imager_547155867242
7820 0.10537733882665634 0.0816655084490776 0.13022510707378387 imageu_547014859704
7830 0.11434633284807205 0.09135966747999191 0.13026072084903717 imagef_547084862980
7840 0.11821656674146652 0.0883307158946991 0.1302695870399475 imagef_547109854609
7850 0.123023122549057 0.08893217891454697 0.1302700787782669 imageu_546909854806
7860 0.09958385676145554 0.07719791680574417 0.13026414811611176 imagef_546989868066
7870 0.039800748229026794 0.03267025202512741 0.13022898137569427 imagel_547045857339
7880 0.28791195154190063 0.19646792113780975 0.1302369236946106 imageb_546846858536
7890 0.09947109967470169 0.08997055888175964 0.13022741675376892 imager_547162874244
7900 0.13992662727832794 0.10990472137928009 0.13015615940093994 imageb_547145857237
7910 0.2777622640132904 0.23233458399772644 0.13012593984603882 imager_546844856539
7920 0.16762691736221313 0.13923265039920807 0.13004906475543976 imageb_547189867877
7930 0.04917921498417854 0.03253067657351494 0.1299554705619812 imageu_547200878871
7940 0.11027246713638306 0.08412647247314453 0.1299860030412674 imagef_547099877967
7950 0.10195287317037582 0.0734676793217659 0.13008315861225128 imageu_547007852711
7960 0.13167060911655426 0.10301241278648376 0.13013382256031036 imageu_547133878607
7970 0.18668235838413239 0.19141149520874023 0.13017572462558746 imager_547189867877
7980 0.021614093333482742 0.018399780616164207 0.13013148307800293 imagel_547070882331
7990 0.10799675434827805 0.08374939858913422 0.13010893762111664 imagef_547024869702
8000 0.11489171534776688 0.07501696795225143 0.13010627031326294 imagel_547205883874
8010 0.07099789381027222 0.036479778587818146 0.13011597096920013 imagel_547166878243
8020 0.06773323565721512 0.05510489270091057 0.13012994825839996 imager_547047859335
8030 0.10721652954816818 0.08431194722652435 0.1301671713590622 imageu_547121866605
8040 0.040218960493803024 0.03273001313209534 0.13019788265228271 imagel_546875854173
8050 0.08148383349180222 0.061725374311208725 0.13019512593746185 imaged_546967879439
8060 0.17350736260414124 0.12301479279994965 0.13017645478248596 imageu_546854866535
8070 0.12770308554172516 0.09938415884971619 0.13016778230667114 imageb_546890869170
8080 0.10607446730136871 0.0817660391330719 0.13014067709445953 imageb_546977856071
8090 0.22429287433624268 0.2139386385679245 0.13011400401592255 imager_546853865537
8100 0.024315394461154938 0.021132715046405792 0.13009388744831085 imagel_547125870610
8110 0.0897168517112732 0.0665680319070816 0.13013797998428345 imagef_547064876339
8120 0.14473044872283936 0.10680073499679565 0.13013333082199097 imagef_546892871169
8130 0.11079633235931396 0.08767708390951157 0.1301216036081314 imageb_547024869702
8140 0.16243776679039001 0.13850218057632446 0.13012272119522095 imageb_547191869875
8150 0.2260468602180481 0.2024192363023758 0.13012665510177612 imager_546861873539
8160 0.03553348034620285 0.028237106278538704 0.1301254779100418 imagel_547041853338
8170 0.23146750032901764 0.18269984424114227 0.13011811673641205 imager_546843855539
8180 0.12148997187614441 0.09238911420106888 0.13013607263565063 imageb_547111856605
8190 0.10264335572719574 0.08020272850990295 0.1301480233669281 imagel_547198876871
8200 0.15554951131343842 0.11566672474145889 0.13012109696865082 imaged_546860872536
8210 0.08946742117404938 0.08062747120857239 0.1300954967737198 imager_547006885077
8220 0.08450889587402344 0.06444854289293289 0.13013164699077606 imagef_546997876076
8230 0.13746413588523865 0.10730275511741638 0.13016480207443237 imagef_546970882435
8240 0.10103072971105576 0.07386460155248642 0.1301935613155365 imaged_546905884197
8250 0.15709881484508514 0.1049451008439064 0.13018880784511566 imagef_546861873539
8260 0.10796188563108444 0.0878327339887619 0.1302069127559662 imagef_547079857970
8270 0.18142011761665344 0.12397174537181854 0.13021820783615112 imagef_546851863543
8280 0.08673660457134247 0.08002578467130661 0.13019007444381714 imager_547101879972
8290 0.07322845607995987 0.0560692697763443 0.13018012046813965 imaged_547070882331
8300 0.07921089231967926 0.05551443248987198 0.13020896911621094 imaged_547092870974
8310 0.13513050973415375 0.10794062167406082 0.1302526742219925 imagef_547155867242
8320 0.06574011594057083 0.04839332401752472 0.13024675846099854 imaged_546989868066
8330 0.1069626584649086 0.08283154666423798 0.13025614619255066 imagef_547028873712
8340 0.025953274220228195 0.022586189210414886 0.13026809692382812 imagel_547067879338
8350 0.07538146525621414 0.05804574489593506 0.13028202950954437 imaged_547045857339
8360 0.024748824536800385 0.01813463494181633 0.13029706478118896 imagel_547086864973
8370 0.07422169297933578 0.05802502483129501 0.1302904337644577 imaged_547052864345
8380 0.2184087336063385 0.17666488885879517 0.13029733300209045 imageu_547183861871
8390 0.13347917795181274 0.0993562638759613 0.13025441765785217 imageb_547154866233
8400 0.11142678558826447 0.0874454453587532 0.1302468329668045 imagef_546941853440
8410 0.10623031854629517 0.08156844973564148 0.1302657276391983 imageu_547028873712
8420 0.03568866103887558 0.026662105694413185 0.13031406700611115 imagel_546968880435
8430 0.10855679959058762 0.08399821072816849 0.1303156316280365 imagef_547031876706
8440 0.08628451079130173 0.07353608310222626 0.1303485780954361 imager_546905884197
8450 0.08312202244997025 0.07742663472890854 0.13042482733726501 imager_547160872234
8460 0.07475560903549194 0.06574668735265732 0.1304715871810913 imager_546873885533
8470 0.19891639053821564 0.15692870318889618 0.1304914504289627 imageu_547179857873
8480 0.11352530121803284 0.08447955548763275 0.13049940764904022 imagef_546950862437
8490 0.10365341603755951 0.07355520874261856 0.13050569593906403 imageu_546955867436
8500 0.05829663574695587 0.05189482867717743 0.13049139082431793 imager_546888867171
8510 0.08892866224050522 0.07777038216590881 0.13046760857105255 imager_546909854806
8520 0.12443722039461136 0.10128474235534668 0.1304723620414734 imagef_547121866605
8530 0.07550429552793503 0.06528443843126297 0.13050104677677155 imager_547007852711
8540 0.10333164036273956 0.08340705931186676 0.13049007952213287 imaged_547142854240
8550 0.11183476448059082 0.08697541058063507 0.1305088996887207 imageb_547089867973
8560 0.21811160445213318 0.16712868213653564 0.13052885234355927 imageu_547174852869
8570 0.09023136645555496 0.06985940784215927 0.13049587607383728 imaged_546895874174
8580 0.10542421787977219 0.07732437551021576 0.13046163320541382 imageu_546985864078
8590 0.08618059009313583 0.06525913625955582 0.1304580122232437 imaged_546919864808
8600 0.09891075640916824 0.07436691224575043 0.1304943561553955 imageu_546931876806
8610 0.1567058265209198 0.1265050619840622 0.13054756820201874 imagef_546931876806
8620 0.14012013375759125 0.10724122822284698 0.13058051466941833 imageb_547155867242
8630 0.07009515911340714 0.05412019416689873 0.13066309690475464 imaged_547004883077
8640 0.09497617930173874 0.07344020158052444 0.13069523870944977 imageb_547125870610
8650 0.1842925250530243 0.12779439985752106 0.13072948157787323 imageu_546848860533
8660 0.05956707522273064 0.051824960857629776 0.13080739974975586 imager_547065877343
8670 0.13073620200157166 0.10093998908996582 0.1308439075946808 imageb_547118863609
8680 0.1702711135149002 0.11458960175514221 0.13085412979125977 imaged_547177855874
8690 0.0951727107167244 0.08483967930078506 0.13089719414710999 imager_547050862335
8700 0.14913409948349 0.11532990634441376 0.13097259402275085 imageb_546880859173
8710 0.08153632283210754 0.062481533735990524 0.13101068139076233 imaged_547055867337
8720 0.07434898614883423 0.04275823384523392 0.13101433217525482 imaged_547206884871
8730 0.04122151434421539 0.03900042176246643 0.1310219019651413 imagel_547069881338
8740 0.10340207815170288 0.07283759117126465 0.13105273246765137 imageu_546956868435
8750 0.030901066958904266 0.02547338418662548 0.13116085529327393 imagel_547106884970
8760 0.11477003991603851 0.08425791561603546 0.13119082152843475 imageu_547057869336
8770 0.0585499033331871 0.05290508642792702 0.13121791183948517 imager_547067879338
8780 0.09543055295944214 0.0728316679596901 0.1312120258808136 imageb_547052864345
8790 0.11921409517526627 0.09307179600000381 0.1311991959810257 imagef_547009854705
8800 0.17946383357048035 0.13388171792030334 0.13126488029956818 imaged_546863875543
8810 0.149420827627182 0.11564299464225769 0.13132858276367188 imagef_546911856805
8820 0.17113782465457916 0.10286793857812881 0.13137924671173096 imagef_547203881874
8830 0.12003613263368607 0.10000971704721451 0.13145053386688232 imagef_547052864345
8840 0.11010704934597015 0.08419369906187057 0.1314786821603775 imageb_546928873809
8850 0.0996360331773758 0.07880768179893494 0.1315249651670456 imaged_546899878172
8860 0.0673416331410408 0.051151301711797714 0.13158798217773438 imaged_547018863705
8870 0.03876766562461853 0.028414156287908554 0.13165563344955444 imagel_546962874438
8880 0.10641655325889587 0.08310692012310028 0.13166463375091553 imagef_546977856071
8890 0.04019225388765335 0.03212141618132591 0.13170477747917175 imageu_546866878536
8900 0.07094021886587143 0.06060958653688431 0.1317702829837799 imager_546962874438
8910 0.08231411874294281 0.07100849598646164 0.13178129494190216 imager_546899878172
8920 0.029428374022245407 0.022924242541193962 0.1317407339811325 imagel_546999878077
8930 0.10545433312654495 0.07500074803829193 0.13170288503170013 imageu_547115860606
8940 0.10611404478549957 0.07703976333141327 0.13168729841709137 imaged_547160872234
8950 0.09117186069488525 0.06795786321163177 0.13169872760772705 imageb_546951863443
8960 0.13915298879146576 0.10413258522748947 0.13177090883255005 imaged_547201879876
8970 0.14237312972545624 0.10427924245595932 0.1318317949771881 imaged_546861873539
8980 0.14199884235858917 0.1138591319322586 0.13184675574302673 imagef_546919864808
8990 0.05859852209687233 0.05105225369334221 0.1318376362323761 imager_546975854071
9000 0.058345284312963486 0.04365730658173561 0.13183842599391937 imagel_547196874870
9010 0.12868745625019073 0.09782005101442337 0.1318524330854416 imageu_547111856605
9020 0.12849409878253937 0.09707024693489075 0.13188141584396362 imageu_546914859807
9030 0.07855130732059479 0.06962455064058304 0.13194721937179565 imager_546916861809
9040 0.08822876960039139 0.06940683722496033 0.1320461481809616 imageb_546866878536
9050 0.10099534690380096 0.07297258824110031 0.1320972740650177 imageu_547098876976
9060 0.06934214383363724 0.050471819937229156 0.13215887546539307 imaged_546945857437
9070 0.12925685942173004 0.11380160599946976 0.13217486441135406 imageu_547155867242
9080 0.07439176738262177 0.06480298936367035 0.13223768770694733 imager_546982861070
9090 0.08269278705120087 0.07463569194078445 0.13231970369815826 imager_547133878607
9100 0.14681771397590637 0.11681855469942093 0.13237573206424713 imageb_547138883611
9110 0.09754082560539246 0.07322774082422256 0.1324254274368286 imageu_547018863705
9120 0.08997504413127899 0.06594394892454147 0.13249443471431732 imagef_547030875702
9130 0.07861072570085526 0.058390431106090546 0.13249380886554718 imageb_546936881803
9140 0.13001546263694763 0.09594351053237915 0.1325162947177887 imageb_547113858603
9150 0.12795059382915497 0.10612983256578445 0.13251420855522156 imageu_547143855237
9160 0.037723034620285034 0.03046789951622486 0.13254928588867188 imagel_546934879798
9170 0.1874016374349594 0.13901537656784058 0.13253286480903625 imagef_547186864875
9180 0.23139473795890808 0.20060794055461884 0.13248561322689056 imaged_546849861536
9190 0.11372751742601395 0.08619318157434464 0.1324283480644226 imagef_547138883611
9200 0.11135068535804749 0.08492116630077362 0.13238666951656342 imageb_546875854173
9210 0.11471336334943771 0.07814136147499084 0.13237670063972473 imageu_546892871169
9220 0.03854210302233696 0.02814256027340889 0.1323382556438446 imagel_546962874438
9230 0.08713141828775406 0.06310287117958069 0.13227340579032898 imageu_546994873075
9240 0.09343801438808441 0.06458491086959839 0.1322852075099945 imageu_546997876076
9250 0.08620166033506393 0.06335809081792831 0.13228116929531097 imagef_547001880072
9260 0.12435109168291092 0.09716328978538513 0.13222400844097137 imageb_546926871803
9270 0.16695937514305115 0.12267868965864182 0.13215872645378113 imaged_546863875543
9280 0.0700896680355072 0.05115655064582825 0.13209955394268036 imaged_547043855348
9290 0.06609556078910828 0.0555921234190464 0.1320323348045349 imager_547157869236
9300 0.10105416923761368 0.07075269520282745 0.13198886811733246 imageb_547132877611
9310 0.10537579655647278 0.08275722712278366 0.1319812834262848 imageb_546968880435
9320 0.18285183608531952 0.09904226660728455 0.13197267055511475 imagel_546843855539
9330 0.10579077154397964 0.07384910434484482 0.1319485455751419 imagef_547057869336
9340 0.10142458975315094 0.07282869517803192 0.1319349706172943 imageb_547109854609
9350 0.0689445212483406 0.046482834964990616 0.13191796839237213 imaged_547133878607
9360 0.1083764135837555 0.07578512281179428 0.13191545009613037 imageu_546905884197
9370 0.10342848300933838 0.08112693578004837 0.1318856030702591 imagef_547019864709
9380 0.10369794070720673 0.08025776594877243 0.13184985518455505 imageb_546897876191
9390 0.1063021719455719 0.08581141382455826 0.13181990385055542 imaged_546885864170
9400 0.15460418164730072 0.11513134837150574 0.13182410597801208 imageu_547147859235
9410 0.09691756963729858 0.07541651278734207 0.13183242082595825 imagef_547104882977
9420 0.11498464643955231 0.08816713839769363 0.13182780146598816 imageb_547121866605
9430 0.11045297235250473 0.08023969829082489 0.13180285692214966 imageu_546912857810
9440 0.08732212334871292 0.06587947905063629 0.13181260228157043 imageb_546985864078
9450 0.09494517743587494 0.07128514349460602 0.13182875514030457 imagef_546870882540
9460 0.08272319287061691 0.06137889251112938 0.13186104595661163 imagef_546996875070
9470 0.08190032094717026 0.05788527801632881 0.1318534016609192 imaged_547116861604
9480 0.1085725724697113 0.07792744040489197 0.13182879984378815 imageu_547001880072
9490 0.1117175817489624 0.08696071803569794 0.13185325264930725 imageb_547026871704
9500 0.11251703649759293 0.07790917158126831 0.13191093504428864 imageu_546877856173
9510 0.031868983060121536 0.023535633459687233 0.13196033239364624 imagel_546890869170
9520 0.12034369260072708 0.09376522898674011 0.13199354708194733 imagef_547123868601
9530 0.058833155781030655 0.049111198633909225 0.13200871646404266 imager_547159871241
9540 0.0648159384727478 0.04653007909655571 0.1320255696773529 imaged_546970882435
9550 0.0411393865942955 0.033771976828575134 0.13208933174610138 imagel_547077855978
9560 0.1507944017648697 0.09627047926187515 0.13213884830474854 imagef_547191869875
9570 0.058893512934446335 0.05090875178575516 0.13218122720718384 imager_546882861171
9580 0.10245927423238754 0.07802312076091766 0.13219000399112701 imageb_547086864973
9590 0.09815272688865662 0.07465092092752457 0.13220646977424622 imageb_546931876806
9600 0.04927638918161392 0.0399957038462162 0.13221335411071777 imagel_546899878172
9610 0.08924118429422379 0.06267519295215607 0.13220712542533875 imaged_547160872234
9620 0.04913417994976044 0.03231801837682724 0.1322440207004547 imagel_547169881238
9630 0.10709376633167267 0.08258181810379028 0.13219882547855377 imagef_547133878607
9640 0.02805011346936226 0.019027534872293472 0.13217784464359283 imagel_547104882977
9650 0.03309270739555359 0.02577606961131096 0.1321420967578888 imagel_546931876806
9660 0.11085586994886398 0.08287129551172256 0.13214392960071564 imagef_547035880703
9670 0.10332269221544266 0.07076898217201233 0.13214276731014252 imageu_546939884803
9680 0.05180693790316582 0.037585094571113586 0.13215075433254242 imaged_547001880072
9690 0.11878283321857452 0.08535327017307281 0.132195383310318 imageu_546916861809
9700 0.07129717618227005 0.06409590691328049 0.13217850029468536 imager_547028873712
9710 0.10124406218528748 0.07112843543291092 0.13213641941547394 imageu_547041853338
9720 0.12252404540777206 0.08841398358345032 0.1322362720966339 imageb_547154866233
9730 0.09858552366495132 0.07743463665246964 0.13235123455524445 imagef_547053865336
9740 0.05785553157329559 0.040171656757593155 0.13238833844661713 imagel_547172884238
9750 0.09924057126045227 0.07241716980934143 0.1324252039194107 imageu_547028873712
9760 0.023174220696091652 0.01921466551721096 0.13247990608215332 imagel_547094872971
9770 0.10454939305782318 0.07112928479909897 0.13254639506340027 imageu_547035880703
9780 0.10466866940259933 0.08049023896455765 0.13255877792835236 imageu_547079857970
9790 0.04595547541975975 0.037306047976017 0.13261327147483826 imagel_547062874337
9800 0.07092004269361496 0.05021742731332779 0.1326667219400406 imaged_547072884335
9810 0.021849151700735092 0.01699804700911045 0.1326918751001358 imagel_546916861809
9820 0.05968288332223892 0.039092179387807846 0.13270296156406403 imagel_547188866869
9830 0.13584567606449127 0.10013997554779053 0.1327143907546997 imagef_546888867171
9840 0.0837353989481926 0.06307090818881989 0.13276922702789307 imagef_546994873075
9850 0.09992527961730957 0.07579406350851059 0.13280943036079407 imaged_547147859235
9860 0.10554557293653488 0.07550777494907379 0.13286028802394867 imageu_546933878804
9870 0.11691275984048843 0.0920623242855072 0.13295769691467285 imagef_547160872234
9880 0.1489187330007553 0.10172002017498016 0.1329926699399948 imaged_547186864875
9890 0.04499934986233711 0.036853671073913574 0.13296978175640106 imagel_546989868066
9900 0.026394851505756378 0.022006893530488014 0.13298745453357697 imagel_546880859173
9910 0.09066352993249893 0.06779137253761292 0.13295860588550568 imaged_547118863609
9920 0.10772805660963058 0.07795512676239014 0.13297957181930542 imagef_546936881803
9930 0.3081842362880707 0.18918906152248383 0.13301080465316772 imageb_546839884906
9940 0.054686278104782104 0.04788658767938614 0.13298964500427246 imager_547033878707
9950 0.06387480348348618 0.054694630205631256 0.1330213099718094 imager_546938883810
9960 0.11171198636293411 0.0946657732129097 0.13304418325424194 imageu_547155867242
9970 0.19111451506614685 0.13737554848194122 0.13304057717323303 imageu_546848860533
9980 0.06643263250589371 0.057614922523498535 0.13302436470985413 imager_547104882977
9990 0.09731564670801163 0.06766575574874878 0.1330278068780899 imageu_547002881074
10000 0.1857532113790512 0.13995160162448883 0.13308347761631012 imagef_547184862870
10010 0.0684468150138855 0.05172985419631004 0.13310568034648895 imaged_546984863078
10020 0.10998149961233139 0.08317713439464569 0.1331324279308319 imageb_547201879876
10030 0.10257095098495483 0.07325882464647293 0.1331370770931244 imageu_547013858709
10040 0.19602906703948975 0.11517323553562164 0.13316752016544342 imagef_546843855539
10050 0.08850313723087311 0.06894417107105255 0.13316698372364044 imaged_546900879170
10060 0.0363994762301445 0.031527139246463776 0.1332046240568161 imagel_547160872234
10070 0.13909868896007538 0.11219943314790726 0.1332436501979828 imageb_547152864241
10080 0.0701114684343338 0.0625678226351738 0.13324925303459167 imager_547160872234
10090 0.10568021982908249 0.08056202530860901 0.13322876393795013 imagef_547145857237
10100 0.15587803721427917 0.11786241829395294 0.13326460123062134 imaged_546865877539
10110 0.12302152067422867 0.09855972975492477 0.1333007514476776 imagef_546982861070
10120 0.07637488842010498 0.0696958377957344 0.1333804428577423 imager_547024869702
10130 0.20271828770637512 0.14426377415657043 0.13345792889595032 imagef_547174852869
10140 0.1282796412706375 0.09535138309001923 0.13350681960582733 imageb_546885864170
10150 0.10582975298166275 0.08184131234884262 0.13356457650661469 imageb_546973885436
10160 0.10357338190078735 0.07812968641519547 0.1336485743522644 imagef_547026871704
10170 0.10477997362613678 0.08039716631174088 0.13370981812477112 imageb_546962874438
10180 0.1210390105843544 0.09169808030128479 0.1337612271308899 imageb_547149861238
10190 0.09529177099466324 0.06925109028816223 0.133762925863266 imaged_547159871241
10200 0.09360435605049133 0.07081522047519684 0.13376778364181519 imageb_547091869975
10210 0.0386415533721447 0.03208639845252037 0.13378220796585083 imagel_546924869806
10220 0.18599240481853485 0.1739402711391449 0.13379620015621185 imager_547193871872
10230 0.07377561181783676 0.053667180240154266 0.1337985396385193 imaged_547041853338
10240 0.031545259058475494 0.027571480721235275 0.13380680978298187 imagel_546870882540
10250 0.10225547105073929 0.0756097212433815 0.13383646309375763 imagef_546984863078
10260 0.10704483091831207 0.08378805220127106 0.13389252126216888 imagef_547137882603
10270 0.15193088352680206 0.13805201649665833 0.13393940031528473 imageu_547152864241
10280 0.07756805419921875 0.06975317746400833 0.1340286284685135 imager_547135880603
10290 0.08093272149562836 0.06468179821968079 0.13407760858535767 imagef_546999878077
10300 0.042718980461359024 0.03138665482401848 0.13412928581237793 imagel_547024869702
10310 0.0683085098862648 0.03445717692375183 0.1341540813446045 imagel_547166878243
10320 0.10330268740653992 0.07384363561868668 0.13419272005558014 imageu_547004883077
10330 0.07738061249256134 0.056993257254362106 0.13419495522975922 imageb_546938883810
10340 0.1036735326051712 0.07451041042804718 0.13421444594860077 imageu_547115860606
10350 0.11422498524188995 0.08795017004013062 0.13422678411006927 imagef_547013858709
10360 0.06724280118942261 0.048118580132722855 0.13422098755836487 imaged_546945857437
10370 0.06672049313783646 0.059235088527202606 0.13424360752105713 imager_546970882435
10380 0.07094305008649826 0.059177592396736145 0.13431058824062347 imager_547087865974
10390 0.06617741286754608 0.04743838682770729 0.13435345888137817 imaged_546946858444
10400 0.10055035352706909 0.06294006109237671 0.13435032963752747 imaged_547200878871
10410 0.06403536349534988 0.06007838994264603 0.1343487650156021 imagel_547152864241
10420 0.04736631363630295 0.03887474909424782 0.1343439519405365 imager_546984863078
10430 0.0860719159245491 0.06482504308223724 0.13433939218521118 imaged_546897876191
10440 0.18299074470996857 0.134998619556427 0.1343401074409485 imagef_547181859871
10450 0.10788922011852264 0.08220736682415009 0.13431943953037262 imageb_547101879972
10460 0.14730945229530334 0.10059448331594467 0.134285107254982 imaged_547186864875
10470 0.30417510867118835 0.18514326214790344 0.13424353301525116 imageb_546843855539
10480 0.05996890366077423 0.05008793622255325 0.13421252369880676 imager_547142854240
10490 0.031699519604444504 0.022558044642210007 0.13416245579719543 imagel_546892871169
10500 0.024754056707024574 0.018489917740225792 0.13409781455993652 imagel_547121866605
10510 0.17629699409008026 0.13616563379764557 0.13406488299369812 imageb_547186864875
10520 0.08959656953811646 0.06251239031553268 0.13400252163410187 imageu_546951863443
10530 0.20923011004924774 0.13099724054336548 0.13398820161819458 imageb_546851863543
10540 0.06916500627994537 0.05056619644165039 0.1339879035949707 imaged_547055867337
10550 0.07452341169118881 0.062266528606414795 0.1340031772851944 imager_547052864345
10560 0.11638282239437103 0.08286315202713013 0.1340058594942093 imageb_546922867806
10570 0.09798837453126907 0.07191819697618484 0.13396300375461578 imageu_547116861604
10580 0.07543405890464783 0.05631618574261665 0.13390570878982544 imaged_547089867973
10590 0.06426917016506195 0.0553869903087616 0.13389067351818085 imager_547086864973
10600 0.06847381591796875 0.05633367970585823 0.13391055166721344 imager_546894873172
10610 0.08429301530122757 0.05950576812028885 0.13392651081085205 imaged_547159871241
10620 0.04382100701332092 0.03624432906508446 0.13396476209163666 imager_546980859076
10630 0.02825472690165043 0.02400095760822296 0.13394752144813538 imagel_547055867337
10640 0.09951508790254593 0.07571171969175339 0.13392597436904907 imageb_546900879170
10650 0.08608264476060867 0.06343144923448563 0.13392512500286102 imaged_547157869236
10660 0.10449779778718948 0.07257933169603348 0.1339237540960312 imageu_546938883810
10670 0.09654766321182251 0.07168205082416534 0.13394977152347565 imagef_547028873712
10680 0.059878479689359665 0.04380695894360542 0.13397739827632904 imaged_547019864709
10690 0.02489848993718624 0.019301172345876694 0.13402089476585388 imagel_547026871704
10700 0.07273460179567337 0.06578999757766724 0.13404656946659088 imager_546890869170
10710 0.22755303978919983 0.11932288855314255 0.13399028778076172 imageu_546843855539
10720 0.035924509167671204 0.02774275280535221 0.13389520347118378 imagel_546919864808
10730 0.024146731942892075 0.020874006673693657 0.13380257785320282 imagel_546865877539
10740 0.07019954174757004 0.048370663076639175 0.13374315202236176 imaged_547092870974
10750 0.08609131723642349 0.060183994472026825 0.1337539702653885 imageu_546941853440
10760 0.12026473134756088 0.1000903993844986 0.1337282657623291 imaged_547169881238
10770 0.09887904673814774 0.07517097145318985 0.13372820615768433 imageb_546994873075
10780 0.031582921743392944 0.02394305355846882 0.13375204801559448 imagel_546948860438
10790 0.09910821914672852 0.06176300346851349 0.1337898075580597 imageb_547167879238
10800 0.21033844351768494 0.12234606593847275 0.13381482660770416 imageb_547174852869
10810 0.09196290373802185 0.06495548039674759 0.13380296528339386 imageu_546980859076
10820 0.13329465687274933 0.09242767840623856 0.13382075726985931 imagef_547166878243
10830 0.12814055383205414 0.09745543450117111 0.13382017612457275 imagef_546965877440
10840 0.07064500451087952 0.052952416241168976 0.13389387726783752 imaged_546972884442
10850 0.08510345220565796 0.06155230849981308 0.13397610187530518 imageu_547018863705
10860 0.06720227748155594 0.04732716456055641 0.13404062390327454 imaged_546982861070
10870 0.14055965840816498 0.08416727185249329 0.13409008085727692 imagef_547201879876
10880 0.05601261183619499 0.047220319509506226 0.13408540189266205 imager_546958870432
10890 0.08920366317033768 0.061075251549482346 0.13406752049922943 imageu_547098876976
10900 0.09247912466526031 0.06575137376785278 0.1340808868408203 imageu_547104882977
10910 0.20295450091362 0.1767619550228119 0.13408169150352478 imaged_546849861536
10920 0.08814763277769089 0.06460338830947876 0.13411173224449158 imageb_546953865434
10930 0.05942255258560181 0.055599644780159 0.13413748145103455 imager_546926871803
10940 0.08505012094974518 0.07322631776332855 0.13418085873126984 imager_546875854173
10950 0.096713125705719 0.06886770576238632 0.1342044323682785 imageb_547001880072
10960 0.0926675945520401 0.06877394020557404 0.13421694934368134 imageu_546946858444
10970 0.08308427035808563 0.05997135490179062 0.13423174619674683 imagef_547001880072
10980 0.10279802978038788 0.08385636657476425 0.13425664603710175 imageb_547011856705
10990 0.055009011179208755 0.03994953632354736 0.13429054617881775 imaged_547018863705
11000 0.02539081871509552 0.018646838143467903 0.13431908190250397 imagel_546912857810
11010 0.07653974741697311 0.043319061398506165 0.13432596623897552 imagel_547167879238
11020 0.10363160818815231 0.0798359289765358 0.13433204591274261 imagef_547135880603
11030 0.05331617221236229 0.04600595310330391 0.13434217870235443 imager_546975854071
11040 0.1017082929611206 0.07567285746335983 0.1343623846769333 imageb_547047859335
11050 0.11419082432985306 0.0868551954627037 0.13439545035362244 imagef_547132877611
11060 0.10409925878047943 0.08245591074228287 0.13439634442329407 imageb_547062874337
11070 0.05043986067175865 0.03912289813160896 0.134396031498909 imageu_546868880541
11080 0.05370374023914337 0.04532976821064949 0.13441170752048492 imager_546951863443
11090 0.10604501515626907 0.07709633558988571 0.1343725323677063 imagef_546950862437
11100 0.08111013472080231 0.057200342416763306 0.1343400478363037 imaged_547160872234
11110 0.18455436825752258 0.11361514031887054 0.13439305126667023 imageb_546853865537
11120 0.08978376537561417 0.06441162526607513 0.1344178318977356 imagef_547031876706
11130 0.055709898471832275 0.046390287578105927 0.13444778323173523 imagel_546987866076
11140 0.0865786001086235 0.06516809016466141 0.1344641000032425 imageb_547069881338
11150 0.10611885040998459 0.07735917717218399 0.1345122754573822 imagef_546946858444
11160 0.06968691945075989 0.05428321287035942 0.1345563679933548 imaged_547033878707
11170 0.09326056391000748 0.06860736012458801 0.13457617163658142 imageu_546987866076
11180 0.03824658691883087 0.029369087889790535 0.13461877405643463 imagel_547013858709
11190 0.09489130228757858 0.06893643736839294 0.13467395305633545 imageu_547053865336
11200 0.07151614874601364 0.04749247431755066 0.1346912533044815 imaged_547132877611
11210 0.028313107788562775 0.02467462606728077 0.13470593094825745 imagel_546868880541
11220 0.022199425846338272 0.01729394868016243 0.13471083343029022 imagel_547096874977
11230 0.0684116780757904 0.05968143418431282 0.13468895852565765 imager_546916861809
11240 0.07364219427108765 0.05545686185359955 0.13467366993427277 imagef_546865877539
11250 0.10684383660554886 0.07524610310792923 0.13466554880142212 imageu_546905884197
11260 0.07002304494380951 0.05117703229188919 0.13465221226215363 imaged_547101879972
11270 0.028509026393294334 0.024966994300484657 0.1346418708562851 imagel_547143855237
11280 0.09568378329277039 0.0703573226928711 0.1346462070941925 imageb_546973885436
11290 0.04247792065143585 0.0259980671107769 0.13467144966125488 imagel_547149861238
11300 0.025084638968110085 0.020818034186959267 0.13465924561023712 imagel_547142854240
11310 0.060689933598041534 0.04175863042473793 0.13464932143688202 imagel_547157869236
11320 0.023001674562692642 0.017891963943839073 0.1346540004014969 imagel_546972884442
11330 0.09657316654920578 0.07037889212369919 0.13463371992111206 imageb_547104882977
11340 0.09731479734182358 0.06337369978427887 0.13464027643203735 imagel_547201879876
11350 0.05445511266589165 0.04543035477399826 0.13465334475040436 imagel_547081859975
11360 0.10080838203430176 0.0790601596236229 0.13465259969234467 imageb_547050862335
11370 0.021311340853571892 0.017915064468979836 0.13468171656131744 imagel_547125870610
11380 0.2456914335489273 0.14443598687648773 0.13469214737415314 imageu_546844856539
11390 0.04809437692165375 0.042182594537734985 0.13469198346138 imager_546956868435
11400 0.08880127221345901 0.056709807366132736 0.13469667732715607 imagel_547200878871
11410 0.09896327555179596 0.07142726331949234 0.1347021460533142 imageu_546895874174
11420 0.05501508340239525 0.04397296532988548 0.13470250368118286 imager_547154866233
11430 0.05631857365369797 0.0386786051094532 0.1347026526927948 imaged_547007852711
11440 0.12320305407047272 0.09538432955741882 0.13470236957073212 imageb_547150862236
11450 0.04702486842870712 0.03074837662279606 0.13473790884017944 imageu_547200878871
11460 0.06606476753950119 0.047862496227025986 0.13474109768867493 imaged_546958870432
11470 0.020485641434788704 0.016662174835801125 0.13479284942150116 imagel_546887866191
11480 0.08433317393064499 0.06402312964200974 0.13484682142734528 imageb_546985864078
11490 0.048734698444604874 0.040143970400094986 0.1348702758550644 imagel_546939884803
11500 0.198917955160141 0.14940862357616425 0.13488192856311798 imageu_547196874870
11510 0.03263885900378227 0.023645194247364998 0.13490265607833862 imagel_547023868703
11520 0.10043243318796158 0.0780358538031578 0.1349782943725586 imageb_546970882435
11530 0.08061455190181732 0.06136783957481384 0.13501068949699402 imaged_546895874174
11540 0.11095301806926727 0.07919969409704208 0.13498547673225403 imagef_546900879170
11550 0.019982239231467247 0.016005611047148705 0.13497871160507202 imagel_546994873075
11560 0.1192324310541153 0.08565442264080048 0.13493302464485168 imagef_546968880435
11570 0.055128615349531174 0.048036158084869385 0.13491885364055634 imager_546882861171
11580 0.07465647906064987 0.05433818697929382 0.13490863144397736 imaged_547057869336
11590 0.039607033133506775 0.03344278037548065 0.13489344716072083 imagel_547152864241
11600 0.07310540974140167 0.06597820669412613 0.13488362729549408 imager_547106884970
11610 0.10284609347581863 0.07620467990636826 0.13489367067813873 imageb_546914859807
11620 0.08788574486970901 0.06322883814573288 0.13490523397922516 imageu_547009854705
11630 0.06703078746795654 0.05107593536376953 0.13493621349334717 imaged_546941853440
11640 0.1736859530210495 0.12179330736398697 0.13500596582889557 imageu_547177855874
11650 0.09388762712478638 0.07411954551935196 0.13506543636322021 imaged_547125870610
11660 0.057395439594984055 0.051329027861356735 0.13515746593475342 imager_546979858070
11670 0.10169466584920883 0.07524236291646957 0.13521529734134674 imageu_547058870341
11680 0.07601064443588257 0.061927299946546555 0.13523811101913452 imager_547057869336
11690 0.059740010648965836 0.047962382435798645 0.13523507118225098 imager_547040885702
11700 0.06848832964897156 0.057430852204561234 0.13520585000514984 imager_547043855348
11710 0.05665907263755798 0.04666215926408768 0.13522852957248688 imager_547070882331
11720 0.09785226732492447 0.07179923355579376 0.13526113331317902 imageu_547116861604
11730 0.09454645961523056 0.0655149519443512 0.1353253275156021 imageu_547024869702
11740 0.06439618766307831 0.05437936261296272 0.13537895679473877 imager_547060872343
11750 0.09896764904260635 0.06945351511240005 0.13540874421596527 imageu_547045857339
11760 0.10347983241081238 0.0722452774643898 0.1353953778743744 imageu_546902881194
11770 0.0497867688536644 0.034172143787145615 0.13544440269470215 imageu_547164876237
11780 0.11544907093048096 0.08163803815841675 0.1354755461215973 imagef_546968880435
11790 0.09401281923055649 0.0694909319281578 0.13547192513942719 imageb_547082860970
11800 0.10810279101133347 0.07821732014417648 0.13548646867275238 imaged_546854866535
11810 0.16395246982574463 0.09146259725093842 0.13549593091011047 imagef_547205883874
11820 0.036836568266153336 0.026449820026755333 0.13549667596817017 imagel_546902881194
11830 0.05922775715589523 0.04555872082710266 0.13546112179756165 imaged_547002881074
11840 0.06232625991106033 0.044509157538414 0.13545097410678864 imaged_546977856071
11850 0.1038779690861702 0.07711712270975113 0.1354147046804428 imagef_547011856705
11860 0.21929419040679932 0.21987284719944 0.13538236916065216 imager_547183861871
11870 0.12916719913482666 0.08802559971809387 0.1353798806667328 imageb_547193871872
11880 0.09097349643707275 0.0682801753282547 0.13538570702075958 imageb_547050862335
11890 0.17925238609313965 0.15004679560661316 0.13537579774856567 imaged_546851863543
11900 0.04763510078191757 0.03894419968128204 0.1353747695684433 imager_547030875702
11910 0.08010870963335037 0.05909115448594093 0.13534975051879883 imageb_546905884197
11920 0.09077989310026169 0.06347502022981644 0.13534803688526154 imagef_547147859235
11930 0.11664839833974838 0.08911857008934021 0.13532979786396027 imageu_547137882603
11940 0.19266173243522644 0.1385699063539505 0.13528895378112793 imagef_547167879238
11950 0.06518574804067612 0.04380938038229942 0.1352727711200714 imageb_547074852968
11960 0.06614513695240021 0.047849465161561966 0.13524922728538513 imaged_546992871071
11970 0.03783386945724487 0.029905805364251137 0.1352362036705017 imagel_547176854870
11980 0.1940581500530243 0.19430851936340332 0.13521642982959747 imager_547184862870
11990 0.06822656840085983 0.05117395520210266 0.13519829511642456 imaged_547096874977
12000 0.0227942056953907 0.015925146639347076 0.13520613312721252 imagel_547109854609
12010 0.0903654396533966 0.06787749379873276 0.13518589735031128 imagef_547082860970
12020 0.08352342247962952 0.08013688027858734 0.13518188893795013 imager_547160872234
12030 0.030672818422317505 0.022735340520739555 0.13520529866218567 imagel_547011856705
12040 0.039704736322164536 0.025898905470967293 0.13522817194461823 imagel_546982861070
12050 0.09985977411270142 0.07440755516290665 0.13517272472381592 imagef_547009854705
12060 0.016929803416132927 0.014263339340686798 0.13511210680007935 imagel_546883862169
12070 0.14813651144504547 0.11988645792007446 0.1350538432598114 imageb_547189867877
12080 0.07507739961147308 0.06244195997714996 0.13498862087726593 imager_547075853978
12090 0.08756373822689056 0.05888993293046951 0.13496287167072296 imageu_547096874977
12100 0.089789018034935 0.06976555287837982 0.13497543334960938 imageb_546873885533
12110 0.09710770100355148 0.07455126941204071 0.1349737048149109 imagef_546882861171
12120 0.10411890596151352 0.07204855233430862 0.13496965169906616 imagef_547159871241
12130 0.11675804853439331 0.0853981003165245 0.1349990963935852 imageb_547143855237
12140 0.024805180728435516 0.021162498742341995 0.13500703871250153 imagel_547069881338
12150 0.03800070285797119 0.02656550519168377 0.13498295843601227 imagel_546980859076
12160 0.1000741645693779 0.07113318145275116 0.13498099148273468 imagef_546946858444
12170 0.15882663428783417 0.13077020645141602 0.13496184349060059 imageu_547149861238
12180 0.09461397677659988 0.0646854117512703 0.13494835793972015 imageu_547013858709
12190 0.034411266446113586 0.025289351120591164 0.13495507836341858 imagel_547194872874
12200 0.08697741478681564 0.06136985495686531 0.13495194911956787 imageu_547053865336
12210 0.09779106080532074 0.07130052149295807 0.13494372367858887 imageu_547058870341
12220 0.054455675184726715 0.038627784699201584 0.13496209681034088 imaged_547069881338
12230 0.0887388363480568 0.06598250567913055 0.1349937468767166 imaged_547147859235
12240 0.11888952553272247 0.08675027638673782 0.13506992161273956 imagef_546965877440
12250 0.026218166574835777 0.018496369943022728 0.13511988520622253 imagel_547099877967
12260 0.08789057284593582 0.06309743225574493 0.13512741029262543 imageu_547060872343
12270 0.09046345204114914 0.06419266015291214 0.13514216244220734 imagef_547040885702
12280 0.08074790984392166 0.056790899485349655 0.13516490161418915 imageu_546861873539
12290 0.05319232493638992 0.04056607931852341 0.13519883155822754 imager_546922867806
12300 0.04111945256590843 0.03443640097975731 0.13519978523254395 imager_546956868435
12310 0.20679475367069244 0.12409188598394394 0.13520459830760956 imageb_546844856539
12320 0.07636787742376328 0.05558942258358002 0.13519585132598877 imagef_547091869975
12330 0.050991240888834 0.04118208959698677 0.13518226146697998 imager_547115860606
12340 0.02639705128967762 0.017672892659902573 0.13512903451919556 imagel_546892871169
12350 0.10043095052242279 0.0681334063410759 0.13507899641990662 imageu_547036881708
12360 0.06924374401569366 0.04950247332453728 0.13505959510803223 imaged_546931876806
12370 0.05394390597939491 0.04028001427650452 0.13504943251609802 imaged_546979858070
12380 0.02670649066567421 0.019704382866621017 0.13505332171916962 imagel_546999878077
12390 0.03124050796031952 0.023475563153624535 0.1350478082895279 imagel_547128873606
12400 0.061643414199352264 0.04524896666407585 0.13507527112960815 imaged_546984863078
12410 0.06566766649484634 0.047038763761520386 0.13507626950740814 imaged_546972884442
12420 0.14435507357120514 0.08928222954273224 0.13509202003479004 imaged_547191869875
12430 0.09318560361862183 0.06448805332183838 0.13511770963668823 imageu_547115860606
12440 0.03523894399404526 0.024351412430405617 0.13512757420539856 imagel_546962874438
12450 0.11034417152404785 0.06407038867473602 0.13513822853565216 imageu_547167879238
12460 0.04215499386191368 0.032522834837436676 0.1351272016763687 imagel_546943855437
12470 0.05857709422707558 0.04828590154647827 0.1351291537284851 imager_547103881966
12480 0.06835769861936569 0.040226805955171585 0.1351335495710373 imaged_547205883874
12490 0.07648411393165588 0.07475008070468903 0.13516859710216522 imager_547200878871
12500 0.15940874814987183 0.09599322825670242 0.13516896963119507 imageb_547184862870
12510 0.08784052729606628 0.062342334538698196 0.13514608144760132 imagel_546846858536
12520 0.17469169199466705 0.10434526950120926 0.13511063158512115 imageb_546856868537
12530 0.10529951751232147 0.07780660688877106 0.1350792944431305 imageb_546972884442
12540 0.06125486269593239 0.04681481048464775 0.13507652282714844 imaged_547004883077
12550 0.061424605548381805 0.04328088462352753 0.13507914543151855 imaged_547062874337
12560 0.06609552353620529 0.05317399278283119 0.13508133590221405 imager_547048860337
12570 0.09760788083076477 0.07251055538654327 0.1351325511932373 imageu_547128873606
12580 0.17025606334209442 0.11614201217889786 0.13520574569702148 imager_546839884906
12590 0.04441160708665848 0.026646411046385765 0.13520020246505737 imagel_547186864875
12600 0.09527533501386642 0.06006646156311035 0.1352008730173111 imageu_546967879439
12610 0.038669656962156296 0.03150616213679314 0.13517867028713226 imagel_546985864078
12620 0.08478767424821854 0.05987175181508064 0.13509932160377502 imageu_546931876806
12630 0.06874532997608185 0.05805002897977829 0.13505037128925323 imager_547043855348
12640 0.09031135588884354 0.06470707058906555 0.13501141965389252 imageu_547079857970
12650 0.09010402858257294 0.06349524110555649 0.13497360050678253 imageb_547057869336
12660 0.058237362653017044 0.048114676028490067 0.13495804369449615 imager_546982861070
12670 0.056063212454319 0.04777929559350014 0.1349477469921112 imager_547092870974
12680 0.09112916886806488 0.0636083111166954 0.13493011891841888 imageu_546955867436
12690 0.023962432518601418 0.017193889245390892 0.13497711718082428 imagel_546912857810
12700 0.10511169582605362 0.07365580648183823 0.13503623008728027 imagef_546894873172
12710 0.09429727494716644 0.0647161677479744 0.1351030021905899 imageu_546984863078
12720 0.11401837319135666 0.0796385332942009 0.13520999252796173 imagef_546962874438
12730 0.1340571790933609 0.07852605730295181 0.13528122007846832 imagef_547200878871
12740 0.0401778444647789 0.033139150589704514 0.13530273735523224 imager_546928873809
12750 0.04974319040775299 0.04196282476186752 0.1353117674589157 imager_547036881708
12760 0.095869280397892 0.06637304276227951 0.13534103333950043 imagef_546953865434
12770 0.08773944526910782 0.05955500155687332 0.13533927500247955 imageu_546933878804
12780 0.09221053868532181 0.06866494566202164 0.1353505700826645 imagef_547058870341
12790 0.020310893654823303 0.01601901464164257 0.1353672742843628 imagel_546994873075
12800 0.07178916037082672 0.056178271770477295 0.1354052573442459 imaged_546997876076
12810 0.023856734856963158 0.018698396161198616 0.13546212017536163 imagel_546953865434
12820 0.059861332178115845 0.044218674302101135 0.13552115857601166 imager_547072884335
12830 0.12198105454444885 0.08683348447084427 0.1355799287557602 imagef_546887866191
12840 0.023774953559041023 0.01740655116736889 0.13558469712734222 imagel_547118863609
12850 0.021194729954004288 0.017615029588341713 0.13556987047195435 imagel_547094872971
12860 0.028678542003035545 0.020998766645789146 0.13553862273693085 imagel_547111856605
12870 0.18231366574764252 0.10263650119304657 0.13552145659923553 imagef_547171883239
12880 0.13579179346561432 0.10738438367843628 0.13549964129924774 imaged_546849861536
12890 0.08175474405288696 0.06216961517930031 0.1354755312204361 imaged_546880859173
12900 0.1722155660390854 0.09743038564920425 0.1354266256093979 imageb_547179857873
12910 0.04567240551114082 0.02789381518959999 0.135467991232872 imageu_547201879876
12920 0.08962179720401764 0.06664878129959106 0.1355266273021698 imageb_547058870341
12930 0.05353284999728203 0.04157053306698799 0.13557623326778412 imager_547040885702
12940 0.029699303209781647 0.022040709853172302 0.13560062646865845 imagel_547074852968
12950 0.06806487590074539 0.048823557794094086 0.13559666275978088 imaged_547101879972
12960 0.12833461165428162 0.10145147889852524 0.13561192154884338 imageb_547118863609
12970 0.023239534348249435 0.017499227076768875 0.13563299179077148 imagel_547057869336
12980 0.06820733845233917 0.05759616941213608 0.13562318682670593 imager_547130875605
12990 0.11537880450487137 0.08288468420505524 0.1355980485677719 imageb_546885864170
13000 0.10302773118019104 0.08840947598218918 0.1356143355369568 imager_547169881238
13010 0.1018589660525322 0.0729387030005455 0.1356484740972519 imageu_547113858603
13020 0.03228038549423218 0.024865807965397835 0.1356743723154068 imagel_546979858070
13030 0.13627827167510986 0.10946325212717056 0.13567817211151123 imageu_547145857237
13040 0.028491323813796043 0.020074211061000824 0.1356613039970398 imagel_547006885077
13050 0.08938877284526825 0.06510325521230698 0.13564804196357727 imagef_547086864973
13060 0.08336141705513 0.05768424645066261 0.13565698266029358 imageb_547089867973
13070 0.06846661120653152 0.04488551989197731 0.13566678762435913 imaged_547132877611
13080 0.09098221361637115 0.06967204064130783 0.13565568625926971 imagef_547157869236
13090 0.06181949004530907 0.049263548105955124 0.13563820719718933 imager_547081859975
13100 0.11024142056703568 0.08022511750459671 0.13560400903224945 imageb_547142854240
13110 0.08448433130979538 0.05544848367571831 0.1355830729007721 imageu_546960872437
13120 0.07985597848892212 0.056432027369737625 0.13556629419326782 imageb_547070882331
13130 0.13981583714485168 0.09427011013031006 0.13558253645896912 imagef_546875854173
13140 0.08518557250499725 0.05656948313117027 0.13559748232364655 imageu_547101879972
13150 0.05490043759346008 0.046654216945171356 0.1356104463338852 imager_546865877539
13160 0.017477162182331085 0.014832613989710808 0.13560850918293 imagel_546866878536
13170 0.1027480736374855 0.0774705559015274 0.13561181724071503 imageu_547150862236
13180 0.06193678826093674 0.048720892518758774 0.13561563193798065 imager_546909854806
13190 0.0729881152510643 0.05102430656552315 0.13561168313026428 imageb_546939884803
13200 0.031050734221935272 0.017710503190755844 0.13559052348136902 imagel_547164876237
13210 0.0436834879219532 0.03580869361758232 0.13551242649555206 imager_546984863078
13220 0.10441592335700989 0.07279816269874573 0.13542184233665466 imageb_547041853338
13230 0.21665070950984955 0.15708282589912415 0.13539652526378632 imagef_546846858536
13240 0.1983380764722824 0.11010663211345673 0.13535946607589722 imageb_547177855874
13250 0.09941926598548889 0.07007374614477158 0.1353231519460678 imageb_546982861070
13260 0.044079963117837906 0.03440253436565399 0.13528627157211304 imager_547120865600
13270 0.027446627616882324 0.021031368523836136 0.135258287191391 imagel_546897876191
13280 0.07118922472000122 0.05260103568434715 0.13522864878177643 imaged_547108853603
13290 0.05434095859527588 0.03435187786817551 0.1352137327194214 imagel_547157869236
13300 0.04511819779872894 0.029084600508213043 0.13517990708351135 imageu_547164876237
13310 0.08987752348184586 0.06041057035326958 0.13513918220996857 imageu_547113858603
13320 0.0620340071618557 0.04739204794168472 0.13510024547576904 imaged_547033878707
13330 0.09168607741594315 0.060817331075668335 0.13507740199565887 imageu_546936881803
13340 0.08540315181016922 0.05768192932009697 0.13507556915283203 imageu_547098876976
13350 0.09012503921985626 0.05743728578090668 0.13508321344852448 imageu_546962874438
13360 0.0872766301035881 0.05603274703025818 0.13507729768753052 imageu_546883862169
13370 0.07749573141336441 0.05348612368106842 0.1350761502981186 imageu_546931876806
13380 0.1997193992137909 0.14958375692367554 0.13509386777877808 imageu_547186864875
13390 0.07731018960475922 0.05857664719223976 0.13506560027599335 imaged_546890869170
13400 0.03601386025547981 0.03160393610596657 0.13502058386802673 imager_546994873075
13410 0.03704217076301575 0.029727984219789505 0.13500472903251648 imager_546928873809
13420 0.06236598640680313 0.053004190325737 0.13498319685459137 imager_547203881874
13430 0.03408161923289299 0.025023559108376503 0.13494336605072021 imagel_547013858709
13440 0.06484126299619675 0.055236779153347015 0.13491547107696533 imager_547060872343
13450 0.05224425718188286 0.03673914447426796 0.13492169976234436 imaged_546941853440
13460 0.04816226288676262 0.039815280586481094 0.1349150389432907 imager_547137882603
13470 0.10601018369197845 0.07596448808908463 0.1349138766527176 imageb_547152864241
13480 0.08574455976486206 0.0578572042286396 0.13491784036159515 imageu_547096874977
13490 0.07594407349824905 0.05131608247756958 0.13496536016464233 imageb_547035880703
13500 0.04867352917790413 0.037707071751356125 0.1350388079881668 imagel_547035880703
13510 0.09849110245704651 0.0712941363453865 0.13515183329582214 imageb_547098876976
13520 0.054481424391269684 0.04441232234239578 0.13520659506320953 imager_547128873606
13530 0.053243041038513184 0.04422902315855026 0.13521699607372284 imager_546917862811
13540 0.0625203549861908 0.050074972212314606 0.1352597028017044 imager_546895874174
13550 0.054507941007614136 0.039770565927028656 0.1352950632572174 imaged_547004883077
13560 0.02655327133834362 0.017637411132454872 0.13528595864772797 imagel_546960872437
13570 0.08910951018333435 0.05957935377955437 0.13530400395393372 imageb_547132877611
13580 0.1708899289369583 0.09983507543802261 0.13530725240707397 imageb_546856868537
13590 0.051276594400405884 0.041735388338565826 0.13531507551670074 imager_547024869702
13600 0.04178895428776741 0.032892707735300064 0.1353445053100586 imager_547126871606
13610 0.0422869510948658 0.03582622855901718 0.13537533581256866 imager_546934879798
13620 0.20515334606170654 0.19973675906658173 0.13540618121623993 imager_547183861871
13630 0.18018166720867157 0.1436779648065567 0.13542592525482178 imageu_547184862870
13640 0.08282934129238129 0.06098803132772446 0.13541434705257416 imagef_547053865336
13650 0.02240619622170925 0.015698572620749474 0.13537342846393585 imagel_547109854609
13660 0.0834360271692276 0.05806252360343933 0.13533252477645874 imageb_547092870974
13670 0.06584636121988297 0.04462311416864395 0.13531337678432465 imaged_547111856605
13680 0.1423843950033188 0.11449311673641205 0.13530926406383514 imageb_547189867877
13690 0.22680337727069855 0.14724592864513397 0.13532473146915436 imageb_546844856539
13700 0.07326072454452515 0.05174718424677849 0.13531836867332458 imaged_547126871606
13710 0.09461884200572968 0.062407486140728 0.13534192740917206 imagef_547057869336
13720 0.20695067942142487 0.15847863256931305 0.13538150489330292 imageu_547196874870
13730 0.05004262551665306 0.03926420211791992 0.13540515303611755 imager_547143855237
13740 0.057358819991350174 0.039863452315330505 0.13543124496936798 imaged_547011856705
13750 0.11826193332672119 0.0934833288192749 0.13544553518295288 imageu_547142854240
13760 0.1673303097486496 0.11715385317802429 0.1354459524154663 imagef_547186864875
13770 0.08857671916484833 0.06417767703533173 0.1354462206363678 imageb_547018863705
13780 0.09275490790605545 0.0679401308298111 0.13543689250946045 imageb_546902881194
13790 0.15720200538635254 0.09644518047571182 0.13544544577598572 imageu_547193871872
13800 0.028734363615512848 0.0209156796336174 0.13546642661094666 imagel_546931876806
13810 0.045652519911527634 0.03721626102924347 0.1354788988828659 imager_546951863443
13820 0.058141954243183136 0.04245271906256676 0.13549645245075226 imaged_546987866076
13830 0.030777566134929657 0.023012300953269005 0.13552910089492798 imagel_547077855978
13840 0.08286331593990326 0.055717360228300095 0.13554969429969788 imagef_547147859235
13850 0.10171525925397873 0.06992034614086151 0.13554134964942932 imagef_546900879170
13860 0.028184231370687485 0.020243152976036072 0.13552981615066528 imagel_546924869806
13870 0.058013223111629486 0.04982370138168335 0.13551397621631622 imager_547140885602
13880 0.07535002380609512 0.05557931214570999 0.13553643226623535 imaged_546928873809
13890 0.049930669367313385 0.04106421768665314 0.13555878400802612 imager_547001880072
13900 0.05292167887091637 0.04453758895397186 0.135583758354187 imager_547138883611
13910 0.07752253115177155 0.056716080754995346 0.13560454547405243 imagef_547067879338
13920 0.08806931972503662 0.06162937730550766 0.1355884075164795 imagef_546984863078
13930 0.02530670538544655 0.020928792655467987 0.13556331396102905 imagel_547053865336
13940 0.08296060562133789 0.059626255184412 0.1355331838130951 imageu_547019864709
13950 0.08895441889762878 0.06401748210191727 0.13558004796504974 imageb_547033878707
13960 0.13467958569526672 0.08260506391525269 0.13562874495983124 imagef_546861873539
13970 0.11791089922189713 0.10884581506252289 0.1356276422739029 imager_546858870537
13980 0.1347929835319519 0.12196233868598938 0.13559181988239288 imager_547194872874
13990 0.05951186642050743 0.04217192530632019 0.1355597972869873 imaged_546955867436
14000 0.08416350930929184 0.06139425188302994 0.135555699467659 imageb_546904883185
14010 0.04993339627981186 0.03796269744634628 0.1355401575565338 imagel_547060872343
14020 0.09292196482419968 0.06759357452392578 0.13550330698490143 imagel_546846858536
14030 0.07732628285884857 0.056062374264001846 0.13545863330364227 imaged_546897876191
14040 0.01939869299530983 0.014465763233602047 0.13541021943092346 imagel_547096874977
14050 0.045056700706481934 0.03817193955183029 0.13542568683624268 imager_546953865434
14060 0.0762002095580101 0.05411173403263092 0.13548055291175842 imageb_547067879338
14070 0.022372543811798096 0.01863711141049862 0.13552869856357574 imagel_546887866191
14080 0.047393620014190674 0.03532679006457329 0.1355007439851761 imager_547154866233
14090 0.08658178895711899 0.05887580290436745 0.13547320663928986 imagef_547035880703
14100 0.08992540091276169 0.06266658008098602 0.13546724617481232 imageu_547033878707
14110 0.09604736417531967 0.06922223418951035 0.13549672067165375 imageb_547121866605
14120 0.07589437812566757 0.052666064351797104 0.1355292797088623 imageb_546956868435
14130 0.20344340801239014 0.1247456893324852 0.13559146225452423 imageb_546851863543
14140 0.0829814076423645 0.06348318606615067 0.13564364612102509 imaged_547142854240
14150 0.11089824885129929 0.07634786516427994 0.13566243648529053 imagef_546968880435
14160 0.05852137506008148 0.041600294411182404 0.13566407561302185 imaged_546968880435
14170 0.12315929681062698 0.08382777124643326 0.1356775164604187 imagef_546907852806
14180 0.10176663845777512 0.07277283817529678 0.1356908082962036 imageu_546919864808
14190 0.13456471264362335 0.08475460857152939 0.13572973012924194 imagef_546877856173
14200 0.07881229370832443 0.0560891330242157 0.13576272130012512 imageb_546955867436
14210 0.041311271488666534 0.03644569590687752 0.13574787974357605 imager_546990869071
14220 0.10097111016511917 0.07274065911769867 0.1357116997241974 imageb_546887866191
14230 0.028887983411550522 0.021475598216056824 0.13565972447395325 imagel_547135880603
14240 0.08116255700588226 0.06254802644252777 0.13565091788768768 imaged_546880859173
14250 0.017666956409811974 0.014449058100581169 0.13564921915531158 imagel_546992871071
14260 0.10612555593252182 0.08203767240047455 0.1356784701347351 imaged_546877856173
14270 0.021206755191087723 0.01594245433807373 0.1356942504644394 imagel_547123868601
14280 0.09012007713317871 0.06592065840959549 0.13570691645145416 imagef_547014859704
14290 0.10853616893291473 0.06831783801317215 0.13570527732372284 imaged_547201879876
14300 0.1945924311876297 0.16761545836925507 0.1356930285692215 imaged_546846858536
14310 0.17063389718532562 0.11510059982538223 0.13567997515201569 imageu_546848860533
14320 0.09332077950239182 0.06199733912944794 0.13568472862243652 imageu_546939884803
14330 0.045551374554634094 0.030794253572821617 0.1356840878725052 imaged_547006885077
14340 0.035865772515535355 0.02745174802839756 0.13566410541534424 imageu_546868880541
14350 0.09368221461772919 0.0673406645655632 0.13561072945594788 imageb_546926871803
14360 0.015153579413890839 0.011491820216178894 0.135553240776062 imagel_547091869975
14370 0.0794248878955841 0.057026393711566925 0.13546964526176453 imaged_547147859235
14380 0.06622264534235 0.04481179267168045 0.1354106068611145 imageb_546943855437
14390 0.049300797283649445 0.03251546621322632 0.13541272282600403 imaged_546968880435
14400 0.09321359544992447 0.060960784554481506 0.13544152677059174 imageu_546911856805
14410 0.02721521072089672 0.021700292825698853 0.13546507060527802 imager_546866878536
14420 0.12920626997947693 0.07646703720092773 0.13546845316886902 imagef_546858870537
14430 0.024357251822948456 0.014603190124034882 0.13546930253505707 imagel_547137882603
14440 0.05862848460674286 0.04659121111035347 0.13543659448623657 imager_547043855348
14450 0.08979523926973343 0.05973802134394646 0.13537833094596863 imageb_547004883077
14460 0.025001082569360733 0.015320376493036747 0.13532482087612152 imagel_547072884335
14470 0.08482842892408371 0.05636829137802124 0.13524283468723297 imageu_546965877440
14480 0.14678089320659637 0.0968073233962059 0.13517050445079803 imagef_547184862870
14490 0.06923035532236099 0.042790479958057404 0.13511249423027039 imageb_547072884335
14500 0.08568940311670303 0.06005317345261574 0.13509458303451538 imageb_546902881194
14510 0.06952705979347229 0.04802219942212105 0.1351075917482376 imaged_547084862980
14520 0.08418309688568115 0.05413465201854706 0.1351102888584137 imageb_547132877611
14530 0.0785166472196579 0.05152275785803795 0.13508819043636322 imageu_546972884442
14540 0.019879348576068878 0.012858650647103786 0.13508085906505585 imagel_547109854609
14550 0.05929536372423172 0.04089668020606041 0.13504718244075775 imaged_547106884970
14560 0.03279266878962517 0.021545210853219032 0.13502587378025055 imagel_546962874438
14570 0.08477986603975296 0.05429063364863396 0.1349995732307434 imageb_546997876076
14580 0.08147446066141129 0.054814763367176056 0.13498352468013763 imageu_547089867973
14590 0.06108788773417473 0.041585639119148254 0.13497154414653778 imaged_547149861238
14600 0.040713854134082794 0.030411627143621445 0.13501609861850739 imagel_546900879170
14610 0.07727228850126266 0.051730964332818985 0.13503825664520264 imageb_546999878077
14620 0.0590127594769001 0.03937140852212906 0.1350601762533188 imaged_546950862437
14630 0.10806430876255035 0.07418268173933029 0.13507713377475739 imagef_546970882435
14640 0.03206812962889671 0.023436641320586205 0.13503839075565338 imagel_546965877440
14650 0.046842820942401886 0.036071330308914185 0.13497653603553772 imager_547026871704
14660 0.05619589239358902 0.04059003293514252 0.13494423031806946 imaged_546984863078
14670 0.1548166573047638 0.06850980967283249 0.13490012288093567 imagel_546839884906
14680 0.07969427108764648 0.05454906448721886 0.13487498462200165 imageb_547018863705
14690 0.06920892745256424 0.03691333904862404 0.1348411738872528 imaged_547206884871
14700 0.08335772901773453 0.05732894688844681 0.1347932070493698 imagef_547040885702
14710 0.04834340512752533 0.029427673667669296 0.13474692404270172 imagel_547172884238
14720 0.11281535029411316 0.0656953975558281 0.13466106355190277 imageb_546861873539
14730 0.0497933030128479 0.03427211567759514 0.1346079409122467 imaged_547086864973
14740 0.051393963396549225 0.03415226936340332 0.134595587849617 imaged_546955867436
14750 0.15212054550647736 0.08659389615058899 0.13462218642234802 imagef_547174852869
14760 0.05435943230986595 0.0383899100124836 0.13462844491004944 imaged_547065877343
14770 0.10075786709785461 0.06775394827127457 0.1346191167831421 imageu_546890869170
14780 0.14084461331367493 0.09012232720851898 0.13459594547748566 imaged_547196874870
14790 0.07923225313425064 0.05740521848201752 0.13457314670085907 imageb_546911856805
14800 0.1344483643770218 0.101832814514637 0.1345551311969757 imaged_546848860533
14810 0.024236470460891724 0.019161120057106018 0.13453911244869232 imagel_546871883543
14820 0.0814632922410965 0.06345148384571075 0.13453543186187744 imageu_547082860970
14830 0.08145175129175186 0.05732496827840805 0.13453629612922668 imageb_547021866708
14840 0.0375753790140152 0.02921297587454319 0.13455437123775482 imageu_546863875543
14850 0.04721305891871452 0.0365520603954792 0.1345883458852768 imager_547159871241
14860 0.08775836229324341 0.055187392979860306 0.13457949459552765 imageu_546962874438
14870 0.08955567330121994 0.05234555900096893 0.1345541626214981 imageu_547072884335
14880 0.09422581642866135 0.0629730075597763 0.1345275640487671 imagef_546894873172
14890 0.046106643974781036 0.03530190512537956 0.1345343291759491 imager_547009854705
14900 0.029246384277939796 0.022126374766230583 0.13454388082027435 imagel_547140885602
14910 0.05875059589743614 0.041549839079380035 0.13450734317302704 imaged_546924869806
14920 0.05539332702755928 0.039991218596696854 0.13449139893054962 imager_547132877611
14930 0.13467632234096527 0.11678635329008102 0.13450506329536438 imaged_547167879238
14940 0.10445921123027802 0.07299141585826874 0.1345607191324234 imagef_546922867806
14950 0.050527896732091904 0.04216780513525009 0.13458308577537537 imager_546890869170
14960 0.16069892048835754 0.1043296828866005 0.1346040666103363 imageu_546848860533
14970 0.0806695893406868 0.05625032261013985 0.13462114334106445 imagef_547030875702
14980 0.0272234994918108 0.016582835465669632 0.13461874425411224 imagel_546854866535
14990 0.04750514030456543 0.035578612238168716 0.13459624350070953 imager_547040885702
15000 0.021113382652401924 0.013882763683795929 0.1345997303724289 imagel_547145857237
15010 0.04270143434405327 0.03411151096224785 0.13458120822906494 imager_547091869975
15020 0.09653322398662567 0.06669586896896362 0.13456642627716064 imageb_546877856173
15030 0.09327533096075058 0.06560375541448593 0.13454283773899078 imageb_546882861171
15040 0.07192721962928772 0.05045219883322716 0.1345246434211731 imagef_546994873075
15050 0.02036241814494133 0.016447288915514946 0.13448403775691986 imagel_547126871606
15060 0.05675043165683746 0.03686675801873207 0.1344452202320099 imaged_546967879439
15070 0.06418629735708237 0.041902557015419006 0.1344452053308487 imaged_546951863443
15080 0.08349945396184921 0.05996323376893997 0.13443370163440704 imageb_547031876706
15090 0.05416157841682434 0.0438343845307827 0.1344352662563324 imager_547150862236
15100 0.07691162079572678 0.054309919476509094 0.13442867994308472 imagef_547053865336
15110 0.028781915083527565 0.024264344945549965 0.13444000482559204 imager_546868880541
15120 0.08658410608768463 0.058281704783439636 0.13445033133029938 imageu_547115860606
15130 0.04245086759328842 0.032268423587083817 0.1344890296459198 imager_546958870432
15140 0.056012533605098724 0.046955421566963196 0.13451053202152252 imager_546880859173
15150 0.10291993618011475 0.07212722301483154 0.1345062553882599 imageu_546888867171
15160 0.1135871633887291 0.07354680448770523 0.13451682031154633 imaged_546860872536
15170 0.10289638489484787 0.06979876011610031 0.13451410830020905 imageb_546892871169
15180 0.07662007212638855 0.0517573244869709 0.13453058898448944 imageu_547070882331
15190 0.11823636293411255 0.07882438600063324 0.13455483317375183 imaged_546858870537
15200 0.08144570142030716 0.06148148700594902 0.134536013007164 imagef_547154866233
15210 0.08808815479278564 0.059751179069280624 0.13453975319862366 imageu_547024869702
15220 0.05255718529224396 0.03722104802727699 0.13457049429416656 imager_546967879439
15230 0.12615421414375305 0.1044265478849411 0.134615957736969 imager_547177855874
15240 0.023330742493271828 0.017335640266537666 0.13461877405643463 imagel_547106884970
15250 0.11777275800704956 0.08071433752775192 0.13463199138641357 imaged_546861873539
15260 0.08235377073287964 0.05877770483493805 0.13464845716953278 imagef_547084862980
15270 0.0687686949968338 0.059849146753549576 0.13464927673339844 imager_547203881874
15280 0.08402366191148758 0.0583183690905571 0.13465070724487305 imagef_547028873712
15290 0.16103620827198029 0.11233974248170853 0.1346362829208374 imaged_547198876871
15300 0.08655620366334915 0.0571703240275383 0.1346111297607422 imageu_547113858603
15310 0.06412054598331451 0.043977733701467514 0.13463526964187622 imageb_546938883810
15320 0.030891742557287216 0.021952645853161812 0.1346706748008728 imagel_547023868703
15330 0.1215321496129036 0.08932726085186005 0.134668231010437 imaged_547172884238
15340 0.046312540769577026 0.03585699945688248 0.1346549689769745 imagel_546848860533
15350 0.0881161317229271 0.06422953307628632 0.13462920486927032 imageu_547030875702
15360 0.06009364128112793 0.04590708389878273 0.13464172184467316 imager_547075853978
15370 0.09286675602197647 0.06615372747182846 0.13462549448013306 imagef_547011856705
15380 0.034650690853595734 0.028815316036343575 0.13462486863136292 imager_546871883543
15390 0.04775788635015488 0.04144568368792534 0.13465763628482819 imager_546887866191
15400 0.08340734988451004 0.05784711614251137 0.1346866339445114 imageb_546992871071
15410 0.08138162642717361 0.058179665356874466 0.1347379833459854 imageb_547052864345
15420 0.06132422387599945 0.04715203121304512 0.13477595150470734 imager_547147859235
15430 0.09162989258766174 0.061102207750082016 0.13482853770256042 imageb_546982861070
15440 0.04246096312999725 0.03369597718119621 0.13484951853752136 imager_546951863443
15450 0.02546468749642372 0.01690070889890194 0.1348726451396942 imagel_546890869170
15460 0.05272608622908592 0.034314800053834915 0.13490119576454163 imaged_547024869702
15470 0.05224068462848663 0.03685886040329933 0.13495305180549622 imaged_547069881338
15480 0.05288802087306976 0.04384728521108627 0.13500115275382996 imager_546875854173
15490 0.11895368993282318 0.07796458154916763 0.13503775000572205 imagef_546916861809
15500 0.10438667237758636 0.07795100659132004 0.13507911562919617 imageb_547096874977
15510 0.029282471165060997 0.02115742489695549 0.135128453373909 imagel_547011856705
15520 0.16694019734859467 0.1051127016544342 0.13511396944522858 imagef_546849861536
15530 0.08470461517572403 0.0580621100962162 0.13511762022972107 imagef_547106884970
15540 0.08398067206144333 0.05655870959162712 0.1351189762353897 imageu_547103881966
15550 0.06624679267406464 0.0535731203854084 0.13513685762882233 imager_546877856173
15560 0.08358433097600937 0.05531061440706253 0.13513663411140442 imagef_547035880703
15570 0.06039179116487503 0.042149607092142105 0.1351192444562912 imaged_547115860606
15580 0.09691998362541199 0.06905011832714081 0.13513879477977753 imagef_547140885602
15590 0.06254658848047256 0.04643787443637848 0.13520684838294983 imaged_546992871071
15600 0.08885505050420761 0.06226115673780441 0.13522453606128693 imageb_546975854071
15610 0.02603290230035782 0.020966393873095512 0.13522055745124817 imagel_547052864345
15620 0.0899648517370224 0.05508226156234741 0.13519370555877686 imageu_546967879439
15630 0.04417881369590759 0.03440222889184952 0.13518352806568146 imager_546972884442
15640 0.016902294009923935 0.01303782220929861 0.13514958322048187 imagel_547125870610
15650 0.07537795603275299 0.05179142951965332 0.13511577248573303 imageu_547126871606
15660 0.052055034786462784 0.04095536470413208 0.1351006031036377 imager_547203881874
15670 0.13246937096118927 0.09636741131544113 0.13507798314094543 imageb_547206884871
15680 0.03011738508939743 0.019607217982411385 0.13508345186710358 imagel_546977856071
15690 0.045568887144327164 0.034466538578271866 0.13505831360816956 imagel_547035880703
15700 0.06902928650379181 0.046311717480421066 0.1350085586309433 imageb_546945857437
15710 0.09415102750062943 0.06149596720933914 0.13497275114059448 imaged_547194872874
15720 0.07801660150289536 0.05226607248187065 0.13492734730243683 imagef_547040885702
15730 0.0446447990834713 0.030083341524004936 0.13489028811454773 imaged_547006885077
15740 0.054431766271591187 0.03772876784205437 0.13485749065876007 imaged_546992871071
15750 0.07958893477916718 0.05426057055592537 0.1348581463098526 imagef_547055867337
15760 0.03785516321659088 0.027760615572333336 0.13482052087783813 imager_547064876339
15770 0.031214624643325806 0.01652223989367485 0.13476932048797607 imagel_547181859871
15780 0.03062630258500576 0.023393087089061737 0.13471461832523346 imageu_546863875543
15790 0.077194944024086 0.058765530586242676 0.13468480110168457 imager_547171883239
15800 0.12427545338869095 0.07656464725732803 0.13464632630348206 imageu_546856868537
15810 0.06196681410074234 0.042201921343803406 0.1346600204706192 imageb_546938883810
15820 0.050682347267866135 0.04146634042263031 0.13469645380973816 imager_547106884970
15830 0.07242276519536972 0.04685421660542488 0.13470350205898285 imageb_546999878077
15840 0.15714654326438904 0.08469466120004654 0.13470995426177979 imagef_547205883874
15850 0.04505255073308945 0.035042110830545425 0.13468560576438904 imager_547024869702
15860 0.08735045790672302 0.06185536086559296 0.13465280830860138 imageb_546926871803
15870 0.02757117711007595 0.019214797765016556 0.13460837304592133 imagel_547006885077
15880 0.14020037651062012 0.12871024012565613 0.13456255197525024 imager_547183861871
15890 0.03454502299427986 0.022721517831087112 0.13450045883655548 imagel_546980859076
15900 0.023864423856139183 0.016917426139116287 0.1344342827796936 imagel_547106884970
15910 0.08508702367544174 0.05700651556253433 0.1344049572944641 imagef_546982861070
15920 0.06910369545221329 0.046720393002033234 0.1343735158443451 imageu_547018863705
15930 0.12983284890651703 0.10229619592428207 0.1343795508146286 imageb_547191869875
15940 0.09970001131296158 0.07233989238739014 0.13437791168689728 imageu_547140885602
15950 0.1455397605895996 0.07968658953905106 0.13435058295726776 imagef_547174852869
15960 0.06848002970218658 0.045243434607982635 0.1343267560005188 imageb_547070882331
15970 0.07869216799736023 0.050392016768455505 0.13433557748794556 imageb_546967879439
15980 0.025062475353479385 0.017193950712680817 0.13433384895324707 imagel_547045857339
15990 0.027651775628328323 0.019658446311950684 0.13432016968727112 imagel_546975854071
16000 0.08461913466453552 0.055386703461408615 0.13427861034870148 imagef_546945857437
16010 0.016256453469395638 0.013538566417992115 0.13424795866012573 imagel_546882861171
16020 0.06830044835805893 0.045543521642684937 0.13422968983650208 imageu_547159871241
16030 0.07212089747190475 0.04874476417899132 0.1342112272977829 imageb_547058870341
16040 0.0490792877972126 0.0371193066239357 0.13420994579792023 imager_547021866708
16050 0.0863906592130661 0.060271233320236206 0.1342127025127411 imagef_546871883543
16060 0.09073776751756668 0.059056926518678665 0.134211465716362 imagef_547149861238
16070 0.06750365346670151 0.04968608543276787 0.13420920073986053 imaged_546900879170
16080 0.03334707021713257 0.017336269840598106 0.1342065930366516 imagel_547189867877
16090 0.061443839222192764 0.040479134768247604 0.13419382274150848 imaged_546919864808
16100 0.09581126272678375 0.06281333416700363 0.13418275117874146 imageb_547137882603
16110 0.08064275234937668 0.055872902274131775 0.13418768346309662 imagef_547121866605
16120 0.046325668692588806 0.035380881279706955 0.13419978320598602 imager_547128873606
16130 0.11145026981830597 0.0730932205915451 0.13417759537696838 imaged_547174852869
16140 0.02069619484245777 0.015692926943302155 0.13410691916942596 imagel_546917862811
16150 0.08352819830179214 0.053549520671367645 0.1340424120426178 imageb_547048860337
16160 0.16128669679164886 0.08805102854967117 0.1339845508337021 imagef_547172884238
16170 0.030829530209302902 0.02189418114721775 0.13397915661334991 imagel_546965877440
16180 0.04735018312931061 0.037070296704769135 0.1339670568704605 imager_546878857194
16190 0.03574158996343613 0.01941671594977379 0.13395705819129944 imagel_547154866233
16200 0.06001324951648712 0.043761614710092545 0.13394232094287872 imageb_546871883543
16210 0.046401381492614746 0.03628939017653465 0.13390080630779266 imagel_546987866076
16220 0.06779985874891281 0.046959783881902695 0.13385078310966492 imageb_546929874807
16230 0.172625333070755 0.11375217139720917 0.1338505744934082 imagef_546848860533
16240 0.12445715814828873 0.08719983696937561 0.13384604454040527 imageb_547203881874
16250 0.03844904154539108 0.02019488625228405 0.1338236778974533 imagel_547162874244
16260 0.04325130209326744 0.02739744819700718 0.13381649553775787 imaged_546962874438
16270 0.041008759289979935 0.030335688963532448 0.1338272988796234 imager_547070882331
16280 0.024797149002552032 0.018056649714708328 0.1338544338941574 imagel_546933878804
16290 0.048957742750644684 0.03187304735183716 0.13387075066566467 imaged_547035880703
16300 0.10590586066246033 0.07031003385782242 0.13389833271503448 imageb_547113858603
16310 0.04463046416640282 0.035493530333042145 0.1338961273431778 imager_546917862811
16320 0.18045316636562347 0.11376748234033585 0.13391391932964325 imagef_547198876871
16330 0.08123183250427246 0.052039291709661484 0.13393022119998932 imageu_547001880072
16340 0.0953809842467308 0.06544230133295059 0.13395103812217712 imageb_547152864241
16350 0.06588917970657349 0.039852727204561234 0.1339299976825714 imaged_546907852806
16360 0.08750568330287933 0.060521967709064484 0.13392691314220428 imageu_547081859975
16370 0.07626036554574966 0.05213068798184395 0.13392062485218048 imageb_547028873712
16380 0.12872540950775146 0.07982576638460159 0.13391101360321045 imageu_546854866535
16390 0.06825251132249832 0.04685923084616661 0.13394320011138916 imageu_547062874337
16400 0.02885201945900917 0.017279740422964096 0.1339639574289322 imagel_546905884197
16410 0.03036182001233101 0.02262359857559204 0.13394473493099213 imagel_546934879798
16420 0.10822518169879913 0.06932032108306885 0.1339048445224762 imagef_546892871169
16430 0.0942487046122551 0.06107652187347412 0.1338879019021988 imageu_546885864170
16440 0.04182933270931244 0.03227102383971214 0.1338743269443512 imagel_547033878707
16450 0.07936450093984604 0.0544135682284832 0.13384923338890076 imageu_547128873606
16460 0.10709988325834274 0.08231732994318008 0.1338486522436142 imageb_547200878871
16470 0.08267439156770706 0.0620846264064312 0.13383372128009796 imagef_547157869236
16480 0.08255483955144882 0.05537852272391319 0.13381998240947723 imagef_547021866708
16490 0.021596336737275124 0.013121513649821281 0.13384699821472168 imagel_547103881966
16500 0.0459764190018177 0.03796113654971123 0.13385629653930664 imager_546890869170
16510 0.05435793846845627 0.040046148002147675 0.13384069502353668 imaged_547033878707
16520 0.07042206823825836 0.046807967126369476 0.13384076952934265 imageu_546992871071
16530 0.042628027498722076 0.03396521136164665 0.13387846946716309 imager_547092870974
16540 0.1316928267478943 0.07770619541406631 0.13390642404556274 imagef_547191869875
16550 0.05298726633191109 0.03567495569586754 0.1339748054742813 imaged_546956868435
16560 0.13807566463947296 0.10133408010005951 0.1340218335390091 imageu_547132877611
16570 0.08129564672708511 0.05623135715723038 0.13403211534023285 imageu_547031876706
16580 0.0681542381644249 0.0443667396903038 0.13408008217811584 imageu_546931876806
16590 0.08081255108118057 0.05265713110566139 0.13410797715187073 imageu_546965877440
16600 0.2718323767185211 0.1476094126701355 0.13411857187747955 imageb_546841853547
16610 0.06068228930234909 0.03979599103331566 0.134107306599617 imaged_546943855437
16620 0.01575404964387417 0.011661197990179062 0.13411718606948853 imagel_547094872971
16630 0.07830161601305008 0.047865934669971466 0.13409800827503204 imageu_547041853338
16640 0.08388388901948929 0.056316494941711426 0.13411298394203186 imagef_547038883711
16650 0.09959020465612411 0.06689997762441635 0.13412128388881683 imageb_547155867242
16660 0.040922340005636215 0.03186789155006409 0.13412192463874817 imager_546963875440
16670 0.061840131878852844 0.040149666368961334 0.1341467946767807 imaged_547087865974
16680 0.07021571695804596 0.050491031259298325 0.1341816931962967 imagef_547154866233
16690 0.049175649881362915 0.03373820707201958 0.13418048620224 imaged_547038883711
16700 0.16949665546417236 0.08828136324882507 0.13416875898838043 imagef_547171883239
16710 0.07660076767206192 0.053117912262678146 0.13415765762329102 imageu_547121866605
16720 0.11067652702331543 0.07463089376688004 0.13415737450122833 imagef_546917862811
16730 0.03912666067481041 0.03292436525225639 0.1341751366853714 imager_546928873809
16740 0.09700524061918259 0.06336021423339844 0.13418342173099518 imageb_547154866233
16750 0.04556923732161522 0.03051408752799034 0.13418294489383698 imaged_546980859076
16760 0.09076286852359772 0.05264483019709587 0.13422492146492004 imaged_547200878871
16770 0.15295939147472382 0.09173012524843216 0.13426102697849274 imageu_547193871872
16780 0.05370187386870384 0.039221540093421936 0.13431353867053986 imager_547048860337
16790 0.07055403292179108 0.03890114650130272 0.13433793187141418 imaged_547206884871
16800 0.14485648274421692 0.09839662909507751 0.13433392345905304 imaged_546843855539
16810 0.050704386085271835 0.032920703291893005 0.13432376086711884 imaged_546970882435
16820 0.05978606268763542 0.04150813817977905 0.13432760536670685 imaged_546973885436
16830 0.06519947946071625 0.043973930180072784 0.1343204230070114 imageb_546985864078
16840 0.0861871987581253 0.05616936832666397 0.13431350886821747 imagef_547120865600
16850 0.08296409249305725 0.05640283599495888 0.13429641723632812 imageu_546860872536
16860 0.08242950588464737 0.05452058091759682 0.1342809945344925 imagef_547098876976
16870 0.08986511081457138 0.05925581231713295 0.13428257405757904 imagef_546883862169
16880 0.05391252785921097 0.03561616688966751 0.13429081439971924 imaged_547009854705
16890 0.09743209183216095 0.05652538314461708 0.13430100679397583 imagel_547205883874
16900 0.048636771738529205 0.03935820236802101 0.13429954648017883 imager_547084862980
16910 0.05609619989991188 0.0412154383957386 0.13433367013931274 imager_546892871169
16920 0.096832275390625 0.06961863487958908 0.13439232110977173 imageu_547138883611
16930 0.08498786389827728 0.06791023164987564 0.13443513214588165 imageu_547152864241
16940 0.05710996314883232 0.03631281107664108 0.13444355130195618 imaged_547121866605
16950 0.1170874536037445 0.08554946631193161 0.1344575136899948 imaged_546866878536
16960 0.03447762131690979 0.02665451541543007 0.13445299863815308 imager_546980859076
16970 0.05942188575863838 0.04189096763730049 0.1344154328107834 imaged_546900879170
16980 0.04776424169540405 0.03584248945116997 0.1343681961297989 imagef_546866878536
16990 0.02411642298102379 0.01619185134768486 0.1343422383069992 imagel_547099877967
17000 0.14886406064033508 0.09878736734390259 0.13429760932922363 imageu_547194872874
17010 0.0518326610326767 0.03375449404120445 0.13422740995883942 imaged_547115860606
17020 0.036900151520967484 0.029905881732702255 0.13419857621192932 imager_546929874807
17030 0.08053474873304367 0.05024472624063492 0.13416515290737152 imageu_547038883711
17040 0.15402407944202423 0.0639629140496254 0.1341523379087448 imagel_546841853547
17050 0.05267968773841858 0.035341277718544006 0.13413240015506744 imaged_547077855978
17060 0.07632964104413986 0.05106048658490181 0.13411693274974823 imageb_547092870974
17070 0.05840977281332016 0.03790584206581116 0.13412819802761078 imaged_547123868601
17080 0.07802043855190277 0.0527908056974411 0.13417112827301025 imageb_547047859335
17090 0.06282994896173477 0.04131218045949936 0.13419005274772644 imaged_546917862811
17100 0.0811818465590477 0.05441584438085556 0.13415738940238953 imageu_547011856705
17110 0.08169541507959366 0.04559978097677231 0.13413327932357788 imagel_547203881874
17120 0.08064457029104233 0.052345093339681625 0.13409481942653656 imagef_547038883711
17130 0.08033515512943268 0.059865374118089676 0.1340668797492981 imager_547205883874
17140 0.1609746217727661 0.12295405566692352 0.1340382844209671 imageu_547184862870
17150 0.07495548576116562 0.049880363047122955 0.13397882878780365 imagef_547086864973
17160 0.07470490783452988 0.05505034327507019 0.13392674922943115 imager_547166878243
17170 0.07639926671981812 0.05274730548262596 0.13385266065597534 imageb_547026871704
17180 0.03392665460705757 0.0216032974421978 0.1338149458169937 imagel_547024869702
17190 0.04112250730395317 0.028989339247345924 0.1337841898202896 imager_547040885702
17200 0.13667257130146027 0.08163405954837799 0.13376587629318237 imaged_547191869875
17210 0.050640758126974106 0.03330273926258087 0.1337384730577469 imaged_547140885602
17220 0.0618821382522583 0.041821934282779694 0.1337272822856903 imageb_547126871606
17230 0.07171144336462021 0.04574243351817131 0.13371337950229645 imageb_547130875605
17240 0.044858288019895554 0.03691323101520538 0.13368716835975647 imager_547118863609
17250 0.07105757296085358 0.045998480170965195 0.13366679847240448 imageu_547009854705
17260 0.022668588906526566 0.015917018055915833 0.13366928696632385 imagel_546933878804
17270 0.08400920033454895 0.050248194485902786 0.13366632163524628 imageu_546877856173
17280 0.07404598593711853 0.049388542771339417 0.13365483283996582 imageb_546977856071
17290 0.13907524943351746 0.0783308744430542 0.1336357444524765 imagef_546851863543
17300 0.062394384294748306 0.0411774180829525 0.1336284726858139 imaged_546936881803
17310 0.03531232848763466 0.02941996045410633 0.13365212082862854 imager_546888867171
17320 0.1095050498843193 0.06990706920623779 0.13364306092262268 imagef_546878857194
17330 0.09453350305557251 0.07166145741939545 0.1336275339126587 imager_546853865537
17340 0.06242237985134125 0.04160848259925842 0.13360580801963806 imagef_547070882331
17350 0.07082895934581757 0.04316593334078789 0.1335573047399521 imageu_546878857194
17360 0.038995303213596344 0.029846565797924995 0.1335323303937912 imager_547137882603
17370 0.06260544061660767 0.024932844564318657 0.13349412381649017 imagel_547159871241
17380 0.07333161681890488 0.04982958361506462 0.1334332972764969 imageb_546914859807
17390 0.0388772077858448 0.02973417565226555 0.13340573012828827 imager_547035880703
17400 0.0223833117634058 0.013163202442228794 0.13337688148021698 imagel_546960872437
17410 0.04341732710599899 0.02931024692952633 0.1333426535129547 imaged_546979858070
17420 0.06466028094291687 0.041354965418577194 0.13330557942390442 imageu_546931876806
17430 0.10549306124448776 0.05983716994524002 0.13328497111797333 imaged_547176854870
17440 0.13912621140480042 0.08078764379024506 0.13325132429599762 imaged_547188866869
17450 0.02429654821753502 0.01578293927013874 0.13323211669921875 imagel_546890869170
17460 0.07181182503700256 0.048264726996421814 0.1332356333732605 imageb_546904883185
17470 0.07179157435894012 0.04526052251458168 0.13323535025119781 imageu_546963875440
17480 0.08673522621393204 0.05344422161579132 0.13327375054359436 imageu_546905884197
17490 0.027337707579135895 0.015566984191536903 0.13330040872097015 imagel_546905884197
17500 0.015754334628582 0.011106926947832108 0.13330361247062683 imagel_547126871606
17510 0.11848645657300949 0.0688781589269638 0.1333010494709015 imagef_546877856173
17520 0.062359631061553955 0.04608508199453354 0.13330507278442383 imageb_546866878536
17530 0.06903448700904846 0.04635236784815788 0.1333165168762207 imageb_547011856705
17540 0.18502825498580933 0.14998707175254822 0.1333276778459549 imagef_547194872874
17550 0.024701926857233047 0.01804661937057972 0.1333005577325821 imagel_546984863078
17560 0.08727902173995972 0.061753224581480026 0.13328547775745392 imagef_547152864241
17570 0.03515995666384697 0.02777235582470894 0.13326495885849 imager_546953865434
17580 0.03523463010787964 0.029484080150723457 0.13324347138404846 imager_546885864170
17590 0.08466985076665878 0.053777579218149185 0.133221834897995 imagef_546894873172
17600 0.04378167912364006 0.02873384952545166 0.13321569561958313 imaged_546987866076
17610 0.05037115514278412 0.03200084716081619 0.1332310140132904 imaged_546946858444
17620 0.07446222007274628 0.04472292587161064 0.13322076201438904 imageu_547087865974
17630 0.0631675198674202 0.04099341854453087 0.1331826001405716 imageb_546953865434
17640 0.12169715762138367 0.07545473426580429 0.13318850100040436 imagef_546875854173
17650 0.04902800917625427 0.03223123028874397 0.13323205709457397 imaged_547053865336
17660 0.1302376538515091 0.07513802498579025 0.13327845931053162 imaged_547189867877
17670 0.07271438091993332 0.04885651916265488 0.13327787816524506 imageb_547031876706
17680 0.03802604600787163 0.02984262816607952 0.1332760751247406 imager_546984863078
17690 0.025607747957110405 0.0174077320843935 0.13326580822467804 imagel_546951863443
17700 0.05082528665661812 0.037898506969213486 0.1332286149263382 imager_547043855348
17710 0.05997606739401817 0.04061955586075783 0.13320569694042206 imaged_547142854240
17720 0.0814819410443306 0.06606582552194595 0.13319000601768494 imager_547167879238
17730 0.06287403404712677 0.04213906452059746 0.1332153081893921 imagef_547091869975
17740 0.10808974504470825 0.06832761317491531 0.13322195410728455 imaged_546858870537
17750 0.05523742735385895 0.03918929025530815 0.13321934640407562 imageu_546871883543
17760 0.06504863500595093 0.04314426705241203 0.13319213688373566 imageb_546958870432
17770 0.07159245759248734 0.04776203632354736 0.1331680715084076 imageb_547016861703
17780 0.2425956130027771 0.1451593041419983 0.13313622772693634 imageb_546846858536
17790 0.1445673257112503 0.07385919988155365 0.13308680057525635 imagef_547206884871
17800 0.19493834674358368 0.1434638351202011 0.1330392062664032 imageu_547186864875
17810 0.1522781252861023 0.06632386893033981 0.13299348950386047 imagel_546843855539
17820 0.04555715247988701 0.02927261032164097 0.1329219490289688 imaged_547007852711
17830 0.09504421800374985 0.06160612404346466 0.13287732005119324 imagef_546965877440
17840 0.07329191267490387 0.04611600935459137 0.1328631192445755 imageu_546934879798
17850 0.07862239331007004 0.05121203511953354 0.13290147483348846 imager_547172884238
17860 0.02278805524110794 0.015709163621068 0.1329142451286316 imagel_547009854705
17870 0.09116605669260025 0.05774195119738579 0.13292503356933594 imageb_547154866233
17880 0.04317392781376839 0.032431893050670624 0.1329568475484848 imager_547152864241
17890 0.06958582252264023 0.04700150713324547 0.13298647105693817 imageb_546994873075
17900 0.018106332048773766 0.012447572313249111 0.13299185037612915 imagel_547120865600
17910 0.0736515000462532 0.04970339313149452 0.13294807076454163 imagef_547019864709
17920 0.04584948346018791 0.02647816203534603 0.13293948769569397 imagel_547172884238
17930 0.07334169000387192 0.04621116816997528 0.13292379677295685 imageb_546996875070
17940 0.057905588299036026 0.036056794226169586 0.13293161988258362 imaged_547087865974
17950 0.07764856517314911 0.05186041072010994 0.13296952843666077 imageu_547055867337
17960 0.11737047880887985 0.08880253881216049 0.13299515843391418 imager_547176854870
17970 0.021651484072208405 0.013314281590282917 0.13297642767429352 imagel_547138883611
17980 0.07232189178466797 0.05235376954078674 0.1329430192708969 imagef_547164876237
17990 0.014611884020268917 0.01116468757390976 0.1329243779182434 imagel_547070882331
18000 0.08677981793880463 0.05552759766578674 0.13290154933929443 imagef_546885864170
18010 0.0342511422932148 0.027252789586782455 0.13289982080459595 imager_546956868435
18020 0.0928625613451004 0.061302099376916885 0.13291479647159576 imageu_546916861809
18030 0.07084900140762329 0.042418498545885086 0.13293883204460144 imagef_547072884335
18040 0.07717015594244003 0.048748794943094254 0.1329575479030609 imagef_547118863609
18050 0.07813310623168945 0.04900376871228218 0.13294526934623718 imageb_546863875543
18060 0.017681073397397995 0.012894755229353905 0.13293319940567017 imagel_547065877343
18070 0.07217898219823837 0.04429921135306358 0.13293807208538055 imaged_547203881874
18080 0.040507249534130096 0.03044593334197998 0.13296155631542206 imager_546941853440
18090 0.08795209228992462 0.05692122504115105 0.13297748565673828 imageb_546883862169
18100 0.016704006120562553 0.011695148423314095 0.13297127187252045 imagel_547092870974
18110 0.07894787937402725 0.05232024937868118 0.13298483192920685 imageu_547106884970
18120 0.08096897602081299 0.05468607693910599 0.133016899228096 imageu_547058870341
18130 0.07113125175237656 0.04442906379699707 0.13305750489234924 imageb_547133878607
18140 0.04691092297434807 0.03701159730553627 0.13306862115859985 imager_547135880603
18150 0.07331212610006332 0.04750272259116173 0.1330474466085434 imageu_546956868435
18160 0.021873129531741142 0.01599431037902832 0.13303180038928986 imagel_547001880072
18170 0.07803133875131607 0.049201130867004395 0.13301970064640045 imagef_547075853978
18180 0.08661092072725296 0.05410471931099892 0.13302764296531677 imagef_546938883810
18190 0.06809046119451523 0.04508854076266289 0.1329842209815979 imagef_547104882977
18200 0.07855457067489624 0.05856374651193619 0.13295355439186096 imageb_546873885533
18210 0.09064270555973053 0.06118889898061752 0.13293012976646423 imageb_547142854240
18220 0.12171739339828491 0.11625375598669052 0.1329224705696106 imager_547196874870
18230 0.04284617304801941 0.03359513357281685 0.13290317356586456 imagel_546848860533
18240 0.039294853806495667 0.030537646263837814 0.1328984498977661 imager_547092870974
18250 0.0416581928730011 0.031203491613268852 0.13287857174873352 imager_546912857810
18260 0.05660223960876465 0.036330144852399826 0.13284936547279358 imageb_546931876806
18270 0.1458233892917633 0.07908811420202255 0.13283830881118774 imageb_547181859871
18280 0.09926896542310715 0.06532517075538635 0.1328209936618805 imagef_546909854806
18290 0.10373973846435547 0.09438040107488632 0.1327974945306778 imager_547196874870
18300 0.047221455723047256 0.03322700038552284 0.13274365663528442 imager_547052864345
18310 0.061124127358198166 0.0390469990670681 0.132688969373703 imagef_547065877343
18320 0.10759405791759491 0.06701407581567764 0.13261939585208893 imageu_546858870537
18330 0.06680155545473099 0.04485204443335533 0.13256435096263885 imagel_547198876871
18340 0.11885323375463486 0.06579403579235077 0.13252747058868408 imaged_547179857873
18350 0.07261437922716141 0.04465378448367119 0.13247357308864594 imageu_547115860606
18360 0.060794830322265625 0.03911462798714638 0.1324399709701538 imagef_546996875070
18370 0.06920859962701797 0.04326675832271576 0.13242876529693604 imageu_546997876076
18380 0.16944780945777893 0.10702431946992874 0.13242022693157196 imageu_547198876871
18390 0.07601241022348404 0.05320423096418381 0.1323871910572052 imageu_547143855237
18400 0.07392295449972153 0.04796675965189934 0.13233578205108643 imageu_547058870341
18410 0.05240404233336449 0.036606933921575546 0.13231267035007477 imageb_546871883543
18420 0.07503166049718857 0.048904795199632645 0.13230794668197632 imageb_547106884970
18430 0.018365759402513504 0.013585314154624939 0.13229672610759735 imagel_546880859173
18440 0.028730016201734543 0.013839444145560265 0.13228654861450195 imagel_547181859871
18450 0.05886746942996979 0.02351602353155613 0.13224400579929352 imagel_547167879238
18460 0.10904574394226074 0.07675919681787491 0.13220331072807312 imaged_547172884238
18470 0.019831275567412376 0.013859255239367485 0.13221751153469086 imagel_547001880072
18480 0.07739438861608505 0.04689590260386467 0.13219553232192993 imageu_547109854609
18490 0.04028080403804779 0.0305861234664917 0.1321597695350647 imager_547089867973
18500 0.03162890300154686 0.022951632738113403 0.13211098313331604 imagel_547176854870
18510 0.01650221459567547 0.012722917832434177 0.13207978010177612 imagel_546885864170
18520 0.04186701402068138 0.03219977393746376 0.13203559815883636 imager_547055867337
18530 0.0637686550617218 0.04040149599313736 0.13200874626636505 imageb_547036881708
18540 0.01667443849146366 0.011326984502375126 0.13203278183937073 imagel_547123868601
18550 0.019631003960967064 0.01639707013964653 0.13201254606246948 imager_546868880541
18560 0.07760760933160782 0.048306286334991455 0.13197049498558044 imageu_547108853603
18570 0.03807937726378441 0.028434712439775467 0.13195571303367615 imagel_546899878172
18580 0.03960739076137543 0.0250347089022398 0.13193826377391815 imaged_546980859076
18590 0.08660825341939926 0.0551019124686718 0.13195329904556274 imagef_546922867806
18600 0.08108080923557281 0.051794566214084625 0.13193927705287933 imageb_546888867171
18610 0.06502757221460342 0.039508137851953506 0.13190430402755737 imageu_547084862980
18620 0.03837649151682854 0.028481733053922653 0.13189385831356049 imager_546941853440
18630 0.07528644055128098 0.05023212358355522 0.13188672065734863 imageb_546926871803
18640 0.040539469569921494 0.028127722442150116 0.13188524544239044 imager_547007852711
18650 0.023317718878388405 0.013303430750966072 0.13186562061309814 imagel_547150862236
18660 0.07747165113687515 0.05162038654088974 0.13181163370609283 imageb_546890869170
18670 0.013873456045985222 0.010109180584549904 0.13177184760570526 imagel_547070882331
18680 0.22508955001831055 0.12307289987802505 0.13173086941242218 imageu_546844856539
18690 0.07575982064008713 0.04768865182995796 0.13172827661037445 imager_547172884238
18700 0.043750569224357605 0.027360878884792328 0.13172870874404907 imaged_547075853978
18710 0.08102337270975113 0.055484507232904434 0.1317128986120224 imagef_546871883543
18720 0.04260412976145744 0.0324997678399086 0.13169154524803162 imager_547135880603
18730 0.06473091244697571 0.04125982150435448 0.13166280090808868 imagef_546989868066
18740 0.034029021859169006 0.02460964396595955 0.1316618025302887 imager_547126871606
18750 0.06976298242807388 0.044698167592287064 0.1316654086112976 imageu_547128873606
18760 0.03656574711203575 0.025455264374613762 0.13168124854564667 imager_547070882331
18770 0.2042999118566513 0.13807536661624908 0.13168130815029144 imagef_546846858536
18780 0.08794532716274261 0.054975178092718124 0.13167142868041992 imageb_546917862811
18790 0.08383923768997192 0.05816621333360672 0.13167928159236908 imagef_547152864241
18800 0.03933427482843399 0.029833292588591576 0.13168317079544067 imager_547138883611
18810 0.08292196691036224 0.050150588154792786 0.1316622793674469 imagef_546938883810
18820 0.07622498273849487 0.045161597430706024 0.1316618025302887 imageb_546982861070
18830 0.03100675530731678 0.018902994692325592 0.1316734403371811 imagel_546980859076
18840 0.07427303493022919 0.046069685369729996 0.13165155053138733 imageu_546984863078
18850 0.07599286735057831 0.05119853466749191 0.13167859613895416 imageb_547123868601
18860 0.11512625962495804 0.07300123572349548 0.1317169964313507 imaged_546863875543
18870 0.07126356661319733 0.04801648110151291 0.13172118365764618 imagef_546975854071
18880 0.07047067582607269 0.04673018306493759 0.13174669444561005 imagef_547096874977
18890 0.027565019205212593 0.0215036291629076 0.13175030052661896 imagel_546990869071
18900 0.018121276050806046 0.012936963699758053 0.13172857463359833 imagel_546888867171
18910 0.044835176318883896 0.02923799306154251 0.13168646395206451 imaged_547038883711
18920 0.06698823720216751 0.04415978118777275 0.13167305290699005 imageu_547126871606
18930 0.0905795618891716 0.05740093067288399 0.13165831565856934 imageu_546897876191
18940 0.018193596974015236 0.011161057278513908 0.13164494931697845 imagel_547145857237
18950 0.18164359033107758 0.0928063914179802 0.13160987198352814 imageb_547177855874
18960 0.17398418486118317 0.11815808713436127 0.13157182931900024 imager_546844856539
18970 0.15732340514659882 0.08616185933351517 0.13155747950077057 imageb_546856868537
18980 0.044602170586586 0.03402220085263252 0.13155776262283325 imager_547103881966
18990 0.02522536739706993 0.0154516426846385 0.13155224919319153 imagel_546922867806
19000 0.0524107851088047 0.04285484924912453 0.1315387636423111 imager_546863875543
19010 0.06644321233034134 0.043891433626413345 0.13151763379573822 imagef_547062874337
19020 0.02172190509736538 0.016279932111501694 0.13149477541446686 imagel_547058870341
19030 0.06136422976851463 0.039672158658504486 0.13145093619823456 imagef_547092870974
19040 0.07228125631809235 0.04922262579202652 0.13143497705459595 imagef_546882861171
19050 0.08208177238702774 0.05262802913784981 0.1314348727464676 imageu_546938883810
19060 0.13383734226226807 0.08328446000814438 0.13148124516010284 imaged_547196874870
19070 0.09008705615997314 0.057833123952150345 0.1315043568611145 imaged_546854866535
19080 0.06818366050720215 0.03970096632838249 0.13147856295108795 imagef_547072884335
19090 0.06962655484676361 0.046032194048166275 0.13145224750041962 imageb_547031876706
19100 0.08050225675106049 0.04882124066352844 0.13144339621067047 imageu_547075853978
19110 0.06699507683515549 0.04238002002239227 0.1314539760351181 imageu_546945857437
19120 0.05078395456075668 0.033524125814437866 0.13147231936454773 imaged_547036881708
19130 0.06747173517942429 0.044008057564496994 0.13148318231105804 imageb_547070882331
19140 0.14000748097896576 0.07176754623651505 0.13152247667312622 imagef_547203881874
19150 0.14737246930599213 0.0857006311416626 0.13153600692749023 imageu_547193871872
19160 0.042810894548892975 0.03276658058166504 0.13153554499149323 imager_546948860438
19170 0.08501044660806656 0.053429629653692245 0.13153477013111115 imageb_546922867806
19180 0.018887624144554138 0.01190304197371006 0.13157615065574646 imagel_547121866605
19190 0.06735767424106598 0.04529396444559097 0.13157717883586884 imageu_547018863705
19200 0.07131680101156235 0.04691123962402344 0.1315794587135315 imageb_547024869702
19210 0.12581917643547058 0.08555138111114502 0.1315692514181137 imageb_547205883874
19220 0.08229868859052658 0.052126117050647736 0.1315377801656723 imageb_546895874174
19230 0.020113054662942886 0.012551483698189259 0.13151584565639496 imagel_547115860606
19240 0.07145833969116211 0.046294085681438446 0.13150277733802795 imageb_547092870974
19250 0.05084425210952759 0.0337064191699028 0.13150279223918915 imaged_547016861703
19260 0.023573312908411026 0.011955452151596546 0.13152965903282166 imagel_547147859235
19270 0.06096708029508591 0.040029559284448624 0.13154013454914093 imagef_547091869975
19280 0.07434727251529694 0.04923425242304802 0.13153472542762756 imageb_547047859335
19290 0.0645415261387825 0.04274453967809677 0.13150538504123688 imaged_546917862811
19300 0.11882700771093369 0.08640441298484802 0.13148152828216553 imaged_546851863543
19310 0.04397663474082947 0.033038925379514694 0.13146696984767914 imager_547082860970
19320 0.06342470645904541 0.040581949055194855 0.1314292699098587 imageb_546979858070
19330 0.0811067596077919 0.053101133555173874 0.13141097128391266 imagef_546933878804
19340 0.0411931574344635 0.028340749442577362 0.13138435781002045 imagel_547060872343
19350 0.12468822300434113 0.0874253362417221 0.13134929537773132 imageu_547132877611
19360 0.08389310538768768 0.05120054632425308 0.13132962584495544 imagef_547057869336
19370 0.07511886954307556 0.04657863825559616 0.13129132986068726 imageu_546882861171
19380 0.07896716892719269 0.05044015496969223 0.13126230239868164 imageu_546919864808
19390 0.052991170436143875 0.034207772463560104 0.1312847137451172 imaged_547101879972
19400 0.03935283422470093 0.028041981160640717 0.13129037618637085 imagel_546861873539
19410 0.023554863408207893 0.014022658579051495 0.13127867877483368 imagel_547104882977
19420 0.03294192627072334 0.01647208072245121 0.13127008080482483 imagel_547154866233
19430 0.03268038481473923 0.025696130469441414 0.1312747746706009 imager_546883862169
19440 0.04292251169681549 0.02696981653571129 0.1312984824180603 imaged_546975854071
19450 0.07485031336545944 0.04837571829557419 0.13131201267242432 imagef_546934879798
19460 0.09868741035461426 0.06400100141763687 0.1312783807516098 imagef_546970882435
19470 0.04083555191755295 0.0289798304438591 0.1312597692012787 imager_546962874438
19480 0.12408015877008438 0.06894385069608688 0.13126792013645172 imagef_547200878871
19490 0.03225254267454147 0.02689656801521778 0.13128884136676788 imager_546873885533
19500 0.048840802162885666 0.03125147894024849 0.1312982589006424 imaged_547062874337
19510 0.016682855784893036 0.011885658837854862 0.13129988312721252 imagel_546873885533
19520 0.07894682139158249 0.04825660586357117 0.1312602460384369 imageu_546936881803
19530 0.07306727766990662 0.04949534311890602 0.13127781450748444 imageb_547052864345
19540 0.09743283689022064 0.05842401832342148 0.13126900792121887 imagef_546892871169
19550 0.0903749167919159 0.05584383383393288 0.1312600076198578 imageu_546922867806
19560 0.08372410386800766 0.052362751215696335 0.1312854290008545 imageb_547041853338
19570 0.07389995455741882 0.04616468399763107 0.13128340244293213 imageu_546887866191
19580 0.07346663624048233 0.048020198941230774 0.1312628984451294 imageb_546907852806
19590 0.06387205421924591 0.038951557129621506 0.13120360672473907 imageu_546926871803
19600 0.042885445058345795 0.027011556550860405 0.13117185235023499 imaged_547075853978
19610 0.01510697789490223 0.010329087264835835 0.13114066421985626 imagel_547142854240
19620 0.06184526905417442 0.03816932067275047 0.13108190894126892 imageu_546953865434
19630 0.054425809532403946 0.033840954303741455 0.1310429573059082 imagef_547070882331
19640 0.08638763427734375 0.05508683994412422 0.13100773096084595 imagef_546922867806
19650 0.04053472727537155 0.03001527488231659 0.1309698075056076 imager_547023868703
19660 0.06526274979114532 0.043575674295425415 0.13097888231277466 imagef_547053865336
19670 0.07092829793691635 0.04564671590924263 0.13097243010997772 imagef_547133878607
19680 0.039150483906269073 0.028975248336791992 0.130977064371109 imager_547024869702
19690 0.06474391371011734 0.04136252775788307 0.13096179068088531 imageb_547016861703
19700 0.09844470769166946 0.0788031741976738 0.13092505931854248 imageb_547164876237
19710 0.053082019090652466 0.03366317227482796 0.1308787763118744 imaged_547123868601
19720 0.03841487318277359 0.026241440325975418 0.13086889684200287 imager_546982861070
19730 0.07448333501815796 0.04610544443130493 0.13084262609481812 imagef_547116861604
19740 0.043555181473493576 0.031146053224802017 0.13079531490802765 imager_547133878607
19750 0.08300832659006119 0.04752473905682564 0.13074922561645508 imageu_546892871169
19760 0.08350903540849686 0.050559498369693756 0.13070610165596008 imageb_546917862811
19770 0.0711803287267685 0.044354479759931564 0.13066649436950684 imageb_547104882977
19780 0.01713138446211815 0.012250683270394802 0.13062745332717896 imagel_546880859173
19790 0.023751961067318916 0.014890613034367561 0.13061010837554932 imagel_547155867242
19800 0.07057180255651474 0.04455186426639557 0.130582794547081 imagef_547041853338
19810 0.1057501807808876 0.09691231697797775 0.13057515025138855 imager_547196874870
19820 0.07679081708192825 0.04610471799969673 0.13058379292488098 imageu_546911856805
19830 0.073299340903759 0.04576939344406128 0.1305903196334839 imagef_547021866708
19840 0.0692644938826561 0.04606793820858002 0.13057257235050201 imageb_547062874337
19850 0.07556628435850143 0.045555125921964645 0.1305726319551468 imagef_547043855348
19860 0.03451354056596756 0.015342158265411854 0.13056246936321259 imagel_547169881238
19870 0.06338374316692352 0.04152774438261986 0.13052187860012054 imageb_546941853440
19880 0.03954106569290161 0.024647586047649384 0.13048458099365234 imaged_546980859076
19890 0.06582929939031601 0.04353177919983864 0.13047613203525543 imagef_547082860970
19900 0.04797258973121643 0.02875797636806965 0.13046784698963165 imaged_547121866605
19910 0.029406080022454262 0.02425403706729412 0.13044682145118713 imager_546870882540
19920 0.16675163805484772 0.10422656685113907 0.1304032802581787 imageu_547198876871
19930 0.02395990490913391 0.015903208404779434 0.1303796023130417 imagel_546931876806
19940 0.0865052193403244 0.053970083594322205 0.13034403324127197 imaged_546854866535
19950 0.06158071383833885 0.039172470569610596 0.13028207421302795 imageb_547064876339
19960 0.06773471087217331 0.04438544809818268 0.13026171922683716 imagef_547058870341
19970 0.05640381574630737 0.03792049363255501 0.13023591041564941 imaged_546899878172
19980 0.027708150446414948 0.022338466718792915 0.1301991045475006 imager_546992871071
19990 0.26348501443862915 0.13752590119838715 0.13013961911201477 imageb_546843855539
20000 0.05238134041428566 0.032255981117486954 0.1300751119852066 imaged_547072884335
20010 0.06581349670886993 0.03897545486688614 0.13003796339035034 imageu_547104882977
20020 0.07766012102365494 0.051792655140161514 0.13000456988811493 imagef_546924869806
20030 0.027281399816274643 0.020584775134921074 0.12996640801429749 imager_546955867436
20040 0.06869541108608246 0.048596352338790894 0.1299377977848053 imagef_547157869236
20050 0.047227781265974045 0.029787752777338028 0.12995505332946777 imaged_546977856071
20060 0.028274154290556908 0.016990896314382553 0.12999188899993896 imagel_546962874438
20070 0.09717226773500443 0.059236638247966766 0.13002948462963104 imagef_546890869170
20080 0.1007426381111145 0.06088365241885185 0.13007387518882751 imagef_546967879439
20090 0.048274874687194824 0.030058275908231735 0.1300707310438156 imaged_547013858709
20100 0.04011952877044678 0.029569892212748528 0.13007523119449615 imager_547142854240
20110 0.07397280633449554 0.04774531349539757 0.1300630122423172 imageb_547106884970
20120 0.13581590354442596 0.0781271830201149 0.13003142178058624 imaged_547188866869
20130 0.06996584683656693 0.04308627173304558 0.13000810146331787 imagef_547143855237
20140 0.031789153814315796 0.02155691757798195 0.12997183203697205 imagel_546938883810
20150 0.0644192025065422 0.04061192646622658 0.1299220770597458 imageb_546897876191
20160 0.061854004859924316 0.0406830869615078 0.12986540794372559 imageb_547125870610
20170 0.12585823237895966 0.06485068053007126 0.1298091560602188 imagef_547177855874
20180 0.07457044720649719 0.048010263592004776 0.1297754943370819 imageb_547121866605
20190 0.06637075543403625 0.05295175313949585 0.12976300716400146 imager_547164876237
20200 0.04488534480333328 0.03008376993238926 0.12972475588321686 imaged_547058870341
20210 0.065707266330719 0.04033435881137848 0.12970708310604095 imageu_547007852711
20220 0.06899320334196091 0.04098286107182503 0.12970630824565887 imagef_546958870432
20230 0.07360819727182388 0.045879386365413666 0.12969473004341125 imagef_547004883077
20240 0.03742614760994911 0.024116085842251778 0.1296972781419754 imagel_547060872343
20250 0.03277150169014931 0.024231353774666786 0.12968920171260834 imagel_546860872536
20260 0.07597923278808594 0.04623638466000557 0.12967613339424133 imageu_546909854806
20270 0.03885544463992119 0.02800261229276657 0.12969031929969788 imager_547026871704
20280 0.033097777515649796 0.025727778673171997 0.12967801094055176 imager_546865877539
20290 0.039557453244924545 0.028858410194516182 0.12962785363197327 imager_546968880435
20300 0.02002459578216076 0.013236824423074722 0.12959425151348114 imagel_547152864241
20310 0.06807846575975418 0.04398302361369133 0.1295676827430725 imaged_546905884197
20320 0.07117456197738647 0.0428963229060173 0.1295643299818039 imagef_546897876191
20330 0.0741400420665741 0.04796469956636429 0.12962549924850464 imagef_546963875440
20340 0.07247550040483475 0.04616494104266167 0.12968085706233978 imageu_546900879170
20350 0.08032207936048508 0.049131885170936584 0.12970049679279327 imageb_546922867806
20360 0.019933316856622696 0.013664052821695805 0.1296934187412262 imagel_546858870537
20370 0.03579831123352051 0.02729509398341179 0.1296415627002716 imager_546951863443
20380 0.03830629959702492 0.020413892343640327 0.12959732115268707 imagel_547186864875
20390 0.04446418210864067 0.03139188140630722 0.12954409420490265 imager_547087865974
20400 0.04138140752911568 0.031037036329507828 0.1294884830713272 imager_546919864808
20410 0.07776983082294464 0.05004168301820755 0.12945349514484406 imageb_547043855348
20420 0.01616804301738739 0.010847860015928745 0.12943407893180847 imagel_546894873172
20430 0.06985687464475632 0.04252134636044502 0.12937121093273163 imagef_547113858603
20440 0.07450605928897858 0.049107830971479416 0.1293361783027649 imageu_546921866804
20450 0.071106918156147 0.04088670387864113 0.12936952710151672 imagef_547162874244
20460 0.060969915241003036 0.037703897804021835 0.12938210368156433 imageu_547019864709
20470 0.0904374048113823 0.05852343514561653 0.12941373884677887 imageb_546919864808
20480 0.04992000758647919 0.03171680122613907 0.1294364184141159 imaged_547142854240
20490 0.07966896146535873 0.05076078325510025 0.12947477400302887 imageb_546877856173
20500 0.05966097116470337 0.03762398287653923 0.12953293323516846 imageb_546948860438
20510 0.04749878868460655 0.03532857447862625 0.12961475551128387 imager_547111856605
20520 0.04094119742512703 0.02977762557566166 0.1296396255493164 imager_547143855237
20530 0.061918631196022034 0.03971404209733009 0.12962885200977325 imageb_546912857810
20540 0.02224036678671837 0.01376358699053526 0.12961919605731964 imagel_547041853338
20550 0.07316935807466507 0.060872167348861694 0.12960204482078552 imager_546856868537
20560 0.04483138024806976 0.029646631330251694 0.1295696347951889 imaged_547091869975
20570 0.024585481733083725 0.01365504041314125 0.12954990565776825 imagel_546967879439
20580 0.04081755876541138 0.030105749145150185 0.12953820824623108 imager_547096874977
20590 0.08021101355552673 0.04946828633546829 0.12951907515525818 imageb_546894873172
20600 0.1291845291852951 0.07452279329299927 0.12950129806995392 imaged_547189867877
20610 0.0754898190498352 0.04734436795115471 0.12946894764900208 imageu_547118863609
20620 0.03155965730547905 0.02494954690337181 0.12947823107242584 imager_546989868066
20630 0.1641797125339508 0.08228102326393127 0.1294906735420227 imagef_546839884906
20640 0.03667958080768585 0.026706242933869362 0.1294916570186615 imager_546941853440
20650 0.07371009141206741 0.04451659321784973 0.12947583198547363 imageu_547057869336
20660 0.058751996606588364 0.03565722703933716 0.12950478494167328 imageu_546992871071
20670 0.029454408213496208 0.02199968323111534 0.12956881523132324 imager_547067879338
20680 0.07236204296350479 0.043973881751298904 0.12956902384757996 imageu_546919864808
20690 0.1334458589553833 0.07134126126766205 0.1295979768037796 imageb_547183861871
20700 0.05238392949104309 0.03718986734747887 0.12959076464176178 imaged_546997876076
20710 0.0471871942281723 0.03125116601586342 0.12959760427474976 imaged_546960872437
20720 0.03331897780299187 0.026935558766126633 0.12962307035923004 imager_546933878804
20730 0.0679396465420723 0.04394572973251343 0.1296345293521881 imageb_547028873712
20740 0.0630142092704773 0.037527889013290405 0.12962226569652557 imageu_547084862980
20750 0.158134326338768 0.07625854760408401 0.12960126996040344 imagef_547171883239
20760 0.07691130042076111 0.04747161269187927 0.12959757447242737 imageb_546899878172
20770 0.08257484436035156 0.05032980442047119 0.12957438826560974 imageb_547154866233
20780 0.1138121485710144 0.07204557210206985 0.12956881523132324 imaged_546863875543
20790 0.05187229812145233 0.040922630578279495 0.12956567108631134 imager_547157869236
20800 0.06595922261476517 0.034318141639232635 0.12953223288059235 imaged_547206884871
20810 0.039029233157634735 0.01937132328748703 0.12950652837753296 imagel_546907852806
20820 0.07570755481719971 0.04721806198358536 0.129477858543396 imagef_547036881708
20830 0.04471876099705696 0.03231314942240715 0.129428893327713 imager_547021866708
20840 0.10201665014028549 0.05944252759218216 0.12940935790538788 imagef_546863875543
20850 0.052811697125434875 0.03260737657546997 0.12938986718654633 imaged_547118863609
20860 0.04470482096076012 0.03332328051328659 0.12934614717960358 imager_547018863705
20870 0.036441538482904434 0.022758273407816887 0.1293051838874817 imaged_547019864709
20880 0.07326022535562515 0.043134480714797974 0.12928472459316254 imageu_546899878172
20890 0.037600137293338776 0.02294878289103508 0.12929478287696838 imaged_547086864973
20900 0.01555740088224411 0.01142808236181736 0.12929052114486694 imagel_547069881338
20910 0.023221580311655998 0.01581742987036705 0.12924256920814514 imagel_546975854071
20920 0.06466840952634811 0.03856135159730911 0.1291959285736084 imageu_546965877440
20930 0.07975346595048904 0.05060770735144615 0.12917232513427734 imageb_547060872343
20940 0.039243899285793304 0.029424097388982773 0.12913230061531067 imagel_546848860533
20950 0.04579014703631401 0.03131920471787453 0.12908555567264557 imager_547048860337
20960 0.043589916080236435 0.028205547481775284 0.12903308868408203 imaged_546958870432
20970 0.12149224430322647 0.09108297526836395 0.1289944350719452 imageb_547189867877
20980 0.1995401680469513 0.09175118803977966 0.12896747887134552 imageu_546839884906
20990 0.06403721868991852 0.040775202214717865 0.1289534568786621 imageu_547126871606
21000 0.17581787705421448 0.12328042089939117 0.1289302259683609 imageu_547186864875
21010 0.07229825109243393 0.04352106899023056 0.1288733035326004 imageb_547007852711
21020 0.08403460681438446 0.05224577337503433 0.12880387902259827 imagef_546928873809
21030 0.07469064742326736 0.04549817740917206 0.12874509394168854 imageu_547108853603
21040 0.025336449965834618 0.019184838980436325 0.12871482968330383 imagel_546990869071
21050 0.12677450478076935 0.07620549201965332 0.12866412103176117 imageu_547176854870
21060 0.03760574012994766 0.02677837759256363 0.12861083447933197 imager_546912857810
21070 0.04512014985084534 0.026529362425208092 0.1285562515258789 imaged_547138883611
21080 0.06815175712108612 0.05051825940608978 0.12854039669036865 imager_546860872536
21090 0.02026178687810898 0.015049198642373085 0.1284935623407364 imagel_547064876339
21100 0.06807352602481842 0.04283221811056137 0.12844039499759674 imageu_547055867337
21110 0.0658499076962471 0.04093341901898384 0.12839652597904205 imageu_547079857970
21120 0.04062749072909355 0.027949092909693718 0.1283455193042755 imager_547013858709
21130 0.039969027042388916 0.025421299040317535 0.12830302119255066 imaged_547031876706
21140 0.03858007863163948 0.028406111523509026 0.1282844841480255 imager_546878857194
21150 0.1352839171886444 0.07672527432441711 0.1282515823841095 imagef_547188866869
21160 0.05783236399292946 0.03781486302614212 0.12822605669498444 imaged_546880859173
21170 0.07956614345312119 0.04962509125471115 0.1282004714012146 imageb_546878857194
21180 0.022646736353635788 0.014529693871736526 0.12818056344985962 imagel_546979858070
21190 0.04097975417971611 0.03108254075050354 0.12815818190574646 imager_547038883711
21200 0.06896140426397324 0.041357629001140594 0.12813697755336761 imageb_547135880603
21210 0.058721862733364105 0.03428526222705841 0.1281367540359497 imaged_546922867806
21220 0.03464452922344208 0.024984704330563545 0.12813764810562134 imager_547002881074
21230 0.040390513837337494 0.027980277314782143 0.12814545631408691 imager_547021866708
21240 0.015448815189301968 0.01026131585240364 0.1281348019838333 imagel_546997876076
21250 0.12026301771402359 0.071583092212677 0.12811219692230225 imaged_547186864875
21260 0.06530800461769104 0.03907749801874161 0.12811417877674103 imageu_547086864973
21270 0.11836495250463486 0.07068516314029694 0.12810680270195007 imaged_546841853547
21280 0.05863494053483009 0.03632534295320511 0.12808290123939514 imageb_547064876339
21290 0.04353820160031319 0.028391411527991295 0.12806613743305206 imaged_547069881338
21300 0.09825757145881653 0.05033464357256889 0.1280500441789627 imageu_547167879238
21310 0.0557689405977726 0.03336020186543465 0.12800413370132446 imageu_546992871071
21320 0.06696201860904694 0.040460262447595596 0.12798340618610382 imageu_547115860606
21330 0.06068156659603119 0.042005959898233414 0.12798744440078735 imaged_547166878243
21340 0.04174542799592018 0.025444544851779938 0.12800443172454834 imager_546967879439
21350 0.036034274846315384 0.02041625790297985 0.12801186740398407 imagel_547154866233
21360 0.07932482659816742 0.05012006312608719 0.12797392904758453 imagef_547150862236
21370 0.04988574981689453 0.03859707713127136 0.12796254456043243 imager_547157869236
21380 0.07209934294223785 0.04281460866332054 0.12796632945537567 imagef_547142854240
21390 0.023773403838276863 0.019075481221079826 0.12796013057231903 imager_546994873075
21400 0.03426285833120346 0.025481829419732094 0.12796884775161743 imager_547030875702
21410 0.05839041620492935 0.038832589983940125 0.12795810401439667 imaged_547125870610
21420 0.0351824127137661 0.024564307183027267 0.12797094881534576 imagel_547081859975
21430 0.018903005868196487 0.011967223137617111 0.1279667764902115 imagel_546912857810
21440 0.046798791736364365 0.029941922053694725 0.12796619534492493 imaged_547106884970
21450 0.07112990319728851 0.045281197875738144 0.12793980538845062 imageu_546900879170
21460 0.09017336368560791 0.05530285835266113 0.12791767716407776 imagef_546968880435
21470 0.04858475178480148 0.030952291563153267 0.12788419425487518 imaged_547149861238
21480 0.020465919747948647 0.012489854358136654 0.12783873081207275 imagel_547111856605
21490 0.016537869349122047 0.010672046802937984 0.12776987254619598 imagel_547108853603
21500 0.014216605573892593 0.01018874254077673 0.12771062552928925 imagel_547094872971
21510 0.05224112421274185 0.03239837661385536 0.1276824027299881 imageb_546931876806
21520 0.05465741828083992 0.033279068768024445 0.12767915427684784 imaged_546897876191
21530 0.06219584122300148 0.037236083298921585 0.1276683807373047 imageu_547069881338
21540 0.0711716040968895 0.04059135541319847 0.12768295407295227 imageb_546982861070
21550 0.05979204922914505 0.022199995815753937 0.12771598994731903 imagel_547159871241
21560 0.06391650438308716 0.039109621196985245 0.12770885229110718 imageu_547016861703
21570 0.0773952305316925 0.05105512589216232 0.12772510945796967 imagef_546926871803
21580 0.05806540697813034 0.036110348999500275 0.12775979936122894 imageb_546939884803
21590 0.07202459871768951 0.04350137710571289 0.12777164578437805 imagef_547038883711
21600 0.057811468839645386 0.0322115495800972 0.12776967883110046 imageb_547072884335
21610 0.03144669532775879 0.02538207359611988 0.1277778297662735 imager_546888867171
21620 0.08012695610523224 0.04734208807349205 0.12775573134422302 imagef_546938883810
21630 0.028262581676244736 0.021523406729102135 0.1277276575565338 imager_546989868066
21640 0.0638136938214302 0.03987080976366997 0.12774279713630676 imageb_547033878707
21650 0.06410116702318192 0.03815944865345955 0.12774957716464996 imageu_546878857194
21660 0.0667119175195694 0.04286789149045944 0.12775945663452148 imageb_546926871803
21670 0.046210598200559616 0.028584390878677368 0.1277696043252945 imaged_547108853603
21680 0.07544352114200592 0.04409089311957359 0.12777559459209442 imageu_547043855348
21690 0.06605592370033264 0.040195249021053314 0.12778010964393616 imageu_546924869806
21700 0.036498770117759705 0.02203809842467308 0.1277884542942047 imaged_547094872971
21710 0.0189751498401165 0.011738788336515427 0.12780557572841644 imagel_547086864973
21720 0.07698117196559906 0.04975752905011177 0.12778322398662567 imageu_546917862811
21730 0.04566337540745735 0.028045259416103363 0.12775932252407074 imaged_546939884803
21740 0.029235661029815674 0.0183164793998003 0.1277267038822174 imagel_546902881194
21750 0.03828100860118866 0.02686280943453312 0.12769103050231934 imager_547023868703
21760 0.05642441660165787 0.03741827979683876 0.1276560127735138 imagef_547033878707
21770 0.03490303084254265 0.024704275652766228 0.1276305466890335 imager_546941853440
21780 0.06697805970907211 0.042002663016319275 0.12760594487190247 imagef_547086864973
21790 0.06969916820526123 0.04563426226377487 0.12758201360702515 imagef_547030875702
21800 0.08866965025663376 0.054535117000341415 0.12755486369132996 imagef_546931876806
21810 0.021687505766749382 0.013109961524605751 0.1275421530008316 imagel_546890869170
21820 0.06553329527378082 0.04237520322203636 0.12754012644290924 imagef_547002881074
21830 0.20199407637119293 0.09437340497970581 0.12753218412399292 imageu_546841853547
21840 0.07791294157505035 0.04516350477933884 0.12750115990638733 imagel_547200878871
21850 0.048462558537721634 0.03183131664991379 0.12746365368366241 imaged_547103881966
21860 0.07188481092453003 0.04250582680106163 0.1274392455816269 imageu_547038883711
21870 0.05752606689929962 0.03720132261514664 0.12741968035697937 imaged_546916861809
21880 0.048613663762807846 0.028973478823900223 0.1274111568927765 imaged_547120865600
21890 0.07216761261224747 0.046968646347522736 0.1273939311504364 imageu_547116861604
21900 0.02583562582731247 0.020380763337016106 0.12738770246505737 imager_546992871071
21910 0.03127764165401459 0.02469750866293907 0.12737993896007538 imager_546883862169
21920 0.07143275439739227 0.045538924634456635 0.12736594676971436 imageb_547121866605
21930 0.0602567084133625 0.0384102463722229 0.1273181289434433 imageu_547064876339
21940 0.08274400234222412 0.055047303438186646 0.12729237973690033 imagef_547125870610
21950 0.18265405297279358 0.0933452621102333 0.12730073928833008 imageb_547174852869
21960 0.043623391538858414 0.028138628229498863 0.12730589509010315 imaged_546955867436
21970 0.014821702614426613 0.00991249829530716 0.1273227483034134 imagel_546873885533
21980 0.1265273243188858 0.09564126282930374 0.12731437385082245 imaged_546849861536
21990 0.04928264766931534 0.03357865288853645 0.1272900551557541 imaged_547152864241
22000 0.0961141362786293 0.05570361390709877 0.12727579474449158 imagel_547206884871
22010 0.06367681920528412 0.04051359370350838 0.1272505521774292 imageu_547014859704
22020 0.04487992078065872 0.02849930338561535 0.1272701770067215 imaged_547140885602
22030 0.030884284526109695 0.024540206417441368 0.127278670668602 imager_546924869806
22040 0.012367749586701393 0.008657214231789112 0.12728123366832733 imagel_547070882331
22050 0.11896122246980667 0.06522548198699951 0.12727053463459015 imagef_547191869875
22060 0.10935309529304504 0.0932808667421341 0.12727811932563782 imager_547183861871
22070 0.0607798732817173 0.03695792332291603 0.12725013494491577 imageb_546897876191
22080 0.06899966299533844 0.04199831560254097 0.12723985314369202 imageu_546977856071
22090 0.12753349542617798 0.0753118023276329 0.12724897265434265 imageu_546851863543
22100 0.06028082221746445 0.038031406700611115 0.12723518908023834 imageb_546928873809
22110 0.09404680877923965 0.05653136596083641 0.12722520530223846 imagef_546911856805
22120 0.1075931042432785 0.061317455023527145 0.12721003592014313 imagef_546875854173
22130 0.11368726938962936 0.059283651411533356 0.12717348337173462 imagef_547176854870
22140 0.08665959537029266 0.05037373676896095 0.12716497480869293 imagef_546902881194
22150 0.07691704481840134 0.04568446800112724 0.12715065479278564 imageu_547040885702
22160 0.05078760161995888 0.03163784742355347 0.12713997066020966 imagef_546997876076
22170 0.05610201880335808 0.03544064238667488 0.12713336944580078 imagef_547006885077
22180 0.07896889001131058 0.0476667657494545 0.12712827324867249 imagef_546922867806
22190 0.06617718189954758 0.04061053693294525 0.12711314857006073 imageu_547125870610
22200 0.013971332460641861 0.009393888525664806 0.12711173295974731 imagel_547126871606
22210 0.0594627745449543 0.036473508924245834 0.12707532942295074 imageb_547036881708
22220 0.07877915352582932 0.046077609062194824 0.12704093754291534 imagef_546938883810
22230 0.0551629476249218 0.039770931005477905 0.12703950703144073 imager_547162874244
22240 0.04351669177412987 0.02609565109014511 0.1270401030778885 imaged_547104882977
22250 0.03879990056157112 0.023941056802868843 0.1270395815372467 imaged_546955867436
22260 0.06450270116329193 0.03896652162075043 0.12703092396259308 imagef_547041853338
22270 0.027847547084093094 0.022078828886151314 0.1270073503255844 imager_546885864170
22280 0.02008051611483097 0.0121983727440238 0.12697909772396088 imagel_547016861703
22290 0.04425510764122009 0.026296477764844894 0.12693047523498535 imaged_547155867242
22300 0.029719345271587372 0.02151796966791153 0.1268777847290039 imager_547031876706
22310 0.06202069669961929 0.03856085240840912 0.12682075798511505 imageb_547033878707
22320 0.05683079734444618 0.04593978449702263 0.1267467588186264 imager_546858870537
22330 0.03972215577960014 0.0254900474101305 0.1266811043024063 imaged_547031876706
22340 0.08547040075063705 0.05139307677745819 0.12666937708854675 imagef_546931876806
22350 0.13557763397693634 0.09379269182682037 0.1266697198152542 imageu_547183861871
22360 0.04250837117433548 0.025681400671601295 0.12665149569511414 imaged_547052864345
22370 0.058949634432792664 0.035381291061639786 0.12660758197307587 imageu_546945857437
22380 0.08661343157291412 0.05136428400874138 0.12659335136413574 imagef_546917862811
22390 0.05027531459927559 0.03504475951194763 0.1266014724969864 imageu_546871883543
22400 0.03595760837197304 0.024004114791750908 0.12658445537090302 imager_546962874438
22410 0.06859193742275238 0.04622439295053482 0.12652845680713654 imaged_547162874244
22420 0.0686311200261116 0.038323406130075455 0.12647873163223267 imageu_547036881708
22430 0.03568306565284729 0.023321565240621567 0.12643316388130188 imager_546922867806
22440 0.0627935603260994 0.037967488169670105 0.1263991743326187 imageb_547057869336
22450 0.06379330903291702 0.039329756051301956 0.12637726962566376 imageb_547024869702
22460 0.09350927174091339 0.07541808485984802 0.12634395062923431 imager_547183861871
22470 0.01743265986442566 0.011319008655846119 0.12628404796123505 imagel_547057869336
22480 0.07488711178302765 0.04789450019598007 0.12625020742416382 imageb_546921866804
22490 0.2615301311016083 0.13541164994239807 0.12623219192028046 imageb_546843855539
22500 0.03650248050689697 0.025851121172308922 0.1261921525001526 imager_546912857810
22510 0.038585297763347626 0.023263435810804367 0.12616123259067535 imaged_547011856705
22520 0.04908502474427223 0.0301966555416584 0.12613217532634735 imageb_546936881803
22530 0.04859624058008194 0.031235571950674057 0.12609878182411194 imaged_547157869236
22540 0.06072501093149185 0.03631915897130966 0.12609446048736572 imagef_547007852711
22550 0.04561257362365723 0.02993365377187729 0.12606669962406158 imaged_547160872234
22560 0.04688628017902374 0.029629040509462357 0.12608399987220764 imaged_546921866804
22570 0.0576300285756588 0.03584200143814087 0.1260984241962433 imagef_547053865336
22580 0.05477185547351837 0.0335339680314064 0.1260504275560379 imageb_546939884803
22590 0.037462376058101654 0.025716092437505722 0.12601009011268616 imager_547098876976
22600 0.068326435983181 0.04036575183272362 0.12599040567874908 imagef_547004883077
22610 0.05954863503575325 0.0409073680639267 0.12594877183437347 imaged_547171883239
22620 0.03882114961743355 0.024431772530078888 0.125937819480896 imaged_546989868066
22630 0.06307327747344971 0.03759157657623291 0.12594635784626007 imageu_546985864078
22640 0.030771980062127113 0.02020515687763691 0.12595480680465698 imagel_546939884803
22650 0.04989989846944809 0.030441641807556152 0.12595412135124207 imaged_546943855437
22660 0.06738078594207764 0.037489425390958786 0.12596598267555237 imagef_547162874244
22670 0.04324015602469444 0.03388585150241852 0.12592922151088715 imager_546863875543
22680 0.08222032338380814 0.048343658447265625 0.12588554620742798 imageu_546922867806
22690 0.025114072486758232 0.015621661208570004 0.12584827840328217 imagel_547194872874
22700 0.034361910074949265 0.026647193357348442 0.12579171359539032 imagel_546849861536
22710 0.049487948417663574 0.03139818087220192 0.12571194767951965 imaged_547126871606
22720 0.06700298190116882 0.04343615099787712 0.12568771839141846 imageu_547092870974
22730 0.03701227530837059 0.025902502238750458 0.12569452822208405 imager_547082860970
22740 0.03966515138745308 0.02697847969830036 0.12569043040275574 imager_546911856805
22750 0.15679259598255157 0.1183219850063324 0.12565657496452332 imagef_547194872874
22760 0.04044133424758911 0.03259630873799324 0.12560927867889404 imagel_546989868066
22770 0.02657593972980976 0.0195158738642931 0.1255372166633606 imager_546997876076
22780 0.012626055628061295 0.009197263047099113 0.1254885196685791 imagel_546992871071
22790 0.06712755560874939 0.04095474258065224 0.12545137107372284 imageu_547058870341
22800 0.043093256652355194 0.02608618140220642 0.1254550963640213 imaged_547064876339
22810 0.16796830296516418 0.11146199703216553 0.1254565268754959 imagef_546848860533
22820 0.01983497105538845 0.012264573015272617 0.12547437846660614 imagel_547004883077
22830 0.051451485604047775 0.03149184584617615 0.1254970133304596 imagef_547070882331
22840 0.06828902661800385 0.041137561202049255 0.12548381090164185 imageu_546919864808
22850 0.09420362114906311 0.05568366125226021 0.12548230588436127 imageu_546858870537
22860 0.03855890780687332 0.028546858578920364 0.12548600137233734 imager_547062874337
22870 0.04530486837029457 0.028158260509371758 0.12545211613178253 imaged_547149861238
22880 0.07313504070043564 0.04416429251432419 0.12541180849075317 imageu_546914859807
22890 0.016417494043707848 0.010734214447438717 0.12537387013435364 imagel_547120865600
22900 0.03787641599774361 0.026131868362426758 0.12534862756729126 imager_546945857437
22910 0.016765441745519638 0.011762053705751896 0.1253116875886917 imagel_547030875702
22920 0.061618875712156296 0.038823436945676804 0.12527728080749512 imageb_546973885436
22930 0.04177069664001465 0.028674757108092308 0.12520624697208405 imager_547081859975
22940 0.06383924931287766 0.03803233802318573 0.12517687678337097 imageu_547077855978
22950 0.06765860319137573 0.0490884929895401 0.12516847252845764 imaged_546875854173
22960 0.07606755197048187 0.04763167351484299 0.12512005865573883 imageu_547140885602
22970 0.039952680468559265 0.025205571204423904 0.12508662045001984 imaged_547026871704
22980 0.0776655450463295 0.04336123540997505 0.12506942451000214 imagef_546960872437
22990 0.09829024225473404 0.05041288956999779 0.12503015995025635 imageu_547167879238
23000 0.03798888623714447 0.027249308302998543 0.12498342990875244 imager_547023868703
23010 0.052799977362155914 0.03253506124019623 0.12495613843202591 imageu_546990869071
23020 0.06599833816289902 0.03833989426493645 0.12494566291570663 imaged_547203881874
23030 0.023793131113052368 0.012898783199489117 0.12493474781513214 imagel_546967879439
23040 0.04307936131954193 0.02540271170437336 0.12492460012435913 imaged_547108853603
23050 0.04307705536484718 0.025175953283905983 0.12492625415325165 imagel_547174852869
23060 0.042279087007045746 0.02944199927151203 0.12493310123682022 imager_546894873172
23070 0.05826150253415108 0.03602497652173042 0.1249503493309021 imagef_546992871071
23080 0.07566250115633011 0.04619549959897995 0.12499190121889114 imageb_547045857339
23090 0.14080652594566345 0.07082252949476242 0.12502345442771912 imagef_547206884871
23100 0.033379003405570984 0.02417711727321148 0.12505054473876953 imager_547116861604
23110 0.06097055599093437 0.036442287266254425 0.12506291270256042 imageu_547070882331
23120 0.06554759293794632 0.039940398186445236 0.1250564455986023 imageu_547104882977
23130 0.02684078738093376 0.015635723248124123 0.1250479817390442 imagel_547177855874
23140 0.05837232619524002 0.035265516489744186 0.12498127669095993 imageb_547035880703
23150 0.03807690739631653 0.025964604690670967 0.12493041157722473 imagel_547035880703
23160 0.03471559286117554 0.02037268690764904 0.12489452958106995 imaged_547094872971
23170 0.08094532042741776 0.050147414207458496 0.12486216425895691 imagef_546943855437
23180 0.011851569637656212 0.00819078367203474 0.12481631338596344 imagel_547070882331
23190 0.020290371030569077 0.012317619286477566 0.1247967854142189 imagel_547111856605
23200 0.08061346411705017 0.06187708303332329 0.12476859986782074 imager_547184862870
23210 0.05784767121076584 0.03479365259408951 0.12473800033330917 imageu_546946858444
23220 0.029383651912212372 0.015710869804024696 0.12471878528594971 imageu_547203881874
23230 0.07521452009677887 0.04398587718605995 0.12472755461931229 imagef_546900879170
23240 0.08464367687702179 0.05000773444771767 0.12473843991756439 imagef_546880859173
23250 0.03777023032307625 0.027427153661847115 0.12473663687705994 imagel_547082860970
23260 0.035233888775110245 0.02677818201482296 0.12473395466804504 imager_547121866605
23270 0.08092597126960754 0.059035249054431915 0.12475109100341797 imaged_546878857194
23280 0.07167375832796097 0.0413113534450531 0.12480130046606064 imageu_546936881803
23290 0.04068729281425476 0.026685107499361038 0.12484100461006165 imaged_546990869071
23300 0.02786523662507534 0.020408669486641884 0.12484285235404968 imager_547067879338
23310 0.07680075615644455 0.04580323398113251 0.12484868615865707 imageb_547138883611
23320 0.0761977806687355 0.04772258177399635 0.12484872341156006 imageu_547135880603
23330 0.12760549783706665 0.06891533732414246 0.12483857572078705 imagef_546854866535
23340 0.03115471452474594 0.02525077760219574 0.12482625246047974 imager_546888867171
23350 0.0642801895737648 0.03921821713447571 0.12481015175580978 imageu_547033878707
23360 0.06090972572565079 0.03830655291676521 0.12483615428209305 imagef_547145857237
23370 0.09305353462696075 0.05253949388861656 0.12481963634490967 imagel_547205883874
23380 0.04701248183846474 0.03001105599105358 0.12478677928447723 imaged_546972884442
23390 0.03141148015856743 0.020089058205485344 0.12479668855667114 imagel_546943855437
23400 0.0209759883582592 0.013863824307918549 0.12476902455091476 imagel_546928873809
23410 0.02144482545554638 0.013400799594819546 0.124726302921772 imagel_546934879798
23420 0.04808666929602623 0.030954360961914062 0.1246858537197113 imaged_546933878804
23430 0.04255153611302376 0.02723000943660736 0.12469314783811569 imager_547074852968
23440 0.03258642926812172 0.02383272722363472 0.1246863529086113 imager_547116861604
23450 0.06163828447461128 0.03782403841614723 0.12464622408151627 imageb_547053865336
23460 0.06569445878267288 0.03897102549672127 0.1245935782790184 imageb_547149861238
23470 0.03687738999724388 0.027025001123547554 0.12454204261302948 imager_547149861238
23480 0.027008598670363426 0.012019994668662548 0.12449530512094498 imagel_547181859871
23490 0.054055552929639816 0.03367602825164795 0.12444442510604858 imageb_546994873075
23500 0.06980184465646744 0.04103013500571251 0.12440329790115356 imagef_546950862437
23510 0.05997385457158089 0.036169540137052536 0.12441845238208771 imageu_546970882435
23520 0.05173485353589058 0.032086193561553955 0.12444368749856949 imagef_546990869071
23530 0.053773317486047745 0.032879527658224106 0.12441373616456985 imageb_547064876339
23540 0.04017695039510727 0.02742844820022583 0.12437167763710022 imager_546895874174
23550 0.06389450281858444 0.0349501296877861 0.12432820349931717 imageb_547132877611
23560 0.07388785481452942 0.04373549669981003 0.12430974841117859 imageb_547155867242
23570 0.040784649550914764 0.022176945582032204 0.12431202828884125 imaged_546982861070
23580 0.045742765069007874 0.02834221161901951 0.12428604811429977 imaged_547150862236
23590 0.06822513043880463 0.04116961359977722 0.12426977604627609 imagef_547021866708
23600 0.03204568102955818 0.022960567846894264 0.12424472719430923 imager_546975854071
23610 0.051661718636751175 0.031185617670416832 0.12422527372837067 imaged_546936881803
23620 0.12963901460170746 0.0684349462389946 0.12418872863054276 imageu_547205883874
23630 0.06429746747016907 0.03707306832075119 0.1241588145494461 imagef_547118863609
23640 0.021365929394960403 0.013177500106394291 0.12413257360458374 imagel_547014859704
23650 0.025841640308499336 0.01445106603205204 0.12409592419862747 imagel_547043855348
23660 0.06400730460882187 0.0376129187643528 0.12403660267591476 imageu_546977856071
23670 0.1205698624253273 0.06857110559940338 0.12402162700891495 imagef_547184862870
23680 0.03306356072425842 0.013755572028458118 0.1240224540233612 imagel_547169881238
23690 0.03450889140367508 0.02390471287071705 0.1239936426281929 imager_546912857810
23700 0.12154050171375275 0.08090215176343918 0.12394635379314423 imageb_547205883874
23710 0.07710863649845123 0.045422688126564026 0.12389760464429855 imageu_547040885702
23720 0.013451458886265755 0.00957801565527916 0.12386967986822128 imagel_547125870610
23730 0.059150341898202896 0.03571408987045288 0.12382887303829193 imageu_547079857970
23740 0.06681008636951447 0.03948122635483742 0.12380024790763855 imageu_547023868703
23750 0.08071408420801163 0.04795147478580475 0.12376076728105545 imagef_546965877440
23760 0.10799111425876617 0.058825090527534485 0.12370022386312485 imagef_546860872536
23770 0.015004906803369522 0.009757304564118385 0.12364522367715836 imagel_547123868601
23780 0.04218999668955803 0.02952306717634201 0.12360185384750366 imager_547079857970
23790 0.06304971128702164 0.039891719818115234 0.12357252836227417 imageb_546900879170
23800 0.09505721181631088 0.05587174370884895 0.12353289872407913 imaged_546856868537
23810 0.059242356568574905 0.0358174592256546 0.12349805235862732 imageu_547016861703
23820 0.06324027478694916 0.03536761924624443 0.12346860021352768 imageu_547057869336
23830 0.03000975027680397 0.018486805260181427 0.12345997989177704 imageu_547162874244
23840 0.06972170621156693 0.04170272499322891 0.12343160063028336 imageu_546914859807
23850 0.02320168912410736 0.013687772676348686 0.12340664863586426 imagel_547021866708
23860 0.033033523708581924 0.024583520367741585 0.1233656033873558 imager_546890869170
23870 0.03441617265343666 0.024350155144929886 0.12332775443792343 imager_546965877440
23880 0.022491730749607086 0.014334924519062042 0.12332502752542496 imagel_546924869806
23890 0.07144185900688171 0.040679264813661575 0.12330130487680435 imagef_547149861238
23900 0.017089301720261574 0.011165273375809193 0.12330134958028793 imagel_547001880072
23910 0.0344201885163784 0.02427925169467926 0.12327022850513458 imager_546946858444
23920 0.03049314394593239 0.022483279928565025 0.12324073910713196 imager_546984863078
23930 0.06735587865114212 0.038735296577215195 0.12322545051574707 imagef_547120865600
23940 0.030638383701443672 0.02212292142212391 0.12319520115852356 imager_547069881338
23950 0.0469176210463047 0.02718430943787098 0.12315292656421661 imaged_547057869336
23960 0.07548993825912476 0.04562767967581749 0.12315822392702103 imageb_547094872971
23970 0.06740633398294449 0.042312201112508774 0.12315875291824341 imageu_547081859975
23980 0.06711012125015259 0.040562208741903305 0.12317878007888794 imageu_546887866191
23990 0.023025210946798325 0.017847223207354546 0.12316097319126129 imageu_547160872234
24000 0.06433522701263428 0.039288636296987534 0.12311109155416489 imagef_546980859076
24010 0.033787526190280914 0.020094409584999084 0.12305967509746552 imaged_547074852968
24020 0.046436745673418045 0.029354430735111237 0.12303318828344345 imaged_546973885436
24030 0.05549057200551033 0.03316739574074745 0.12302225083112717 imageu_547026871704
24040 0.2599768340587616 0.13420452177524567 0.12299720197916031 imageb_546839884906
24050 0.057543426752090454 0.03427978977560997 0.12295527756214142 imagef_546955867436
24060 0.1740027666091919 0.08737436681985855 0.12289227545261383 imageb_547177855874
24070 0.03569497540593147 0.02479647845029831 0.12285615503787994 imagel_546987866076
24080 0.08343258500099182 0.06148894876241684 0.12283129245042801 imager_547181859871
24090 0.039621319621801376 0.02678705006837845 0.12279824167490005 imager_547130875605
24100 0.08478845655918121 0.04706151410937309 0.12276072800159454 imaged_547200878871
24110 0.059898607432842255 0.03508981317281723 0.12272011488676071 imageu_546968880435
24120 0.2273433655500412 0.12810133397579193 0.12273362278938293 imageb_546846858536
24130 0.0427388995885849 0.02766522578895092 0.12270895391702652 imager_547075853978
24140 0.018080241978168488 0.012500639073550701 0.12269733846187592 imagel_547052864345
24150 0.09227423369884491 0.07165022939443588 0.12266421318054199 imager_547194872874
24160 0.020646873861551285 0.01251389179378748 0.12263558804988861 imagel_546931876806
24170 0.09187613427639008 0.07964278012514114 0.12259337306022644 imager_547188866869
24180 0.06530329585075378 0.037972208112478256 0.12253259867429733 imageu_546912857810
24190 0.04155464842915535 0.02374931611120701 0.1224898248910904 imaged_546967879439
24200 0.06222996488213539 0.039316486567258835 0.12247014790773392 imageb_547047859335
24210 0.02319154515862465 0.018738416954874992 0.12243251502513885 imager_546994873075
24220 0.016383610665798187 0.010429616086184978 0.12243659049272537 imagel_547057869336
24230 0.05552119389176369 0.03647211194038391 0.12243200093507767 imageb_546873885533
24240 0.04463965445756912 0.02751774527132511 0.12241842597723007 imaged_546933878804
24250 0.03428511321544647 0.02078256569802761 0.12239725142717361 imaged_547082860970
24260 0.07334618270397186 0.04447337985038757 0.12238100171089172 imagef_547150862236
24270 0.021872764453291893 0.014022060669958591 0.12238842993974686 imagel_547018863705
24280 0.03396157920360565 0.020442765206098557 0.12242437899112701 imagel_547060872343
24290 0.03726983442902565 0.02579968050122261 0.12240742892026901 imager_547058870341
24300 0.0629802942276001 0.03677816689014435 0.12237998843193054 imagef_547113858603
24310 0.054261889308691025 0.03323898836970329 0.12237466126680374 imagef_547092870974
24320 0.024416379630565643 0.01499178446829319 0.12238705158233643 imagel_546963875440
24330 0.02533385157585144 0.018458634614944458 0.12238332629203796 imager_546934879798
24340 0.06874547153711319 0.03975807875394821 0.122365303337574 imagef_546953865434
24350 0.07502102851867676 0.045003000646829605 0.1223389282822609 imageb_547111856605
24360 0.13725696504116058 0.10272395610809326 0.12234579771757126 imageb_547188866869
24370 0.04226278141140938 0.02471780963242054 0.12233812361955643 imaged_547108853603
24380 0.1906920075416565 0.10769397765398026 0.1223205029964447 imageb_546849861536
24390 0.1188264936208725 0.08375128358602524 0.12228900194168091 imaged_546848860533
24400 0.03844067454338074 0.023963814601302147 0.12228275090456009 imaged_547047859335
24410 0.11798276007175446 0.064945749938488 0.12229745090007782 imagef_547191869875
24420 0.1227763295173645 0.08488745242357254 0.12233376502990723 imageb_547203881874
24430 0.06876853853464127 0.03982609882950783 0.12235472351312637 imageu_546883862169
24440 0.01667674630880356 0.00972500629723072 0.12236321717500687 imagel_546936881803
24450 0.05410337448120117 0.03666320815682411 0.12236522883176804 imageu_547152864241
24460 0.031080618500709534 0.020104842260479927 0.12236242741346359 imagel_546851863543
24470 0.05420001223683357 0.033304519951343536 0.12232882529497147 imagef_547103881966
24480 0.07202685624361038 0.04399591684341431 0.12234071642160416 imagef_547060872343
24490 0.05176346004009247 0.03529829904437065 0.12235866487026215 imaged_546895874174
24500 0.07595253735780716 0.04495146870613098 0.12239310145378113 imagef_546922867806
24510 0.02297152765095234 0.014734799042344093 0.1223980262875557 imagel_547006885077
24520 0.05548689141869545 0.03466064855456352 0.12238407880067825 imageu_547064876339
24530 0.0361248254776001 0.02320731244981289 0.12239513546228409 imager_547041853338
24540 0.06252549588680267 0.03341420367360115 0.12240912765264511 imageu_546982861070
24550 0.029946818947792053 0.020657075569033623 0.12241274863481522 imager_547035880703
24560 0.055410146713256836 0.033233847469091415 0.12239226698875427 imageb_546980859076
24570 0.02226031944155693 0.012229522690176964 0.12238091230392456 imagel_546968880435
24580 0.12197917699813843 0.06974758952856064 0.12233086675405502 imageu_546851863543
24590 0.06202094256877899 0.04784417524933815 0.12230558693408966 imager_547164876237
24600 0.04464814066886902 0.0288920309394598 0.12228483706712723 imaged_547154866233
24610 0.0659557655453682 0.039177946746349335 0.12229440361261368 imageb_547109854609
24620 0.03051777184009552 0.021638724952936172 0.12227027863264084 imagel_546989868066
24630 0.042821284383535385 0.027289770543575287 0.12223394960165024 imaged_546985864078
24640 0.036547474563121796 0.01873210072517395 0.12224256247282028 imagel_547186864875
24650 0.06605390459299088 0.04002906009554863 0.12224855273962021 imageu_547011856705
24660 0.15197303891181946 0.07088535279035568 0.12227962911128998 imagef_547171883239
24670 0.04785414785146713 0.03199286386370659 0.12227530032396317 imaged_547159871241
24680 0.1391718089580536 0.06954982131719589 0.1222572773694992 imagef_547206884871
24690 0.03141268342733383 0.015452380292117596 0.12222997844219208 imagel_547189867877
24700 0.055834412574768066 0.03446812555193901 0.12220052629709244 imagef_547065877343
24710 0.07001346349716187 0.0411083810031414 0.12221050262451172 imageb_546916861809
24720 0.06784109026193619 0.043324023485183716 0.12222680449485779 imagef_546871883543
24730 0.06146175041794777 0.03920809552073479 0.12221013009548187 imagel_547198876871
24740 0.08886837214231491 0.07224859297275543 0.12219502776861191 imager_547186864875
24750 0.03499479219317436 0.02299170009791851 0.12214881181716919 imager_547053865336
24760 0.06837888062000275 0.0376405343413353 0.12211661040782928 imageu_547043855348
24770 0.060154326260089874 0.036046046763658524 0.12208512425422668 imageb_547089867973
24780 0.050552014261484146 0.03017100878059864 0.12203571200370789 imageb_547064876339
24790 0.060422226786613464 0.04203743860125542 0.12201457470655441 imaged_546887866191
24800 0.07688963413238525 0.044804442673921585 0.12198705226182938 imagef_546938883810
24810 0.12268691509962082 0.06633475422859192 0.12194210290908813 imageu_546849861536
24820 0.07865945994853973 0.04521562531590462 0.12192290276288986 imagef_546968880435
24830 0.12254776060581207 0.06797363609075546 0.1218871995806694 imageu_547177855874
24840 0.10459399223327637 0.05251067876815796 0.12186050415039062 imagef_546856868537
24850 0.03805585578083992 0.020496321842074394 0.12182937562465668 imaged_546967879439
24860 0.05190340429544449 0.03207512944936752 0.12178872525691986 imageb_547058870341
24870 0.07291772216558456 0.04257291182875633 0.12173394113779068 imagef_546948860438
24880 0.015224906615912914 0.008431916125118732 0.12170007824897766 imagel_547160872234
24890 0.05485525727272034 0.03303246572613716 0.12168197333812714 imageu_546860872536
24900 0.02215684950351715 0.013436189852654934 0.1216658502817154 imagel_547193871872
24910 0.03957373648881912 0.021076660603284836 0.12163154780864716 imaged_546982861070
24920 0.06764092296361923 0.04279828444123268 0.12160227447748184 imagef_546871883543
24930 0.029273413121700287 0.02054765820503235 0.12155391275882721 imager_547035880703
24940 0.0682339295744896 0.03920197859406471 0.12150051444768906 imageu_546938883810
24950 0.07673877477645874 0.0440932922065258 0.12148962914943695 imagel_547200878871
24960 0.05582805350422859 0.03453803062438965 0.12144409865140915 imagef_546882861171
24970 0.07020711898803711 0.041423503309488297 0.12138359248638153 imageb_547094872971
24980 0.11845161765813828 0.0831960141658783 0.12135367840528488 imaged_546848860533
24990 0.026595424860715866 0.020650049671530724 0.12133525311946869 imager_546926871803
25000 0.05624273791909218 0.03483794257044792 0.12131676077842712 imageb_546973885436
25010 0.052614476531744 0.03209367021918297 0.12129200249910355 imageb_546948860438
25020 0.06678040325641632 0.035228077322244644 0.12127459794282913 imageu_546967879439
25030 0.030105609446763992 0.021807989105582237 0.12124787271022797 imager_547036881708
25040 0.05388602614402771 0.0303723756223917 0.12121815234422684 imageb_546996875070
25050 0.12778545916080475 0.06463751941919327 0.12117202579975128 imageb_546858870537
25060 0.05839020013809204 0.03365469351410866 0.12115813791751862 imageu_546965877440
25070 0.03195938840508461 0.02334609068930149 0.12113465368747711 imager_547121866605
25080 0.016941357403993607 0.010500720702111721 0.12112687528133392 imagel_547118863609
25090 0.10835771262645721 0.05929102376103401 0.12109590321779251 imagef_546860872536
25100 0.02039223723113537 0.011929982341825962 0.12104665488004684 imagel_546890869170
25110 0.06560121476650238 0.038645923137664795 0.1210099533200264 imageb_546863875543
25120 0.09180310368537903 0.05897821485996246 0.12100233882665634 imager_547176854870
25130 0.027423148974776268 0.019965512678027153 0.12098249793052673 imager_546987866076
25140 0.02001701481640339 0.013932114467024803 0.12094812840223312 imagel_546990869071
25150 0.0256497859954834 0.018965328112244606 0.12089043855667114 imager_546934879798
25160 0.08818311244249344 0.07487320899963379 0.12083131074905396 imager_547188866869
25170 0.07159119844436646 0.04229806736111641 0.12075582891702652 imageu_546916861809
25180 0.01856076903641224 0.01229089591652155 0.12073641270399094 imagel_547002881074
25190 0.051060669124126434 0.030754445120692253 0.12069867551326752 imagef_547092870974
25200 0.03958512842655182 0.025276273488998413 0.12067124992609024 imaged_547035880703
25210 0.058195460587739944 0.036125198006629944 0.12063485383987427 imagef_547058870341
25220 0.06700929254293442 0.038798075169324875 0.12063010036945343 imageu_546875854173
25230 0.05529806762933731 0.033125024288892746 0.1206197738647461 imagef_547121866605
25240 0.04544329270720482 0.033465538173913956 0.1205744743347168 imageb_546868880541
25250 0.10369225591421127 0.05444309115409851 0.12052898854017258 imaged_547183861871
25260 0.030165990814566612 0.02215472422540188 0.12048867344856262 imager_547125870610
25270 0.05239655449986458 0.031011145561933517 0.12047013640403748 imageu_546953865434
25280 0.04965556412935257 0.03351009637117386 0.12047281116247177 imaged_546895874174
25290 0.1320808380842209 0.08232945948839188 0.12049872428178787 imaged_547198876871
25300 0.0412527397274971 0.02461685799062252 0.12050856649875641 imaged_547064876339
25310 0.03687944635748863 0.024355541914701462 0.1204695776104927 imager_547014859704
25320 0.03370390087366104 0.02449134923517704 0.12044142931699753 imager_547138883611
25330 0.017230337485671043 0.011115988716483116 0.12040857970714569 imagel_547106884970
25340 0.03420032188296318 0.021346187219023705 0.12038394063711166 imaged_547019864709
25350 0.03491415083408356 0.023857222869992256 0.12034661322832108 imager_547009854705
25360 0.06581119447946548 0.03731471300125122 0.12030605226755142 imageb_547006885077
25370 0.08892232924699783 0.07747400552034378 0.12026355415582657 imaged_546871883543
25380 0.05314848572015762 0.03172597289085388 0.12026305496692657 imageu_546950862437
25390 0.06388557702302933 0.0371166355907917 0.12026689201593399 imageu_546919864808
25400 0.06371024996042252 0.036786824464797974 0.12029067426919937 imagef_546979858070
25410 0.05956301465630531 0.03541652113199234 0.12030040472745895 imageu_547070882331
25420 0.03077729046344757 0.02190372347831726 0.12031811475753784 imager_547118863609
25430 0.031685639172792435 0.02319716289639473 0.12029360234737396 imager_546890869170
25440 0.04454563185572624 0.027529973536729813 0.12025929987430573 imaged_547142854240
25450 0.0644211545586586 0.03933550789952278 0.12025655061006546 imageu_547115860606
25460 0.060867056250572205 0.041534408926963806 0.12027531117200851 imaged_546875854173
25470 0.029267270117998123 0.019986897706985474 0.12028897553682327 imager_546936881803
25480 0.03381901979446411 0.023479098454117775 0.12028368562459946 imagel_547082860970
25490 0.034097906202077866 0.021121695637702942 0.12026403844356537 imaged_547006885077
25500 0.13131827116012573 0.07071179896593094 0.12025197595357895 imagef_546853865537
25510 0.061139415949583054 0.0360635407269001 0.1202317401766777 imagef_547160872234
25520 0.041883062571287155 0.024792542681097984 0.12019901722669601 imaged_547116861604
25530 0.061883144080638885 0.037306543439626694 0.12022794783115387 imageb_547121866605
25540 0.01820906437933445 0.010448480024933815 0.12023371458053589 imagel_547116861604
25550 0.06002027168869972 0.033235665410757065 0.12021829932928085 imagef_546958870432
25560 0.05806704983115196 0.03273656591773033 0.1202012151479721 imageu_547077855978
25570 0.014400200918316841 0.00923906173557043 0.12017423659563065 imagel_547179857873
25580 0.02063366211950779 0.010703511536121368 0.12015049904584885 imagel_547137882603
25590 0.03181462734937668 0.022583378478884697 0.12013387680053711 imager_547001880072
25600 0.05351836606860161 0.03262622281908989 0.12010831385850906 imageb_547030875702
25610 0.06517232954502106 0.03848493844270706 0.12008802592754364 imagef_547021866708
25620 0.050107039511203766 0.029396412894129753 0.120064377784729 imaged_546897876191
25630 0.15560095012187958 0.08503562211990356 0.12005312740802765 imagef_547169881238
25640 0.03738940507173538 0.02218831330537796 0.12006662786006927 imaged_547075853978
25650 0.04931053891777992 0.02965172939002514 0.12006665021181107 imageb_546953865434
25660 0.0888928547501564 0.04348452016711235 0.12002842873334885 imageu_547166878243
25670 0.07457616180181503 0.04370475560426712 0.11998492479324341 imageb_547157869236
25680 0.06273788213729858 0.03736947476863861 0.11997789889574051 imageu_547058870341
25690 0.054452452808618546 0.03342999890446663 0.11998704820871353 imagef_546990869071
25700 0.1577511429786682 0.07687477767467499 0.12000426650047302 imageb_547176854870
25710 0.06062117964029312 0.03640611842274666 0.12001989036798477 imagef_547016861703
25720 0.02625017613172531 0.020078834146261215 0.11999792605638504 imager_546887866191
25730 0.09016205370426178 0.05040135607123375 0.11996197700500488 imagef_546878857194
25740 0.06213841587305069 0.03846358507871628 0.11990847438573837 imaged_546905884197
25750 0.054047632962465286 0.03321673348546028 0.11987162381410599 imagef_546956868435
25760 0.056517910212278366 0.03288887441158295 0.11983142793178558 imageb_546962874438
25770 0.13546577095985413 0.0748167410492897 0.1198296770453453 imageu_547193871872
25780 0.1315995752811432 0.08024246990680695 0.11984238773584366 imageu_547191869875
25790 0.05545575171709061 0.032634761184453964 0.1198217049241066 imageb_546999878077
25800 0.06389649212360382 0.035113200545310974 0.11982287466526031 imageb_546982861070
25810 0.04177631065249443 0.025353748351335526 0.11981092393398285 imaged_547016861703
25820 0.05377988889813423 0.03280748054385185 0.11978425085544586 imagef_547067879338
25830 0.03722985088825226 0.02585003711283207 0.11974772810935974 imager_546945857437
25840 0.04450707882642746 0.027736661955714226 0.11970700323581696 imaged_546973885436
25850 0.032664865255355835 0.02098223753273487 0.11970169097185135 imagel_546861873539
25860 0.04257569834589958 0.02579498291015625 0.11967667937278748 imaged_546939884803
25870 0.04853981360793114 0.02947435900568962 0.11967295408248901 imageb_546958870432
25880 0.0490746945142746 0.028590118512511253 0.11965565383434296 imaged_547147859235
25890 0.03203469514846802 0.013460390269756317 0.11964357644319534 imagel_547162874244
25900 0.0576121062040329 0.03496124595403671 0.11960041522979736 imagef_547052864345
25910 0.13296622037887573 0.07285841554403305 0.11957930028438568 imagef_546851863543
25920 0.03973763436079025 0.02434282936155796 0.11958771198987961 imaged_547115860606
25930 0.017354344949126244 0.010847492143511772 0.11961697787046432 imagel_547047859335
25940 0.03349626436829567 0.019542271271348 0.1196066290140152 imaged_547094872971
25950 0.052234895527362823 0.03301730006933212 0.11958492547273636 imageb_547014859704
25960 0.043694816529750824 0.02515406534075737 0.11956590414047241 imaged_547111856605
25970 0.09838159382343292 0.055114857852458954 0.11952968686819077 imageu_546856868537
25980 0.022626640275120735 0.01181230042129755 0.11953473836183548 imagel_546967879439
25990 0.09386458247900009 0.054542358964681625 0.11952521651983261 imaged_546856868537
26000 0.06149670481681824 0.03681537136435509 0.1194983497262001 imageb_546972884442
26010 0.013945460319519043 0.010118195787072182 0.119471974670887 imagel_546955867436
26020 0.03913627564907074 0.025654049590229988 0.1194782629609108 imager_547043855348
26030 0.0722082182765007 0.042258843779563904 0.11949467658996582 imageb_546922867806
26040 0.04115746170282364 0.024432765319943428 0.11946090310811996 imaged_547135880603
26050 0.023400671780109406 0.013287143781781197 0.11943989247083664 imagel_546977856071
26060 0.052085768431425095 0.032372765243053436 0.11940845102071762 imageu_547018863705
26070 0.05735548585653305 0.033661823719739914 0.11937785148620605 imageu_547006885077
26080 0.018844977021217346 0.011136322282254696 0.11932187527418137 imagel_547099877967
26090 0.06311863660812378 0.03708374500274658 0.11927450448274612 imageb_547150862236
26100 0.02122286893427372 0.011499300599098206 0.11925715208053589 imagel_547137882603
26110 0.01846265234053135 0.010922977700829506 0.11923885345458984 imagel_546856868537
26120 0.06347892433404922 0.036583926528692245 0.11920055001974106 imagef_547077855978
26130 0.07786691188812256 0.04936724156141281 0.11918702721595764 imageb_547201879876
26140 0.08414515107870102 0.0477684885263443 0.11916407942771912 imagef_546911856805
26150 0.03837987408041954 0.021986372768878937 0.11912769079208374 imaged_547089867973
26160 0.0781700611114502 0.04755106195807457 0.1190822646021843 imaged_547172884238
26170 0.09453259408473969 0.0498952679336071 0.11903659254312515 imageu_546854866535
26180 0.0596444196999073 0.033777810633182526 0.11902503669261932 imagef_547118863609
26190 0.06247928738594055 0.035127367824316025 0.11899640411138535 imageu_547035880703
26200 0.04093778505921364 0.025255944579839706 0.11900102347135544 imaged_547014859704
26210 0.013558224774897099 0.009111855179071426 0.11900672316551208 imagel_547126871606
26220 0.048470526933670044 0.030238788574934006 0.11895988881587982 imageb_547126871606
26230 0.04698583856225014 0.029124509543180466 0.11892576515674591 imageb_547069881338
26240 0.06922527402639389 0.040088582783937454 0.11890927702188492 imageb_547118863609
26250 0.05838125944137573 0.03333256021142006 0.1188644990324974 imageu_546965877440
26260 0.12850067019462585 0.06906277686357498 0.11882320046424866 imageu_547193871872
26270 0.05386773496866226 0.03058948740363121 0.11876598000526428 imagef_547040885702
26280 0.049626097083091736 0.029040489345788956 0.11872362345457077 imageb_547023868703
26290 0.12966173887252808 0.0591101348400116 0.11871485412120819 imagef_547172884238
26300 0.020002644509077072 0.015139998868107796 0.11868156492710114 imageu_546866878536
26310 0.05532284453511238 0.03286099433898926 0.11861009150743484 imagef_547101879972
26320 0.052994780242443085 0.03207199648022652 0.11854330450296402 imageu_546987866076
26330 0.07532653957605362 0.0502774715423584 0.11848617345094681 imageu_547137882603
26340 0.06432297825813293 0.03734134882688522 0.11845064908266068 imagef_546982861070
26350 0.03485119342803955 0.02147466503083706 0.11844572424888611 imaged_547091869975
26360 0.02538829855620861 0.018281107768416405 0.11841927468776703 imager_546956868435
26370 0.04271689057350159 0.025688497349619865 0.11839352548122406 imaged_547101879972
26380 0.055760275572538376 0.032762955874204636 0.11837968975305557 imageu_546975854071
26390 0.12966704368591309 0.0681021437048912 0.1183575764298439 imagef_547189867877
26400 0.08592604845762253 0.047675274312496185 0.11829844117164612 imagef_546967879439
26410 0.0528501532971859 0.03374843671917915 0.11823190003633499 imaged_546885864170
26420 0.01362471841275692 0.00878070667386055 0.11818879097700119 imagel_547028873712
26430 0.04153537377715111 0.026970678940415382 0.11816141754388809 imageb_546866878536
26440 0.03833279758691788 0.02550845965743065 0.11816059798002243 imager_547079857970
26450 0.030328303575515747 0.020658321678638458 0.1181495264172554 imager_547115860606
26460 0.01819625124335289 0.011278468184173107 0.11811122298240662 imagel_547086864973
26470 0.06977194547653198 0.039263010025024414 0.11811421066522598 imageb_546892871169
26480 0.053829412907361984 0.036039289087057114 0.11810040473937988 imaged_547166878243
26490 0.03855877369642258 0.022826876491308212 0.11810865253210068 imaged_547137882603
26500 0.02101200260221958 0.015550862066447735 0.11810292303562164 imageu_546863875543
26510 0.03543931618332863 0.01423425693064928 0.11805121600627899 imagel_547157869236
26520 0.037985142320394516 0.025057008489966393 0.1179877296090126 imager_547043855348
26530 0.03419717028737068 0.023977873846888542 0.11792751401662827 imager_547135880603
26540 0.05825081467628479 0.03652943670749664 0.11784577369689941 imagef_547081859975
26550 0.1406852900981903 0.07207664102315903 0.1177975982427597 imageb_546856868537
26560 0.08425850421190262 0.05195683613419533 0.11777027696371078 imagef_546887866191
26570 0.015032462775707245 0.012480982579290867 0.11774030327796936 imager_546868880541
26580 0.037634558975696564 0.02599560096859932 0.11772654950618744 imager_547016861703
26590 0.060066454112529755 0.03168768435716629 0.11768575012683868 imageb_547132877611
26600 0.043546922504901886 0.025408310815691948 0.11762351542711258 imageb_546931876806
26610 0.029513709247112274 0.02217242121696472 0.11758465319871902 imager_546914859807
26620 0.03861744701862335 0.02213558927178383 0.11756657809019089 imaged_547099877967
26630 0.05623944103717804 0.03239178657531738 0.11755377799272537 imagef_547108853603
26640 0.05876918137073517 0.035159219056367874 0.11751637607812881 imageb_547166878243
26650 0.155022531747818 0.0733884647488594 0.11750072985887527 imagef_546843855539
26660 0.06278521567583084 0.03696412965655327 0.1175016537308693 imageb_547142854240
26670 0.06296016275882721 0.0353756844997406 0.11752159893512726 imaged_547203881874
26680 0.06333592534065247 0.03584173321723938 0.11753495037555695 imageb_547006885077
26690 0.02826860174536705 0.01922089420258999 0.11753186583518982 imagel_546989868066
26700 0.08091723173856735 0.045148078352212906 0.11750809848308563 imagef_546902881194
26710 0.11196289211511612 0.0703049972653389 0.11747760325670242 imageb_547193871872
26720 0.024463875219225883 0.017639772966504097 0.11747168004512787 imager_547033878707
26730 0.04042540118098259 0.029542479664087296 0.11746159195899963 imager_547160872234
26740 0.05880223214626312 0.03419424593448639 0.117465078830719 imageb_547104882977
26750 0.03975316509604454 0.023724256083369255 0.11747266352176666 imaged_547140885602
26760 0.05548157915472984 0.03386050835251808 0.11747954040765762 imagef_547062874337
26770 0.049953002482652664 0.02880524843931198 0.11745563894510269 imageu_546950862437
26780 0.11381492018699646 0.0616932213306427 0.11744505167007446 imagef_547191869875
26790 0.11909861117601395 0.0780210942029953 0.11742039769887924 imageb_547205883874
26800 0.0630209743976593 0.038784269243478775 0.1174025908112526 imagef_546924869806
26810 0.026466408744454384 0.016350287944078445 0.11736270040273666 imagel_547062874337
26820 0.03033018484711647 0.016807811334729195 0.1173415258526802 imagel_546909854806
26830 0.15637126564979553 0.10633520781993866 0.1173086017370224 imageu_547196874870
26840 0.05152441933751106 0.03387657552957535 0.11727217584848404 imagef_547154866233
26850 0.017606718465685844 0.010908478870987892 0.11726367473602295 imagel_546912857810
26860 0.031297717243433 0.021868158131837845 0.11725477874279022 imager_546963875440
26870 0.16380241513252258 0.08015204221010208 0.11722195148468018 imageb_547172884238
26880 0.047708336263895035 0.02990017645061016 0.1172083392739296 imaged_547126871606
26890 0.05515412986278534 0.03278794884681702 0.11718948930501938 imageu_546928873809
26900 0.13703227043151855 0.06570849567651749 0.11717422306537628 imageb_547179857873
26910 0.18751497566699982 0.10479212552309036 0.11717928946018219 imageb_546849861536
26920 0.17459793388843536 0.11389723420143127 0.11717255413532257 imagef_546846858536
26930 0.05529915913939476 0.03505658730864525 0.11715167760848999 imagef_547079857970
26940 0.07280713319778442 0.04226158931851387 0.11714520305395126 imagef_546919864808
26950 0.030252646654844284 0.022409889847040176 0.11715376377105713 imager_547125870610
26960 0.018653860315680504 0.010869440622627735 0.11717955023050308 imagel_546950862437
26970 0.029001997783780098 0.02062082290649414 0.1171647161245346 imager_546916861809
26980 0.14748908579349518 0.06765014678239822 0.11716029793024063 imagef_547171883239
26990 0.05770913138985634 0.03276437148451805 0.11714577674865723 imageu_546980859076
27000 0.07197579741477966 0.04687703400850296 0.11711180210113525 imager_547179857873
27010 0.04222165420651436 0.026445072144269943 0.11709006130695343 imaged_547092870974
27020 0.03256477788090706 0.019140727818012238 0.11712310463190079 imagel_547060872343
27030 0.02006402425467968 0.010975293815135956 0.11713485419750214 imagel_546960872437
27040 0.06170493736863136 0.036352794617414474 0.11713182926177979 imageb_547152864241
27050 0.05177540332078934 0.03298236429691315 0.11711185425519943 imaged_547125870610
27060 0.11208604276180267 0.07982418686151505 0.1170857772231102 imaged_546849861536
27070 0.028271509334445 0.01810101419687271 0.11707130074501038 imaged_546999878077
27080 0.020698051899671555 0.010846932418644428 0.11707679182291031 imagel_547087865974
27090 0.0484250970184803 0.027912795543670654 0.11705942451953888 imaged_546897876191
27100 0.05537300556898117 0.03223380073904991 0.1170712485909462 imageu_547079857970
27110 0.07417526096105576 0.050465166568756104 0.11706779152154922 imager_547181859871
27120 0.0635729655623436 0.03765498101711273 0.11701688915491104 imagef_547099877967
27130 0.03896217420697212 0.02296815626323223 0.11700429767370224 imaged_547104882977
27140 0.11518736183643341 0.061094123870134354 0.11697857826948166 imagef_547200878871
27150 0.054415442049503326 0.030330220237374306 0.11691737920045853 imageb_546950862437
27160 0.04107743501663208 0.023820573464035988 0.11686017364263535 imaged_547024869702
27170 0.058394405990839005 0.034219060093164444 0.11684602499008179 imageb_547057869336
27180 0.03983509913086891 0.024356918409466743 0.11682897806167603 imaged_546924869806
27190 0.01109468936920166 0.0082086818292737 0.11680927872657776 imagel_546883862169
27200 0.022097941488027573 0.016419807448983192 0.11676676571369171 imageu_546865877539
27210 0.025663619861006737 0.019276373088359833 0.11673322319984436 imager_546924869806
27220 0.04047773778438568 0.025312308222055435 0.11671499907970428 imager_547074852968
27230 0.07154329121112823 0.05086209252476692 0.11672002822160721 imaged_546883862169
27240 0.01983717828989029 0.011700773611664772 0.11674360185861588 imagel_546951863443
27250 0.012880677357316017 0.008640063926577568 0.11674832552671432 imagel_547113858603
27260 0.1020304411649704 0.04852268099784851 0.1167374774813652 imagef_547176854870
27270 0.0203467458486557 0.012550322338938713 0.11669377982616425 imagel_547018863705
27280 0.025189148262143135 0.018997710198163986 0.11664754897356033 imager_546955867436
27290 0.036558303982019424 0.025247722864151 0.11662696301937103 imagef_546866878536
27300 0.0382070317864418 0.024559827521443367 0.11663559079170227 imagel_546941853440
27310 0.02813217043876648 0.013469478115439415 0.11662492901086807 imagel_547181859871
27320 0.04199879243969917 0.025121789425611496 0.11658931523561478 imaged_547109854609
27330 0.06099038943648338 0.03386567160487175 0.11657200008630753 imageu_547101879972
27340 0.06682593375444412 0.04196460172533989 0.11657852679491043 imageb_547164876237
27350 0.014763806946575642 0.00992609839886427 0.11655178666114807 imagel_547143855237
27360 0.05728035792708397 0.031072013080120087 0.11652245372533798 imageu_547113858603
27370 0.06100025027990341 0.03463379666209221 0.11648540198802948 imageu_546911856805
27380 0.03100171498954296 0.019977238029241562 0.1164538785815239 imager_547007852711
27390 0.03214524686336517 0.018824882805347443 0.11639272421598434 imagel_547060872343
27400 0.06118516996502876 0.033927515149116516 0.11634478718042374 imagef_546953865434
27410 0.009684355929493904 0.007874608971178532 0.11629047989845276 imagel_546866878536
27420 0.10167334973812103 0.04137172922492027 0.11621992290019989 imagel_546844856539
27430 0.01142385695129633 0.008035724982619286 0.1161445751786232 imagel_546992871071
27440 0.013690867461264133 0.008541697636246681 0.11607366055250168 imagel_547179857873
27450 0.032665934413671494 0.02340967394411564 0.11601035296916962 imager_547094872971
27460 0.12154311686754227 0.06146736815571785 0.11597022414207458 imageb_547184862870
27470 0.026744313538074493 0.01991964876651764 0.11600685119628906 imageu_546868880541
27480 0.05662050470709801 0.03304373472929001 0.1159854605793953 imageu_547055867337
27490 0.05078122764825821 0.029012635350227356 0.11595387756824493 imageu_547121866605
27500 0.12140835076570511 0.059685587882995605 0.11592398583889008 imageu_547169881238
27510 0.04199471324682236 0.023130452260375023 0.11588622629642487 imaged_547057869336
27520 0.02042647823691368 0.010673584416508675 0.11582864820957184 imagel_547087865974
27530 0.05295100435614586 0.03258001059293747 0.11577793955802917 imagef_547058870341
27540 0.067084901034832 0.03811158239841461 0.1157621368765831 imageb_547118863609
27550 0.04938678815960884 0.028357084840536118 0.11574560403823853 imageb_547036881708
27560 0.05732356011867523 0.0321466326713562 0.11570407450199127 imageu_547101879972
27570 0.03883197158575058 0.025296442210674286 0.11564807593822479 imaged_547152864241
27580 0.06328742951154709 0.03503703698515892 0.11559272557497025 imagef_547043855348
27590 0.03801937401294708 0.021876085549592972 0.11553549766540527 imaged_547099877967
27600 0.057249318808317184 0.03387964144349098 0.11547180265188217 imageb_547089867973
27610 0.05438609421253204 0.03266964480280876 0.11541759222745895 imageb_546900879170
27620 0.04992746561765671 0.02748282253742218 0.11537352949380875 imaged_546892871169
27630 0.01818070560693741 0.010509210638701916 0.11533602327108383 imagel_546950862437
27640 0.017497673630714417 0.009772543795406818 0.11530637741088867 imagel_547098876976
27650 0.010984289459884167 0.00831628404557705 0.11528806388378143 imagel_546882861171
27660 0.04430864751338959 0.026663729920983315 0.11525637656450272 imageb_547069881338
27670 0.06821826100349426 0.03797636926174164 0.11523856222629547 imagef_546922867806
27680 0.031150754541158676 0.015304484404623508 0.11522544920444489 imagel_547189867877
27690 0.06285887211561203 0.035402268171310425 0.11521735042333603 imagef_547150862236
27700 0.022445373237133026 0.01650061085820198 0.11520060151815414 imager_546955867436
27710 0.0639110803604126 0.035454265773296356 0.11518680304288864 imageb_546894873172
27720 0.05057010427117348 0.030681060627102852 0.11518575251102448 imageb_546963875440
27730 0.03138164058327675 0.016692113131284714 0.11521107703447342 imagel_547196874870
27740 0.08674616366624832 0.04802246019244194 0.11517276614904404 imagef_546878857194
27750 0.030534325167536736 0.021386995911598206 0.11512130498886108 imager_547089867973
27760 0.0493326373398304 0.029464762657880783 0.11509877443313599 imageb_546945857437
27770 0.05909713730216026 0.03219969570636749 0.11509807407855988 imagef_547120865600
27780 0.12741635739803314 0.09230244159698486 0.11509685218334198 imageb_547188866869
27790 0.15054139494895935 0.11110535264015198 0.11506983637809753 imagef_547194872874
27800 0.03541267663240433 0.024338506162166595 0.11502990126609802 imager_547060872343
27810 0.17477364838123322 0.09589418768882751 0.11499616503715515 imageb_546851863543
27820 0.0317327082157135 0.020975032821297646 0.1149652749300003 imagef_546866878536
27830 0.07448850572109222 0.05041636526584625 0.11494140326976776 imageu_547137882603
27840 0.06488654762506485 0.037273988127708435 0.1149333268404007 imageu_546875854173
27850 0.05379674583673477 0.03153611719608307 0.11494431644678116 imageu_546975854071
27860 0.1712898463010788 0.10919097065925598 0.11495942622423172 imagef_546846858536
27870 0.034129925072193146 0.0239879060536623 0.11494245380163193 imager_546900879170
27880 0.017995961010456085 0.014017674140632153 0.11490855365991592 imager_546870882540
27890 0.08806893229484558 0.07112810760736465 0.1148756891489029 imager_547186864875
27900 0.13806584477424622 0.06811773031949997 0.1148618534207344 imagef_547205883874
27910 0.03381858393549919 0.023006465286016464 0.11489585041999817 imager_547145857237
27920 0.10049060732126236 0.05325397104024887 0.114926777780056 imagef_546861873539
27930 0.021864846348762512 0.012036901898682117 0.11491937935352325 imagel_546922867806
27940 0.02398398146033287 0.017336251214146614 0.11488305032253265 imager_546999878077
27950 0.030829666182398796 0.02049337513744831 0.11486130207777023 imagel_547033878707
27960 0.03996988385915756 0.02540496364235878 0.11485752463340759 imaged_546985864078
27970 0.0729481652379036 0.041316546499729156 0.11490177363157272 imageu_546922867806
27980 0.04930064082145691 0.030360514298081398 0.11493422836065292 imaged_546890869170
27990 0.14738066494464874 0.08962483704090118 0.11491816490888596 imagef_546848860533
28000 0.06165047734975815 0.03687046840786934 0.11487667262554169 imageb_547098876976
28010 0.02922205813229084 0.020117130130529404 0.11486431211233139 imager_547126871606
28020 0.21673838794231415 0.11523374170064926 0.11484715342521667 imageu_546844856539
28030 0.05026768893003464 0.029704948887228966 0.11484754085540771 imagef_547065877343
28040 0.014166039414703846 0.009325413033366203 0.11481120437383652 imagel_546873885533
28050 0.05998927727341652 0.03418002277612686 0.11476004868745804 imageu_547013858709
28060 0.25645047426223755 0.1302822381258011 0.11476976424455643 imageb_546843855539
28070 0.07377035915851593 0.05277915671467781 0.11473865061998367 imaged_546878857194
28080 0.07292018085718155 0.03614788502454758 0.11469296365976334 imageu_547072884335
28090 0.052709970623254776 0.030925903469324112 0.11466199904680252 imagef_547064876339
28100 0.07734253257513046 0.04399946331977844 0.11461766064167023 imagef_546917862811
28110 0.02396964840590954 0.013270009309053421 0.11457152664661407 imagel_546962874438
28120 0.024447066709399223 0.01779915764927864 0.11453419923782349 imager_546934879798
28130 0.059689365327358246 0.03579523041844368 0.11453207582235336 imageb_547166878243
28140 0.06397002935409546 0.035777490586042404 0.11453666538000107 imagef_547111856605
28150 0.13541555404663086 0.07452145963907242 0.11456002295017242 imageu_547193871872
28160 0.05962204560637474 0.03301879018545151 0.11456046253442764 imageb_547048860337
28170 0.13908328115940094 0.08162898570299149 0.11455585062503815 imageu_547189867877
28180 0.03760471194982529 0.021927256137132645 0.11455332487821579 imaged_547021866708
28190 0.056097738444805145 0.032771989703178406 0.11455083638429642 imagef_547007852711
28200 0.03628326207399368 0.020987939089536667 0.1145312637090683 imaged_547023868703
28210 0.0296254251152277 0.013110511004924774 0.11453308910131454 imagel_547149861238
28220 0.0461854487657547 0.027726562693715096 0.11452903598546982 imageb_547058870341
28230 0.06422525644302368 0.03644909709692001 0.11451177299022675 imagef_547132877611
28240 0.03077847883105278 0.02257060632109642 0.11448047310113907 imager_546890869170
28250 0.0686146691441536 0.038985684514045715 0.11444437503814697 imagef_546885864170
28260 0.015909334644675255 0.01011753547936678 0.11438769847154617 imagel_547057869336
28270 0.02432703785598278 0.013058039359748363 0.114327073097229 imagel_547043855348
28280 0.05157289654016495 0.029672473669052124 0.11429689079523087 imageb_546999878077
28290 0.07275024056434631 0.04017886519432068 0.11428757756948471 imagef_546938883810
28300 0.045876022428274155 0.028811892494559288 0.11424846202135086 imagef_547094872971
28310 0.017064649611711502 0.009629708714783192 0.11424387991428375 imagel_547115860606
28320 0.018811464309692383 0.010982876643538475 0.11421992629766464 imagel_547135880603
28330 0.0545487143099308 0.03338706120848656 0.11418810486793518 imagef_546882861171
28340 0.059887826442718506 0.03653291240334511 0.11416754871606827 imageu_547115860606
28350 0.03215683251619339 0.02177508920431137 0.1141752228140831 imager_546939884803
28360 0.01563182659447193 0.008783328346908092 0.1141684502363205 imagel_546936881803
28370 0.013047045096755028 0.009416259825229645 0.11413570493459702 imagel_546885864170
28380 0.07244042307138443 0.04139934107661247 0.11407982558012009 imageu_547040885702
28390 0.05459197983145714 0.0317879244685173 0.11403640359640121 imagef_547101879972
28400 0.06806647032499313 0.03554169833660126 0.11403031647205353 imagef_546962874438
28410 0.10662119090557098 0.06802432239055634 0.11401879787445068 imageb_547203881874
28420 0.02689029835164547 0.021223703399300575 0.11398812383413315 imager_546888867171
28430 0.0360390841960907 0.02476724423468113 0.11394105106592178 imager_547016861703
28440 0.07593308389186859 0.04054010286927223 0.11393112689256668 imagel_547203881874
28450 0.06616970896720886 0.0374528169631958 0.11391211301088333 imageu_546938883810
28460 0.04609062522649765 0.027360234409570694 0.11389829218387604 imageb_546984863078
28470 0.07450614869594574 0.04273832216858864 0.11390309780836105 imagef_546965877440
28480 0.03974645212292671 0.02258879877626896 0.1138797253370285 imaged_547113858603
28490 0.12957333028316498 0.07234445214271545 0.11384937912225723 imaged_547188866869
28500 0.053599655628204346 0.032128021121025085 0.11382544785737991 imageu_546987866076
28510 0.042052049189805984 0.0268967654556036 0.11385785043239594 imager_547057869336
28520 0.06276053190231323 0.03573865443468094 0.11385795474052429 imagef_547038883711
28530 0.054771870374679565 0.03282967582345009 0.11383667588233948 imageu_547126871606
28540 0.09777504950761795 0.055490270256996155 0.11382432281970978 imagef_546914859807
28550 0.07180972397327423 0.041582074016332626 0.11380665004253387 imageu_546885864170
28560 0.03251734748482704 0.022164596244692802 0.11378484964370728 imager_546938883810
28570 0.022865979000926018 0.013328524306416512 0.1137639656662941 imagel_547013858709
28580 0.030431920662522316 0.020189423114061356 0.11373662948608398 imager_547113858603
28590 0.01743345335125923 0.011213460005819798 0.11372977495193481 imagel_547160872234
28600 0.07382575422525406 0.03938334062695503 0.11372367292642593 imageu_546892871169
28610 0.1265987604856491 0.06871426105499268 0.11373023688793182 imagef_547188866869
28620 0.04162012040615082 0.025473954156041145 0.11372652649879456 imaged_546921866804
28630 0.03733503445982933 0.023089317604899406 0.11371243000030518 imaged_547041853338
28640 0.03348061069846153 0.023861167952418327 0.11372355371713638 imager_547084862980
28650 0.1414327472448349 0.0816408321261406 0.11372774094343185 imager_546839884906
28660 0.03199276328086853 0.021092761307954788 0.11369270086288452 imager_547128873606
28670 0.06190384179353714 0.03472806140780449 0.11366897821426392 imagef_547111856605
28680 0.017755212262272835 0.010067661292850971 0.11364196240901947 imagel_546950862437
28690 0.06663694232702255 0.038186464458703995 0.11358636617660522 imageb_547115860606
28700 0.020761942490935326 0.0108393095433712 0.11353033781051636 imagel_546968880435
28710 0.06166567653417587 0.03578408807516098 0.11348871141672134 imageb_546924869806
28720 0.05803440138697624 0.03357730805873871 0.11344356089830399 imageu_546914859807
28730 0.045323193073272705 0.027064824476838112 0.11341951042413712 imageu_546994873075
28740 0.024059375748038292 0.016854023560881615 0.11340177804231644 imager_546929874807
28750 0.182060107588768 0.10009690374135971 0.11336148530244827 imageb_546849861536
28760 0.012693473137915134 0.008023938164114952 0.11333147436380386 imagel_547142854240
28770 0.03133343905210495 0.02166852168738842 0.11329727619886398 imager_547159871241
28780 0.042025309056043625 0.024271676316857338 0.11325222998857498 imagef_547070882331
28790 0.10652150958776474 0.07365597784519196 0.11322755366563797 imaged_546849861536
28800 0.04881264641880989 0.029169028624892235 0.11318797618150711 imageb_547031876706
28810 0.04527680203318596 0.027235234156250954 0.11315540224313736 imageb_547058870341
28820 0.0313430055975914 0.02130136825144291 0.11311086267232895 imager_547096874977
28830 0.061175793409347534 0.03493755683302879 0.11308251321315765 imageu_547023868703
28840 0.020855886861681938 0.01237762812525034 0.11305567622184753 imagel_546965877440
28850 0.03602801635861397 0.0212163794785738 0.1130153238773346 imageb_546934879798
28860 0.04958651214838028 0.02866733819246292 0.11297754943370819 imageb_547016861703
28870 0.06700359284877777 0.03788959980010986 0.11293398588895798 imagef_546939884803
28880 0.06324917823076248 0.04044197127223015 0.11289911717176437 imagef_547152864241
28890 0.11171042919158936 0.0660814717411995 0.1128641664981842 imageu_547181859871
28900 0.07487044483423233 0.04503064602613449 0.11283838748931885 imaged_547172884238
28910 0.018025128170847893 0.010550037026405334 0.11280938982963562 imagel_546856868537
28920 0.06150033324956894 0.038726806640625 0.11275839060544968 imager_547205883874
28930 0.045237015932798386 0.027145007625222206 0.11270669847726822 imageb_546938883810
28940 0.04029493406414986 0.023751232773065567 0.11265464127063751 imageb_546931876806
28950 0.04072774574160576 0.024848034605383873 0.11264057457447052 imaged_547126871606
28960 0.18621888756752014 0.08124075084924698 0.11264867335557938 imageu_546839884906
28970 0.05565579608082771 0.02900557965040207 0.11263374239206314 imagef_547072884335
28980 0.06554285436868668 0.03803454712033272 0.11262805014848709 imagel_546846858536
28990 0.03242775797843933 0.02235262468457222 0.11260757595300674 imager_547009854705
29000 0.07362823188304901 0.03757023811340332 0.11257581412792206 imageb_547167879238
29010 0.019433099776506424 0.010379946790635586 0.11254792660474777 imagel_546960872437
29020 0.064287468791008 0.037430539727211 0.11250602453947067 imageb_547045857339
29030 0.013773931190371513 0.009932128712534904 0.11243480443954468 imagel_546887866191
29040 0.01200433261692524 0.008477197028696537 0.11234322935342789 imagel_546868880541
29050 0.060208700597286224 0.03673451393842697 0.11227069795131683 imagef_547009854705
29060 0.03802143782377243 0.023878592997789383 0.11222583800554276 imaged_547154866233
29070 0.061005037277936935 0.03462318703532219 0.11219676584005356 imaged_546877856173
29080 0.06559483706951141 0.04885181412100792 0.11218930035829544 imaged_547167879238
29090 0.044899895787239075 0.02527281455695629 0.11223117262125015 imageb_547070882331
29100 0.016289500519633293 0.009290289133787155 0.11222665011882782 imagel_547109854609
29110 0.03339698165655136 0.022165101021528244 0.11220335215330124 imager_547018863705
29120 0.059532105922698975 0.03292851522564888 0.11217168718576431 imageb_546895874174
29130 0.0599430687725544 0.0343039408326149 0.11211287975311279 imageb_546916861809
29140 0.028321819379925728 0.015065054409205914 0.11208370327949524 imagel_546909854806
29150 0.05886547267436981 0.04028552025556564 0.11205076426267624 imager_546860872536
29160 0.026263535022735596 0.018639741465449333 0.11200563609600067 imager_546980859076
29170 0.05714748427271843 0.033253978937864304 0.11197982728481293 imageb_547152864241
29180 0.01363151241093874 0.008620010688900948 0.11194941401481628 imagel_546997876076
29190 0.042761798948049545 0.027734480798244476 0.11193197965621948 imaged_547160872234
29200 0.04227084293961525 0.031235981732606888 0.11192305386066437 imagef_546868880541
29210 0.033409375697374344 0.022914713248610497 0.11189451068639755 imager_547004883077
29220 0.060923635959625244 0.04181339591741562 0.11187818646430969 imaged_546883862169
29230 0.021161310374736786 0.011972854845225811 0.1118619292974472 imagel_547023868703
29240 0.03224168345332146 0.021041804924607277 0.11182647943496704 imager_546962874438
29250 0.02920421212911606 0.01936323754489422 0.11180043965578079 imager_546960872437
29260 0.06567087024450302 0.03782159090042114 0.11178897321224213 imageu_547138883611
29270 0.012911975383758545 0.009128875099122524 0.11177720129489899 imagel_547094872971
29280 0.06810583174228668 0.039013151079416275 0.11176932603120804 imageb_547157869236
29290 0.0646945908665657 0.03516773879528046 0.11175200343132019 imager_547172884238
29300 0.05759364739060402 0.032394662499427795 0.11171845346689224 imageu_547001880072
29310 0.07214029133319855 0.04051172360777855 0.11172035336494446 imageu_546922867806
29320 0.11101769655942917 0.06216534227132797 0.11173347383737564 imaged_546841853547
29330 0.03523075580596924 0.022027093917131424 0.11170802265405655 imaged_546989868066
29340 0.04412369802594185 0.027485933154821396 0.11166495084762573 imageu_547062874337
29350 0.03972165286540985 0.025942714884877205 0.11164394021034241 imageb_546866878536
29360 0.05605877563357353 0.03280254080891609 0.11161637306213379 imagef_547086864973
29370 0.019333448261022568 0.011434506624937057 0.11160778999328613 imagel_546934879798
29380 0.024354178458452225 0.0181699451059103 0.11158735305070877 imager_546924869806
29390 0.03698234632611275 0.0225229412317276 0.11154062300920486 imaged_547081859975
29400 0.02025000937283039 0.0111954715102911 0.1115458533167839 imagel_547133878607
29410 0.11891285330057144 0.06278153508901596 0.11151479184627533 imagef_547201879876
29420 0.04450313374400139 0.026476820930838585 0.11149652302265167 imageb_546994873075
29430 0.0615820586681366 0.0443756990134716 0.11148294806480408 imaged_546887866191
29440 0.06495092809200287 0.03655632957816124 0.1114640161395073 imageu_547140885602
29450 0.019040601328015327 0.011902568861842155 0.11146830022335052 imagel_546975854071
29460 0.03754656761884689 0.022912677377462387 0.11145385354757309 imaged_547036881708
29470 0.08905988931655884 0.04806535691022873 0.11143992841243744 imagef_546873885533
29480 0.0546712689101696 0.03183870390057564 0.11143707484006882 imagef_547135880603
29490 0.029231801629066467 0.012682183645665646 0.11142156273126602 imagel_547154866233
29500 0.06122172251343727 0.03848118707537651 0.1114170029759407 imageu_547142854240
29510 0.0642319992184639 0.0339132621884346 0.11142071336507797 imageu_546967879439
29520 0.028661558404564857 0.02038935199379921 0.11143738776445389 imager_546916861809
29530 0.0677783191204071 0.04187757149338722 0.11145741492509842 imageu_547133878607
29540 0.05726783722639084 0.03445811942219734 0.11143923550844193 imageu_547115860606
29550 0.13913902640342712 0.08862955123186111 0.11141306161880493 imagef_547193871872
29560 0.0323312021791935 0.022912748157978058 0.11143011599779129 imager_547101879972
29570 0.043648891150951385 0.024855652824044228 0.11144839972257614 imaged_547084862980
29580 0.05269407480955124 0.0322742685675621 0.11145804822444916 imageb_546973885436
29590 0.01102712843567133 0.007617743220180273 0.11144935339689255 imagel_546992871071
29600 0.020086389034986496 0.012802384793758392 0.11146064847707748 imagel_546863875543
29610 0.047538820654153824 0.029458321630954742 0.11144627630710602 imaged_546917862811
29620 0.03070557676255703 0.017538880929350853 0.11142131686210632 imaged_546962874438
29630 0.05882004275918007 0.033248089253902435 0.11143725365400314 imagef_547035880703
29640 0.04336066544055939 0.02519288845360279 0.11141462624073029 imaged_546951863443
29650 0.032557807862758636 0.018980978056788445 0.11141146719455719 imaged_546965877440
29660 0.08909645676612854 0.04378707706928253 0.11141414195299149 imageu_547166878243
29670 0.040827665477991104 0.024981066584587097 0.1113746389746666 imageb_546929874807
29680 0.04824729636311531 0.02843000739812851 0.11133680492639542 imageb_547011856705
29690 0.046141013503074646 0.03331894800066948 0.11130776256322861 imager_546858870537
29700 0.01689309999346733 0.010319693945348263 0.11125914007425308 imagel_546912857810
29710 0.05803623050451279 0.0329522043466568 0.11124617606401443 imageu_546919864808
29720 0.0588202029466629 0.04042994976043701 0.11125422269105911 imaged_546882861171
29730 0.04955831542611122 0.02845337614417076 0.111233189702034 imageu_546999878077
29740 0.05056319758296013 0.029286229982972145 0.11123877763748169 imagef_547064876339
29750 0.20493140816688538 0.11317428201436996 0.11120502650737762 imageb_546848860533
29760 0.019245978444814682 0.011121573857963085 0.1111944243311882 imagel_547006885077
29770 0.014008790254592896 0.009118903428316116 0.11117367446422577 imagel_547096874977
29780 0.0161703173071146 0.009192059747874737 0.11114927381277084 imagel_547152864241
29790 0.0559912733733654 0.03312674164772034 0.11115097999572754 imageu_547103881966
29800 0.02337692119181156 0.012198877520859241 0.1111534982919693 imagel_547043855348
29810 0.018080906942486763 0.011846373789012432 0.11113597452640533 imagel_547007852711
29820 0.0362435020506382 0.020989758893847466 0.11113112419843674 imaged_546970882435
29830 0.01971997134387493 0.011499756015837193 0.11112754791975021 imagel_547128873606
29840 0.024246586486697197 0.02003386989235878 0.1111387237906456 imager_546873885533
29850 0.02808668650686741 0.018223503604531288 0.11114519089460373 imagel_546899878172
29860 0.08125028014183044 0.046585313975811005 0.1111193522810936 imagel_547201879876
29870 0.06954213976860046 0.03526729345321655 0.11113239824771881 imageu_546907852806
29880 0.05903453379869461 0.031016144901514053 0.111148402094841 imageu_546982861070
29890 0.048961084336042404 0.025452028959989548 0.11113737523555756 imaged_546907852806
29900 0.05844340845942497 0.034085359424352646 0.11112891137599945 imageb_547099877967
29910 0.029063407331705093 0.020556844770908356 0.11110635101795197 imager_547118863609
29920 0.03694796934723854 0.02454836294054985 0.1111178919672966 imager_546895874174
29930 0.056593410670757294 0.03344206139445305 0.11114566028118134 imageu_546996875070
29940 0.0828557163476944 0.04456509277224541 0.11118608713150024 imager_547174852869
29950 0.03850662335753441 0.023897087201476097 0.11118675023317337 imaged_546894873172
29960 0.053087007254362106 0.030227268114686012 0.11118198931217194 imageu_547048860337
29970 0.0634230449795723 0.03802745044231415 0.11116088926792145 imageu_547130875605
29980 0.05176449567079544 0.030193421989679337 0.11111802607774734 imagef_547001880072
29990 0.03414610028266907 0.024990344420075417 0.11109241098165512 imageb_546870882540
30000 0.05511963739991188 0.032789818942546844 0.11104085296392441 imagef_547147859235
