10 0.48481348156929016 0.36519017815589905 0.906677782535553 imager_546951863443
20 0.3345189690589905 0.24805179238319397 0.8357307314872742 imaged_547001880072
30 0.3167881667613983 0.2580057382583618 0.7356446981430054 imagel_547086864973
40 0.5889809131622314 0.4930746257305145 0.615157961845398 imageu_547121866605
50 0.6211239099502563 0.538909375667572 0.4993329644203186 imageu_546958870432
60 0.5575820207595825 0.46119412779808044 0.4029432237148285 imageu_546919864808
70 0.5293970704078674 0.4382927417755127 0.3291277289390564 imageb_546892871169
80 0.7057828903198242 0.6490631699562073 0.2733572721481323 imageb_547014859704
90 0.3777719736099243 0.31901636719703674 0.23174062371253967 imaged_546941853440
100 0.3952384889125824 0.3330320715904236 0.20230114459991455 imaged_547048860337
110 0.6017097234725952 0.509798526763916 0.18123652040958405 imageu_546848860533
120 0.47531741857528687 0.35591599345207214 0.16242186725139618 imager_547125870610
130 0.2978832721710205 0.2416357398033142 0.14647211134433746 imagel_547084862980
140 0.2700396180152893 0.2172369807958603 0.13331089913845062 imagel_546912857810
150 0.3935955762863159 0.31455352902412415 0.12349437177181244 imaged_547169881238
160 0.44618508219718933 0.35215598344802856 0.11508747935295105 imager_546921866804
170 0.5146766901016235 0.42412054538726807 0.10785701125860214 imager_546963875440
180 0.41055721044540405 0.3372173309326172 0.10093973577022552 imaged_546929874807
190 0.35369953513145447 0.30868712067604065 0.09422948956489563 imaged_546912857810
200 0.3338325321674347 0.2832319140434265 0.08866734802722931 imagel_546846858536
210 0.5930072069168091 0.5044811367988586 0.08498728275299072 imagef_547023868703
220 0.6260040402412415 0.5393846035003662 0.08034088462591171 imager_547019864709
230 0.23387010395526886 0.158238023519516 0.07563033699989319 imagel_546996875070
240 0.5644607543945312 0.4772970676422119 0.07194557785987854 imageu_547050862335
250 0.34331321716308594 0.27955710887908936 0.06872867792844772 imaged_546997876076
260 0.6579268574714661 0.5858021974563599 0.06627097725868225 imageb_547172884238
270 0.38232749700546265 0.3244039714336395 0.06390850991010666 imaged_547064876339
280 0.5198763012886047 0.4155225157737732 0.060854218900203705 imagef_547126871606
290 0.6517391204833984 0.5772101879119873 0.05816277116537094 imageb_547098876976
300 0.9255357384681702 0.9145492315292358 0.05566351115703583 imageu_547160872234
310 0.6774620413780212 0.6112019419670105 0.05346791818737984 imageb_547132877611
320 0.42195186018943787 0.3227505385875702 0.05090074986219406 imager_546931876806
330 0.42466768622398376 0.35588741302490234 0.0485328808426857 imaged_547121866605
340 0.534923255443573 0.4685886800289154 0.0465305857360363 imageb_546946858444
350 0.6217505931854248 0.5374296307563782 0.044762030243873596 imageu_546851863543
360 0.3396260142326355 0.2791849672794342 0.04323616251349449 imagel_546919864808
370 0.5190702676773071 0.42974841594696045 0.04219743609428406 imager_547009854705
380 0.36031436920166016 0.29422566294670105 0.040886953473091125 imaged_547016861703
390 0.5142908096313477 0.41380760073661804 0.03936740383505821 imagef_547081859975
400 0.5131843686103821 0.4180127680301666 0.0379156768321991 imageb_547193871872
410 0.5806828141212463 0.4930908679962158 0.03668192774057388 imagef_547135880603
420 0.39110663533210754 0.27464133501052856 0.03562578558921814 imageb_546868880541
430 0.4522269666194916 0.3494943380355835 0.034865852445364 imageu_547062874337
440 0.7373682260513306 0.6750472187995911 0.03430210053920746 imager_547167879238
450 0.5261627435684204 0.4414574205875397 0.03357001021504402 imageu_547103881966
460 0.588336169719696 0.5097270011901855 0.0328981950879097 imageu_547006885077
470 0.5626643896102905 0.49778538942337036 0.03197753429412842 imageb_547052864345
480 0.4342438876628876 0.3816184401512146 0.031424179673194885 imaged_547089867973
490 0.43385225534439087 0.3692737817764282 0.03073701076209545 imaged_547172884238
500 0.5089168548583984 0.4296247661113739 0.029934171587228775 imageu_546934879798
510 0.2376694232225418 0.17974963784217834 0.02895946428179741 imagel_547147859235
520 0.5719428658485413 0.487847238779068 0.028043977916240692 imagef_546924869806
530 0.6565374732017517 0.5846661329269409 0.027349324896931648 imageb_547104882977
540 0.5162022113800049 0.4142962396144867 0.0268290676176548 imagef_547002881074
550 0.5164714455604553 0.4158048927783966 0.02626318484544754 imagef_547198876871
560 0.552733302116394 0.46407297253608704 0.025969143956899643 imagef_547007852711
570 0.42124441266059875 0.30371829867362976 0.025662502273917198 imagef_547069881338
580 0.41829290986061096 0.3580209016799927 0.025162501260638237 imaged_547174852869
590 0.7592695951461792 0.7108318209648132 0.024598807096481323 imageb_547162874244
600 0.3344743549823761 0.2592446506023407 0.02402813360095024 imaged_546890869170
610 0.2991820275783539 0.15477274358272552 0.023302879184484482 imageu_546866878536
620 0.5735967755317688 0.4869585335254669 0.02307683229446411 imagef_547053865336
630 0.5137256979942322 0.4215204119682312 0.022728104144334793 imagef_547111856605
640 0.4964420795440674 0.39395979046821594 0.022363336756825447 imagef_546989868066
650 0.42354723811149597 0.32201093435287476 0.02179582603275776 imagef_547065877343
660 0.5014195442199707 0.4287398159503937 0.021254554390907288 imageb_547072884335
670 0.4164709150791168 0.3228895962238312 0.02088286355137825 imager_546924869806
680 0.7167940139770508 0.6901000142097473 0.0204139593988657 imager_546861873539
690 0.5845398306846619 0.5058127045631409 0.019942544400691986 imagef_546979858070
700 0.5639434456825256 0.4817960262298584 0.019483329728245735 imageb_547091869975
710 0.5690340399742126 0.4930382966995239 0.017677951604127884 imageu_547009854705
720 0.5257324576377869 0.44906991720199585 0.017302973195910454 imageb_546962874438
730 0.7688090205192566 0.7191682457923889 0.017011743038892746 imager_547164876237
740 0.49327483773231506 0.4192492663860321 0.01677941530942917 imageb_546948860438
750 0.3768545091152191 0.2904074788093567 0.016572237014770508 imager_546922867806
760 0.49600398540496826 0.40255290269851685 0.01633654721081257 imageu_546980859076
770 0.5867642164230347 0.49710097908973694 0.01610388234257698 imageu_546849861536
780 0.30795857310295105 0.25606709718704224 0.015905292704701424 imaged_546933878804
790 0.6938404440879822 0.6651672124862671 0.015714116394519806 imager_547205883874
800 0.823628306388855 0.7984852194786072 0.015540558844804764 imagef_547164876237
810 0.547474205493927 0.4599137008190155 0.014310582540929317 imageu_546963875440
820 0.3745107650756836 0.3198707401752472 0.014054451137781143 imagel_546853865537
830 0.23276643455028534 0.18665501475334167 0.013909416273236275 imagel_546914859807
840 0.6377231478691101 0.564362108707428 0.01378540601581335 imageu_546843855539
850 0.44247543811798096 0.33335620164871216 0.013910694047808647 imager_547094872971
860 0.6162806749343872 0.5470665693283081 0.014001742005348206 imagef_547157869236
870 0.37628406286239624 0.2750222682952881 0.014001751318573952 imageb_546997876076
880 0.4956478178501129 0.436785489320755 0.014057345688343048 imageb_547205883874
890 0.28547051548957825 0.21508480608463287 0.01400805078446865 imaged_546996875070
900 0.4480876326560974 0.35925501585006714 0.013895126059651375 imager_547086864973
910 0.2517488896846771 0.18487630784511566 0.012963848188519478 imaged_547075853978
920 0.300331711769104 0.22279036045074463 0.012816743925213814 imagel_546899878172
930 0.5341526865959167 0.47759053111076355 0.012680438347160816 imageb_546904883185
940 0.26764434576034546 0.22606448829174042 0.012543746270239353 imagel_547132877611
950 0.37637102603912354 0.2958063781261444 0.012474535964429379 imagef_547035880703
960 0.5823161005973816 0.5108145475387573 0.012386569753289223 imageb_547099877967
970 0.7063272595405579 0.6668261885643005 0.012305344454944134 imageu_547169881238
980 0.2866229712963104 0.18924014270305634 0.012239504605531693 imagef_546866878536
990 0.4664550721645355 0.3988824486732483 0.012183216400444508 imageb_547074852968
1000 0.5195744037628174 0.43112149834632874 0.012078051455318928 imageb_547089867973
1010 0.20620913803577423 0.14820808172225952 0.011295918375253677 imaged_547074852968
1020 0.1997162103652954 0.14512842893600464 0.011270626448094845 imager_546883862169
1030 0.1885058730840683 0.14330078661441803 0.011412549763917923 imagel_547149861238
1040 0.578199028968811 0.5165097117424011 0.011478297412395477 imageb_547013858709
1050 0.26983267068862915 0.2351800799369812 0.011457887478172779 imagel_547018863705
1060 0.49918892979621887 0.396377295255661 0.011424398981034756 imager_547149861238
1070 0.3977346420288086 0.31087779998779297 0.011396422982215881 imageu_546914859807
1080 0.4135798513889313 0.33442455530166626 0.011396398767828941 imager_547087865974
1090 0.4264492988586426 0.3895772695541382 0.011380799114704132 imaged_546849861536
1100 0.40099480748176575 0.3156055808067322 0.011330329813063145 imageu_546945857437
1110 0.3239540159702301 0.21106787025928497 0.010880785062909126 imagef_546863875543
1120 0.2283918261528015 0.1714794635772705 0.010835452005267143 imager_546900879170
1130 0.6906245946884155 0.6447534561157227 0.010837006382644176 imageb_547169881238
1140 0.46563345193862915 0.4198097586631775 0.01072542555630207 imageb_547203881874
1150 0.413239449262619 0.3449943959712982 0.0107426131144166 imageb_546899878172
1160 0.8748443722724915 0.8585929870605469 0.010887011885643005 imager_547174852869
1170 0.4378214180469513 0.3463112711906433 0.010923764668405056 imagef_546902881194
1180 0.352202445268631 0.2833486497402191 0.010890196077525616 imagef_546941853440
1190 0.20491573214530945 0.16685546934604645 0.010841489769518375 imager_546916861809
1200 0.17490780353546143 0.13762174546718597 0.010787528939545155 imagel_547137882603
1210 0.37319961190223694 0.2887093722820282 0.010143058374524117 imageu_547074852968
1220 0.3090590536594391 0.24088695645332336 0.010079904459416866 imagef_547191869875
1230 0.19657668471336365 0.16205231845378876 0.010067240335047245 imagel_547014859704
1240 0.21967823803424835 0.1684751659631729 0.010074988007545471 imaged_546936881803
1250 0.43118923902511597 0.3534572124481201 0.010114587843418121 imageb_546848860533
1260 0.34105074405670166 0.28003254532814026 0.0101618692278862 imager_547064876339
1270 0.34330981969833374 0.26751843094825745 0.01016821339726448 imageu_546977856071
1280 0.2514098584651947 0.21252088248729706 0.010142731480300426 imagel_547024869702
1290 0.21619507670402527 0.15768417716026306 0.010451097041368484 imaged_547033878707
1300 0.3124221861362457 0.2157994508743286 0.010642114095389843 imagef_546894873172
1310 0.3347568213939667 0.23297680914402008 0.01022642757743597 imageu_546875854173
1320 0.24622862040996552 0.19144949316978455 0.010253307409584522 imagef_546933878804
1330 0.2754911184310913 0.19326654076576233 0.010257873684167862 imageu_547067879338
1340 0.29446539282798767 0.22708114981651306 0.010237504728138447 imagef_546946858444
1350 0.3420141041278839 0.26564815640449524 0.010244462639093399 imageu_547121866605
1360 0.47864988446235657 0.4061741828918457 0.010225589387118816 imageu_547176854870
1370 0.30826884508132935 0.2938682734966278 0.010203756392002106 imagel_547160872234
1380 0.2722187936306 0.18327851593494415 0.01017778180539608 imagef_546996875070
1390 0.33050885796546936 0.25746849179267883 0.010147974826395512 imageb_546926871803
1400 0.3004828095436096 0.23887214064598083 0.010167029686272144 imageb_546970882435
1410 0.20464830100536346 0.14950038492679596 0.009833769872784615 imagef_546938883810
1420 0.2439950853586197 0.16307199001312256 0.009854179807007313 imagef_546956868435
1430 0.28302159905433655 0.22047661244869232 0.009825848042964935 imager_547002881074
1440 0.3272375464439392 0.2583572566509247 0.009772677905857563 imageb_546880859173
1450 0.18838255107402802 0.14062263071537018 0.009845613501966 imaged_546921866804
1460 0.23414117097854614 0.17546036839485168 0.00993665587157011 imagef_547084862980
1470 0.16000701487064362 0.1212431862950325 0.009981563314795494 imaged_546933878804
1480 0.1335156410932541 0.1085335984826088 0.010027711279690266 imagel_546977856071
1490 0.09660143405199051 0.07624737173318863 0.010082986205816269 imagel_547075853978
1500 0.23411715030670166 0.16557283699512482 0.010311814956367016 imagef_547074852968
1510 0.18137122690677643 0.15471172332763672 0.00988616794347763 imager_546897876191
1520 0.248825341463089 0.18845348060131073 0.010255214758217335 imageb_546938883810
1530 0.5244885683059692 0.4267162084579468 0.010485504753887653 imageb_546841853547
1540 0.20958365499973297 0.15407784283161163 0.010561874136328697 imagef_546967879439
1550 0.17566564679145813 0.1510564535856247 0.010615469887852669 imager_547055867337
1560 0.27309197187423706 0.1933804750442505 0.01075125765055418 imageb_546866878536
1570 0.2230420708656311 0.16823141276836395 0.011099077761173248 imaged_547198876871
1580 0.24189670383930206 0.17032265663146973 0.011224864982068539 imageu_546912857810
1590 0.10267191380262375 0.08058598637580872 0.011270466260612011 imagel_547064876339
1600 0.2192026674747467 0.16110104322433472 0.011513801291584969 imagef_547016861703
1610 0.1467016041278839 0.11564669758081436 0.01145265530794859 imagel_547201879876
1620 0.2693038880825043 0.21364323794841766 0.011495126411318779 imageb_546883862169
1630 0.2500797510147095 0.18487411737442017 0.011503460817039013 imagef_547094872971
1640 0.1588340699672699 0.14514726400375366 0.011496305465698242 imager_546946858444
1650 0.3680609166622162 0.29954031109809875 0.011538829654455185 imageu_547142854240
1660 0.11655483394861221 0.09214523434638977 0.011541757732629776 imagel_547092870974
1670 0.17446960508823395 0.123812235891819 0.011738186702132225 imaged_546960872437
1680 0.21301810443401337 0.1556900441646576 0.011849792674183846 imagef_547018863705
1690 0.16514798998832703 0.11787021905183792 0.011908185668289661 imaged_546924869806
1700 0.1990930736064911 0.1485501229763031 0.011971727013587952 imageu_546933878804
1710 0.5293999910354614 0.4800994396209717 0.011933921836316586 imageb_547164876237
1720 0.11066519469022751 0.0863247886300087 0.012218456715345383 imagel_547043855348
1730 0.05590682104229927 0.04187898710370064 0.012414318509399891 imageu_547203881874
1740 0.13579274713993073 0.11459087580442429 0.01262748334556818 imagel_546950862437
1750 0.25988125801086426 0.18515634536743164 0.012692351825535297 imageu_546892871169
1760 0.2018592208623886 0.1796320080757141 0.012750981375575066 imager_547138883611
1770 0.12259364873170853 0.09116888046264648 0.012776191346347332 imaged_546992871071
1780 0.36616775393486023 0.2979978024959564 0.012808520346879959 imagef_547179857873
1790 0.18313436210155487 0.13531504571437836 0.012808569706976414 imagef_546970882435
1800 0.14824898540973663 0.1157463863492012 0.01277763769030571 imagel_547132877611
1810 0.21880513429641724 0.20351630449295044 0.012525757774710655 imager_547123868601
1820 0.28591981530189514 0.20884814858436584 0.012467565946280956 imageu_547205883874
1830 0.20201115310192108 0.1516013890504837 0.01243946049362421 imagef_547101879972
1840 0.32414498925209045 0.2512405812740326 0.012693347409367561 imageb_546844856539
1850 0.2669702470302582 0.21143896877765656 0.012858242727816105 imaged_546858870537
1860 0.27312228083610535 0.28896307945251465 0.013094118796288967 imager_547188866869
1870 0.2727423906326294 0.2064739465713501 0.013338758610188961 imagef_547198876871
1880 0.21584059298038483 0.15330971777439117 0.0135102653875947 imageu_546894873172
1890 0.10367210954427719 0.07734893262386322 0.013790834695100784 imaged_546990869071
1900 0.13418316841125488 0.10149560868740082 0.013972368091344833 imaged_546897876191
1910 0.2731817960739136 0.1935950666666031 0.013802781701087952 imageu_546885864170
1920 0.20600494742393494 0.1524937003850937 0.013825992122292519 imageu_547028873712
1930 0.23144257068634033 0.19262415170669556 0.01380614098161459 imageb_546900879170
1940 0.28513309359550476 0.22010280191898346 0.013781742192804813 imageb_547125870610
1950 0.12921716272830963 0.105690136551857 0.013768550008535385 imagel_547033878707
1960 0.21552065014839172 0.1637135148048401 0.013757140375673771 imageb_546929874807
1970 0.2568740248680115 0.2028772532939911 0.013734071515500546 imageb_547137882603
1980 0.2557646632194519 0.20650267601013184 0.01370919682085514 imageb_546987866076
1990 0.14191564917564392 0.13252747058868408 0.01381666213274002 imager_546985864078
2000 0.24521009624004364 0.1853170394897461 0.01399032212793827 imaged_547130875605
2010 0.1973114311695099 0.14972662925720215 0.013911359012126923 imager_546871883543
2020 0.36427566409111023 0.3728879392147064 0.01433159876614809 imager_547184862870
2030 0.17142905294895172 0.12814562022686005 0.014462118037045002 imageu_547092870974
2040 0.22701355814933777 0.19338856637477875 0.014543953351676464 imaged_546851863543
2050 0.2307802140712738 0.16911530494689941 0.014580721966922283 imageb_547070882331
2060 0.20427533984184265 0.1478191316127777 0.014592999592423439 imageu_547115860606
2070 0.16911080479621887 0.1264563947916031 0.01454310491681099 imageu_547045857339
2080 0.21166028082370758 0.1846979856491089 0.01455856952816248 imager_547116861604
2090 0.20298616588115692 0.15399782359600067 0.014792785979807377 imageu_546977856071
2100 0.15244612097740173 0.1394176483154297 0.015012554824352264 imager_546977856071
2110 0.13085676729679108 0.12142709642648697 0.014893407002091408 imager_546968880435
2120 0.21200180053710938 0.16783636808395386 0.01523794885724783 imageb_547052864345
2130 0.2835423946380615 0.20586276054382324 0.015430770814418793 imagef_546863875543
2140 0.21237871050834656 0.1530250608921051 0.01554165594279766 imageb_547033878707
2150 0.2839336097240448 0.19213102757930756 0.01559529360383749 imageu_546866878536
2160 0.22171105444431305 0.16179117560386658 0.01584603823721409 imageb_546958870432
2170 0.1889733374118805 0.13688264787197113 0.016155274584889412 imageu_546953865434
2180 0.13396190106868744 0.10235348343849182 0.016392847523093224 imaged_546909854806
2190 0.24916324019432068 0.18683527410030365 0.016483811661601067 imageb_547058870341
2200 0.31444108486175537 0.23628714680671692 0.016628272831439972 imageu_546858870537
2210 0.2147410809993744 0.13429106771945953 0.01610558293759823 imagel_546839884906
2220 0.23316170275211334 0.2379300743341446 0.01609214022755623 imager_547205883874
2230 0.21518118679523468 0.15849243104457855 0.016106130555272102 imagef_547145857237
2240 0.145839124917984 0.12503564357757568 0.016155455261468887 imager_546951863443
2250 0.12968315184116364 0.09657637029886246 0.01616852916777134 imaged_546900879170
2260 0.09393572062253952 0.06829757243394852 0.01619560457766056 imaged_547086864973
2270 0.1420305222272873 0.1333101987838745 0.016248762607574463 imager_546929874807
2280 0.162293940782547 0.12939642369747162 0.016341647133231163 imaged_546883862169
2290 0.20716270804405212 0.15699505805969238 0.016307471320033073 imageb_547111856605
2300 0.4998515844345093 0.49234384298324585 0.01629922166466713 imageu_547162874244
2310 0.20353734493255615 0.14714452624320984 0.016040489077568054 imagef_546883862169
2320 0.24490559101104736 0.18053972721099854 0.016084915027022362 imageu_546888867171
2330 0.17433498799800873 0.15259750187397003 0.016367143020033836 imager_547060872343
2340 0.13534954190254211 0.12369146198034286 0.016524940729141235 imager_547074852968
2350 0.14560924470424652 0.13049687445163727 0.016519609838724136 imager_546938883810
2360 0.29908889532089233 0.2766951024532318 0.01651533506810665 imageu_547154866233
2370 0.168481707572937 0.13160903751850128 0.016471371054649353 imagef_546945857437
2380 0.17526564002037048 0.13100288808345795 0.016444245353341103 imaged_546873885533
2390 0.2588732838630676 0.2670259177684784 0.01652137003839016 imager_546860872536
2400 0.1828465461730957 0.14103850722312927 0.016586454585194588 imageb_547050862335
2410 0.1653980016708374 0.12850487232208252 0.016449039801955223 imageu_547033878707
2420 0.17788223922252655 0.13797953724861145 0.01641000807285309 imageu_547013858709
2430 0.0688038170337677 0.05370635539293289 0.016349658370018005 imagel_547079857970
2440 0.20887647569179535 0.17236505448818207 0.01630396768450737 imagef_546929874807
2450 0.23969630897045135 0.1893775314092636 0.01642588898539543 imageb_546922867806
2460 0.23366029560565948 0.1836530566215515 0.016581203788518906 imagef_547128873606
2470 0.1931411623954773 0.14221817255020142 0.01671961136162281 imagef_546953865434
2480 0.28178802132606506 0.1922425776720047 0.016804397106170654 imageb_546846858536
2490 0.2146470993757248 0.1729886531829834 0.016950424760580063 imageb_547011856705
2500 0.11025228351354599 0.0835668221116066 0.0171967763453722 imaged_546979858070
2510 0.09874650090932846 0.07634509354829788 0.017156094312667847 imagel_547149861238
2520 0.13357950747013092 0.10634520649909973 0.01721123605966568 imaged_547084862980
2530 0.10747727751731873 0.09495322406291962 0.017261601984500885 imagel_546882861171
2540 0.27234968543052673 0.21400393545627594 0.017503337934613228 imagef_546846858536
2550 0.14051413536071777 0.09853403270244598 0.0176538173109293 imaged_547024869702
2560 0.09512541443109512 0.06956534087657928 0.017816156148910522 imaged_546962874438
2570 0.16701912879943848 0.13184383511543274 0.017982713878154755 imagef_546985864078
2580 0.27262747287750244 0.2212132215499878 0.01809416525065899 imagef_547193871872
2590 0.09775920957326889 0.08576998859643936 0.018149370327591896 imagel_546926871803
2600 0.12286346405744553 0.10229922086000443 0.018093405291438103 imagel_546877856173
2610 0.1656181365251541 0.15339170396327972 0.017558937892317772 imager_547058870341
2620 0.16842269897460938 0.12898889183998108 0.017603954300284386 imageu_547030875702
2630 0.2490183562040329 0.22581325471401215 0.017660090699791908 imageb_547196874870
2640 0.18945780396461487 0.15783704817295074 0.017912376672029495 imagef_546931876806
2650 0.1309514194726944 0.10137975960969925 0.018144935369491577 imageu_546968880435
2660 0.19191300868988037 0.1409882754087448 0.018249526619911194 imageu_546892871169
2670 0.15582367777824402 0.11781784147024155 0.018327372148633003 imageb_546967879439
2680 0.1313091367483139 0.0986822322010994 0.018487047404050827 imaged_547126871606
2690 0.18640652298927307 0.14388158917427063 0.01860862597823143 imageb_547098876976
2700 0.10561219602823257 0.07186456024646759 0.018680376932024956 imaged_546962874438
2710 0.11550578474998474 0.10126730054616928 0.018582042306661606 imagel_546899878172
2720 0.09650500863790512 0.08329831808805466 0.01865978352725506 imagel_546996875070
2730 0.25006920099258423 0.2462448924779892 0.018798766657710075 imager_547162874244
2740 0.08180209994316101 0.07229075580835342 0.01892698183655739 imagel_547126871606
2750 0.11770659685134888 0.08911290764808655 0.018948256969451904 imaged_546900879170
2760 0.18277238309383392 0.17089635133743286 0.01885884255170822 imager_547126871606
2770 0.14335906505584717 0.13559041917324066 0.01886197365820408 imager_547050862335
2780 0.17818346619606018 0.14934523403644562 0.01885977014899254 imaged_546851863543
2790 0.18126064538955688 0.1361776739358902 0.018947070464491844 imaged_547147859235
2800 0.26500535011291504 0.19334544241428375 0.019172951579093933 imagef_546841853547
2810 0.2623375356197357 0.20678164064884186 0.019275933504104614 imageu_547189867877
2820 0.17607352137565613 0.13362564146518707 0.019402390345931053 imageb_546938883810
2830 0.12527626752853394 0.11205936223268509 0.019566098228096962 imager_546962874438
2840 0.1557903289794922 0.14450456202030182 0.019887374714016914 imager_547062874337
2850 0.1886579394340515 0.14220452308654785 0.02005106955766678 imagef_546885864170
2860 0.15199846029281616 0.11981554329395294 0.020157136023044586 imageu_547033878707
2870 0.0591353103518486 0.04723544791340828 0.020193351432681084 imagel_547099877967
2880 0.09614595770835876 0.08564751595258713 0.020192909985780716 imagel_547191869875
2890 0.2552969753742218 0.19260475039482117 0.020429037511348724 imageu_546846858536
2900 0.08844215422868729 0.08062472194433212 0.020593857392668724 imagel_547030875702
2910 0.08153066039085388 0.07478969544172287 0.020425377413630486 imagel_546933878804
2920 0.15457820892333984 0.1163543313741684 0.020489094778895378 imagef_547057869336
2930 0.08286657184362411 0.05489098280668259 0.020648404955863953 imaged_547205883874
2940 0.18569007515907288 0.1331886351108551 0.02082257717847824 imager_546868880541
2950 0.14281579852104187 0.11917326599359512 0.021144673228263855 imageu_547070882331
2960 0.30818694829940796 0.32209914922714233 0.021268999204039574 imageu_547160872234
2970 0.12982137501239777 0.10067626088857651 0.021286027505993843 imaged_546929874807
2980 0.11504288017749786 0.09825343638658524 0.021271325647830963 imaged_546984863078
2990 0.09283603727817535 0.07930467277765274 0.021233826875686646 imagel_547186864875
3000 0.13495740294456482 0.1003456860780716 0.02129274792969227 imageu_547038883711
3010 0.3502320945262909 0.26950156688690186 0.9810640811920166 imaged_547075853978
3020 0.35300907492637634 0.2844194769859314 0.7754486203193665 imaged_547150862236
3030 0.30863815546035767 0.2534153163433075 0.6076818704605103 imagef_546924869806
3040 0.17311494052410126 0.1239083856344223 0.5110012888908386 imageu_546989868066
3050 0.26766249537467957 0.21505874395370483 0.4405227303504944 imageb_547113858603
3060 0.21444250643253326 0.17376913130283356 0.3913244903087616 imageb_546890869170
3070 0.21159780025482178 0.16401778161525726 0.35716843605041504 imagef_547142854240
3080 0.1778438240289688 0.13679319620132446 0.3344934582710266 imagef_547096874977
3090 0.22019213438034058 0.16248415410518646 0.3186415731906891 imagef_547150862236
3100 0.24018265306949615 0.18991026282310486 0.30464881658554077 imageb_546875854173
3110 0.20187850296497345 0.15149052441120148 0.2636035978794098 imageu_546921866804
3120 0.1364174485206604 0.10586842894554138 0.2483724057674408 imageb_546970882435
3130 0.19167734682559967 0.1484060138463974 0.23688389360904694 imageb_546914859807
3140 0.2075216919183731 0.16777454316616058 0.22729787230491638 imageb_547023868703
3150 0.24539484083652496 0.2080533504486084 0.21701739728450775 imageu_547150862236
3160 0.06419678032398224 0.04795938357710838 0.2093379646539688 imageu_547203881874
3170 0.07346915453672409 0.05856823921203613 0.20357613265514374 imagel_547098876976
3180 0.09421399980783463 0.07434458285570145 0.19874310493469238 imagel_547024869702
3190 0.2333146184682846 0.19593200087547302 0.1938403844833374 imagef_547133878607
3200 0.14704321324825287 0.1116025373339653 0.18928013741970062 imageu_546975854071
3210 0.1720263808965683 0.15175911784172058 0.17252925038337708 imager_546878857194
3220 0.14017900824546814 0.1009308248758316 0.1692710518836975 imageu_546999878077
3230 0.1550581455230713 0.12580373883247375 0.1667672097682953 imageu_547019864709
3240 0.15376219153404236 0.12018615752458572 0.16311359405517578 imagef_547052864345
3250 0.16438843309879303 0.11896990984678268 0.16095270216464996 imaged_547152864241
3260 0.10528626292943954 0.07100135833024979 0.15953128039836884 imaged_547069881338
3270 0.15513059496879578 0.13918288052082062 0.15819017589092255 imager_546897876191
3280 0.08465135842561722 0.07026619464159012 0.15661197900772095 imagel_547142854240
3290 0.1604166477918625 0.1359744668006897 0.15422073006629944 imaged_546887866191
3300 0.19504423439502716 0.15123635530471802 0.1516534984111786 imageb_547115860606
3310 0.16323094069957733 0.12770484387874603 0.1461993157863617 imaged_547142854240
3320 0.14330950379371643 0.10509910434484482 0.1441783756017685 imager_546871883543
3330 0.13418498635292053 0.0967559963464737 0.14312507212162018 imaged_547140885602
3340 0.16708503663539886 0.12585902214050293 0.14178456366062164 imageu_546917862811
3350 0.07691860944032669 0.0635441467165947 0.14102211594581604 imagel_546999878077
3360 0.1693630814552307 0.12187458574771881 0.14054422080516815 imaged_547186864875
3370 0.0956617146730423 0.06843860447406769 0.13966356217861176 imaged_546945857437
3380 0.19452296197414398 0.1512405425310135 0.13868071138858795 imageb_546921866804
3390 0.1754598766565323 0.14541476964950562 0.1374533474445343 imageb_546902881194
3400 0.1329956203699112 0.1095970869064331 0.1359146386384964 imaged_546917862811
3410 0.16023822128772736 0.12437643110752106 0.1340927928686142 imaged_546861873539
3420 0.07716351747512817 0.06305918097496033 0.13324208557605743 imagel_547067879338
3430 0.11384063959121704 0.0864531621336937 0.13322091102600098 imaged_546938883810
3440 0.10489650815725327 0.08818311989307404 0.13329140841960907 imaged_546894873172
3450 0.18973344564437866 0.1425771862268448 0.13257335126399994 imagef_547011856705
3460 0.06778324395418167 0.05640286207199097 0.1315244436264038 imagel_547041853338
3470 0.11506965011358261 0.09701233357191086 0.13048262894153595 imagel_546868880541
3480 0.06465571373701096 0.05034315213561058 0.12924155592918396 imagel_547115860606
3490 0.13878066837787628 0.10890932381153107 0.1280927211046219 imageu_546934879798
3500 0.12031043320894241 0.09364700317382812 0.12689903378486633 imaged_547021866708
3510 0.07661332935094833 0.07532238215208054 0.12321962416172028 imagel_546916861809
3520 0.0949743241071701 0.07263532280921936 0.1224023774266243 imaged_546980859076
3530 0.10531947761774063 0.07089043408632278 0.12155729532241821 imagel_547203881874
3540 0.12125690281391144 0.10354556143283844 0.1210428848862648 imager_547031876706
3550 0.15189403295516968 0.11990569531917572 0.12078163027763367 imagef_546985864078
3560 0.07558002322912216 0.06281507015228271 0.12027454376220703 imagel_546941853440
3570 0.12354636937379837 0.11341401189565659 0.11963947117328644 imager_547043855348
3580 0.2047976702451706 0.12450651079416275 0.11887067556381226 imagel_546839884906
3590 0.1378716379404068 0.12633275985717773 0.11770693957805634 imager_546914859807
3600 0.11975271254777908 0.07932757586240768 0.11688871681690216 imaged_547072884335
3610 0.0751768946647644 0.06460687518119812 0.11516370624303818 imagel_546975854071
3620 0.135090172290802 0.10609207302331924 0.11520129442214966 imagef_547023868703
3630 0.09918810427188873 0.08273720741271973 0.11486136168241501 imagel_547150862236
3640 0.06815019249916077 0.05422992259263992 0.1144927516579628 imagel_547036881708
3650 0.13989898562431335 0.10396688431501389 0.11379102617502213 imageu_546950862437
3660 0.14740245044231415 0.11829371005296707 0.11326492577791214 imagef_546945857437
3670 0.20810583233833313 0.15368904173374176 0.11298094689846039 imaged_547191869875
3680 0.0891505628824234 0.07565408945083618 0.11283720284700394 imagel_546987866076
3690 0.16172882914543152 0.12369775772094727 0.11212897300720215 imageb_547007852711
3700 0.2197125256061554 0.18461401760578156 0.11162161082029343 imageb_547205883874
3710 0.19598369300365448 0.15259015560150146 0.1101076602935791 imageu_546880859173
3720 0.09493391215801239 0.06219734624028206 0.10959076136350632 imaged_547074852968
3730 0.18379095196723938 0.13880465924739838 0.10873204469680786 imageb_546865877539
3740 0.10188747942447662 0.07009163498878479 0.10839112102985382 imaged_547070882331
3750 0.06109648942947388 0.04665305092930794 0.10773837566375732 imagel_546982861070
3760 0.09093815088272095 0.07249249517917633 0.10696933418512344 imaged_546987866076
3770 0.18932470679283142 0.1461200714111328 0.10610592365264893 imageb_547137882603
3780 0.06847693771123886 0.0593368336558342 0.10541181266307831 imagel_546854866535
3790 0.12655258178710938 0.11999306827783585 0.10487012565135956 imager_546939884803
3800 0.10306250303983688 0.07731159776449203 0.10437847673892975 imaged_547019864709
3810 0.1639559119939804 0.13776598870754242 0.10310590267181396 imageb_546911856805
3820 0.3159402310848236 0.30123171210289 0.1029585599899292 imager_547174852869
3830 0.06857268512248993 0.05799567699432373 0.10282247513532639 imagel_547007852711
3840 0.10273213684558868 0.07922106236219406 0.10251836478710175 imaged_546996875070
3850 0.1713258922100067 0.13316605985164642 0.10236731916666031 imaged_546856868537
3860 0.10619357228279114 0.07353446632623672 0.10218843817710876 imagel_547159871241
3870 0.12888461351394653 0.09497127681970596 0.10227426141500473 imageu_546965877440
3880 0.12747839093208313 0.11181461066007614 0.10226653516292572 imager_547053865336
3890 0.14732541143894196 0.1134243831038475 0.10236150026321411 imageb_546973885436
3900 0.22857455909252167 0.1502975970506668 0.10272572934627533 imageb_547181859871
3910 0.1265406459569931 0.09954899549484253 0.10160965472459793 imagef_547091869975
3920 0.19663654267787933 0.18860039114952087 0.1016184613108635 imager_547193871872
3930 0.20667847990989685 0.21004115045070648 0.10165463387966156 imager_546860872536
3940 0.12848155200481415 0.1011565774679184 0.10153058916330338 imagef_546941853440
3950 0.16008177399635315 0.11526363343000412 0.10147382318973541 imagef_546897876191
3960 0.0894901230931282 0.06648585945367813 0.10158047825098038 imaged_546975854071
3970 0.06307273358106613 0.05096127837896347 0.10190834105014801 imagel_546922867806
3980 0.17129141092300415 0.14450104534626007 0.10236380994319916 imagef_547033878707
3990 0.07077602297067642 0.05706900730729103 0.10231520980596542 imagel_547120865600
4000 0.17035086452960968 0.12812118232250214 0.10240855067968369 imageu_547147859235
4010 0.13905875384807587 0.10884349793195724 0.10154988616704941 imagef_546945857437
4020 0.1344834715127945 0.10442548990249634 0.1010671928524971 imageu_547045857339
4030 0.17303837835788727 0.14627639949321747 0.10080388188362122 imaged_546868880541
4040 0.07768934220075607 0.06985639780759811 0.10045753419399261 imagel_547142854240
4050 0.24258992075920105 0.1875964254140854 0.10044918209314346 imageu_547189867877
4060 0.14421884715557098 0.11218571662902832 0.10041777044534683 imageb_546941853440
4070 0.16772069036960602 0.16213636100292206 0.10048869997262955 imager_546967879439
4080 0.11759714037179947 0.08787137269973755 0.1004626452922821 imagel_547200878871
4090 0.22575496137142181 0.1707598716020584 0.10037228465080261 imageu_547194872874
4100 0.12061915546655655 0.0925559252500534 0.10032293200492859 imaged_547123868601
4110 0.12262050807476044 0.09622225165367126 0.09891417622566223 imageu_546968880435
4120 0.11684335768222809 0.08807091414928436 0.09885617345571518 imaged_547121866605
4130 0.08260075747966766 0.0668649896979332 0.0989370048046112 imagel_547060872343
4140 0.13911207020282745 0.1094752699136734 0.09906990826129913 imagef_547096874977
4150 0.08204270154237747 0.06456733494997025 0.0991712212562561 imagel_547183861871
4160 0.17964552342891693 0.14866405725479126 0.09917420893907547 imagef_547138883611
4170 0.14745837450027466 0.11719588935375214 0.0993594229221344 imageb_546980859076
4180 0.10049248486757278 0.07279887795448303 0.10001720488071442 imaged_546958870432
4190 0.13824203610420227 0.10472556948661804 0.10028460621833801 imageu_546899878172
4200 0.13935989141464233 0.12441401183605194 0.09988311678171158 imager_547120865600
4210 0.11146913468837738 0.09235525876283646 0.09975037723779678 imager_547028873712
4220 0.0662856251001358 0.05536244437098503 0.09979157149791718 imagel_547006885077
4230 0.09593233466148376 0.0844927728176117 0.09972060471773148 imagel_546870882540
4240 0.12721969187259674 0.11377057433128357 0.09963495284318924 imagel_547162874244
4250 0.16832706332206726 0.13941361010074615 0.09959591925144196 imagef_547137882603
4260 0.07066705822944641 0.0658676028251648 0.09973219037055969 imagel_547045857339
4270 0.052068375051021576 0.041280608624219894 0.09975945204496384 imagel_546968880435
4280 0.12792997062206268 0.09928327053785324 0.09941317141056061 imagef_546990869071
4290 0.1109389215707779 0.08342035859823227 0.09909747540950775 imaged_547104882977
4300 0.1257268339395523 0.09772568196058273 0.09871896356344223 imaged_547143855237
4310 0.14108134806156158 0.12794949114322662 0.09771160036325455 imaged_546882861171
4320 0.11883968859910965 0.09076370298862457 0.09758854657411575 imageu_547011856705
4330 0.107032410800457 0.08892161399126053 0.09738161414861679 imaged_546911856805
4340 0.22181418538093567 0.17055019736289978 0.0973428413271904 imageu_546849861536
4350 0.09305980056524277 0.06692762672901154 0.09725403040647507 imaged_547062874337
4360 0.20491209626197815 0.20214705169200897 0.09701212495565414 imager_546853865537
4370 0.11019083112478256 0.10290796309709549 0.09709816426038742 imager_546973885436
4380 0.22133035957813263 0.1659214049577713 0.09743300825357437 imagef_547188866869
4390 0.22749201953411102 0.20077964663505554 0.0979377031326294 imageu_547167879238
4400 0.18991954624652863 0.1691371500492096 0.09800999611616135 imageb_547166878243
4410 0.18083982169628143 0.14588817954063416 0.09748225659132004 imageb_546892871169
4420 0.22794580459594727 0.18047194182872772 0.09760526567697525 imageu_546854866535
4430 0.08552832156419754 0.06465660780668259 0.09753794223070145 imaged_546982861070
4440 0.05906123295426369 0.050475772470235825 0.09736592322587967 imagel_547101879972
4450 0.12935678660869598 0.10579243302345276 0.0973890870809555 imageb_546985864078
4460 0.11774872988462448 0.09253504872322083 0.0974813848733902 imaged_547014859704
4470 0.24238929152488708 0.1843399554491043 0.09745103865861893 imageu_546856868537
4480 0.1739673763513565 0.1363537758588791 0.0975707471370697 imageb_547145857237
4490 0.18195822834968567 0.13542507588863373 0.09741349518299103 imageb_547147859235
4500 0.07975117117166519 0.07091178745031357 0.09724867343902588 imagel_546997876076
4510 0.13742101192474365 0.10282884538173676 0.09714516252279282 imageb_547030875702
4520 0.16410914063453674 0.13280010223388672 0.0972663164138794 imagef_547113858603
4530 0.10449928045272827 0.08097495883703232 0.0971718356013298 imaged_547109854609
4540 0.04898487776517868 0.03846156597137451 0.09723006933927536 imagel_547103881966
4550 0.11444216966629028 0.08948193490505219 0.09751030802726746 imaged_546890869170
4560 0.18928635120391846 0.15453222393989563 0.09778238832950592 imagef_547152864241
4570 0.06543350219726562 0.04829291254281998 0.09781020134687424 imageu_547201879876
4580 0.06239277869462967 0.049747079610824585 0.0977368950843811 imagel_547062874337
4590 0.13142164051532745 0.10082917660474777 0.09769035130739212 imageu_547035880703
4600 0.15412379801273346 0.12221845239400864 0.09755174070596695 imagef_546948860438
4610 0.13946591317653656 0.10372229665517807 0.09702954441308975 imageb_547028873712
4620 0.11403683573007584 0.0866294652223587 0.09720727056264877 imaged_546917862811
4630 0.09706687927246094 0.07318263500928879 0.09728538244962692 imaged_547007852711
4640 0.11720232665538788 0.09687566757202148 0.09739340841770172 imaged_546892871169
4650 0.1289575695991516 0.10381556302309036 0.0972650796175003 imageu_547055867337
4660 0.050830621272325516 0.03936590254306793 0.09703975170850754 imagel_546962874438
4670 0.13989967107772827 0.11292773485183716 0.09685005247592926 imageu_546928873809
4680 0.06649056822061539 0.058579787611961365 0.09665729105472565 imagel_546990869071
4690 0.10698338598012924 0.08531556278467178 0.09652120620012283 imaged_546900879170
4700 0.15059061348438263 0.11457459628582001 0.09628840535879135 imageu_546916861809
4710 0.15073585510253906 0.11988929659128189 0.09556438773870468 imageb_546934879798
4720 0.16410550475120544 0.15923604369163513 0.09576291590929031 imageu_547154866233
4730 0.17061227560043335 0.1245604082942009 0.09604718536138535 imageb_546865877539
4740 0.11770310252904892 0.10418067127466202 0.09652131795883179 imager_546922867806
4750 0.14234253764152527 0.11781101673841476 0.09669298678636551 imageb_546945857437
4760 0.07716888934373856 0.07033275812864304 0.09666217863559723 imagel_546880859173
4770 0.13184398412704468 0.12334057688713074 0.09654731303453445 imager_546917862811
4780 0.11127596348524094 0.09345275163650513 0.09675999730825424 imaged_546965877440
4790 0.1701095551252365 0.14242011308670044 0.09674586355686188 imageb_547118863609
4800 0.13645070791244507 0.11325354874134064 0.0964980199933052 imageb_546984863078
4810 0.09088458120822906 0.07183730602264404 0.0942862257361412 imaged_546968880435
4820 0.11524509638547897 0.10857965797185898 0.09424441307783127 imager_546914859807
4830 0.13982658088207245 0.11182133108377457 0.09428206086158752 imagef_547087865974
4840 0.06645845621824265 0.06194004788994789 0.09431479871273041 imagel_546911856805
4850 0.09596644341945648 0.07614067196846008 0.09441061317920685 imaged_546972884442
4860 0.1786845177412033 0.15237106382846832 0.09427285939455032 imagef_547118863609
4870 0.11143798381090164 0.09761863946914673 0.09427434951066971 imager_546955867436
4880 0.19430504739284515 0.16502270102500916 0.0944162979722023 imagef_546926871803
4890 0.05828164145350456 0.05314698815345764 0.09455839544534683 imagel_546970882435
4900 0.12113618105649948 0.09298579394817352 0.09485416859388351 imageu_546972884442
4910 0.1438508778810501 0.13547591865062714 0.09486262500286102 imager_547150862236
4920 0.10915863513946533 0.10264772176742554 0.09538095444440842 imager_546979858070
4930 0.14397794008255005 0.11796123534440994 0.09567774832248688 imageb_547053865336
4940 0.05856954678893089 0.05252762883901596 0.09590614587068558 imagel_546948860438
4950 0.13483496010303497 0.10755786299705505 0.09611572325229645 imagef_547086864973
4960 0.05333699658513069 0.0442010760307312 0.09667299687862396 imagel_546929874807
4970 0.20567214488983154 0.13548544049263 0.09702444076538086 imageb_546853865537
4980 0.09056143462657928 0.0772266834974289 0.09699086099863052 imagel_546871883543
4990 0.05416823923587799 0.044589798897504807 0.09674938023090363 imagel_547177855874
5000 0.13388405740261078 0.1078432947397232 0.0966556966304779 imageb_546963875440
5010 0.12891489267349243 0.12458863109350204 0.09606833010911942 imager_547092870974
5020 0.163185715675354 0.13329531252384186 0.09629350900650024 imagef_546965877440
5030 0.1526225507259369 0.11508667469024658 0.09642712026834488 imagef_546894873172
5040 0.06504648178815842 0.05131043866276741 0.0963110402226448 imagel_547128873606
5050 0.10173441469669342 0.07788296788930893 0.0960095226764679 imaged_546902881194
5060 0.16640456020832062 0.13774637877941132 0.09577196091413498 imageb_547130875605
5070 0.17360909283161163 0.14360515773296356 0.09583934396505356 imaged_547162874244
5080 0.06146084517240524 0.05358219891786575 0.09574004262685776 imagel_547193871872
5090 0.11960382014513016 0.101680226624012 0.09574782103300095 imaged_547077855978
5100 0.10923802107572556 0.09223294258117676 0.09566505998373032 imaged_546985864078
5110 0.10559960454702377 0.0968339741230011 0.09534180909395218 imager_547069881338
5120 0.13682948052883148 0.09895878285169601 0.09533622115850449 imager_546868880541
5130 0.07267145067453384 0.06354013830423355 0.09549697488546371 imagel_547072884335
5140 0.1605108231306076 0.13001494109630585 0.09558595716953278 imageu_547145857237
5150 0.15633225440979004 0.11853177100419998 0.09559013694524765 imageb_546868880541
5160 0.131452739238739 0.09315638244152069 0.09562286734580994 imagel_547205883874
5170 0.12427668273448944 0.10308033227920532 0.09553992748260498 imageb_546943855437
5180 0.23498480021953583 0.18828222155570984 0.09536591917276382 imageu_547186864875
5190 0.1836722493171692 0.13001559674739838 0.09523071348667145 imagef_546868880541
5200 0.10180644690990448 0.09540978074073792 0.09554220736026764 imager_546975854071
5210 0.14207123219966888 0.11394043266773224 0.09536271542310715 imagef_547121866605
5220 0.17627550661563873 0.14051052927970886 0.09543976932764053 imagef_547152864241
5230 0.07561767846345901 0.06789274513721466 0.0954422801733017 imagel_546875854173
5240 0.1327233761548996 0.10401010513305664 0.09533893316984177 imagef_547098876976
5250 0.0977187529206276 0.08015391230583191 0.09517892450094223 imaged_546895874174
5260 0.13117165863513947 0.10686380416154861 0.09523789584636688 imageb_547200878871
5270 0.0769806057214737 0.05505509674549103 0.09511589258909225 imagel_547149861238
5280 0.16897894442081451 0.13811354339122772 0.09505595266819 imageb_546877856173
5290 0.14691361784934998 0.11671710759401321 0.09498724341392517 imageb_546899878172
5300 0.18924227356910706 0.14853821694850922 0.09474114328622818 imagef_546870882540
5310 0.06816865503787994 0.05525965988636017 0.09412430226802826 imagel_547152864241
5320 0.193109393119812 0.19357842206954956 0.09414210915565491 imager_547188866869
5330 0.1194644421339035 0.09561346471309662 0.09407242387533188 imageu_546980859076
5340 0.14605601131916046 0.11064797639846802 0.09391899406909943 imageb_547123868601
5350 0.11794965714216232 0.0917242169380188 0.0937257707118988 imageu_547007852711
5360 0.05681617558002472 0.04962257668375969 0.09355748444795609 imagel_546926871803
5370 0.06045091524720192 0.05237907916307449 0.09341045469045639 imagel_547120865600
5380 0.1403772234916687 0.11301019042730331 0.09326911717653275 imageb_546873885533
5390 0.12783409655094147 0.1058526411652565 0.09325167536735535 imageu_547121866605
5400 0.08914795517921448 0.06853790581226349 0.09349868446588516 imaged_547045857339
5410 0.1232980415225029 0.099484883248806 0.09301691502332687 imagef_546989868066
5420 0.1316184103488922 0.10096912086009979 0.09300342947244644 imageb_546994873075
5430 0.1812567412853241 0.13602620363235474 0.09289058297872543 imaged_547196874870
5440 0.18287283182144165 0.1351255178451538 0.09270163625478745 imaged_547183861871
5450 0.15534400939941406 0.13521124422550201 0.09269500523805618 imagef_546963875440
5460 0.22241705656051636 0.17418143153190613 0.09265140444040298 imageu_547194872874
5470 0.14041996002197266 0.11248737573623657 0.09276808053255081 imageu_547123868601
5480 0.13819760084152222 0.13344943523406982 0.09309916198253632 imager_547089867973
5490 0.2056131660938263 0.16789361834526062 0.09387476742267609 imageu_547183861871
5500 0.09359505772590637 0.07285400480031967 0.09423206001520157 imaged_546924869806
5510 0.10367640107870102 0.08808960765600204 0.09375866502523422 imager_546956868435
5520 0.06831390410661697 0.05563190579414368 0.0938350111246109 imagel_546941853440
5530 0.114118792116642 0.08660657703876495 0.09386329352855682 imageb_547201879876
5540 0.1141459122300148 0.09438948333263397 0.09383003413677216 imagel_546861873539
5550 0.14013159275054932 0.11624223738908768 0.09373337030410767 imagef_547033878707
5560 0.12303671985864639 0.09278679639101028 0.093779556453228 imageb_547053865336
5570 0.1265321671962738 0.10306581109762192 0.09400743246078491 imageb_547023868703
5580 0.15657468140125275 0.12939904630184174 0.09414445608854294 imaged_547160872234
5590 0.17811577022075653 0.1348499208688736 0.09413223713636398 imaged_546839884906
5600 0.14219988882541656 0.1099461019039154 0.09392093122005463 imageu_546914859807
5610 0.12358055263757706 0.09689179062843323 0.09354868531227112 imageb_547084862980
5620 0.050958480685949326 0.0399429053068161 0.09328002482652664 imagel_546980859076
5630 0.2158694565296173 0.177220419049263 0.09315238147974014 imageb_547186864875
5640 0.08079367876052856 0.05480628460645676 0.09310968220233917 imagel_547171883239
5650 0.11451611667871475 0.10857093334197998 0.09307626634836197 imager_546943855437
5660 0.1324380487203598 0.0997132658958435 0.09309114515781403 imagef_547057869336
5670 0.12844085693359375 0.10264483839273453 0.09309786558151245 imageb_547009854705
5680 0.13570065796375275 0.10567887127399445 0.09309162944555283 imageb_546956868435
5690 0.13595597445964813 0.10890530049800873 0.09323779493570328 imageu_547031876706
5700 0.13076648116111755 0.10209719836711884 0.09349796921014786 imagef_547099877967
5710 0.10174364596605301 0.08703136444091797 0.09321972727775574 imager_547069881338
5720 0.10972084850072861 0.09437433630228043 0.09339386969804764 imager_546883862169
5730 0.13674691319465637 0.12630072236061096 0.09360871464014053 imager_547057869336
5740 0.13185837864875793 0.10183118283748627 0.09376004338264465 imageb_547067879338
5750 0.14652733504772186 0.1179090365767479 0.09369335323572159 imageb_547132877611
5760 0.28905144333839417 0.23162728548049927 0.09359834343194962 imageu_546860872536
5770 0.16303645074367523 0.14944343268871307 0.09372986108064651 imager_546885864170
5780 0.10820503532886505 0.09908279031515121 0.09400200098752975 imager_546938883810
5790 0.09100708365440369 0.07499133050441742 0.09407123178243637 imaged_547065877343
5800 0.12352747470140457 0.08999282121658325 0.09400923550128937 imageu_547043855348
5810 0.2931949198246002 0.22783544659614563 0.09358081966638565 imageu_546861873539
5820 0.15178582072257996 0.11554078757762909 0.0937814936041832 imageu_546883862169
5830 0.15902327001094818 0.12948255240917206 0.0940636545419693 imagef_547113858603
5840 0.09512963891029358 0.07168514281511307 0.09413760155439377 imaged_546939884803
5850 0.09311287850141525 0.07588928937911987 0.0941852480173111 imaged_546967879439
5860 0.04270191863179207 0.03757237643003464 0.09429439902305603 imagel_547160872234
5870 0.2126430869102478 0.1690732091665268 0.09428184479475021 imageu_547181859871
5880 0.24134360253810883 0.15222494304180145 0.09417685121297836 imageb_547171883239
5890 0.05076906830072403 0.04162038117647171 0.09404124319553375 imagel_547064876339
5900 0.12505385279655457 0.09821386635303497 0.09391004592180252 imagef_546997876076
5910 0.2070920616388321 0.15040741860866547 0.09348887950181961 imagef_547189867877
5920 0.11736714839935303 0.10720309615135193 0.09349043667316437 imager_547094872971
5930 0.12383399158716202 0.09839912503957748 0.09345665574073792 imageb_546939884803
5940 0.09671605378389359 0.07657074928283691 0.09334416687488556 imaged_546938883810
5950 0.12446827441453934 0.09300269931554794 0.0934026688337326 imagef_547077855978
5960 0.19909408688545227 0.13205784559249878 0.09349656850099564 imageb_546858870537
5970 0.23554950952529907 0.15977701544761658 0.09387810528278351 imagef_547171883239
5980 0.14393354952335358 0.11035381257534027 0.0941871851682663 imagef_546970882435
5990 0.23413293063640594 0.1531614363193512 0.0943165048956871 imageb_546849861536
6000 0.15058045089244843 0.1245148628950119 0.09418091177940369 imageb_547162874244
6010 0.4173939824104309 0.36476290225982666 0.9869744181632996 imager_546946858444
6020 0.07550441473722458 0.06070860102772713 0.802422821521759 imagel_546870882540
6030 0.2843618094921112 0.24371309578418732 0.6922640204429626 imagef_546987866076
6040 0.2689952552318573 0.2176712304353714 0.6074066758155823 imagef_547111856605
6050 0.1709241271018982 0.13110828399658203 0.5431026220321655 imageb_546921866804
6060 0.07792936265468597 0.05885513499379158 0.4952984154224396 imagel_547104882977
6070 0.059659481048583984 0.05277580767869949 0.4555738568305969 imagel_546895874174
6080 0.26824837923049927 0.21452103555202484 0.42314404249191284 imager_547121866605
6090 0.12091415375471115 0.08767922967672348 0.39550602436065674 imaged_547018863705
6100 0.16264179348945618 0.1284734159708023 0.37350994348526 imagef_546984863078
6110 0.13554216921329498 0.10900003463029861 0.32079631090164185 imageb_546941853440
6120 0.24874912202358246 0.17362359166145325 0.30304965376853943 imagef_546839884906
6130 0.13955238461494446 0.10121144354343414 0.28741249442100525 imagef_546996875070
6140 0.15901345014572144 0.11712996661663055 0.2761733829975128 imageu_547002881074
6150 0.14141899347305298 0.09625262767076492 0.2658165693283081 imageu_547072884335
6160 0.14153480529785156 0.10352635383605957 0.25638511776924133 imageu_546887866191
6170 0.19348031282424927 0.1251179277896881 0.24866823852062225 imagef_546856868537
6180 0.07616587728261948 0.06312635540962219 0.24193425476551056 imagel_547014859704
6190 0.18482555449008942 0.12903372943401337 0.23654906451702118 imaged_547174852869
6200 0.18274721503257751 0.14163506031036377 0.23118853569030762 imageb_547120865600
6210 0.06505738943815231 0.053881291300058365 0.2223188579082489 imagel_546902881194
6220 0.1567910760641098 0.1221855878829956 0.21820564568042755 imageb_546926871803
6230 0.15907695889472961 0.12707282602787018 0.21494391560554504 imageb_547125870610
6240 0.15740413963794708 0.12640202045440674 0.21163402497768402 imageb_546875854173
6250 0.06924347579479218 0.055004388093948364 0.20878735184669495 imagel_547125870610
6260 0.12384738773107529 0.0929841622710228 0.2052759826183319 imagef_546939884803
6270 0.23257282376289368 0.17492079734802246 0.2020723819732666 imagef_547183861871
6280 0.12162590026855469 0.08705753833055496 0.19981156289577484 imageu_547075853978
6290 0.20704388618469238 0.14582477509975433 0.19724197685718536 imagef_546854866535
6300 0.059289734810590744 0.04461944103240967 0.19435210525989532 imagel_547123868601
6310 0.13680694997310638 0.11152332276105881 0.18819600343704224 imageb_546911856805
6320 0.15653149783611298 0.12566180527210236 0.1855258047580719 imaged_547125870610
6330 0.20108555257320404 0.1413184553384781 0.1825823336839676 imageb_547194872874
6340 0.14018093049526215 0.13018052279949188 0.17989911139011383 imager_547096874977
6350 0.15522456169128418 0.13254396617412567 0.17850694060325623 imaged_546871883543
6360 0.06306859850883484 0.05475146695971489 0.17716942727565765 imagel_547089867973
6370 0.1102399006485939 0.09647459536790848 0.17568185925483704 imager_547050862335
6380 0.21373267471790314 0.15851077437400818 0.17404820024967194 imageu_547188866869
6390 0.14015783369541168 0.11118701100349426 0.1726953238248825 imagef_547101879972
6400 0.2194921374320984 0.16600781679153442 0.17083919048309326 imageu_546868880541
6410 0.12454666942358017 0.08962790668010712 0.1674036681652069 imaged_547200878871
6420 0.12964923679828644 0.10153255611658096 0.16557742655277252 imageb_546973885436
6430 0.2417527139186859 0.17735157907009125 0.1636628955602646 imagef_546863875543
6440 0.126527339220047 0.10151674598455429 0.16254878044128418 imagef_547048860337
6450 0.13811400532722473 0.10990937799215317 0.16106419265270233 imageb_547069881338
6460 0.10748810321092606 0.09677979350090027 0.15962792932987213 imager_547004883077
6470 0.2371196448802948 0.1864863634109497 0.15859584510326385 imagef_547167879238
6480 0.09565331041812897 0.0800401121377945 0.15747687220573425 imagel_547162874244
6490 0.11251892149448395 0.09765499830245972 0.15614630281925201 imager_547053865336
6500 0.12652398645877838 0.09093073010444641 0.1549813151359558 imageu_547001880072
6510 0.23342551290988922 0.16471043229103088 0.152910977602005 imagef_546861873539
6520 0.18910983204841614 0.14095166325569153 0.1532936990261078 imaged_547184862870
6530 0.24095137417316437 0.22003188729286194 0.1528845727443695 imager_547177855874
6540 0.15019161999225616 0.11224749684333801 0.15194743871688843 imageb_547094872971
6550 0.15761281549930573 0.1147463247179985 0.15025651454925537 imagef_547147859235
6560 0.12995007634162903 0.09756911545991898 0.1489066183567047 imageu_547084862980
6570 0.12347738444805145 0.09131580591201782 0.14836940169334412 imageb_547028873712
6580 0.11423654854297638 0.09564387798309326 0.14753825962543488 imager_546907852806
6590 0.11531902849674225 0.09353198111057281 0.14642447233200073 imageb_546946858444
6600 0.11291396617889404 0.07706425338983536 0.14518089592456818 imaged_547200878871
6610 0.1470390111207962 0.11756943166255951 0.14317750930786133 imagef_547035880703
6620 0.07801586389541626 0.05863272026181221 0.14238685369491577 imaged_547079857970
6630 0.11787426471710205 0.10560540109872818 0.14186272025108337 imager_546909854806
6640 0.18812048435211182 0.18491992354393005 0.14145970344543457 imager_546854866535
6650 0.14342091977596283 0.09098495543003082 0.14058682322502136 imagef_546866878536
6660 0.11227225512266159 0.09838452190160751 0.14038001000881195 imager_547009854705
6670 0.08330834656953812 0.057666510343551636 0.13996122777462006 imaged_547062874337
6680 0.16967257857322693 0.11572638154029846 0.13904564082622528 imaged_547191869875
6690 0.09252521395683289 0.06987211853265762 0.1376410275697708 imaged_547106884970
6700 0.10122357308864594 0.0771189033985138 0.13665741682052612 imageu_547014859704
6710 0.11137893050909042 0.09640984982252121 0.13555029034614563 imager_546999878077
6720 0.12201021611690521 0.09409107267856598 0.1358138471841812 imaged_547152864241
6730 0.16474266350269318 0.13043124973773956 0.13551606237888336 imageb_547152864241
6740 0.12114723026752472 0.0924997553229332 0.13496148586273193 imageu_546985864078
6750 0.12187611311674118 0.09860006719827652 0.13436923921108246 imagef_546882861171
6760 0.26164042949676514 0.21383962035179138 0.13387416303157806 imageu_547189867877
6770 0.11753054708242416 0.09126098453998566 0.1332959234714508 imageb_546970882435
6780 0.1460869014263153 0.10884425789117813 0.13297729194164276 imageb_546914859807
6790 0.12286582589149475 0.0997471883893013 0.13244594633579254 imageb_546870882540
6800 0.20212672650814056 0.20283086597919464 0.13180339336395264 imager_547186864875
6810 0.1314987689256668 0.10681546479463577 0.13156631588935852 imageu_547092870974
6820 0.09966246038675308 0.067867211997509 0.13185983896255493 imagel_547200878871
6830 0.2005588561296463 0.13700193166732788 0.1315767467021942 imageu_547172884238
6840 0.2288907766342163 0.14096257090568542 0.13096921145915985 imageb_547172884238
6850 0.21475909650325775 0.15938684344291687 0.13056284189224243 imagef_547179857873
6860 0.1242137923836708 0.11557545512914658 0.13016347587108612 imager_546890869170
6870 0.05120805650949478 0.0408216267824173 0.12994246184825897 imagel_546943855437
6880 0.05495470017194748 0.04702113941311836 0.12945322692394257 imagel_546990869071
6890 0.10633233934640884 0.08383876085281372 0.1290564239025116 imageu_547018863705
6900 0.21173502504825592 0.16403666138648987 0.12854547798633575 imageu_547186864875
6910 0.048689790070056915 0.0406390056014061 0.1276613473892212 imagel_547004883077
6920 0.11759015172719955 0.09311685711145401 0.12733738124370575 imagef_547089867973
6930 0.09854152053594589 0.08352080732584 0.12696799635887146 imaged_546933878804
6940 0.15620119869709015 0.1304887980222702 0.1265687197446823 imagef_547135880603
6950 0.15598636865615845 0.1260700672864914 0.1261824071407318 imagef_547113858603
6960 0.15994520485401154 0.13126271963119507 0.12589478492736816 imageb_547133878607
6970 0.06959111243486404 0.06856425851583481 0.12562935054302216 imager_547200878871
6980 0.12060631811618805 0.08818914741277695 0.12549124658107758 imageu_547040885702
6990 0.1186707466840744 0.09115467965602875 0.125246062874794 imageu_547094872971
7000 0.07406356185674667 0.055882103741168976 0.12511856853961945 imaged_547050862335
7010 0.08669020235538483 0.06118904426693916 0.12439703941345215 imaged_547205883874
7020 0.0465928390622139 0.037463460117578506 0.12416013330221176 imagel_546956868435
7030 0.14106467366218567 0.10472305119037628 0.12383372336626053 imageb_546865877539
7040 0.13493341207504272 0.10742589086294174 0.12378599494695663 imaged_547128873606
7050 0.19228510558605194 0.12916435301303864 0.12363874912261963 imagef_546854866535
7060 0.11682203412055969 0.09035055339336395 0.12365148961544037 imagef_547062874337
7070 0.08359845727682114 0.07740677148103714 0.12368812412023544 imagel_547193871872
7080 0.1075335294008255 0.09525278955698013 0.1234092116355896 imager_547060872343
7090 0.13061650097370148 0.0969507098197937 0.12292034178972244 imageu_546912857810
7100 0.1593572199344635 0.12973472476005554 0.12240935117006302 imagef_547154866233
7110 0.14548859000205994 0.12056354433298111 0.12113995105028152 imageu_546921866804
7120 0.16327299177646637 0.13123859465122223 0.12065482139587402 imageb_547138883611
7130 0.11342174559831619 0.10311181843280792 0.12011823803186417 imager_547069881338
7140 0.12223327904939651 0.0942821130156517 0.11961406469345093 imageu_546928873809
7150 0.12055600434541702 0.09089744836091995 0.11935768276453018 imagef_547055867337
7160 0.17146751284599304 0.1250673532485962 0.11904528737068176 imagef_546877856173
7170 0.0781865268945694 0.06050991266965866 0.11868074536323547 imaged_547023868703
7180 0.17426277697086334 0.16571635007858276 0.11835818737745285 imager_547206884871
7190 0.09267321974039078 0.06931958347558975 0.11802997440099716 imaged_547043855348
7200 0.1401396542787552 0.13482199609279633 0.1176663488149643 imager_547126871606
7210 0.09117865562438965 0.06850161403417587 0.11691436916589737 imaged_547099877967
7220 0.1949836164712906 0.17740941047668457 0.11691132187843323 imager_546849861536
7230 0.05936161056160927 0.05619053915143013 0.1170649379491806 imagel_546953865434
7240 0.11740660667419434 0.09432917088270187 0.11764777451753616 imageb_546945857437
7250 0.06524281948804855 0.05547468364238739 0.11832144856452942 imagel_546873885533
7260 0.13843761384487152 0.1051737442612648 0.11873246729373932 imagef_546968880435
7270 0.12087219208478928 0.11437680572271347 0.11886127293109894 imager_547038883711
7280 0.11912750452756882 0.09377729892730713 0.11874981224536896 imagef_547052864345
7290 0.15903079509735107 0.131930410861969 0.11846127361059189 imageb_547135880603
7300 0.13403961062431335 0.0990334004163742 0.11819843202829361 imageu_546911856805
7310 0.05295642092823982 0.04486335068941116 0.1174130067229271 imagel_546856868537
7320 0.07172605395317078 0.05583510175347328 0.11727757751941681 imagel_547060872343
7330 0.14282113313674927 0.11727765202522278 0.11682622134685516 imageb_546989868066
7340 0.11242138594388962 0.08881019800901413 0.11636528372764587 imageb_546951863443
7350 0.11254995316267014 0.0823778584599495 0.11601968854665756 imageu_547004883077
7360 0.10372459143400192 0.08822349458932877 0.11572284251451492 imaged_546934879798
7370 0.11141440272331238 0.09669287502765656 0.11543435603380203 imager_546883862169
7380 0.04161214083433151 0.036825161427259445 0.11553464084863663 imagel_546894873172
7390 0.06016010791063309 0.05313898250460625 0.1153789684176445 imagel_547113858603
7400 0.2127493917942047 0.13564923405647278 0.1150815412402153 imagef_547172884238
7410 0.08387140929698944 0.06263232231140137 0.1146094799041748 imaged_547055867337
7420 0.11299638450145721 0.08490651100873947 0.11436498910188675 imagef_547064876339
7430 0.14930260181427002 0.11735626310110092 0.11427341401576996 imagef_547155867242
7440 0.08529628068208694 0.06463635712862015 0.11410664021968842 imaged_546939884803
7450 0.13126008212566376 0.09725919365882874 0.11370567977428436 imagef_546883862169
7460 0.1252269744873047 0.09885098040103912 0.11356493085622787 imagef_546985864078
7470 0.08293407410383224 0.06306303292512894 0.1133328452706337 imaged_547024869702
7480 0.1159001812338829 0.10491359233856201 0.11320193856954575 imager_547150862236
7490 0.10338835418224335 0.08621243387460709 0.11328116059303284 imaged_546911856805
7500 0.04616128280758858 0.03577195107936859 0.11313213407993317 imagel_547072884335
7510 0.10773119330406189 0.08254408091306686 0.11258257925510406 imagef_547001880072
7520 0.11025229841470718 0.0887427106499672 0.11252870410680771 imaged_546919864808
7530 0.07806491106748581 0.06166424974799156 0.1124032661318779 imaged_546963875440
7540 0.14814338088035583 0.11146917194128036 0.11237508803606033 imagef_546885864170
7550 0.1477167308330536 0.11258912831544876 0.11272260546684265 imageb_546922867806
7560 0.20249606668949127 0.16401894390583038 0.11297673732042313 imaged_547169881238
7570 0.1431918889284134 0.13248220086097717 0.1130405068397522 imager_547162874244
7580 0.1884409785270691 0.14791901409626007 0.11296870559453964 imagef_546914859807
7590 0.13884277641773224 0.10829269886016846 0.11282330751419067 imagef_546948860438
7600 0.16530832648277283 0.1593349426984787 0.11255472153425217 imager_547171883239
7610 0.191048264503479 0.12600190937519073 0.11179704964160919 imagef_546849861536
7620 0.04256998002529144 0.03528466820716858 0.11170798540115356 imagel_546924869806
7630 0.14547467231750488 0.12574918568134308 0.11150763928890228 imaged_546887866191
7640 0.09395181387662888 0.08152805268764496 0.11128906905651093 imager_547006885077
7650 0.040649209171533585 0.032760463654994965 0.11104001849889755 imagel_546931876806
7660 0.1293436586856842 0.1008286252617836 0.11095160245895386 imageu_546899878172
7670 0.07788914442062378 0.07528917491436005 0.11102978140115738 imagel_546885864170
7680 0.07599377632141113 0.06080209091305733 0.11113408952951431 imaged_546990869071
7690 0.11233935505151749 0.08573319017887115 0.11098437756299973 imageb_546934879798
7700 0.12086191773414612 0.09400598704814911 0.11087631434202194 imageu_547070882331
7710 0.10558200627565384 0.09797223657369614 0.11045543104410172 imager_547016861703
7720 0.16634035110473633 0.13660567998886108 0.11033669859170914 imagef_546880859173
7730 0.11434471607208252 0.08692418783903122 0.11041133105754852 imageu_547098876976
7740 0.035685524344444275 0.026975227519869804 0.11037813872098923 imagel_547104882977
7750 0.16275133192539215 0.13019679486751556 0.1103220134973526 imagef_546897876191
7760 0.1287883222103119 0.10951048135757446 0.11036083102226257 imageb_546904883185
7770 0.12369677424430847 0.10995732247829437 0.11034392565488815 imager_547154866233
7780 0.12694615125656128 0.11879178136587143 0.11030460894107819 imager_547074852968
7790 0.14131462574005127 0.11721859127283096 0.11035411059856415 imageb_547125870610
7800 0.15405116975307465 0.13317695260047913 0.11029793322086334 imagef_546963875440
7810 0.10979282110929489 0.09875210374593735 0.10998182743787766 imager_547155867242
7820 0.11558780819177628 0.09484271705150604 0.10995768755674362 imageu_547014859704
7830 0.12654805183410645 0.10045919567346573 0.1098267063498497 imagef_547084862980
7840 0.13287316262722015 0.10234412550926208 0.10972131043672562 imagef_547109854609
7850 0.12217061966657639 0.09400474280118942 0.10959099978208542 imageu_546909854806
7860 0.104275181889534 0.07972995936870575 0.10935995727777481 imagef_546989868066
7870 0.048065148293972015 0.038722168654203415 0.1090923324227333 imagel_547045857339
7880 0.27122387290000916 0.179947629570961 0.10892447084188461 imageb_546846858536
7890 0.10549239069223404 0.09486329555511475 0.10899323970079422 imager_547162874244
7900 0.1552085429430008 0.12378623336553574 0.10934165865182877 imageb_547145857237
7910 0.20144198834896088 0.15175899863243103 0.10847407579421997 imager_546844856539
7920 0.1824873387813568 0.15744133293628693 0.10825968533754349 imageb_547189867877
7930 0.04821515455842018 0.03164803981781006 0.10794810950756073 imageu_547200878871
7940 0.12810595333576202 0.09927141666412354 0.10781169682741165 imagef_547099877967
7950 0.10492818802595139 0.07901891320943832 0.10788043588399887 imageu_547007852711
7960 0.15076394379138947 0.12675786018371582 0.10783176124095917 imageu_547133878607
7970 0.11436709761619568 0.11054358631372452 0.10772350430488586 imager_547189867877
7980 0.03791164979338646 0.03184688091278076 0.10762553662061691 imagel_547070882331
7990 0.11020229756832123 0.08255895972251892 0.10744383186101913 imagef_547024869702
8000 0.11468654870986938 0.07551451772451401 0.10731762647628784 imagel_547205883874
8010 0.08899496495723724 0.05768910422921181 0.10710268467664719 imagel_547166878243
8020 0.09645749628543854 0.08703658729791641 0.10754836350679398 imager_547047859335
8030 0.12254253029823303 0.10147737711668015 0.10774020850658417 imageu_547121866605
8040 0.05707475170493126 0.04696357250213623 0.10759244859218597 imagel_546875854173
8050 0.08346457034349442 0.06593092530965805 0.1073518693447113 imaged_546967879439
8060 0.18807551264762878 0.1460319310426712 0.10712005943059921 imageu_546854866535
8070 0.14233191311359406 0.11555708199739456 0.10696548223495483 imageb_546890869170
8080 0.12138140946626663 0.09726139158010483 0.1067393496632576 imageb_546977856071
8090 0.17973589897155762 0.17219072580337524 0.10655280202627182 imager_546853865537
8100 0.041504234075546265 0.035341423004865646 0.10635225474834442 imagel_547125870610
8110 0.10194336622953415 0.07393199950456619 0.10590168088674545 imagef_547064876339
8120 0.14482644200325012 0.10548989474773407 0.10584186017513275 imagef_546892871169
8130 0.12116894870996475 0.09804996848106384 0.10570482909679413 imageb_547024869702
8140 0.18404583632946014 0.16173002123832703 0.10553207248449326 imageb_547191869875
8150 0.3068583607673645 0.31252506375312805 0.10548224300146103 imager_546861873539
8160 0.037168893963098526 0.029408186674118042 0.10548192262649536 imagel_547041853338
8170 0.22109824419021606 0.17480289936065674 0.10536614060401917 imager_546843855539
8180 0.1259346604347229 0.09385250508785248 0.1051328107714653 imageb_547111856605
8190 0.12124758213758469 0.10250324010848999 0.10498258471488953 imagel_547198876871
8200 0.14845609664916992 0.11559954285621643 0.10483460873365402 imaged_546860872536
8210 0.09216798841953278 0.07879887521266937 0.10439904034137726 imager_547006885077
8220 0.11425113677978516 0.09392470866441727 0.10422894358634949 imagef_546997876076
8230 0.13425913453102112 0.10141871869564056 0.10407260805368423 imagef_546970882435
8240 0.10821456462144852 0.08413714170455933 0.10396172851324081 imaged_546905884197
8250 0.21591274440288544 0.14875569939613342 0.10365960747003555 imagef_546861873539
8260 0.11548028886318207 0.09263120591640472 0.10374970734119415 imagef_547079857970
8270 0.19809293746948242 0.13900713622570038 0.10387257486581802 imagef_546851863543
8280 0.11520348489284515 0.10749576985836029 0.1038583293557167 imager_547101879972
8290 0.07570940256118774 0.057146020233631134 0.10374169051647186 imaged_547070882331
8300 0.09556438028812408 0.07616489380598068 0.10359610617160797 imaged_547092870974
8310 0.1445002257823944 0.11460129171609879 0.10304797440767288 imagef_547155867242
8320 0.06831918656826019 0.053101737052202225 0.10285302251577377 imaged_546989868066
8330 0.10549871623516083 0.07748930901288986 0.10278467833995819 imagef_547028873712
8340 0.05135911703109741 0.044906362891197205 0.10285588353872299 imagel_547067879338
8350 0.08654073625802994 0.06823919713497162 0.10282307118177414 imaged_547045857339
8360 0.03791586309671402 0.02957424893975258 0.1029297485947609 imagel_547086864973
8370 0.08217471837997437 0.06597165763378143 0.10317452251911163 imaged_547052864345
8380 0.21707220375537872 0.18080906569957733 0.10320534557104111 imageu_547183861871
8390 0.15489806234836578 0.11909466236829758 0.10333739966154099 imageb_547154866233
8400 0.11148817092180252 0.08463191241025925 0.1035715714097023 imagef_546941853440
8410 0.11092131584882736 0.08277536183595657 0.10337436944246292 imageu_547028873712
8420 0.039077527821063995 0.029032165184617043 0.10345686227083206 imagel_546968880435
8430 0.11094183474779129 0.08285275101661682 0.10366398841142654 imagef_547031876706
8440 0.13391639292240143 0.1274622678756714 0.10390956699848175 imager_546905884197
8450 0.08754943311214447 0.08263430744409561 0.10419163107872009 imager_547160872234
8460 0.12228900194168091 0.10442144423723221 0.10430656373500824 imager_546873885533
8470 0.20620663464069366 0.16272972524166107 0.10448909550905228 imageu_547179857873
8480 0.12585768103599548 0.09563203155994415 0.1047559529542923 imagef_546950862437
8490 0.11366148293018341 0.08863405138254166 0.10486932843923569 imageu_546955867436
8500 0.07765788584947586 0.06805330514907837 0.10462075471878052 imager_546888867171
8510 0.09694409370422363 0.08567526191473007 0.10396970808506012 imager_546909854806
8520 0.15021009743213654 0.12891386449337006 0.10380619019269943 imagef_547121866605
8530 0.12305862456560135 0.11841841042041779 0.10377806425094604 imager_547007852711
8540 0.11757782101631165 0.10103494673967361 0.10374615341424942 imaged_547142854240
8550 0.13594844937324524 0.10553991794586182 0.10362782329320908 imageb_547089867973
8560 0.2087596356868744 0.1536196768283844 0.10368695855140686 imageu_547174852869
8570 0.09071403741836548 0.07173910737037659 0.10355912894010544 imaged_546895874174
8580 0.10705587267875671 0.07845024019479752 0.1033230721950531 imageu_546985864078
8590 0.08918427675962448 0.06721837818622589 0.10311514884233475 imaged_546919864808
8600 0.10555896162986755 0.08218830078840256 0.1028476357460022 imageu_546931876806
8610 0.1653030812740326 0.13688327372074127 0.1025354340672493 imagef_546931876806
8620 0.15842102468013763 0.12182871997356415 0.10262060165405273 imageb_547155867242
8630 0.07765782624483109 0.06067316234111786 0.10274343192577362 imaged_547004883077
8640 0.12956726551055908 0.10894431918859482 0.10276693850755692 imageb_547125870610
8650 0.23924271762371063 0.19414502382278442 0.10276852548122406 imageu_546848860533
8660 0.09896086156368256 0.09229304641485214 0.1026991754770279 imager_547065877343
8670 0.14521445333957672 0.11693040281534195 0.10257536172866821 imageb_547118863609
8680 0.17370747029781342 0.11675327271223068 0.10230565071105957 imaged_547177855874
8690 0.09174172580242157 0.07929553836584091 0.10214421898126602 imager_547050862335
8700 0.1481637954711914 0.1120411604642868 0.10197346657514572 imageb_546880859173
8710 0.07423457503318787 0.05442316457629204 0.10169260203838348 imaged_547055867337
8720 0.07932759076356888 0.04861363396048546 0.10182735323905945 imaged_547206884871
8730 0.05025731772184372 0.045210033655166626 0.10197535157203674 imagel_547069881338
8740 0.11879250407218933 0.09467462450265884 0.10216932743787766 imageu_546956868435
8750 0.04312702640891075 0.035962704569101334 0.1022254228591919 imagel_547106884970
8760 0.12383443862199783 0.09777555614709854 0.10224350541830063 imageu_547057869336
8770 0.11303239315748215 0.10520350188016891 0.10228992253541946 imager_547067879338
8780 0.10510620474815369 0.08361057937145233 0.1023627296090126 imageb_547052864345
8790 0.14601483941078186 0.11306637525558472 0.10246880352497101 imagef_547009854705
8800 0.14710745215415955 0.11251736432313919 0.1025543212890625 imaged_546863875543
8810 0.15092787146568298 0.11653812229633331 0.10222439467906952 imagef_546911856805
8820 0.19290921092033386 0.1268940269947052 0.10214027017354965 imagef_547203881874
8830 0.11333835870027542 0.08909560739994049 0.101954385638237 imagef_547052864345
8840 0.14184048771858215 0.11721741408109665 0.10175704210996628 imageb_546928873809
8850 0.09849603474140167 0.08010884374380112 0.1015838012099266 imaged_546899878172
8860 0.08272822946310043 0.06727918982505798 0.10178092122077942 imaged_547018863705
8870 0.041543133556842804 0.031768422573804855 0.10191293060779572 imagel_546962874438
8880 0.12343142926692963 0.09694267809391022 0.10192129015922546 imagef_546977856071
8890 0.15341010689735413 0.1115163266658783 0.10206533968448639 imageu_546866878536
8900 0.10514944046735764 0.09785737097263336 0.10254529863595963 imager_546962874438
8910 0.11851416528224945 0.10889457911252975 0.10245481133460999 imager_546899878172
8920 0.03878580778837204 0.031324464827775955 0.10243653506040573 imagel_546999878077
8930 0.13492409884929657 0.11181619018316269 0.10233420878648758 imageu_547115860606
8940 0.179329976439476 0.16357634961605072 0.1022033840417862 imaged_547160872234
8950 0.10266100615262985 0.07826846092939377 0.1021604835987091 imageb_546951863443
8960 0.12284355610609055 0.0850004255771637 0.10199609398841858 imaged_547201879876
8970 0.1337234377861023 0.10100237280130386 0.10188694298267365 imaged_546861873539
8980 0.1453712284564972 0.11397484689950943 0.10197634249925613 imagef_546919864808
8990 0.0716245248913765 0.06449119746685028 0.10220128297805786 imager_546975854071
9000 0.059981439262628555 0.0459834448993206 0.10227284580469131 imagel_547196874870
9010 0.5307095050811768 0.459369033575058 0.9806938767433167 imageu_547111856605
9020 0.14096976816654205 0.10707278549671173 0.6418611407279968 imageu_546914859807
9030 0.09550905227661133 0.07952732592821121 0.535801351070404 imager_546916861809
9040 0.1402057260274887 0.10635723918676376 0.4671175181865692 imageb_546866878536
9050 0.1732906848192215 0.13468442857265472 0.42233070731163025 imageu_547098876976
9060 0.09075696766376495 0.07137581706047058 0.3918381333351135 imaged_546945857437
9070 0.24540866911411285 0.23200656473636627 0.3707452118396759 imageu_547155867242
9080 0.09411665797233582 0.08418256789445877 0.349973201751709 imager_546982861070
9090 0.1318390816450119 0.11962732672691345 0.33291739225387573 imager_547133878607
9100 0.17601726949214935 0.14502213895320892 0.31794166564941406 imageb_547138883611
9110 0.10789673030376434 0.08597550541162491 0.2865389287471771 imageu_547018863705
9120 0.11141331493854523 0.07895177602767944 0.2756759226322174 imagef_547030875702
9130 0.1036803275346756 0.07861417531967163 0.26715153455734253 imageb_546936881803
9140 0.24450016021728516 0.19264058768749237 0.2586389183998108 imageb_547113858603
9150 0.13903455436229706 0.11705431342124939 0.24892224371433258 imageu_547143855237
9160 0.0406668558716774 0.03150717541575432 0.24136242270469666 imagel_546934879798
9170 0.21313372254371643 0.16298571228981018 0.23542678356170654 imagef_547186864875
9180 0.16095176339149475 0.13377365469932556 0.22982081770896912 imaged_546849861536
9190 0.1604197472333908 0.13016368448734283 0.22397971153259277 imagef_547138883611
9200 0.12918074429035187 0.10130585730075836 0.21875959634780884 imageb_546875854173
9210 0.12836991250514984 0.09313838928937912 0.21070419251918793 imageu_546892871169
9220 0.04187651723623276 0.02944260649383068 0.20622490346431732 imagel_546962874438
9230 0.10733378678560257 0.08376439660787582 0.20264621078968048 imageu_546994873075
9240 0.1351471096277237 0.11295657604932785 0.19928911328315735 imageu_546997876076
9250 0.11660900712013245 0.08465427905321121 0.19614693522453308 imagef_547001880072
9260 0.13568533957004547 0.1061180904507637 0.19176650047302246 imageb_546926871803
9270 0.1558474898338318 0.12363111972808838 0.18819139897823334 imaged_546863875543
9280 0.0858684778213501 0.06651266664266586 0.18505477905273438 imaged_547043855348
9290 0.0916806161403656 0.08515837043523788 0.18276461958885193 imager_547157869236
9300 0.138229638338089 0.11363106966018677 0.1801157295703888 imageb_547132877611
9310 0.11366374045610428 0.09008453786373138 0.1766049563884735 imageb_546968880435
9320 0.1724851280450821 0.08858893066644669 0.17403799295425415 imagel_546843855539
9330 0.12103185057640076 0.08562976866960526 0.17188246548175812 imagef_547057869336
9340 0.1268147975206375 0.09445653110742569 0.16845127940177917 imageb_547109854609
9350 0.1287800818681717 0.11540552973747253 0.16544698178768158 imaged_547133878607
9360 0.12200572341680527 0.09338763356208801 0.16278086602687836 imageu_546905884197
9370 0.13205182552337646 0.11260726302862167 0.16076919436454773 imagef_547019864709
9380 0.1155398041009903 0.09099473804235458 0.15886297821998596 imageb_546897876191
9390 0.09799052774906158 0.0796818658709526 0.15632978081703186 imaged_546885864170
9400 0.1472637951374054 0.110319584608078 0.15431687235832214 imageu_547147859235
9410 0.13517190515995026 0.10274787247180939 0.15179213881492615 imagef_547104882977
9420 0.1348453313112259 0.10143332183361053 0.1497613787651062 imageb_547121866605
9430 0.12701943516731262 0.09610765427350998 0.14829321205615997 imageu_546912857810
9440 0.10226397961378098 0.08242302387952805 0.14688324928283691 imageb_546985864078
9450 0.11945831030607224 0.0850573256611824 0.14553743600845337 imagef_546870882540
9460 0.1044231504201889 0.07961578667163849 0.14454452693462372 imagef_546996875070
9470 0.10223250836133957 0.07678299397230148 0.14390988647937775 imaged_547116861604
9480 0.11192671209573746 0.08235015720129013 0.14282849431037903 imageu_547001880072
9490 0.12742413580417633 0.09345514327287674 0.14140842854976654 imageb_547026871704
9500 0.12941275537014008 0.09551038593053818 0.13964726030826569 imageu_546877856173
9510 0.035590942949056625 0.027392059564590454 0.13713327050209045 imagel_546890869170
9520 0.1389259546995163 0.10769996792078018 0.1360672116279602 imagef_547123868601
9530 0.09766364097595215 0.09491734951734543 0.1347959339618683 imager_547159871241
9540 0.07116954028606415 0.05458807200193405 0.13334888219833374 imaged_546970882435
9550 0.05557617172598839 0.045763131231069565 0.13168616592884064 imagel_547077855978
9560 0.18809668719768524 0.14099200069904327 0.13069182634353638 imagef_547191869875
9570 0.10193788260221481 0.09098120778799057 0.12985149025917053 imager_546882861171
9580 0.11914309114217758 0.09340528398752213 0.12889641523361206 imageb_547086864973
9590 0.12115121632814407 0.09153194725513458 0.1280994713306427 imageb_546931876806
9600 0.06748178601264954 0.05714939162135124 0.12756529450416565 imagel_546899878172
9610 0.13572916388511658 0.10923413187265396 0.12646642327308655 imaged_547160872234
9620 0.0693979263305664 0.04948996379971504 0.12558291852474213 imagel_547169881238
9630 0.12703914940357208 0.10491745173931122 0.12435148656368256 imagef_547133878607
9640 0.041418105363845825 0.03090267814695835 0.12359634786844254 imagel_547104882977
9650 0.03328566253185272 0.025057679042220116 0.12269324064254761 imagel_546931876806
9660 0.13121536374092102 0.10044266283512115 0.12178333848714828 imagef_547035880703
9670 0.11458171159029007 0.08608956634998322 0.12076982855796814 imageu_546939884803
9680 0.07835076004266739 0.06640370190143585 0.12006136775016785 imaged_547001880072
9690 0.11669193208217621 0.08470931649208069 0.11945877224206924 imageu_546916861809
9700 0.07990657538175583 0.07083291560411453 0.11882858723402023 imager_547028873712
9710 0.10371013730764389 0.0735635906457901 0.11778855323791504 imageu_547041853338
9720 0.15127897262573242 0.1164650097489357 0.11727438867092133 imageb_547154866233
9730 0.10367950052022934 0.08010274916887283 0.11706306785345078 imagef_547053865336
9740 0.07444331049919128 0.05878834053874016 0.1163409948348999 imagel_547172884238
9750 0.1103779599070549 0.08463314920663834 0.11559981852769852 imageu_547028873712
9760 0.03683670237660408 0.029553020372986794 0.11490534245967865 imagel_547094872971
9770 0.11545292288064957 0.08422033488750458 0.11434346437454224 imageu_547035880703
9780 0.11217612773180008 0.08594001084566116 0.11362487077713013 imageu_547079857970
9790 0.05703555420041084 0.044964779168367386 0.11316967755556107 imagel_547062874337
9800 0.08788695186376572 0.06500842422246933 0.11273583024740219 imaged_547072884335
9810 0.036646969616413116 0.03228715434670448 0.11197865754365921 imagel_546916861809
9820 0.07706379145383835 0.05834126099944115 0.1114160344004631 imagel_547188866869
9830 0.1650274246931076 0.1308990865945816 0.11092307418584824 imagef_546888867171
9840 0.0954890325665474 0.07223597168922424 0.11042885482311249 imagef_546994873075
9850 0.12053884565830231 0.09804204106330872 0.10998987406492233 imaged_547147859235
9860 0.1268293559551239 0.10312815755605698 0.109471894800663 imageu_546933878804
9870 0.16944068670272827 0.14903272688388824 0.10931069403886795 imagef_547160872234
9880 0.17167659103870392 0.12886734306812286 0.10875853151082993 imaged_547186864875
9890 0.06580377370119095 0.05640047416090965 0.10839929431676865 imagel_546989868066
9900 0.04402177408337593 0.03780781477689743 0.10793399810791016 imagel_546880859173
9910 0.10891184955835342 0.08606865257024765 0.10695686936378479 imaged_547118863609
9920 0.12826062738895416 0.09935139864683151 0.10643626749515533 imagef_546936881803
9930 0.2885984182357788 0.1670682430267334 0.10601884126663208 imageb_546839884906
9940 0.084668830037117 0.07718610018491745 0.10564974695444107 imager_547033878707
9950 0.08721578121185303 0.07948864251375198 0.1054813414812088 imager_546938883810
9960 0.11401067674160004 0.10627762973308563 0.10535766929388046 imageu_547155867242
9970 0.21570034325122833 0.16924573481082916 0.10561224073171616 imageu_546848860533
9980 0.09530451893806458 0.08786450326442719 0.10571037977933884 imager_547104882977
9990 0.11168466508388519 0.08591334521770477 0.10577739030122757 imageu_547002881074
10000 0.21823184192180634 0.17170864343643188 0.10560867935419083 imagef_547184862870
10010 0.09114690870046616 0.07960200309753418 0.10528042167425156 imaged_546984863078
10020 0.11743584275245667 0.09227339178323746 0.10504382848739624 imageb_547201879876
10030 0.10909433662891388 0.08324041217565536 0.10469532757997513 imageu_547013858709
10040 0.23572196066379547 0.16688001155853271 0.10416126996278763 imagef_546843855539
10050 0.10162518173456192 0.0837942585349083 0.1037381961941719 imaged_546900879170
10060 0.051568325608968735 0.04864095151424408 0.10343387722969055 imagel_547160872234
10070 0.1503085494041443 0.11990083009004593 0.1031477302312851 imageb_547152864241
10080 0.10441737622022629 0.103484146296978 0.10279951244592667 imager_547160872234
10090 0.16535720229148865 0.13619352877140045 0.10247992724180222 imagef_547145857237
10100 0.14790187776088715 0.12097949534654617 0.10238122940063477 imaged_546865877539
10110 0.12455425411462784 0.09781762212514877 0.10186922550201416 imagef_546982861070
10120 0.0772567167878151 0.06739123910665512 0.1015375554561615 imager_547024869702
10130 0.1840682327747345 0.11795011162757874 0.10118229687213898 imagef_547174852869
10140 0.1368337720632553 0.09916961193084717 0.10092566162347794 imageb_546885864170
10150 0.10649663209915161 0.08270832151174545 0.10071080178022385 imageb_546973885436
10160 0.10168589651584625 0.0737646073102951 0.10076004266738892 imagef_547026871704
10170 0.11303681880235672 0.08914384990930557 0.1007022112607956 imageb_546962874438
10180 0.15347400307655334 0.12517906725406647 0.10059836506843567 imageb_547149861238
10190 0.11648525297641754 0.09953410923480988 0.10034642368555069 imaged_547159871241
10200 0.12758849561214447 0.10220571607351303 0.10022005438804626 imageb_547091869975
10210 0.03317797929048538 0.025144409388303757 0.0999101921916008 imagel_546924869806
10220 0.2072286158800125 0.1980065107345581 0.09986377507448196 imager_547193871872
10230 0.08454517275094986 0.06837093085050583 0.09996817260980606 imaged_547041853338
10240 0.06398597359657288 0.05939066782593727 0.09984400123357773 imagel_546870882540
10250 0.11606182903051376 0.08854767680168152 0.09978163987398148 imagef_546984863078
10260 0.1543523520231247 0.13360141217708588 0.09978888928890228 imagef_547137882603
10270 0.12589965760707855 0.11386677622795105 0.0996348187327385 imageu_547152864241
10280 0.15797273814678192 0.15599630773067474 0.09932510554790497 imager_547135880603
10290 0.0968414694070816 0.07636373490095139 0.09905307739973068 imagef_546999878077
10300 0.04717101529240608 0.03508962690830231 0.09879785776138306 imagel_547024869702
10310 0.07672807574272156 0.04477796331048012 0.09821990132331848 imagel_547166878243
10320 0.10973768681287766 0.08046972751617432 0.09795346111059189 imageu_547004883077
10330 0.10240150988101959 0.08144976943731308 0.09772490710020065 imageb_546938883810
10340 0.1400265097618103 0.11568982899188995 0.09775861352682114 imageu_547115860606
10350 0.16178375482559204 0.13274893164634705 0.09775363653898239 imagef_547013858709
10360 0.08372076600790024 0.06740102171897888 0.09773474931716919 imaged_546945857437
10370 0.09138114750385284 0.08493726700544357 0.09766896069049835 imager_546970882435
10380 0.12720061838626862 0.11970635503530502 0.09752292931079865 imager_547087865974
10390 0.08198729157447815 0.06643905490636826 0.09736622124910355 imaged_546946858444
10400 0.14081943035125732 0.11084059625864029 0.09706291556358337 imaged_547200878871
10410 0.06190558522939682 0.054263174533843994 0.09663762897253036 imagel_547152864241
10420 0.08238338679075241 0.07692509889602661 0.09653092920780182 imager_546984863078
10430 0.0892452597618103 0.07000835239887238 0.09628750383853912 imaged_546897876191
10440 0.19590707123279572 0.14448831975460052 0.09622260183095932 imagef_547181859871
10450 0.11961648613214493 0.09370115399360657 0.0962257906794548 imageb_547101879972
10460 0.17256882786750793 0.12985661625862122 0.09613903611898422 imaged_547186864875
10470 0.28918322920799255 0.1677454560995102 0.09595091640949249 imageb_546843855539
10480 0.12121029198169708 0.11349692195653915 0.09567967802286148 imager_547142854240
10490 0.0481550432741642 0.03818488493561745 0.09568992257118225 imagel_546892871169
10500 0.029337245970964432 0.02227328158915043 0.09557819366455078 imagel_547121866605
10510 0.19790875911712646 0.1615702211856842 0.09526310861110687 imageb_547186864875
10520 0.10252708196640015 0.07911693304777145 0.09503253549337387 imageu_546951863443
10530 0.22330935299396515 0.1469922810792923 0.09497588127851486 imageb_546851863543
10540 0.06305358558893204 0.04476878046989441 0.09528016299009323 imaged_547055867337
10550 0.09275265783071518 0.08096841722726822 0.09543205797672272 imager_547052864345
10560 0.13241629302501678 0.10017403960227966 0.09541887789964676 imageb_546922867806
10570 0.14076878130435944 0.12221072614192963 0.09522038698196411 imageu_547116861604
10580 0.09432599693536758 0.07847639918327332 0.09504815936088562 imaged_547089867973
10590 0.12487968802452087 0.12204374372959137 0.09486012905836105 imager_547086864973
10600 0.09426388144493103 0.08059047907590866 0.09469272196292877 imager_546894873172
10610 0.11892160028219223 0.10265788435935974 0.09432729333639145 imaged_547159871241
10620 0.06298249959945679 0.05816170200705528 0.094253771007061 imager_546980859076
10630 0.03949035704135895 0.03517763689160347 0.09408239275217056 imagel_547055867337
10640 0.11017913371324539 0.08738585561513901 0.0940268486738205 imageb_546900879170
10650 0.12571009993553162 0.10907325148582458 0.09390725195407867 imaged_547157869236
10660 0.12039534747600555 0.09316520392894745 0.09385513514280319 imageu_546938883810
10670 0.10421351343393326 0.0772494524717331 0.0936647430062294 imagef_547028873712
10680 0.07690808922052383 0.06244738772511482 0.09348119050264359 imaged_547019864709
10690 0.03307891637086868 0.027490103617310524 0.09331545233726501 imagel_547026871704
10700 0.07907910645008087 0.06974188983440399 0.09307805448770523 imager_546890869170
10710 0.25357189774513245 0.15328805148601532 0.0926334336400032 imageu_546843855539
10720 0.03450828418135643 0.02600749582052231 0.09231090545654297 imagel_546919864808
10730 0.12029184401035309 0.11133906245231628 0.09224844723939896 imagel_546865877539
10740 0.08713655918836594 0.06869557499885559 0.09221244603395462 imaged_547092870974
10750 0.10583826154470444 0.08381239324808121 0.09211410582065582 imageu_546941853440
10760 0.15104930102825165 0.12148796766996384 0.09188491106033325 imaged_547169881238
10770 0.10994897782802582 0.08591055870056152 0.09184066951274872 imageb_546994873075
10780 0.03487767279148102 0.02647150680422783 0.09164856374263763 imagel_546948860438
10790 0.12227214127779007 0.08823097497224808 0.09137643128633499 imageb_547167879238
10800 0.21775983273983002 0.12899290025234222 0.0912211611866951 imageb_547174852869
10810 0.09394188225269318 0.06902153044939041 0.09084779024124146 imageu_546980859076
10820 0.15587782859802246 0.1220126673579216 0.09066446125507355 imagef_547166878243
10830 0.14278778433799744 0.11444605141878128 0.09039739519357681 imagef_546965877440
10840 0.07396344095468521 0.055922731757164 0.09025248885154724 imaged_546972884442
10850 0.09822400659322739 0.08016841113567352 0.09019328653812408 imageu_547018863705
10860 0.07152393460273743 0.053621310740709305 0.09015550464391708 imaged_546982861070
10870 0.2032839059829712 0.1569986641407013 0.0900181382894516 imagef_547201879876
10880 0.0778784230351448 0.06895581632852554 0.0899031013250351 imager_546958870432
10890 0.10632707923650742 0.0830802395939827 0.08979801833629608 imageu_547098876976
10900 0.10273638367652893 0.07564982026815414 0.08973819017410278 imageu_547104882977
10910 0.1603385955095291 0.13487963378429413 0.08950357884168625 imaged_546849861536
10920 0.0987301766872406 0.07634040713310242 0.08957068622112274 imageb_546953865434
10930 0.075985848903656 0.07322633266448975 0.08947589993476868 imager_546926871803
10940 0.1086898073554039 0.0863531082868576 0.08938572555780411 imager_546875854173
10950 0.12480111420154572 0.09861136972904205 0.08943505585193634 imageb_547001880072
10960 0.10110725462436676 0.07925548404455185 0.08950278162956238 imageu_546946858444
10970 0.10073381662368774 0.07906700670719147 0.0896887332201004 imagef_547001880072
10980 0.09471222013235092 0.07239533960819244 0.08976805210113525 imageb_547011856705
10990 0.0697469711303711 0.054372332990169525 0.08969902247190475 imaged_547018863705
11000 0.035297684371471405 0.029400093480944633 0.08967584371566772 imagel_546912857810
11010 0.07453768700361252 0.04241110011935234 0.08917955309152603 imagel_547167879238
11020 0.13394832611083984 0.11224837601184845 0.0890505239367485 imagef_547135880603
11030 0.06544382870197296 0.059286948293447495 0.08910716325044632 imager_546975854071
11040 0.12191391736268997 0.09242323040962219 0.08902743458747864 imageb_547047859335
11050 0.12049513310194016 0.09279564023017883 0.08893562108278275 imagef_547132877611
11060 0.11728737503290176 0.09498496353626251 0.08889231085777283 imageb_547062874337
11070 0.07707052677869797 0.06169946491718292 0.08890759944915771 imageu_546868880541
11080 0.07777686417102814 0.07010059803724289 0.08901575952768326 imager_546951863443
11090 0.11976853758096695 0.09261501580476761 0.08897268772125244 imagef_546950862437
11100 0.1495523601770401 0.13415201008319855 0.08887786418199539 imaged_547160872234
11110 0.19462212920188904 0.12655572593212128 0.08842319995164871 imageb_546853865537
11120 0.1189630776643753 0.09599946439266205 0.08822538703680038 imagef_547031876706
11130 0.0599604956805706 0.049697209149599075 0.08808767795562744 imagel_546987866076
11140 0.09986145794391632 0.07486025243997574 0.08802392333745956 imageb_547069881338
11150 0.11433537304401398 0.08666849881410599 0.08804506808519363 imagef_546946858444
11160 0.07353440672159195 0.05887550860643387 0.08801691979169846 imaged_547033878707
11170 0.10761559754610062 0.08357176184654236 0.08795998990535736 imageu_546987866076
11180 0.04076450318098068 0.03165286406874657 0.08796155452728271 imagel_547013858709
11190 0.1297675371170044 0.11055408418178558 0.08794645220041275 imageu_547053865336
11200 0.11012887954711914 0.08993873745203018 0.08785159885883331 imaged_547132877611
11210 0.042945604771375656 0.036408863961696625 0.08765945583581924 imagel_546868880541
11220 0.037190284579992294 0.03022916056215763 0.08767655491828918 imagel_547096874977
11230 0.07060424983501434 0.061506908386945724 0.08750321716070175 imager_546916861809
11240 0.10523809492588043 0.08650234341621399 0.08747107535600662 imagef_546865877539
11250 0.13682474195957184 0.11284798383712769 0.08750521391630173 imageu_546905884197
11260 0.08749757707118988 0.07195389270782471 0.08742250502109528 imaged_547101879972
11270 0.044817160815000534 0.03975621610879898 0.08734854310750961 imagel_547143855237
11280 0.10600464046001434 0.08215558528900146 0.08740297704935074 imageb_546973885436
11290 0.08162489533424377 0.06943082809448242 0.08740123361349106 imagel_547149861238
11300 0.04470733925700188 0.03963270038366318 0.08736823499202728 imagel_547142854240
11310 0.05906388536095619 0.03966124728322029 0.08708793669939041 imagel_547157869236
11320 0.029754342511296272 0.023966459557414055 0.0870792344212532 imagel_546972884442
11330 0.11255155503749847 0.08524206280708313 0.08692825585603714 imageb_547104882977
11340 0.11991368234157562 0.0898861438035965 0.08690034598112106 imagel_547201879876
11350 0.06703650206327438 0.058251556009054184 0.08681467175483704 imagel_547081859975
11360 0.1061013713479042 0.08089075982570648 0.0866343080997467 imageb_547050862335
11370 0.029541367664933205 0.024669678881764412 0.0864354819059372 imagel_547125870610
11380 0.30316686630249023 0.2133975327014923 0.0862424299120903 imageu_546844856539
11390 0.08346106112003326 0.08007030189037323 0.08608691394329071 imager_546956868435
11400 0.09080873429775238 0.05985390767455101 0.08600350469350815 imagel_547200878871
11410 0.11150503158569336 0.08719168603420258 0.08572491258382797 imageu_546895874174
11420 0.10165921598672867 0.09842561930418015 0.08554954081773758 imager_547154866233
11430 0.08036033809185028 0.06508072465658188 0.08539535850286484 imaged_547007852711
11440 0.15158158540725708 0.12236470729112625 0.08536819368600845 imageb_547150862236
11450 0.04444434866309166 0.027964206412434578 0.08535048365592957 imageu_547200878871
11460 0.08294116705656052 0.06954698264598846 0.0852208063006401 imaged_546958870432
11470 0.03704764321446419 0.03403019160032272 0.08517496287822723 imagel_546887866191
11480 0.10453400760889053 0.0861123576760292 0.08529982715845108 imageb_546985864078
11490 0.05053174868226051 0.04103296250104904 0.08543917536735535 imagel_546939884803
11500 0.22119882702827454 0.17790305614471436 0.08553601801395416 imageu_547196874870
11510 0.03167425096035004 0.02304340898990631 0.08546662330627441 imagel_547023868703
11520 0.10811921954154968 0.0848708525300026 0.08557461947202682 imageb_546970882435
11530 0.08266471326351166 0.06763874739408493 0.0855448767542839 imaged_546895874174
11540 0.1313265860080719 0.09953419119119644 0.08572541177272797 imagef_546900879170
11550 0.023437215015292168 0.019055312499403954 0.08604384958744049 imagel_546994873075
11560 0.1339978724718094 0.1034202128648758 0.08609359711408615 imagef_546968880435
11570 0.0900721326470375 0.08217275142669678 0.08599167317152023 imager_546882861171
11580 0.07663293927907944 0.05642026290297508 0.08593800663948059 imaged_547057869336
11590 0.06060048192739487 0.05543708801269531 0.08576354384422302 imagel_547152864241
11600 0.11828862875699997 0.11517369747161865 0.08566570281982422 imager_547106884970
11610 0.1258191168308258 0.09254350513219833 0.0854167491197586 imageb_546914859807
11620 0.09807451069355011 0.07614035159349442 0.0854286253452301 imageu_547009854705
11630 0.07665101438760757 0.06351650506258011 0.08549962937831879 imaged_546941853440
11640 0.19443073868751526 0.14705364406108856 0.08555673062801361 imageu_547177855874
11650 0.11652471870183945 0.10152096301317215 0.08560442924499512 imaged_547125870610
11660 0.07696403563022614 0.073231041431427 0.08561232686042786 imager_546979858070
11670 0.11822092533111572 0.09615723043680191 0.08572917431592941 imageu_547058870341
11680 0.11276552081108093 0.10116291046142578 0.08571697771549225 imager_547057869336
11690 0.10166652500629425 0.09548783302307129 0.0856519564986229 imager_547040885702
11700 0.0872507318854332 0.07645425945520401 0.08551639318466187 imager_547043855348
11710 0.11242537200450897 0.10612890124320984 0.08510348200798035 imager_547070882331
11720 0.1124919056892395 0.08844763785600662 0.08509088307619095 imageu_547116861604
11730 0.11598905175924301 0.09058620035648346 0.0850926861166954 imageu_547024869702
11740 0.07950636744499207 0.06831454485654831 0.0850222185254097 imager_547060872343
11750 0.10013905167579651 0.07274609804153442 0.0849652960896492 imageu_547045857339
11760 0.1098935678601265 0.08335161954164505 0.08488068729639053 imageu_546902881194
11770 0.05369892343878746 0.03965628892183304 0.08485265076160431 imageu_547164876237
11780 0.12330558896064758 0.09128553420305252 0.08482994139194489 imagef_546968880435
11790 0.09549596905708313 0.07164108008146286 0.08477184176445007 imageb_547082860970
11800 0.12697260081768036 0.0998554453253746 0.08473831415176392 imaged_546854866535
11810 0.213827446103096 0.14673234522342682 0.08451343327760696 imagef_547205883874
11820 0.044220324605703354 0.034696850925683975 0.08438412100076675 imagel_546902881194
11830 0.0733264610171318 0.06086580455303192 0.08423981815576553 imaged_547002881074
11840 0.06780846416950226 0.05246850475668907 0.08410577476024628 imaged_546977856071
11850 0.1385015994310379 0.10989663749933243 0.08393742144107819 imagef_547011856705
11860 0.14945675432682037 0.13836748898029327 0.08381513506174088 imager_547183861871
11870 0.20764563977718353 0.17691315710544586 0.08375221490859985 imageb_547193871872
11880 0.09629230201244354 0.07328811287879944 0.08370999991893768 imageb_547050862335
11890 0.1319848597049713 0.1013714075088501 0.08364901691675186 imaged_546851863543
11900 0.06572992354631424 0.0595671720802784 0.08359309285879135 imager_547030875702
11910 0.10619689524173737 0.09007459133863449 0.08348383009433746 imageb_546905884197
11920 0.1500166654586792 0.11788301169872284 0.08347894996404648 imagef_547147859235
11930 0.121676966547966 0.09861958026885986 0.08346591889858246 imageu_547137882603
11940 0.19816452264785767 0.14777106046676636 0.083320751786232 imagef_547167879238
11950 0.0827341377735138 0.05981040000915527 0.08320347219705582 imageb_547074852968
11960 0.09632409363985062 0.08382762223482132 0.08305835723876953 imaged_546992871071
11970 0.04648334160447121 0.03963654115796089 0.08292661607265472 imagel_547176854870
11980 0.1085415706038475 0.09590887278318405 0.08284002542495728 imager_547184862870
11990 0.08211450278759003 0.06786827743053436 0.08276757597923279 imaged_547096874977
12000 0.028409376740455627 0.021969711408019066 0.08266902714967728 imagel_547109854609
12010 0.3780714273452759 0.32086455821990967 0.9723735451698303 imagef_547082860970
12020 0.4404037594795227 0.44075214862823486 0.5469014048576355 imager_547160872234
12030 0.036360692232847214 0.025623561814427376 0.39733004570007324 imagel_547011856705
12040 0.04472848027944565 0.029149040579795837 0.33768871426582336 imagel_546982861070
12050 0.13017646968364716 0.09671706706285477 0.30192551016807556 imagef_547009854705
12060 0.07061314582824707 0.06883310526609421 0.27812767028808594 imagel_546883862169
12070 0.17893314361572266 0.1538384109735489 0.2609371840953827 imageb_547189867877
12080 0.09810934215784073 0.08685269951820374 0.24434299767017365 imager_547075853978
12090 0.11272729933261871 0.08725376427173615 0.23183970153331757 imageu_547096874977
12100 0.10655372589826584 0.08455989509820938 0.22245918214321136 imageb_546873885533
12110 0.11211676895618439 0.09031125903129578 0.21121637523174286 imagef_546882861171
12120 0.16870659589767456 0.14321503043174744 0.20482182502746582 imagef_547159871241
12130 0.1990559846162796 0.15575754642486572 0.19916781783103943 imageb_547143855237
12140 0.034448716789484024 0.028408989310264587 0.1927696019411087 imagel_547069881338
12150 0.043892908841371536 0.03211676701903343 0.1876010149717331 imagel_546980859076
12160 0.11982094496488571 0.08884706348180771 0.18357694149017334 imagef_546946858444
12170 0.150257408618927 0.12643392384052277 0.17987866699695587 imageu_547149861238
12180 0.10597095638513565 0.0796998143196106 0.17615386843681335 imageu_547013858709
12190 0.0846346840262413 0.0795978233218193 0.17255699634552002 imagel_547194872874
12200 0.11310336738824844 0.09022080153226852 0.16890476644039154 imageu_547053865336
12210 0.11789707094430923 0.09566017240285873 0.16268542408943176 imageu_547058870341
12220 0.07107383757829666 0.05620119720697403 0.15918588638305664 imaged_547069881338
12230 0.11975295841693878 0.09864211827516556 0.15641719102859497 imaged_547147859235
12240 0.1373896598815918 0.10479339212179184 0.1540534943342209 imagef_546965877440
12250 0.03225155174732208 0.023142019286751747 0.1519889086484909 imagel_547099877967
12260 0.10575567930936813 0.08182583004236221 0.14975620806217194 imageu_547060872343
12270 0.11132033169269562 0.08427544683218002 0.14724011719226837 imagef_547040885702
12280 0.16589879989624023 0.12450110912322998 0.1449311077594757 imageu_546861873539
12290 0.08115514367818832 0.06859547644853592 0.1427762508392334 imager_546922867806
12300 0.08325716108083725 0.07949148863554001 0.140827015042305 imager_546956868435
12310 0.2086469978094101 0.12640011310577393 0.13786137104034424 imageb_546844856539
12320 0.10797713696956635 0.08962637931108475 0.136353000998497 imagef_547091869975
12330 0.11041200160980225 0.10537124425172806 0.13463053107261658 imager_547115860606
12340 0.039232466369867325 0.03153645619750023 0.13274554908275604 imagel_546892871169
12350 0.11224420368671417 0.08306168764829636 0.13099321722984314 imageu_547036881708
12360 0.08159155398607254 0.06309438496828079 0.12948256731033325 imaged_546931876806
12370 0.07801884412765503 0.06660424917936325 0.12821339070796967 imaged_546979858070
12380 0.028775718063116074 0.02224373072385788 0.12666164338588715 imagel_546999878077
12390 0.03917037323117256 0.03051145374774933 0.12506596744060516 imagel_547128873606
12400 0.077854685485363 0.06443047523498535 0.123677097260952 imaged_546984863078
12410 0.08141303807497025 0.06401810050010681 0.12128731608390808 imaged_546972884442
12420 0.224786639213562 0.1793893426656723 0.12010816484689713 imaged_547191869875
12430 0.12859386205673218 0.10928580164909363 0.11897912621498108 imageu_547115860606
12440 0.035871583968400955 0.025069670751690865 0.11794120818376541 imagel_546962874438
12450 0.1371830701828003 0.09683911502361298 0.11682780086994171 imageu_547167879238
12460 0.04796847701072693 0.03876633569598198 0.11562313884496689 imagel_546943855437
12470 0.093259796500206 0.08674224466085434 0.11428406089544296 imager_547103881966
12480 0.07120957225561142 0.04402519762516022 0.11309142410755157 imaged_547205883874
12490 0.08408743888139725 0.08623574674129486 0.11202540248632431 imager_547200878871
12500 0.18633896112442017 0.12465262413024902 0.11092496663331985 imageb_547184862870
12510 0.10736557096242905 0.08638638257980347 0.10922805219888687 imagel_546846858536
12520 0.18420080840587616 0.11580932140350342 0.10834655910730362 imageb_546856868537
12530 0.10950064659118652 0.0827956572175026 0.10709469765424728 imageb_546972884442
12540 0.06887916475534439 0.055195409804582596 0.10607120394706726 imaged_547004883077
12550 0.0694538950920105 0.051949214190244675 0.10513197630643845 imaged_547062874337
12560 0.12071365118026733 0.11352793127298355 0.10424378514289856 imager_547048860337
12570 0.11351384967565536 0.09633579105138779 0.10342501103878021 imageu_547128873606
12580 0.173381969332695 0.12109340727329254 0.10255926847457886 imager_546839884906
12590 0.08250166475772858 0.06825878471136093 0.1013568565249443 imagel_547186864875
12600 0.09974506497383118 0.0670682042837143 0.1002080962061882 imageu_546967879439
12610 0.04134334623813629 0.03364979848265648 0.09884276241064072 imagel_546985864078
12620 0.09733246266841888 0.0756005123257637 0.09803356230258942 imageu_546931876806
12630 0.08985243737697601 0.08162181079387665 0.0972304493188858 imager_547043855348
12640 0.0985158234834671 0.07592394948005676 0.096391461789608 imageu_547079857970
12650 0.10609260201454163 0.08187730610370636 0.09548002481460571 imageb_547057869336
12660 0.07003766298294067 0.060574959963560104 0.09482136368751526 imager_546982861070
12670 0.0903906524181366 0.08640619367361069 0.0942593440413475 imager_547092870974
12680 0.10313636064529419 0.07983027398586273 0.09367900341749191 imageu_546955867436
12690 0.03289340063929558 0.02679169923067093 0.09326454252004623 imagel_546912857810
12700 0.14670942723751068 0.11873508244752884 0.09287729114294052 imagef_546894873172
12710 0.10324260592460632 0.0753701850771904 0.09159918874502182 imageu_546984863078
12720 0.1414114087820053 0.11111432313919067 0.09114391356706619 imagef_546962874438
12730 0.182391956448555 0.13408948481082916 0.09068413078784943 imagef_547200878871
12740 0.07707460969686508 0.0708005353808403 0.09014537185430527 imager_546928873809
12750 0.12915542721748352 0.1274656057357788 0.08942320197820663 imager_547036881708
12760 0.11527734249830246 0.08533230423927307 0.08892817050218582 imagef_546953865434
12770 0.12142766267061234 0.09912856668233871 0.08865677565336227 imageu_546933878804
12780 0.10985409468412399 0.08635766059160233 0.0884297713637352 imagef_547058870341
12790 0.021944260224699974 0.017281824722886086 0.08803880214691162 imagel_546994873075
12800 0.08137188851833344 0.06890379637479782 0.08760853111743927 imaged_546997876076
12810 0.03056892566382885 0.025262605398893356 0.0869886502623558 imagel_546953865434
12820 0.10184548795223236 0.09009002149105072 0.08670613169670105 imager_547072884335
12830 0.15451134741306305 0.11878011375665665 0.08647473156452179 imagef_546887866191
12840 0.03867216035723686 0.03195583447813988 0.08617166429758072 imagel_547118863609
12850 0.028985975310206413 0.023559173569083214 0.08564762771129608 imagel_547094872971
12860 0.03184184059500694 0.02443341538310051 0.0850527361035347 imagel_547111856605
12870 0.20858125388622284 0.13073919713497162 0.08452828228473663 imagef_547171883239
12880 0.15931814908981323 0.13256065547466278 0.08409433811903 imaged_546849861536
12890 0.10828471928834915 0.0924123227596283 0.08365286141633987 imaged_546880859173
12900 0.18677642941474915 0.11132217198610306 0.08317919075489044 imageb_547179857873
12910 0.06923311948776245 0.05358060449361801 0.08244608342647552 imageu_547201879876
12920 0.10698044300079346 0.08626247197389603 0.08206510543823242 imageb_547058870341
12930 0.1163351982831955 0.1121654361486435 0.08174973726272583 imager_547040885702
12940 0.036125391721725464 0.028967661783099174 0.08153039962053299 imagel_547074852968
12950 0.08378873765468597 0.06815367192029953 0.0811990350484848 imaged_547101879972
12960 0.1431417316198349 0.11557219922542572 0.08091800659894943 imageb_547118863609
12970 0.03046368807554245 0.023468608036637306 0.08066380769014359 imagel_547057869336
12980 0.11954409629106522 0.11479254812002182 0.08032087981700897 imager_547130875605
12990 0.1364491730928421 0.10227277874946594 0.07996361702680588 imageb_546885864170
13000 0.19905896484851837 0.19698300957679749 0.07974475622177124 imager_547169881238
13010 0.16177861392498016 0.1452881097793579 0.07912775874137878 imageu_547113858603
13020 0.03583898767828941 0.029025999829173088 0.07877746969461441 imagel_546979858070
13030 0.16084061563014984 0.14043743908405304 0.07849454134702682 imageu_547145857237
13040 0.0299918744713068 0.022258179262280464 0.07826777547597885 imagel_547006885077
13050 0.11764497309923172 0.0962044969201088 0.07804690301418304 imagef_547086864973
13060 0.10336612164974213 0.0786304920911789 0.0778561383485794 imageb_547089867973
13070 0.09269068390130997 0.0731215849518776 0.0777607187628746 imaged_547132877611
13080 0.1061028465628624 0.08178038895130157 0.07762027531862259 imagef_547157869236
13090 0.10936103016138077 0.10409145057201385 0.07759860903024673 imager_547081859975
13100 0.13853223621845245 0.11357462406158447 0.07736051082611084 imageb_547142854240
13110 0.09090875089168549 0.06394214928150177 0.0767989233136177 imageu_546960872437
13120 0.09259435534477234 0.06744888424873352 0.07646644115447998 imageb_547070882331
13130 0.15202119946479797 0.1101716011762619 0.07615019381046295 imagef_546875854173
13140 0.10863083600997925 0.08646746724843979 0.07581103593111038 imageu_547101879972
13150 0.13516180217266083 0.12541291117668152 0.07551255822181702 imager_546865877539
13160 0.027381300926208496 0.02447674237191677 0.07539694011211395 imagel_546866878536
13170 0.13953283429145813 0.12295717000961304 0.07523448765277863 imageu_547150862236
13180 0.07560472190380096 0.0629788413643837 0.07501731067895889 imager_546909854806
13190 0.08843434602022171 0.0674147829413414 0.07476469874382019 imageb_546939884803
13200 0.033500220626592636 0.021551836282014847 0.07446987926959991 imagel_547164876237
13210 0.06004934757947922 0.05460784584283829 0.07395493984222412 imager_546984863078
13220 0.12526103854179382 0.09686368703842163 0.07362935692071915 imageb_547041853338
13230 0.22987787425518036 0.1782756894826889 0.07341669499874115 imagef_546846858536
13240 0.20092985033988953 0.1127796620130539 0.07322394102811813 imageb_547177855874
13250 0.102667436003685 0.07259020209312439 0.07312021404504776 imageb_546982861070
13260 0.0905502587556839 0.08744066953659058 0.07294251769781113 imager_547120865600
13270 0.0362548753619194 0.029598070308566093 0.07284209877252579 imagel_546897876191
13280 0.10850919783115387 0.09534358978271484 0.07264421880245209 imaged_547108853603
13290 0.061545729637145996 0.04425652325153351 0.07238975912332535 imagel_547157869236
13300 0.05424384027719498 0.04115422070026398 0.07225973159074783 imageu_547164876237
13310 0.12368843704462051 0.10292408615350723 0.07192003726959229 imageu_547113858603
13320 0.06343533098697662 0.04948894679546356 0.07170061767101288 imaged_547033878707
13330 0.10817036777734756 0.08187368512153625 0.07148904353380203 imageu_546936881803
13340 0.10253245383501053 0.07944115996360779 0.07132411748170853 imageu_547098876976
13350 0.11290164291858673 0.0863490179181099 0.07124368101358414 imageu_546962874438
13360 0.11036721616983414 0.08058682084083557 0.07108108699321747 imageu_546883862169
13370 0.10838743299245834 0.08952710032463074 0.07087241858243942 imageu_546931876806
13380 0.22559396922588348 0.1801832765340805 0.07072950154542923 imageu_547186864875
13390 0.0819704681634903 0.06506414711475372 0.0706174299120903 imaged_546890869170
13400 0.06893007457256317 0.06749697029590607 0.07045898586511612 imager_546994873075
13410 0.09610839188098907 0.0948113203048706 0.07009249180555344 imager_546928873809
13420 0.1498405933380127 0.154807910323143 0.0698748305439949 imager_547203881874
13430 0.0333184115588665 0.024351952597498894 0.0696481317281723 imagel_547013858709
13440 0.0820469856262207 0.0740405023097992 0.06950513273477554 imager_547060872343
13450 0.06559018045663834 0.0530601367354393 0.06932920962572098 imaged_546941853440
13460 0.13068558275699615 0.13053958117961884 0.0693957582116127 imager_547137882603
13470 0.12640255689620972 0.09727197140455246 0.06947649270296097 imageb_547152864241
13480 0.11053722351789474 0.08891735225915909 0.06939627230167389 imageu_547096874977
13490 0.08851733803749084 0.06390142440795898 0.06924044340848923 imageb_547035880703
13500 0.04885173961520195 0.0378672294318676 0.06915226578712463 imagel_547035880703
13510 0.11741809546947479 0.09233415126800537 0.06892259418964386 imageb_547098876976
13520 0.09447112679481506 0.08779752999544144 0.06888621300458908 imager_547128873606
13530 0.06186419725418091 0.054438356310129166 0.06881817430257797 imager_546917862811
13540 0.07938400655984879 0.06876616179943085 0.06870271265506744 imager_546895874174
13550 0.06630795449018478 0.05484269931912422 0.0686395987868309 imaged_547004883077
13560 0.033367596566677094 0.025802215561270714 0.06855432689189911 imagel_546960872437
13570 0.13602785766124725 0.11396164447069168 0.06849344074726105 imageb_547132877611
13580 0.19018888473510742 0.12409941852092743 0.06835709512233734 imageb_546856868537
13590 0.07637064903974533 0.07194340974092484 0.06818392872810364 imager_547024869702
13600 0.08623437583446503 0.08256082236766815 0.06800995767116547 imager_547126871606
13610 0.09337566047906876 0.09247154742479324 0.06774221360683441 imager_546934879798
13620 0.24943670630455017 0.24951909482479095 0.06755892932415009 imager_547183861871
13630 0.1924111694097519 0.15805348753929138 0.0674198642373085 imageu_547184862870
13640 0.09264997392892838 0.0716031938791275 0.06758183985948563 imagef_547053865336
13650 0.024673225358128548 0.018506526947021484 0.06765499711036682 imagel_547109854609
13660 0.11672667413949966 0.09243734180927277 0.06762231141328812 imageb_547092870974
13670 0.08307185769081116 0.06466250121593475 0.06746053695678711 imaged_547111856605
13680 0.21973058581352234 0.19880026578903198 0.06731574982404709 imageb_547189867877
13690 0.2051059603691101 0.12309708446264267 0.06721541285514832 imageb_546844856539
13700 0.09667211771011353 0.08168558031320572 0.06701551377773285 imaged_547126871606
13710 0.10246144235134125 0.07014059275388718 0.06669533252716064 imagef_547057869336
13720 0.20891118049621582 0.1634305864572525 0.06653927266597748 imageu_547196874870
13730 0.07500523328781128 0.0666666105389595 0.06630932539701462 imager_547143855237
13740 0.0723804384469986 0.057754479348659515 0.06610974669456482 imaged_547011856705
13750 0.11182127147912979 0.09040490537881851 0.06594553589820862 imageu_547142854240
13760 0.2234295904636383 0.18003766238689423 0.06579738855361938 imagef_547186864875
13770 0.10739350318908691 0.08573038876056671 0.06574277579784393 imageb_547018863705
13780 0.09936126321554184 0.07533565908670425 0.065613754093647 imageb_546902881194
13790 0.23409482836723328 0.1865350306034088 0.0654873326420784 imageu_547193871872
13800 0.03179017826914787 0.025194792076945305 0.06536643207073212 imagel_546931876806
13810 0.07874485850334167 0.07553019374608994 0.06509031355381012 imager_546951863443
13820 0.06844818592071533 0.05612387880682945 0.06500755250453949 imaged_546987866076
13830 0.03726596385240555 0.02949264645576477 0.06495551019906998 imagel_547077855978
13840 0.13583819568157196 0.1036338061094284 0.06488807499408722 imagef_547147859235
13850 0.12121458351612091 0.08968816697597504 0.06482797116041183 imagef_546900879170
13860 0.031153179705142975 0.023815199732780457 0.06465420871973038 imagel_546924869806
13870 0.11138240993022919 0.10917235910892487 0.06446321308612823 imager_547140885602
13880 0.09829612076282501 0.08587577939033508 0.06444597989320755 imaged_546928873809
13890 0.07626299560070038 0.07024131715297699 0.0643235370516777 imager_547001880072
13900 0.12798123061656952 0.1291733682155609 0.06417827308177948 imager_547138883611
13910 0.08331045508384705 0.05977925285696983 0.06394261866807938 imagef_547067879338
13920 0.11079034954309464 0.0856795608997345 0.06381828337907791 imagef_546984863078
13930 0.02804957516491413 0.0241971705108881 0.06378303468227386 imagel_547053865336
13940 0.12239745259284973 0.10677789896726608 0.06373345851898193 imageu_547019864709
13950 0.10028452426195145 0.0753755196928978 0.06368356198072433 imageb_547033878707
13960 0.17167407274246216 0.11907332390546799 0.0636305958032608 imagef_546861873539
13970 0.17059962451457977 0.17805662751197815 0.06360889971256256 imager_546858870537
13980 0.25431445240974426 0.25756528973579407 0.0634986087679863 imager_547194872874
13990 0.07214046269655228 0.05854810029268265 0.06338883191347122 imaged_546955867436
14000 0.08927986770868301 0.06905944645404816 0.06330963969230652 imageb_546904883185
14010 0.0497731938958168 0.03760596737265587 0.06306541711091995 imagel_547060872343
14020 0.08303290605545044 0.05931491404771805 0.06295732408761978 imagel_546846858536
14030 0.08544079214334488 0.06660991907119751 0.06283741444349289 imaged_546897876191
14040 0.021680908277630806 0.01695260778069496 0.0627077966928482 imagel_547096874977
14050 0.0858268141746521 0.07996322959661484 0.06256484985351562 imager_546953865434
14060 0.0930863618850708 0.07176093012094498 0.06249849125742912 imageb_547067879338
14070 0.033031389117240906 0.03059016726911068 0.06252213567495346 imagel_546887866191
14080 0.07338254153728485 0.06821068376302719 0.06248047202825546 imager_547154866233
14090 0.12001664191484451 0.09389695525169373 0.06240842491388321 imagef_547035880703
14100 0.11370203644037247 0.09231539815664291 0.062437381595373154 imageu_547033878707
14110 0.14650851488113403 0.12879453599452972 0.06243562698364258 imageb_547121866605
14120 0.09240511804819107 0.07106256484985352 0.06250114738941193 imageb_546956868435
14130 0.22794976830482483 0.15406234562397003 0.06250728666782379 imageb_546851863543
14140 0.10819890350103378 0.09402252733707428 0.06253375113010406 imaged_547142854240
14150 0.12649518251419067 0.09424322843551636 0.062484294176101685 imagef_546968880435
14160 0.06849823147058487 0.056121036410331726 0.062395576387643814 imaged_546968880435
14170 0.13127020001411438 0.09356395155191422 0.06230979040265083 imagef_546907852806
14180 0.11447398364543915 0.08836545050144196 0.06224367395043373 imageu_546919864808
14190 0.21891355514526367 0.1804126352071762 0.06218802556395531 imagef_546877856173
14200 0.08628576248884201 0.06398694217205048 0.06215285509824753 imageb_546955867436
14210 0.08574316650629044 0.08350358158349991 0.06203606352210045 imager_546990869071
14220 0.13437041640281677 0.10579629987478256 0.062072932720184326 imageb_546887866191
14230 0.03947974741458893 0.03225042670965195 0.06203141063451767 imagel_547135880603
14240 0.09674498438835144 0.08171645551919937 0.06198615953326225 imaged_546880859173
14250 0.02568594180047512 0.02184385247528553 0.06191957741975784 imagel_546992871071
14260 0.13054879009723663 0.11149530112743378 0.061903681606054306 imaged_546877856173
14270 0.023374704644083977 0.018212443217635155 0.06187314912676811 imagel_547123868601
14280 0.11733987182378769 0.08946673572063446 0.06177020072937012 imagef_547014859704
14290 0.12949873507022858 0.09461682289838791 0.06165637820959091 imaged_547201879876
14300 0.13541266322135925 0.10329494625329971 0.06152993068099022 imaged_546846858536
14310 0.3049864172935486 0.2753714919090271 0.06129204109311104 imageu_546848860533
14320 0.11972866952419281 0.09439508616924286 0.06119326502084732 imageu_546939884803
14330 0.05661465600132942 0.04448014497756958 0.06107288971543312 imaged_547006885077
14340 0.06130079925060272 0.04799974337220192 0.061095282435417175 imageu_546868880541
14350 0.09992494434118271 0.0729408785700798 0.06115080788731575 imageb_546926871803
14360 0.03362221643328667 0.031837377697229385 0.061076391488313675 imagel_547091869975
14370 0.10537268221378326 0.08454661071300507 0.06093209609389305 imaged_547147859235
14380 0.0739988312125206 0.054085809737443924 0.06079130619764328 imageb_546943855437
14390 0.06122433394193649 0.04853614792227745 0.06072317436337471 imaged_546968880435
14400 0.10526344925165176 0.0755537897348404 0.06066315621137619 imageu_546911856805
14410 0.09834031015634537 0.08489704877138138 0.06054845079779625 imager_546866878536
14420 0.16700775921344757 0.11860772967338562 0.060559771955013275 imagef_546858870537
14430 0.03983290493488312 0.03283994272351265 0.06057244539260864 imagel_547137882603
14440 0.07105747610330582 0.06186476722359657 0.0604829303920269 imager_547043855348
14450 0.09326709806919098 0.06368286162614822 0.06033610180020332 imageb_547004883077
14460 0.03198392689228058 0.023218655958771706 0.06017635762691498 imagel_547072884335
14470 0.09435748308897018 0.06986246258020401 0.06002676486968994 imageu_546965877440
14480 0.17848511040210724 0.12939688563346863 0.059895358979701996 imagef_547184862870
14490 0.09131918102502823 0.06706667691469193 0.05981982871890068 imageb_547072884335
14500 0.09016001224517822 0.06625603139400482 0.059745077043771744 imageb_546902881194
14510 0.08815724402666092 0.07131663709878922 0.05953456833958626 imaged_547084862980
14520 0.13186931610107422 0.10835185647010803 0.05941735580563545 imageb_547132877611
14530 0.08767916262149811 0.06394951790571213 0.059383656829595566 imageu_546972884442
14540 0.023231903091073036 0.017586728557944298 0.05933862552046776 imagel_547109854609
14550 0.06715594977140427 0.0497375912964344 0.05927784740924835 imaged_547106884970
14560 0.03268671780824661 0.022679822519421577 0.05924990773200989 imagel_546962874438
14570 0.10064959526062012 0.07221413403749466 0.0592128150165081 imageb_546997876076
14580 0.10895740985870361 0.08874088525772095 0.0591295063495636 imageu_547089867973
14590 0.08529730141162872 0.06873773038387299 0.05899995565414429 imaged_547149861238
14600 0.050505880266427994 0.04123824089765549 0.058900900185108185 imagel_546900879170
14610 0.0919361412525177 0.06688002496957779 0.05873117223381996 imageb_546999878077
14620 0.07374830543994904 0.058447159826755524 0.058686885982751846 imaged_546950862437
14630 0.12400820851325989 0.09317458420991898 0.05859379842877388 imagef_546970882435
14640 0.03293948620557785 0.02511765994131565 0.058469656854867935 imagel_546965877440
14650 0.06249081715941429 0.05477010831236839 0.058341171592473984 imager_547026871704
14660 0.07396936416625977 0.061844613403081894 0.05825560539960861 imaged_546984863078
14670 0.17934639751911163 0.09844149649143219 0.05816845968365669 imagel_546839884906
14680 0.10247847437858582 0.0816662609577179 0.058131780475378036 imageb_547018863705
14690 0.08348126709461212 0.05437512323260307 0.058062151074409485 imaged_547206884871
14700 0.09785773605108261 0.07232025265693665 0.057997409254312515 imagef_547040885702
14710 0.05424267426133156 0.036457207053899765 0.057701438665390015 imagel_547172884238
14720 0.15651367604732513 0.11369871348142624 0.05758588761091232 imageb_546861873539
14730 0.055481765419244766 0.04184333607554436 0.05744362249970436 imaged_547086864973
14740 0.0789160504937172 0.06666381657123566 0.0573003813624382 imaged_546955867436
14750 0.16190683841705322 0.09618828445672989 0.05717632547020912 imagef_547174852869
14760 0.06299065798521042 0.04947102442383766 0.05711900070309639 imaged_547065877343
14770 0.10544007271528244 0.0748165026307106 0.057051271200180054 imageu_546890869170
14780 0.2156912088394165 0.17955361306667328 0.05695835128426552 imaged_547196874870
14790 0.09617862850427628 0.07507552951574326 0.05685746297240257 imageb_546911856805
14800 0.15223239362239838 0.12315808981657028 0.05681586638092995 imaged_546848860533
14810 0.048546142876148224 0.04624916985630989 0.056669931858778 imagel_546871883543
14820 0.14036142826080322 0.13172580301761627 0.056687016040086746 imageu_547082860970
14830 0.10435262322425842 0.08202270418405533 0.05665450543165207 imageb_547021866708
14840 0.10311742126941681 0.0808209478855133 0.056564394384622574 imageu_546863875543
14850 0.059020284563302994 0.054477911442518234 0.05663464218378067 imager_547159871241
14860 0.10270562022924423 0.07560324668884277 0.0565815195441246 imageu_546962874438
14870 0.11077144742012024 0.07808703184127808 0.056479331105947495 imageu_547072884335
14880 0.11895331740379333 0.09023807942867279 0.05637824907898903 imagef_546894873172
14890 0.06259004771709442 0.053598903119564056 0.05631120875477791 imager_547009854705
14900 0.03671833127737045 0.030475405976176262 0.056248825043439865 imagel_547140885602
14910 0.0718294307589531 0.057290248572826385 0.05606772005558014 imaged_546924869806
14920 0.0760456994175911 0.06563559174537659 0.0559563972055912 imager_547132877611
14930 0.12885676324367523 0.10943831503391266 0.05586716905236244 imaged_547167879238
14940 0.1546059250831604 0.13030476868152618 0.055895544588565826 imagef_546922867806
14950 0.0650956854224205 0.056863754987716675 0.05593185871839523 imager_546890869170
14960 0.2745758295059204 0.2406509518623352 0.055998608469963074 imageu_546848860533
14970 0.08339555561542511 0.05846171826124191 0.056021515280008316 imagef_547030875702
14980 0.043447013944387436 0.03643016889691353 0.05601554736495018 imagel_546854866535
14990 0.0752691850066185 0.06775397807359695 0.05599174275994301 imager_547040885702
15000 0.03309010714292526 0.025707857683300972 0.05596045032143593 imagel_547145857237
15010 0.09323372691869736 0.0916963517665863 0.055913351476192474 imager_547091869975
15020 0.12272600084543228 0.09407184273004532 0.0558602437376976 imageb_546877856173
15030 0.12376939505338669 0.09834318608045578 0.0558520145714283 imageb_546882861171
15040 0.10039009153842926 0.08254089951515198 0.05584227666258812 imagef_546994873075
15050 0.030832121148705482 0.028585098683834076 0.05581052228808403 imagel_547126871606
15060 0.07908657938241959 0.06522975116968155 0.05573105812072754 imaged_546967879439
15070 0.08242366462945938 0.0648040696978569 0.05568818747997284 imaged_546951863443
15080 0.09095354378223419 0.06907519698143005 0.055652767419815063 imageb_547031876706
15090 0.0903276726603508 0.08587326109409332 0.05564410611987114 imager_547150862236
15100 0.09218364208936691 0.07288490980863571 0.05565657466650009 imagef_547053865336
15110 0.04356025904417038 0.03460878133773804 0.055667370557785034 imager_546868880541
15120 0.11270423233509064 0.09243857860565186 0.05578560754656792 imageu_547115860606
15130 0.054565828293561935 0.04661203920841217 0.0558491051197052 imager_546958870432
15140 0.09995456784963608 0.09327556937932968 0.055931124836206436 imager_546880859173
15150 0.10844265669584274 0.08065159618854523 0.055959299206733704 imageu_546888867171
15160 0.11640741676092148 0.08263788372278214 0.05590641126036644 imaged_546860872536
15170 0.12808699905872345 0.09773410111665726 0.05584205687046051 imageb_546892871169
15180 0.08729152381420135 0.06494580954313278 0.05578210949897766 imageu_547070882331
15190 0.11513685435056686 0.07851619273424149 0.05578337609767914 imaged_546858870537
15200 0.130165696144104 0.11146517097949982 0.055736273527145386 imagef_547154866233
15210 0.10270080715417862 0.07700438052415848 0.055766817182302475 imageu_547024869702
15220 0.07882145792245865 0.06834587454795837 0.055733710527420044 imager_546967879439
15230 0.10778364539146423 0.08201166987419128 0.055657774209976196 imager_547177855874
15240 0.025891805067658424 0.02072155848145485 0.05554518476128578 imagel_547106884970
15250 0.1714371293783188 0.14453957974910736 0.05546083301305771 imaged_546861873539
15260 0.09201482683420181 0.06741640716791153 0.05541951209306717 imagef_547084862980
15270 0.11751504242420197 0.11878694593906403 0.055354196578264236 imager_547203881874
15280 0.09560136497020721 0.07147759199142456 0.05529993772506714 imagef_547028873712
15290 0.23500384390354156 0.19806228578090668 0.055219005793333054 imaged_547198876871
15300 0.12985169887542725 0.11032222956418991 0.055117517709732056 imageu_547113858603
15310 0.08366384357213974 0.06396177411079407 0.05501426011323929 imageb_546938883810
15320 0.031201116740703583 0.022883297875523567 0.05493532866239548 imagel_547023868703
15330 0.12771356105804443 0.09719034284353256 0.054946403950452805 imaged_547172884238
15340 0.05097854137420654 0.043897975236177444 0.054997995495796204 imagel_546848860533
15350 0.10182339698076248 0.08037993311882019 0.05499652400612831 imageu_547030875702
15360 0.08315596729516983 0.07313485443592072 0.05494147539138794 imager_547075853978
15370 0.1231406182050705 0.09720373153686523 0.05487491562962532 imagef_547011856705
15380 0.0418861098587513 0.036350034177303314 0.05480658635497093 imager_546871883543
15390 0.11571352928876877 0.11432164907455444 0.054764892905950546 imager_546887866191
15400 0.12576279044151306 0.10202270746231079 0.05471906065940857 imageb_546992871071
15410 0.10230134427547455 0.08284640312194824 0.05469491705298424 imageb_547052864345
15420 0.12959972023963928 0.11407739669084549 0.054649077355861664 imager_547147859235
15430 0.10432769358158112 0.07622762024402618 0.05464142560958862 imageb_546982861070
15440 0.05798419192433357 0.05192844942212105 0.0545811653137207 imager_546951863443
15450 0.02986609935760498 0.023047788068652153 0.05452520400285721 imagel_546890869170
15460 0.0767354667186737 0.06245708093047142 0.05450276657938957 imaged_547024869702
15470 0.06267149746417999 0.049488574266433716 0.05450053885579109 imaged_547069881338
15480 0.08207687735557556 0.0721893236041069 0.054504621773958206 imager_546875854173
15490 0.13491684198379517 0.09376747906208038 0.054642561823129654 imagef_546916861809
15500 0.10678716003894806 0.08040670305490494 0.054659124463796616 imageb_547096874977
15510 0.028359541669487953 0.020235756412148476 0.05476604029536247 imagel_547011856705
15520 0.17886270582675934 0.12142089754343033 0.054753925651311874 imagef_546849861536
15530 0.10523337870836258 0.07622070610523224 0.05465955659747124 imagef_547106884970
15540 0.10074225068092346 0.07818222045898438 0.05457380414009094 imageu_547103881966
15550 0.09053210914134979 0.08004619926214218 0.054511308670043945 imager_546877856173
15560 0.1137174591422081 0.08782417327165604 0.05442452430725098 imagef_547035880703
15570 0.08284702897071838 0.06900113075971603 0.054333388805389404 imaged_547115860606
15580 0.11836635321378708 0.0889313593506813 0.054238513112068176 imagef_547140885602
15590 0.07695699483156204 0.06427151709794998 0.05418616160750389 imaged_546992871071
15600 0.09351526945829391 0.06698346138000488 0.05412798374891281 imageb_546975854071
15610 0.03276321664452553 0.027602242305874825 0.054047949612140656 imagel_547052864345
15620 0.10204971581697464 0.07084181159734726 0.05396527051925659 imageu_546967879439
15630 0.054860591888427734 0.047726139426231384 0.05388854444026947 imager_546972884442
15640 0.020854728296399117 0.017392044886946678 0.053818389773368835 imagel_547125870610
15650 0.1022728756070137 0.08569945394992828 0.05375944823026657 imageu_547126871606
15660 0.07323574274778366 0.06697480380535126 0.05373317375779152 imager_547203881874
15670 0.1766282618045807 0.14512448012828827 0.05375245586037636 imageb_547206884871
15680 0.03417278453707695 0.02531326748430729 0.053765926510095596 imagel_546977856071
15690 0.048533979803323746 0.03827694058418274 0.05376359447836876 imagel_547035880703
15700 0.07840204983949661 0.05923885107040405 0.05368904769420624 imageb_546945857437
15710 0.17168134450912476 0.14894838631153107 0.05357552319765091 imaged_547194872874
15720 0.10519193857908249 0.0802958533167839 0.05345660820603371 imagef_547040885702
15730 0.05452262610197067 0.04230591282248497 0.05340495705604553 imaged_547006885077
15740 0.06817037612199783 0.05509333312511444 0.05336592346429825 imaged_546992871071
15750 0.08473251014947891 0.05999772250652313 0.05339417979121208 imagef_547055867337
15760 0.06482310593128204 0.05575840547680855 0.053414326161146164 imager_547064876339
15770 0.0574292428791523 0.047207240015268326 0.053350385278463364 imagel_547181859871
15780 0.06607339531183243 0.04267934709787369 0.05324113741517067 imageu_546863875543
15790 0.1263074278831482 0.11479183286428452 0.05314352735877037 imager_547171883239
15800 0.1488342583179474 0.10530383139848709 0.05305812880396843 imageu_546856868537
15810 0.07461543381214142 0.05630256235599518 0.05298549681901932 imageb_546938883810
15820 0.08227993547916412 0.07492569833993912 0.05294505134224892 imager_547106884970
15830 0.09222546964883804 0.06837275624275208 0.05286893993616104 imageb_546999878077
15840 0.19491887092590332 0.1278209090232849 0.05278543755412102 imagef_547205883874
15850 0.06010798364877701 0.05359760299324989 0.05271896347403526 imager_547024869702
15860 0.09230993688106537 0.06698265671730042 0.052584439516067505 imageb_546926871803
15870 0.025268536061048508 0.017557548359036446 0.05250266194343567 imagel_547006885077
15880 0.10447277873754501 0.08829264342784882 0.05243103578686714 imager_547183861871
15890 0.035245053470134735 0.02448294684290886 0.052399054169654846 imagel_546980859076
15900 0.025392228737473488 0.019022297114133835 0.05238375812768936 imagel_547106884970
15910 0.10403960943222046 0.07764667272567749 0.05241302773356438 imagef_546982861070
15920 0.08423162251710892 0.06729891151189804 0.05239061638712883 imageu_547018863705
15930 0.17589037120342255 0.15317168831825256 0.05242234095931053 imageb_547191869875
15940 0.10368402302265167 0.07852427661418915 0.05240270495414734 imageu_547140885602
15950 0.15976744890213013 0.09633616358041763 0.05237420275807381 imagef_547174852869
15960 0.08353984355926514 0.06034672632813454 0.0524166077375412 imageb_547070882331
15970 0.08153467625379562 0.05449232459068298 0.05243358016014099 imageb_546967879439
15980 0.029692841693758965 0.02155250683426857 0.05240189656615257 imagel_547045857339
15990 0.025550520047545433 0.018673859536647797 0.05240385979413986 imagel_546975854071
16000 0.09192537516355515 0.06478168815374374 0.05237966403365135 imagef_546945857437
16010 0.013396570459008217 0.011482590809464455 0.05234730616211891 imagel_546882861171
16020 0.0613875612616539 0.039388030767440796 0.052338846027851105 imageu_547159871241
16030 0.08177575469017029 0.06083604320883751 0.05232567340135574 imageb_547058870341
16040 0.07816214859485626 0.07145620137453079 0.05231817811727524 imager_547021866708
16050 0.10242582112550735 0.0762769877910614 0.05228449031710625 imagef_546871883543
16060 0.13138864934444427 0.09798766672611237 0.052228692919015884 imagef_547149861238
16070 0.09443143010139465 0.08122347295284271 0.052250269800424576 imaged_546900879170
16080 0.04557754099369049 0.03176409378647804 0.05217659845948219 imagel_547189867877
16090 0.06528086960315704 0.04609965160489082 0.05207499861717224 imaged_546919864808
16100 0.1380394846200943 0.10767347365617752 0.05198333412408829 imageb_547137882603
16110 0.10682325810194016 0.08509021997451782 0.051945965737104416 imagef_547121866605
16120 0.08374825865030289 0.07341644167900085 0.05191963165998459 imager_547128873606
16130 0.11797217279672623 0.08299680799245834 0.05183625593781471 imaged_547174852869
16140 0.026102332398295403 0.02298882231116295 0.05174467712640762 imagel_546917862811
16150 0.10098205506801605 0.07201171666383743 0.051742542535066605 imageb_547048860337
16160 0.17760801315307617 0.10726598650217056 0.051743317395448685 imagef_547172884238
16170 0.030196407809853554 0.022135166451334953 0.05180145800113678 imagel_546965877440
16180 0.08414781838655472 0.07651858776807785 0.05191988870501518 imager_546878857194
16190 0.05270250886678696 0.04040546342730522 0.05195501819252968 imagel_547154866233
16200 0.07092562317848206 0.05659235268831253 0.051921263337135315 imageb_546871883543
16210 0.04908028244972229 0.03982817381620407 0.05180821567773819 imagel_546987866076
16220 0.08425112813711166 0.0634308010339737 0.05167614296078682 imageb_546929874807
16230 0.19923129677772522 0.1482166349887848 0.05166056752204895 imagef_546848860533
16240 0.15622620284557343 0.12221302092075348 0.051617156714200974 imageb_547203881874
16250 0.03719945251941681 0.020295869559049606 0.05154677480459213 imagel_547162874244
16260 0.051638007164001465 0.037478700280189514 0.05153048783540726 imaged_546962874438
16270 0.06847347319126129 0.06158321723341942 0.051462046802043915 imager_547070882331
16280 0.02596386894583702 0.01998244598507881 0.051432885229587555 imagel_546933878804
16290 0.05582772567868233 0.041073959320783615 0.051415398716926575 imaged_547035880703
16300 0.13215279579162598 0.10045074671506882 0.05134867504239082 imageb_547113858603
16310 0.04500835761427879 0.036322250962257385 0.05124281719326973 imager_546917862811
16320 0.19378671050071716 0.13150928914546967 0.05114425718784332 imagef_547198876871
16330 0.0982561856508255 0.07182952016592026 0.05107933282852173 imageu_547001880072
16340 0.112299345433712 0.08331383764743805 0.05103858560323715 imageb_547152864241
16350 0.07387449592351913 0.04988745599985123 0.05097917094826698 imaged_546907852806
16360 0.09247763454914093 0.06884359568357468 0.05097077041864395 imageu_547081859975
16370 0.0868907943367958 0.06440837681293488 0.050952132791280746 imageb_547028873712
16380 0.13704894483089447 0.09198611974716187 0.05091915652155876 imageu_546854866535
16390 0.08916126936674118 0.06925686448812485 0.050930894911289215 imageu_547062874337
16400 0.029800159856677055 0.019605450332164764 0.05090373754501343 imagel_546905884197
16410 0.027742747217416763 0.020721273496747017 0.05081935599446297 imagel_546934879798
16420 0.12339161336421967 0.08579081296920776 0.05073380470275879 imagef_546892871169
16430 0.11288616061210632 0.08254529535770416 0.0506671778857708 imageu_546885864170
16440 0.044099848717451096 0.035198379307985306 0.050643980503082275 imagel_547033878707
16450 0.09507273137569427 0.075889952480793 0.05063936486840248 imageu_547128873606
16460 0.11368676275014877 0.09054677933454514 0.05057383328676224 imageb_547200878871
16470 0.12268571555614471 0.10631214082241058 0.05052519589662552 imagef_547157869236
16480 0.09348315000534058 0.0665193721652031 0.05050193890929222 imagef_547021866708
16490 0.023544907569885254 0.016104886308312416 0.0504879355430603 imagel_547103881966
16500 0.050666119903326035 0.04373547434806824 0.050477057695388794 imager_546890869170
16510 0.06574660539627075 0.05320320278406143 0.05045440420508385 imaged_547033878707
16520 0.08932171016931534 0.06817194074392319 0.05042150244116783 imageu_546992871071
16530 0.0933414101600647 0.09034688770771027 0.05038512870669365 imager_547092870974
16540 0.18652132153511047 0.14054231345653534 0.05036323890089989 imagef_547191869875
16550 0.08115057647228241 0.06978736817836761 0.05035248026251793 imaged_546956868435
16560 0.14039504528045654 0.10588645935058594 0.05043390393257141 imageu_547132877611
16570 0.09221035987138748 0.06831616163253784 0.05047580227255821 imageu_547031876706
16580 0.0885198786854744 0.06901686638593674 0.05055590718984604 imageu_546931876806
16590 0.10525253415107727 0.08243164420127869 0.05064154416322708 imageu_546965877440
16600 0.2686190903186798 0.14481347799301147 0.050648320466279984 imageb_546841853547
16610 0.06824115663766861 0.050207432359457016 0.05065902695059776 imaged_546943855437
16620 0.018870258703827858 0.014916719868779182 0.050663724541664124 imagel_547094872971
16630 0.09213471412658691 0.06476365029811859 0.050601452589035034 imageu_547041853338
16640 0.09504778683185577 0.06705325841903687 0.050534460693597794 imagef_547038883711
16650 0.13582484424114227 0.10284566879272461 0.050524596124887466 imageb_547155867242
16660 0.054982323199510574 0.04907311499118805 0.05052884295582771 imager_546963875440
16670 0.06826770305633545 0.04994090273976326 0.0504942461848259 imaged_547087865974
16680 0.11057290434837341 0.07736916095018387 0.05041799321770668 imagef_547154866233
16690 0.06014050543308258 0.044809821993112564 0.0503525584936142 imaged_547038883711
16700 0.18116800487041473 0.10117064416408539 0.050271790474653244 imagef_547171883239
16710 0.10790900141000748 0.09009241312742233 0.05022776499390602 imageu_547121866605
16720 0.11787452548742294 0.08144234865903854 0.0501992292702198 imagef_546917862811
16730 0.07171782851219177 0.06862946599721909 0.050207749009132385 imager_546928873809
16740 0.1278318464756012 0.09814295172691345 0.050230734050273895 imageb_547154866233
16750 0.057503607124090195 0.04507486894726753 0.05021798983216286 imaged_546980859076
16760 0.11260848492383957 0.07877743989229202 0.05025075376033783 imaged_547200878871
16770 0.21845829486846924 0.16835075616836548 0.050290852785110474 imageu_547193871872
16780 0.06701316684484482 0.05629173293709755 0.05032753571867943 imager_547048860337
16790 0.07820659130811691 0.04853993281722069 0.05036661773920059 imaged_547206884871
16800 0.12176729738712311 0.0721115916967392 0.05036260187625885 imaged_546843855539
16810 0.06376665830612183 0.049556951969861984 0.05030173063278198 imaged_546970882435
16820 0.06404431909322739 0.04762982577085495 0.05023661628365517 imaged_546973885436
16830 0.067807637155056 0.04729938134551048 0.05023372918367386 imageb_546985864078
16840 0.099484883248806 0.07156874984502792 0.05021893233060837 imagef_547120865600
16850 0.19234906136989594 0.15824036300182343 0.05018496885895729 imageu_546860872536
16860 0.10345155000686646 0.07894042134284973 0.05020682141184807 imagef_547098876976
16870 0.1099323183298111 0.07983309775590897 0.05025139078497887 imagef_546883862169
16880 0.0691431313753128 0.055022090673446655 0.05031813308596611 imaged_547009854705
16890 0.11100703477859497 0.07127302885055542 0.050369009375572205 imagel_547205883874
16900 0.06854016333818436 0.05962605029344559 0.05044521018862724 imager_547084862980
16910 0.09358485043048859 0.08089616149663925 0.050481390208005905 imager_546892871169
16920 0.1121140643954277 0.08665219694375992 0.05048942565917969 imageu_547138883611
16930 0.07916168868541718 0.06597403436899185 0.05045216903090477 imageu_547152864241
16940 0.07877099514007568 0.06399613618850708 0.050413403660058975 imaged_547121866605
16950 0.16424334049224854 0.14466412365436554 0.05044924095273018 imaged_546866878536
16960 0.06094590201973915 0.05776365473866463 0.05042802914977074 imager_546980859076
16970 0.06598211824893951 0.05025715380907059 0.05040603503584862 imaged_546900879170
16980 0.07157918810844421 0.060334328562021255 0.05037049204111099 imagef_546866878536
16990 0.024283261969685555 0.017522383481264114 0.05033297836780548 imagel_547099877967
17000 0.2131638526916504 0.16956864297389984 0.05028931051492691 imageu_547194872874
17010 0.07218044251203537 0.05874243751168251 0.05022350698709488 imaged_547115860606
17020 0.04755827784538269 0.04320080578327179 0.0502469576895237 imager_546929874807
17030 0.08918064832687378 0.06105337664484978 0.050280410796403885 imageu_547038883711
17040 0.16542759537696838 0.07898930460214615 0.05029414966702461 imagel_546841853547
17050 0.06874537467956543 0.05517005920410156 0.050245292484760284 imaged_547077855978
17060 0.08769381046295166 0.06291492283344269 0.05014556646347046 imageb_547092870974
17070 0.06426683813333511 0.04507948085665703 0.05010100081562996 imaged_547123868601
17080 0.0844537764787674 0.06007208675146103 0.05007699131965637 imageb_547047859335
17090 0.07056894898414612 0.05113738775253296 0.050067655742168427 imaged_546917862811
17100 0.08436369895935059 0.05962388589978218 0.05002783611416817 imageu_547011856705
17110 0.08756107091903687 0.053047917783260345 0.04993980750441551 imagel_547203881874
17120 0.08643962442874908 0.05882084369659424 0.04984453320503235 imagef_547038883711
17130 0.10889032483100891 0.09309988468885422 0.04979965463280678 imager_547205883874
17140 0.16102443635463715 0.12399345636367798 0.04980084300041199 imageu_547184862870
17150 0.09432222694158554 0.07021359354257584 0.04976743087172508 imagef_547086864973
17160 0.09940909594297409 0.08607999980449677 0.049682293087244034 imager_547166878243
17170 0.09014669805765152 0.06950900703668594 0.049543943256139755 imageb_547026871704
17180 0.03399916738271713 0.022478898987174034 0.0494912825524807 imagel_547024869702
17190 0.06087742745876312 0.052520085126161575 0.04943893477320671 imager_547040885702
17200 0.1737935096025467 0.12506191432476044 0.049395449459552765 imaged_547191869875
17210 0.06569759547710419 0.04914834722876549 0.049339234828948975 imaged_547140885602
17220 0.08604062348604202 0.06801111251115799 0.0493345782160759 imageb_547126871606
17230 0.09240250289440155 0.0685504898428917 0.04927782714366913 imageb_547130875605
17240 0.09370109438896179 0.08762066066265106 0.04923113435506821 imager_547118863609
17250 0.07395864278078079 0.05119136720895767 0.049135722219944 imageu_547009854705
17260 0.02608371526002884 0.02074434794485569 0.04908907413482666 imagel_546933878804
17270 0.11479533463716507 0.0865810215473175 0.04903259500861168 imageu_546877856173
17280 0.07545369863510132 0.051548201590776443 0.04898758977651596 imageb_546977856071
17290 0.17825336754322052 0.12246662378311157 0.0489334836602211 imagef_546851863543
17300 0.0747169703245163 0.05669489875435829 0.04889464005827904 imaged_546936881803
17310 0.040923602879047394 0.03585390746593475 0.04889918491244316 imager_546888867171
17320 0.15315483510494232 0.11809222400188446 0.04888191819190979 imagef_546878857194
17330 0.09089295566082001 0.07069742679595947 0.04882662370800972 imager_546853865537
17340 0.06316903233528137 0.0418132059276104 0.04877881333231926 imagef_547070882331
17350 0.08281323313713074 0.05749345198273659 0.04871842637658119 imageu_546878857194
17360 0.07709114998579025 0.0706232562661171 0.04865766689181328 imager_547137882603
17370 0.06917234510183334 0.03430669382214546 0.04863874986767769 imagel_547159871241
17380 0.07578447461128235 0.050484929233789444 0.04860479012131691 imageb_546914859807
17390 0.058169830590486526 0.0509629063308239 0.04863778129220009 imager_547035880703
17400 0.024916185066103935 0.016765497624874115 0.04863458499312401 imagel_546960872437
17410 0.06164001673460007 0.050650034099817276 0.04865171015262604 imaged_546979858070
17420 0.0822380781173706 0.06182223930954933 0.04861432686448097 imageu_546931876806
17430 0.12115044891834259 0.07937534153461456 0.048556338995695114 imaged_547176854870
17440 0.24279610812664032 0.20295728743076324 0.04859592393040657 imaged_547188866869
17450 0.025764591991901398 0.01829790137708187 0.04859609156847 imagel_546890869170
17460 0.08015011996030807 0.059134986251592636 0.04860527440905571 imageb_546904883185
17470 0.07825790345668793 0.05454143136739731 0.04863542690873146 imageu_546963875440
17480 0.09636281430721283 0.0654846578836441 0.04863157868385315 imageu_546905884197
17490 0.02883974090218544 0.017791561782360077 0.04866168275475502 imagel_546905884197
17500 0.020870259031653404 0.016938112676143646 0.04863451048731804 imagel_547126871606
17510 0.14859206974506378 0.10216457396745682 0.04859752580523491 imagef_546877856173
17520 0.0842360109090805 0.07007373869419098 0.04859016835689545 imageb_546866878536
17530 0.07170718908309937 0.050805192440748215 0.04861681908369064 imageb_547011856705
17540 0.22485142946243286 0.19566510617733002 0.048626601696014404 imagef_547194872874
17550 0.023389605805277824 0.017540108412504196 0.048627350479364395 imagel_546984863078
17560 0.12736690044403076 0.10073322057723999 0.0486765056848526 imagef_547152864241
17570 0.04987957701086998 0.04437163099646568 0.0487511120736599 imager_546953865434
17580 0.041121598333120346 0.03586003929376602 0.04872678965330124 imager_546885864170
17590 0.11042224615812302 0.08189424127340317 0.04872694984078407 imagef_546894873172
17600 0.050697699189186096 0.03623921796679497 0.0487191267311573 imaged_546987866076
17610 0.05276152119040489 0.036095451563596725 0.04868170991539955 imaged_546946858444
17620 0.08825056254863739 0.06163514778017998 0.04865115135908127 imageu_547087865974
17630 0.07798326015472412 0.057763565331697464 0.04858456179499626 imageb_546953865434
17640 0.12805770337581635 0.08308985829353333 0.048521578311920166 imagef_546875854173
17650 0.06036026403307915 0.04568507522344589 0.0484854131937027 imaged_547053865336
17660 0.15951187908649445 0.10886295884847641 0.04846661910414696 imaged_547189867877
17670 0.07772906869649887 0.054077476263046265 0.048438332974910736 imageb_547031876706
17680 0.04274344444274902 0.036271147429943085 0.0484079085290432 imager_546984863078
17690 0.023261606693267822 0.01564898155629635 0.04835082218050957 imagel_546951863443
17700 0.07574085146188736 0.06761559098958969 0.04828610643744469 imager_547043855348
17710 0.08584876358509064 0.07068601250648499 0.048260122537612915 imaged_547142854240
17720 0.07760190963745117 0.06094769760966301 0.048209577798843384 imager_547167879238
17730 0.0734863430261612 0.053787678480148315 0.04818199202418327 imagef_547091869975
17740 0.11206946521997452 0.07211039960384369 0.048139020800590515 imaged_546858870537
17750 0.05626450106501579 0.04128427803516388 0.04811860993504524 imageu_546871883543
17760 0.06676173955202103 0.045663606375455856 0.0481116957962513 imageb_546958870432
17770 0.0734754353761673 0.05012271925806999 0.04806933179497719 imageb_547016861703
17780 0.3074303865432739 0.22479479014873505 0.04798748716711998 imageb_546846858536
17790 0.1776907593011856 0.11196759343147278 0.04790277034044266 imagef_547206884871
17800 0.21518942713737488 0.17134442925453186 0.04784449562430382 imageu_547186864875
17810 0.15512068569660187 0.07078169286251068 0.0478418804705143 imagel_546843855539
17820 0.0606154128909111 0.04642271250486374 0.04779660701751709 imaged_547007852711
17830 0.10831627249717712 0.07668989151716232 0.047747474163770676 imagef_546965877440
17840 0.08981890231370926 0.06703069061040878 0.047706905752420425 imageu_546934879798
17850 0.08045101165771484 0.0541360042989254 0.047714993357658386 imager_547172884238
17860 0.028017068281769753 0.022504452615976334 0.047714393585920334 imagel_547009854705
17870 0.12065526098012924 0.09005419909954071 0.0476723238825798 imageb_547154866233
17880 0.09348806738853455 0.08905865997076035 0.04764309898018837 imager_547152864241
17890 0.0774516761302948 0.05397118255496025 0.04763241112232208 imageb_546994873075
17900 0.022842464968562126 0.017803600057959557 0.04761983081698418 imagel_547120865600
17910 0.09423848241567612 0.07290973514318466 0.04758461192250252 imagef_547019864709
17920 0.048995353281497955 0.031198130920529366 0.0475396104156971 imagel_547172884238
17930 0.08492762595415115 0.05790280923247337 0.0474737249314785 imageb_546996875070
17940 0.06707021594047546 0.04942832142114639 0.04743530973792076 imaged_547087865974
17950 0.0817481279373169 0.05823299288749695 0.04744704067707062 imageu_547055867337
17960 0.1355183720588684 0.11089033633470535 0.04743945598602295 imager_547176854870
17970 0.022209499031305313 0.014590171165764332 0.047422491014003754 imagel_547138883611
17980 0.09058531373739243 0.07601048052310944 0.047394879162311554 imagef_547164876237
17990 0.01739366352558136 0.014689791947603226 0.04733693599700928 imagel_547070882331
18000 0.10217498987913132 0.07223203033208847 0.047265149652957916 imagef_546885864170
18010 0.04151340574026108 0.036480993032455444 0.0472436286509037 imager_546956868435
18020 0.09430716931819916 0.06407421082258224 0.047227829694747925 imageu_546916861809
18030 0.07993113249540329 0.05129054933786392 0.04723260924220085 imagef_547072884335
18040 0.09783367812633514 0.0711749866604805 0.04722476750612259 imagef_547118863609
18050 0.09110800921916962 0.06389765441417694 0.047259263694286346 imageb_546863875543
18060 0.0203666053712368 0.01618207059800625 0.047275181859731674 imagel_547065877343
18070 0.09691181033849716 0.07269468158483505 0.04730759188532829 imaged_547203881874
18080 0.05214521288871765 0.04470396041870117 0.04736330360174179 imager_546941853440
18090 0.10317904502153397 0.07276970893144608 0.047373250126838684 imageb_546883862169
18100 0.025109881535172462 0.021864986047148705 0.047382254153490067 imagel_547092870974
18110 0.09685751050710678 0.07519210129976273 0.04737298563122749 imageu_547106884970
18120 0.10160566866397858 0.08097618818283081 0.047401536256074905 imageu_547058870341
18130 0.1031651496887207 0.07996557652950287 0.04743346944451332 imageb_547133878607
18140 0.08184362202882767 0.07777076959609985 0.04743707552552223 imager_547135880603
18150 0.07982233166694641 0.056597981601953506 0.04745988920331001 imageu_546956868435
18160 0.02263280190527439 0.017720775678753853 0.04743675887584686 imagel_547001880072
18170 0.07890350371599197 0.05018367990851402 0.047385357320308685 imagef_547075853978
18180 0.0987943485379219 0.06868330389261246 0.04741714894771576 imagef_546938883810
18190 0.07584448903799057 0.05326670780777931 0.0474717803299427 imagef_547104882977
18200 0.07777685672044754 0.05953468382358551 0.04750082641839981 imageb_546873885533
18210 0.1143985167145729 0.08454038202762604 0.04754546284675598 imageb_547142854240
18220 0.12261861562728882 0.11809377372264862 0.04761744290590286 imager_547196874870
18230 0.05370090529322624 0.04630650207400322 0.04763628914952278 imagel_546848860533
18240 0.05061612278223038 0.04396992176771164 0.04765478894114494 imager_547092870974
18250 0.045683037489652634 0.03615140542387962 0.047633931040763855 imager_546912857810
18260 0.06910490244626999 0.05001169070601463 0.04761902615427971 imageb_546931876806
18270 0.14946222305297852 0.08438745141029358 0.047707151621580124 imageb_547181859871
18280 0.09950070828199387 0.06656930595636368 0.04777134209871292 imagef_546909854806
18290 0.10819456726312637 0.10053042322397232 0.04779411479830742 imager_547196874870
18300 0.06084655597805977 0.04999266564846039 0.0477411113679409 imager_547052864345
18310 0.06260745227336884 0.041126564145088196 0.04765322431921959 imagef_547065877343
18320 0.1466958373785019 0.10534689575433731 0.04756254702806473 imageu_546858870537
18330 0.10139388591051102 0.08277712017297745 0.0475044772028923 imagel_547198876871
18340 0.123606376349926 0.07266788929700851 0.047523319721221924 imaged_547179857873
18350 0.1074075773358345 0.08649799972772598 0.047516461461782455 imageu_547115860606
18360 0.12277425825595856 0.10713706165552139 0.04752299562096596 imagef_546996875070
18370 0.07689869403839111 0.05278465151786804 0.04752163216471672 imageu_546997876076
18380 0.20811641216278076 0.14994557201862335 0.047489751130342484 imageu_547198876871
18390 0.08708223700523376 0.06683299690485 0.047489192336797714 imageu_547143855237
18400 0.08335936069488525 0.06068866327404976 0.04746544361114502 imageu_547058870341
18410 0.07356740534305573 0.06063569337129593 0.0474376380443573 imageb_546871883543
18420 0.07857514172792435 0.05404454097151756 0.04742347449064255 imageb_547106884970
18430 0.02040950581431389 0.016276050359010696 0.04743243008852005 imagel_546880859173
18440 0.031554169952869415 0.0176806952804327 0.04738486930727959 imagel_547181859871
18450 0.057521697133779526 0.022962911054491997 0.047371067106723785 imagel_547167879238
18460 0.11624189466238022 0.08360051363706589 0.04737299308180809 imaged_547172884238
18470 0.02117604948580265 0.01551251020282507 0.047482021152973175 imagel_547001880072
18480 0.0905262902379036 0.06192806363105774 0.04752010107040405 imageu_547109854609
18490 0.06209564954042435 0.05665985494852066 0.04748633876442909 imager_547089867973
18500 0.03707422316074371 0.03016621619462967 0.04741876944899559 imagel_547176854870
18510 0.017601169645786285 0.014710559509694576 0.047345325350761414 imagel_546885864170
18520 0.045245926827192307 0.03699767589569092 0.04728366807103157 imager_547055867337
18530 0.06551127880811691 0.04317159950733185 0.04725995659828186 imageb_547036881708
18540 0.01696518249809742 0.012288836762309074 0.04730910062789917 imagel_547123868601
18550 0.023735856637358665 0.019793514162302017 0.04726603999733925 imager_546868880541
18560 0.09921584278345108 0.07449787110090256 0.04720926284790039 imageu_547108853603
18570 0.04062621295452118 0.031980305910110474 0.04716593399643898 imagel_546899878172
18580 0.04817413166165352 0.03540118411183357 0.04713727533817291 imaged_546980859076
18590 0.11065013706684113 0.08035318553447723 0.04713848605751991 imagef_546922867806
18600 0.09610597044229507 0.06872083246707916 0.047123633325099945 imageb_546888867171
18610 0.0686739906668663 0.04457502439618111 0.047098610550165176 imageu_547084862980
18620 0.0525372251868248 0.04553285613656044 0.04708463326096535 imager_546941853440
18630 0.080295629799366 0.05718281492590904 0.04704955965280533 imageb_546926871803
18640 0.060807473957538605 0.05027136579155922 0.04703538864850998 imager_547007852711
18650 0.029034428298473358 0.01857149414718151 0.046991560608148575 imagel_547150862236
18660 0.08917426317930222 0.0640716552734375 0.04690343514084816 imageb_546890869170
18670 0.01460888423025608 0.011663048528134823 0.04688502475619316 imagel_547070882331
18680 0.28123897314071655 0.18877477943897247 0.04683726653456688 imageu_546844856539
18690 0.07854484021663666 0.05216521769762039 0.04677939414978027 imager_547172884238
18700 0.05020281299948692 0.03394458442926407 0.04677242413163185 imaged_547075853978
18710 0.08492536097764969 0.05819214880466461 0.04679790139198303 imagef_546871883543
18720 0.0731118768453598 0.06604068726301193 0.04675508290529251 imager_547135880603
18730 0.07945942133665085 0.05786724388599396 0.04671446233987808 imagef_546989868066
18740 0.061034396290779114 0.05490066856145859 0.046685393899679184 imager_547126871606
18750 0.08057656139135361 0.059371959418058395 0.04668619483709335 imageu_547128873606
18760 0.050164710730314255 0.04151652753353119 0.04670353978872299 imager_547070882331
18770 0.19984866678714752 0.14451190829277039 0.04675011709332466 imagef_546846858536
18780 0.0908876433968544 0.0575471930205822 0.04682915657758713 imageb_546917862811
18790 0.11013029515743256 0.0864674523472786 0.046896785497665405 imagef_547152864241
18800 0.07155515253543854 0.06570207327604294 0.0469466969370842 imager_547138883611
18810 0.0918503925204277 0.06148211285471916 0.0469706691801548 imagef_546938883810
18820 0.07981877028942108 0.0503355897963047 0.04697312042117119 imageb_546982861070
18830 0.030358336865901947 0.019184669479727745 0.046992938965559006 imagel_546980859076
18840 0.08073867857456207 0.053835026919841766 0.04698088392615318 imageu_546984863078
18850 0.0880136787891388 0.06254220753908157 0.04697924107313156 imageb_547123868601
18860 0.12390068918466568 0.08996666967868805 0.046955619007349014 imaged_546863875543
18870 0.07651606947183609 0.05367525666952133 0.04691089317202568 imagef_546975854071
18880 0.07910336554050446 0.057144761085510254 0.046870555728673935 imagef_547096874977
18890 0.031241685152053833 0.02644243650138378 0.04683096706867218 imagel_546990869071
18900 0.0174874234944582 0.013213252648711205 0.046781256794929504 imagel_546888867171
18910 0.0510496087372303 0.03617190942168236 0.04674061760306358 imaged_547038883711
18920 0.08053355664014816 0.06054200977087021 0.04672149196267128 imageu_547126871606
18930 0.10883190482854843 0.07963883876800537 0.04669412598013878 imageu_546897876191
18940 0.023377617821097374 0.017665106803178787 0.04664713144302368 imagel_547145857237
18950 0.1834876537322998 0.09698226302862167 0.04659758508205414 imageb_547177855874
18960 0.17002350091934204 0.11613723635673523 0.04658382385969162 imager_546844856539
18970 0.16151583194732666 0.09164208173751831 0.04655985161662102 imageb_546856868537
18980 0.053393904119729996 0.04514901340007782 0.04651091247797012 imager_547103881966
18990 0.02934940718114376 0.02074962854385376 0.0464552603662014 imagel_546922867806
19000 0.07292114198207855 0.05433451011776924 0.04646843671798706 imager_546863875543
19010 0.07102425396442413 0.04929843917489052 0.04654784873127937 imagef_547062874337
19020 0.02135225385427475 0.016282685101032257 0.04655634984374046 imagel_547058870341
19030 0.07268399745225906 0.05270310118794441 0.0465228296816349 imagef_547092870974
19040 0.08373364061117172 0.06242506951093674 0.046470072120428085 imagef_546882861171
19050 0.09577833116054535 0.0710948258638382 0.04641704261302948 imageu_546938883810
19060 0.17393922805786133 0.12982162833213806 0.0464143343269825 imaged_547196874870
19070 0.09116778522729874 0.06119239330291748 0.04642021656036377 imaged_546854866535
19080 0.07181751728057861 0.04314534738659859 0.04638884589076042 imagef_547072884335
19090 0.07332408428192139 0.04987582191824913 0.04636060446500778 imageb_547031876706
19100 0.08462187647819519 0.05547167360782623 0.04632430151104927 imageu_547075853978
19110 0.06913656741380692 0.0464756116271019 0.04630070924758911 imageu_546945857437
19120 0.05330773815512657 0.0373351164162159 0.04627920314669609 imaged_547036881708
19130 0.06803271174430847 0.04469079524278641 0.04623525217175484 imageb_547070882331
19140 0.15878432989120483 0.0927867516875267 0.04625260829925537 imagef_547203881874
19150 0.1945527046918869 0.14188648760318756 0.046263422816991806 imageu_547193871872
19160 0.04310375824570656 0.034008387476205826 0.046269819140434265 imager_546948860438
19170 0.09271156787872314 0.06231296434998512 0.04624814912676811 imageb_546922867806
19180 0.022812705487012863 0.016857514157891273 0.04627660661935806 imagel_547121866605
19190 0.0733889564871788 0.05464214086532593 0.04623766615986824 imageu_547018863705
19200 0.07361244410276413 0.04943818598985672 0.046174127608537674 imageb_547024869702
19210 0.1475904881954193 0.11062432080507278 0.0461229644715786 imageb_547205883874
19220 0.09425963461399078 0.06280311942100525 0.04608200490474701 imageb_546895874174
19230 0.023622464388608932 0.017186472192406654 0.0460246205329895 imagel_547115860606
19240 0.08108584582805634 0.055539704859256744 0.04602782428264618 imageb_547092870974
19250 0.05863560736179352 0.042288899421691895 0.046060312539339066 imaged_547016861703
19260 0.02824033983051777 0.01687018945813179 0.046051762998104095 imagel_547147859235
19270 0.06807402521371841 0.04835692420601845 0.04604330286383629 imagef_547091869975
19280 0.08198640495538712 0.05736229568719864 0.046039409935474396 imageb_547047859335
19290 0.07150194048881531 0.05236996337771416 0.04606346786022186 imaged_546917862811
19300 0.10558585077524185 0.07411173731088638 0.04606527462601662 imaged_546851863543
19310 0.058683767914772034 0.05043460428714752 0.046044401824474335 imager_547082860970
19320 0.07254572957754135 0.05070030316710472 0.046014219522476196 imageb_546979858070
19330 0.09283354878425598 0.06495669484138489 0.04603257775306702 imagef_546933878804
19340 0.04202749580144882 0.02947939932346344 0.04604083299636841 imagel_547060872343
19350 0.13662025332450867 0.10091226547956467 0.046016134321689606 imageu_547132877611
19360 0.08500534296035767 0.05278155580163002 0.04596596211194992 imagef_547057869336
19370 0.0871553122997284 0.06100170314311981 0.04592680558562279 imageu_546882861171
19380 0.0855201706290245 0.058793071657419205 0.04591306298971176 imageu_546919864808
19390 0.059707991778850555 0.043189819902181625 0.04590211808681488 imaged_547101879972
19400 0.04990343004465103 0.04011177644133568 0.04590314254164696 imagel_546861873539
19410 0.023129936307668686 0.01420675590634346 0.04587814211845398 imagel_547104882977
19420 0.03443530201911926 0.01902482472360134 0.045884959399700165 imagel_547154866233
19430 0.05160585045814514 0.04605630040168762 0.045906566083431244 imager_546883862169
19440 0.04408758133649826 0.029399370774626732 0.045933451503515244 imaged_546975854071
19450 0.0834663063287735 0.057645346969366074 0.04594027251005173 imagef_546934879798
19460 0.10377876460552216 0.0695778951048851 0.04598068445920944 imagef_546970882435
19470 0.05040401965379715 0.04081834480166435 0.046015553176403046 imager_546962874438
19480 0.15001721680164337 0.09942200779914856 0.04608643800020218 imagef_547200878871
19490 0.041407834738492966 0.03568616509437561 0.04613014683127403 imager_546873885533
19500 0.050693899393081665 0.03349227458238602 0.046179115772247314 imaged_547062874337
19510 0.019259221851825714 0.015519188717007637 0.04621558263897896 imagel_546873885533
19520 0.08472676575183868 0.05629376322031021 0.04621773585677147 imageu_546936881803
19530 0.07539289444684982 0.05355800688266754 0.04621502012014389 imageb_547052864345
19540 0.10181818157434464 0.06364081799983978 0.04618765413761139 imagef_546892871169
19550 0.09935721755027771 0.06587417423725128 0.046176306903362274 imageu_546922867806
19560 0.09100106358528137 0.06123405694961548 0.04618287459015846 imageb_547041853338
19570 0.08289492875337601 0.05732158571481705 0.0462418869137764 imageu_546887866191
19580 0.07064253091812134 0.0467921644449234 0.046239715069532394 imageb_546907852806
19590 0.07986743748188019 0.05758059024810791 0.04619830846786499 imageu_546926871803
19600 0.047399841248989105 0.03095187246799469 0.04621221125125885 imaged_547075853978
19610 0.016529951244592667 0.012919628992676735 0.04622849076986313 imagel_547142854240
19620 0.07366934418678284 0.05214773118495941 0.04617743194103241 imageu_546953865434
19630 0.05632081627845764 0.03637247532606125 0.0461149737238884 imagef_547070882331
19640 0.10520220547914505 0.07483384013175964 0.04606647416949272 imagef_546922867806
19650 0.04350912198424339 0.03435449302196503 0.046068061143159866 imager_547023868703
19660 0.0665954202413559 0.04492107033729553 0.04608309641480446 imagef_547053865336
19670 0.08794496208429337 0.06559191644191742 0.04610658437013626 imagef_547133878607
19680 0.042554859071969986 0.03402524068951607 0.04612110182642937 imager_547024869702
19690 0.06459175795316696 0.04228151589632034 0.046133071184158325 imageb_547016861703
19700 0.08127271384000778 0.05715363472700119 0.046112433075904846 imageb_547164876237
19710 0.05847540125250816 0.040009234100580215 0.046056076884269714 imaged_547123868601
19720 0.04328276216983795 0.032819345593452454 0.04608279839158058 imager_546982861070
19730 0.09172015637159348 0.06406782567501068 0.046121228486299515 imagef_547116861604
19740 0.061717886477708817 0.05106547847390175 0.04615451395511627 imager_547133878607
19750 0.09295575320720673 0.05944695696234703 0.046133656054735184 imageu_546892871169
19760 0.08873013406991959 0.05668673664331436 0.04609902575612068 imageb_546917862811
19770 0.07752300053834915 0.05086872726678848 0.04609159752726555 imageb_547104882977
19780 0.018579695373773575 0.0148263368755579 0.046107836067676544 imagel_546880859173
19790 0.026295926421880722 0.017927397042512894 0.04614104703068733 imagel_547155867242
19800 0.07077475637197495 0.045109860599040985 0.04611843079328537 imagef_547041853338
19810 0.11646169424057007 0.11014774441719055 0.0460783913731575 imager_547196874870
19820 0.082338348031044 0.0520465187728405 0.046044666320085526 imageu_546911856805
19830 0.07429461181163788 0.04695079103112221 0.04603569954633713 imagef_547021866708
19840 0.07612716406583786 0.05493723973631859 0.04598623141646385 imageb_547062874337
19850 0.07791738212108612 0.04888327419757843 0.04593920707702637 imagef_547043855348
19860 0.035519830882549286 0.017398295924067497 0.04588184878230095 imagel_547169881238
19870 0.06530462950468063 0.045069970190525055 0.045843034982681274 imageb_546941853440
19880 0.04622232913970947 0.03310978412628174 0.045820191502571106 imaged_546980859076
19890 0.07388228178024292 0.05229007080197334 0.04578443989157677 imagef_547082860970
19900 0.06758033484220505 0.05130043253302574 0.045736733824014664 imaged_547121866605
19910 0.03553256392478943 0.029957378283143044 0.04565839096903801 imager_546870882540
19920 0.18549653887748718 0.12488198280334473 0.04558500275015831 imageu_547198876871
19930 0.02383522503077984 0.016498692333698273 0.045530855655670166 imagel_546931876806
19940 0.08615848422050476 0.05573555454611778 0.0454958900809288 imaged_546854866535
19950 0.07053692638874054 0.04851283133029938 0.04544977471232414 imageb_547064876339
19960 0.07046017050743103 0.04853189364075661 0.0454343743622303 imagef_547058870341
19970 0.06963714957237244 0.05303654074668884 0.045395199209451675 imaged_546899878172
19980 0.037717998027801514 0.03418858349323273 0.045340053737163544 imager_546992871071
19990 0.2538882791996002 0.12796898186206818 0.04527539387345314 imageb_546843855539
20000 0.06011108681559563 0.04151932895183563 0.04520083963871002 imaged_547072884335
20010 0.07527056336402893 0.05044548958539963 0.045133136212825775 imageu_547104882977
20020 0.0924740731716156 0.06550823152065277 0.04510157182812691 imagef_546924869806
20030 0.033425070345401764 0.028624434024095535 0.045094262808561325 imager_546955867436
20040 0.09746275842189789 0.0675491914153099 0.04508472606539726 imagef_547157869236
20050 0.04886796697974205 0.03256452828645706 0.04512633755803108 imaged_546977856071
20060 0.029033174738287926 0.018738560378551483 0.045159634202718735 imagel_546962874438
20070 0.10972937941551208 0.0734345093369484 0.04517089203000069 imagef_546890869170
20080 0.11058630794286728 0.0732128843665123 0.04521700739860535 imagef_546967879439
20090 0.05120978131890297 0.03450196236371994 0.045218575745821 imaged_547013858709
20100 0.052141159772872925 0.04454203322529793 0.04520334303379059 imager_547142854240
20110 0.07946985960006714 0.053692013025283813 0.045182809233665466 imageb_547106884970
20120 0.20084595680236816 0.15257392823696136 0.04515053704380989 imaged_547188866869
20130 0.09432905912399292 0.0642484724521637 0.0451047383248806 imagef_547143855237
20140 0.032342106103897095 0.02340214140713215 0.045102205127477646 imagel_546938883810
20150 0.06781550496816635 0.04498793184757233 0.04508558288216591 imageb_546897876191
20160 0.0711565762758255 0.04956909269094467 0.04502266272902489 imageb_547125870610
20170 0.136919304728508 0.07708338648080826 0.04496368393301964 imagef_547177855874
20180 0.09753897041082382 0.07411255687475204 0.04494701698422432 imageb_547121866605
20190 0.06290729343891144 0.04959304630756378 0.044933587312698364 imager_547164876237
20200 0.04377708584070206 0.030410408973693848 0.044891852885484695 imaged_547058870341
20210 0.07319178432226181 0.050036340951919556 0.044855713844299316 imageu_547007852711
20220 0.0756717249751091 0.047899071127176285 0.044834788888692856 imagef_546958870432
20230 0.07694876194000244 0.04999654367566109 0.04484042897820473 imagef_547004883077
20240 0.03910179063677788 0.026993364095687866 0.04481577128171921 imagel_547060872343
20250 0.03750332072377205 0.030457301065325737 0.04478272795677185 imagel_546860872536
20260 0.07869807630777359 0.04895190894603729 0.044755786657333374 imageu_546909854806
20270 0.04366280883550644 0.03438002988696098 0.04475332051515579 imager_547026871704
20280 0.06826231628656387 0.06779302656650543 0.04471398517489433 imager_546865877539
20290 0.04019758850336075 0.0306086502969265 0.04466456547379494 imager_546968880435
20300 0.019998056814074516 0.014229665510356426 0.044654522091150284 imagel_547152864241
20310 0.07222796231508255 0.05061141774058342 0.04464356601238251 imaged_546905884197
20320 0.0810004398226738 0.05213736742734909 0.04461125284433365 imagef_546897876191
20330 0.0889027938246727 0.06401845812797546 0.04460655152797699 imagef_546963875440
20340 0.07769137620925903 0.05279213935136795 0.044601552188396454 imageu_546900879170
20350 0.0893578827381134 0.0597250834107399 0.044591523706912994 imageb_546922867806
20360 0.021884357556700706 0.01682223565876484 0.04457690566778183 imagel_546858870537
20370 0.03950275108218193 0.032568082213401794 0.04453081265091896 imager_546951863443
20380 0.04549208655953407 0.029356975108385086 0.04448092356324196 imagel_547186864875
20390 0.055460330098867416 0.045614033937454224 0.04442065581679344 imager_547087865974
20400 0.04270176962018013 0.03355862572789192 0.044361311942338943 imager_546919864808
20410 0.08711198717355728 0.060836538672447205 0.044307783246040344 imageb_547043855348
20420 0.01724870130419731 0.0128927668556571 0.04427436739206314 imagel_546894873172
20430 0.08532021194696426 0.05720757693052292 0.04424693062901497 imagef_547113858603
20440 0.08995171636343002 0.0674888864159584 0.04424654319882393 imageu_546921866804
20450 0.08914744853973389 0.0610320158302784 0.04432195797562599 imagef_547162874244
20460 0.07112804055213928 0.049885328859090805 0.04437403380870819 imageu_547019864709
20470 0.09375064820051193 0.06214199215173721 0.04441386088728905 imageb_546919864808
20480 0.07312007248401642 0.05672190710902214 0.04457057639956474 imaged_547142854240
20490 0.08940093964338303 0.06136379390954971 0.04465236887335777 imageb_546877856173
20500 0.06105317175388336 0.040404997766017914 0.04473985731601715 imageb_546948860438
20510 0.05166296660900116 0.04074545204639435 0.044793568551540375 imager_547111856605
20520 0.05355195328593254 0.044640637934207916 0.04479388892650604 imager_547143855237
20530 0.07076697796583176 0.047668036073446274 0.04477590322494507 imageb_546912857810
20540 0.02137652412056923 0.013655466958880424 0.04478203505277634 imagel_547041853338
20550 0.06420469284057617 0.054186321794986725 0.04476157948374748 imager_546856868537
20560 0.05008336529135704 0.03586040064692497 0.04471801966428757 imaged_547091869975
20570 0.0237925685942173 0.013486974872648716 0.044662781059741974 imagel_546967879439
20580 0.062012869864702225 0.053426943719387054 0.04460545629262924 imager_547096874977
20590 0.11346569657325745 0.08711064606904984 0.04456081986427307 imageb_546894873172
20600 0.18526524305343628 0.13866689801216125 0.044530920684337616 imaged_547189867877
20610 0.10756311565637589 0.08405003696680069 0.04447660967707634 imageu_547118863609
20620 0.03559304401278496 0.030457815155386925 0.04443918541073799 imager_546989868066
20630 0.1703842133283615 0.09022358804941177 0.04441586136817932 imagef_546839884906
20640 0.045546550303697586 0.03773537278175354 0.04437759891152382 imager_546941853440
20650 0.07975341379642487 0.05308503657579422 0.04437442123889923 imageu_547057869336
20660 0.06733260303735733 0.045856233686208725 0.04442596063017845 imageu_546992871071
20670 0.03600463643670082 0.029870619997382164 0.04450508579611778 imager_547067879338
20680 0.0790792778134346 0.051210109144449234 0.04449857398867607 imageu_546919864808
20690 0.1576431840658188 0.09947235137224197 0.04449369013309479 imageb_547183861871
20700 0.05989184230566025 0.04739050194621086 0.04448307305574417 imaged_546997876076
20710 0.056360915303230286 0.04135416820645332 0.044453322887420654 imaged_546960872437
20720 0.03635355830192566 0.030772021040320396 0.04445676505565643 imager_546933878804
20730 0.07195892184972763 0.04911936819553375 0.04445776715874672 imageb_547028873712
20740 0.06775865703821182 0.043453626334667206 0.04443471133708954 imageu_547084862980
20750 0.189062237739563 0.11162050068378448 0.04439108818769455 imagef_547171883239
20760 0.08081279695034027 0.052297864109277725 0.044396694749593735 imageb_546899878172
20770 0.1065574437379837 0.07361970096826553 0.04438658803701401 imageb_547154866233
20780 0.09757064282894135 0.05955982208251953 0.04439021274447441 imaged_546863875543
20790 0.05494723096489906 0.046425506472587585 0.04441714286804199 imager_547157869236
20800 0.07291444391012192 0.04251885041594505 0.04446764662861824 imaged_547206884871
20810 0.0380064882338047 0.019073404371738434 0.04451838135719299 imagel_546907852806
20820 0.0879911407828331 0.06122336909174919 0.044494543224573135 imagef_547036881708
20830 0.0746675357222557 0.06723447889089584 0.04445546120405197 imager_547021866708
20840 0.10640725493431091 0.065279021859169 0.044412579387426376 imagef_546863875543
20850 0.06873497366905212 0.04851162061095238 0.04443836212158203 imaged_547118863609
20860 0.047333456575870514 0.03757990896701813 0.0444580540060997 imager_547018863705
20870 0.04203382879495621 0.028541196137666702 0.04443472996354103 imaged_547019864709
20880 0.08534728735685349 0.05822444334626198 0.044408999383449554 imageu_546899878172
20890 0.05237752944231033 0.040437448769807816 0.04441292583942413 imaged_547086864973
20900 0.01478040311485529 0.011446185410022736 0.044426389038562775 imagel_547069881338
20910 0.022223062813282013 0.01560975518077612 0.0444050170481205 imagel_546975854071
20920 0.07318976521492004 0.04807962477207184 0.044376879930496216 imageu_546965877440
20930 0.08284462988376617 0.05465187877416611 0.04437751695513725 imageb_547060872343
20940 0.040796540677547455 0.03238845244050026 0.04436191916465759 imagel_546848860533
20950 0.05600428953766823 0.04388703033328056 0.0443379171192646 imager_547048860337
20960 0.04552696272730827 0.030098535120487213 0.04431222751736641 imaged_546958870432
20970 0.15759721398353577 0.13246889412403107 0.044283732771873474 imageb_547189867877
20980 0.20945699512958527 0.10415921360254288 0.04422817751765251 imageu_546839884906
20990 0.07116810232400894 0.0499679259955883 0.044165078550577164 imageu_547126871606
21000 0.19469065964221954 0.14726831018924713 0.044103723019361496 imageu_547186864875
21010 0.08949576318264008 0.06168022379279137 0.044044461101293564 imageb_547007852711
21020 0.09282466769218445 0.061701562255620956 0.04398998245596886 imagef_546928873809
21030 0.08281482756137848 0.05623984336853027 0.04395415261387825 imageu_547108853603
21040 0.028620252385735512 0.023860393092036247 0.04392367601394653 imagel_546990869071
21050 0.13442783057689667 0.08556760847568512 0.04390307143330574 imageu_547176854870
21060 0.04229317978024483 0.03286582976579666 0.04387687146663666 imager_546912857810
21070 0.059932269155979156 0.04402121156454086 0.04385075345635414 imaged_547138883611
21080 0.08085424453020096 0.06656308472156525 0.04385263845324516 imager_546860872536
21090 0.018116824328899384 0.013467288576066494 0.04382136091589928 imagel_547064876339
21100 0.06930279731750488 0.04570341482758522 0.04377220571041107 imageu_547055867337
21110 0.07389574497938156 0.05105135217308998 0.04371385648846626 imageu_547079857970
21120 0.048889972269535065 0.03888648748397827 0.04364851489663124 imager_547013858709
21130 0.04051799327135086 0.027396518737077713 0.043614160269498825 imaged_547031876706
21140 0.05271841958165169 0.044286519289016724 0.0436154343187809 imager_546878857194
21150 0.16777026653289795 0.11436600238084793 0.0435941219329834 imagef_547188866869
21160 0.06392146646976471 0.045926082879304886 0.04355558007955551 imaged_546880859173
21170 0.09039000421762466 0.058902304619550705 0.04350300878286362 imageb_546878857194
21180 0.021554386243224144 0.014228290878236294 0.043493036180734634 imagel_546979858070
21190 0.054270077496767044 0.04718892648816109 0.043489232659339905 imager_547038883711
21200 0.08876102417707443 0.0625251829624176 0.043442320078611374 imageb_547135880603
21210 0.06469180434942245 0.041593823581933975 0.04343670234084129 imaged_546922867806
21220 0.04405393823981285 0.03508901223540306 0.043444935232400894 imager_547002881074
21230 0.05466296523809433 0.04461434856057167 0.043445054441690445 imager_547021866708
21240 0.014079841785132885 0.009672412648797035 0.04345189407467842 imagel_546997876076
21250 0.13549403846263885 0.08921532332897186 0.043468646705150604 imaged_547186864875
21260 0.07341690361499786 0.04915881156921387 0.04349119961261749 imageu_547086864973
21270 0.10498892515897751 0.05638353154063225 0.04348622262477875 imaged_546841853547
21280 0.06616264581680298 0.04403309151530266 0.04345337674021721 imageb_547064876339
21290 0.043272946029901505 0.028892796486616135 0.04344693571329117 imaged_547069881338
21300 0.10253526270389557 0.05643356591463089 0.04347638413310051 imageu_547167879238
21310 0.061080869287252426 0.03986428678035736 0.043446119874715805 imageu_546992871071
21320 0.08154843747615814 0.05732930451631546 0.043441858142614365 imageu_547115860606
21330 0.08224969357252121 0.06501668691635132 0.043439093977212906 imaged_547166878243
21340 0.045719631016254425 0.03117072768509388 0.04346659779548645 imager_546967879439
21350 0.034624990075826645 0.01981338858604431 0.0434754341840744 imagel_547154866233
21360 0.09079036861658096 0.06008188799023628 0.04346463084220886 imagef_547150862236
21370 0.05143347755074501 0.04174836352467537 0.043505143374204636 imager_547157869236
21380 0.08947049081325531 0.06090373545885086 0.04350079596042633 imagef_547142854240
21390 0.024901872500777245 0.02082977257668972 0.043525662273168564 imager_546994873075
21400 0.04007966071367264 0.03264656290411949 0.0435098372399807 imager_547030875702
21410 0.06963764131069183 0.05290559306740761 0.04349268972873688 imaged_547125870610
21420 0.04298476502299309 0.03407648205757141 0.04350223392248154 imagel_547081859975
21430 0.01953919790685177 0.013744802214205265 0.043499112129211426 imagel_546912857810
21440 0.05305103212594986 0.03700569272041321 0.04347449541091919 imaged_547106884970
21450 0.07456983625888824 0.04956700652837753 0.043410129845142365 imageu_546900879170
21460 0.09286941587924957 0.05984759330749512 0.04336955398321152 imagef_546968880435
21470 0.06316155195236206 0.046463772654533386 0.043337382376194 imaged_547149861238
21480 0.02149958163499832 0.01410056184977293 0.04329655319452286 imagel_547111856605
21490 0.019096722826361656 0.013711895793676376 0.043258097022771835 imagel_547108853603
21500 0.01271985936909914 0.009345786646008492 0.043239641934633255 imagel_547094872971
21510 0.06135919317603111 0.042244840413331985 0.04323314502835274 imageb_546931876806
21520 0.060994211584329605 0.041450317949056625 0.04325808957219124 imaged_546897876191
21530 0.07238194346427917 0.048866696655750275 0.04326280206441879 imageu_547069881338
21540 0.07080702483654022 0.0419178307056427 0.04327908158302307 imageb_546982861070
21550 0.06247313320636749 0.026364022865891457 0.0432901568710804 imagel_547159871241
21560 0.06863582879304886 0.04576745629310608 0.04326806589961052 imageu_547016861703
21570 0.0857921913266182 0.05880548804998398 0.04324767738580704 imagef_546926871803
21580 0.06145240366458893 0.041181258857250214 0.04324980080127716 imageb_546939884803
21590 0.076202891767025 0.048211563378572464 0.04323234781622887 imagef_547038883711
21600 0.06339571624994278 0.03784477338194847 0.04321134090423584 imageb_547072884335
21610 0.03414170444011688 0.029129480943083763 0.04318751022219658 imager_546888867171
21620 0.08450145274400711 0.05368175357580185 0.0431453175842762 imagef_546938883810
21630 0.0516849011182785 0.0481528639793396 0.04311177879571915 imager_546989868066
21640 0.06582603603601456 0.04204760491847992 0.04311424866318703 imageb_547033878707
21650 0.07432810962200165 0.04944011941552162 0.043107595294713974 imageu_546878857194
21660 0.06868770718574524 0.04599595442414284 0.04310137405991554 imageb_546926871803
21670 0.0614994540810585 0.04640446975827217 0.043098483234643936 imaged_547108853603
21680 0.07552959769964218 0.045322176069021225 0.0430922657251358 imageu_547043855348
21690 0.07299941778182983 0.04827514663338661 0.043083664029836655 imageu_546924869806
21700 0.03907059133052826 0.025389472022652626 0.04311205819249153 imaged_547094872971
21710 0.01814255490899086 0.011641483753919601 0.04319310188293457 imagel_547086864973
21720 0.07738734781742096 0.0511167086660862 0.04320874437689781 imageu_546917862811
21730 0.05387046933174133 0.0372106209397316 0.04318469390273094 imaged_546939884803
21740 0.031070729717612267 0.021328117698431015 0.043137043714523315 imagel_546902881194
21750 0.04420099034905434 0.03505683317780495 0.043072186410427094 imager_547023868703
21760 0.06676653027534485 0.04920145869255066 0.04305286332964897 imagef_547033878707
21770 0.04208119958639145 0.03391968086361885 0.04305805638432503 imager_546941853440
21780 0.07696603238582611 0.0534207858145237 0.04304586723446846 imagef_547086864973
21790 0.06775455921888351 0.04425330460071564 0.043059129267930984 imagef_547030875702
21800 0.09780962765216827 0.0650370866060257 0.04303627461194992 imagef_546931876806
21810 0.02202792465686798 0.014350846409797668 0.043009769171476364 imagel_546890869170
21820 0.06672016531229019 0.044164080172777176 0.04301295429468155 imagef_547002881074
21830 0.20653121173381805 0.10138527303934097 0.04301757365465164 imageu_546841853547
21840 0.08085888624191284 0.04950851947069168 0.04300420358777046 imagel_547200878871
21850 0.055198151618242264 0.03943326696753502 0.04296107217669487 imaged_547103881966
21860 0.07795906066894531 0.04965551942586899 0.04291856661438942 imageu_547038883711
21870 0.060983240604400635 0.041111573576927185 0.04289302974939346 imaged_546916861809
21880 0.06049176678061485 0.04225635528564453 0.04287608340382576 imaged_547120865600
21890 0.08492588251829147 0.06161279231309891 0.04285194352269173 imageu_547116861604
21900 0.034549832344055176 0.030573735013604164 0.04282742738723755 imager_546992871071
21910 0.03683728352189064 0.031178582459688187 0.04284054413437843 imager_546883862169
21920 0.08619941771030426 0.060744963586330414 0.04285700246691704 imageb_547121866605
21930 0.06440648436546326 0.04329846799373627 0.042875103652477264 imageu_547064876339
21940 0.08595301955938339 0.05866868421435356 0.042911261320114136 imagef_547125870610
21950 0.1829214096069336 0.09613024443387985 0.04292667657136917 imageb_547174852869
21960 0.05309851095080376 0.03866039216518402 0.04292833432555199 imaged_546955867436
21970 0.015518195927143097 0.01141591090708971 0.04291275888681412 imagel_546873885533
21980 0.13237711787223816 0.10338600724935532 0.042899806052446365 imaged_546849861536
21990 0.06377463042736053 0.04817449674010277 0.04288025572896004 imaged_547152864241
22000 0.09947337210178375 0.05967584624886513 0.042905647307634354 imagel_547206884871
22010 0.06547979265451431 0.043212369084358215 0.042904093861579895 imageu_547014859704
22020 0.05240166559815407 0.03631754219532013 0.04289904609322548 imaged_547140885602
22030 0.03257015347480774 0.02747470699250698 0.042890507727861404 imager_546924869806
22040 0.01311191450804472 0.010124525986611843 0.042904168367385864 imagel_547070882331
22050 0.1769450604915619 0.13013283908367157 0.04292859882116318 imagef_547191869875
22060 0.0778992772102356 0.05747329071164131 0.04291393607854843 imager_547183861871
22070 0.06690529733896255 0.04379890859127045 0.0429036021232605 imageb_546897876191
22080 0.07553316652774811 0.05000884830951691 0.04289311170578003 imageu_546977856071
22090 0.13989974558353424 0.0923604816198349 0.0429227314889431 imageu_546851863543
22100 0.06523299962282181 0.04244113713502884 0.0429147332906723 imageb_546928873809
22110 0.10070599615573883 0.06369593739509583 0.04291718080639839 imagef_546911856805
22120 0.11283166706562042 0.0670793429017067 0.04290353134274483 imagef_546875854173
22130 0.11769593507051468 0.06278184801340103 0.04289211705327034 imagef_547176854870
22140 0.09023097902536392 0.05421734228730202 0.04291148856282234 imagef_546902881194
22150 0.07917328923940659 0.04924837127327919 0.04291733726859093 imageu_547040885702
22160 0.057248491793870926 0.03947639837861061 0.042899925261735916 imagef_546997876076
22170 0.06348834931850433 0.04371292516589165 0.04292752966284752 imagef_547006885077
22180 0.09067263454198837 0.05925801396369934 0.04294857382774353 imagef_546922867806
22190 0.0762828066945076 0.05309318006038666 0.04295187443494797 imageu_547125870610
22200 0.014317089691758156 0.010720665566623211 0.04294612631201744 imagel_547126871606
22210 0.05885281041264534 0.03700311854481697 0.042945463210344315 imageb_547036881708
22220 0.08319102227687836 0.0524592287838459 0.042927514761686325 imagef_546938883810
22230 0.05615178868174553 0.0420251227915287 0.04292629659175873 imager_547162874244
22240 0.04704296216368675 0.03069142811000347 0.04291118308901787 imaged_547104882977
22250 0.052740417420864105 0.03926220163702965 0.042904503643512726 imaged_546955867436
22260 0.06578359007835388 0.04137110337615013 0.04292111471295357 imagef_547041853338
22270 0.029637068510055542 0.02498036064207554 0.04294523969292641 imager_546885864170
22280 0.018943537026643753 0.011843039654195309 0.042941752821207047 imagel_547016861703
22290 0.05646022409200668 0.03849655017256737 0.04290810599923134 imaged_547155867242
22300 0.03641316294670105 0.02956109680235386 0.042853232473134995 imager_547031876706
22310 0.06136254966259003 0.038366544991731644 0.04279761016368866 imageb_547033878707
22320 0.04229169711470604 0.032288648188114166 0.04276508837938309 imager_546858870537
22330 0.041465964168310165 0.027617285028100014 0.042711008340120316 imaged_547031876706
22340 0.09031486511230469 0.057530950754880905 0.042672377079725266 imagef_546931876806
22350 0.1269007921218872 0.08525604009628296 0.042677707970142365 imageu_547183861871
22360 0.04525873064994812 0.02891017496585846 0.04266327619552612 imaged_547052864345
22370 0.06148567050695419 0.0388297364115715 0.04263075813651085 imageu_546945857437
22380 0.08728328347206116 0.054037049412727356 0.042632102966308594 imagef_546917862811
22390 0.05237272009253502 0.037894971668720245 0.04265860840678215 imageu_546871883543
22400 0.04231574758887291 0.03186112642288208 0.04266521707177162 imager_546962874438
22410 0.08164207637310028 0.06086093559861183 0.042653314769268036 imaged_547162874244
22420 0.07307330518960953 0.04321242496371269 0.042661648243665695 imageu_547036881708
22430 0.04737631231546402 0.03728559613227844 0.0426030270755291 imager_546922867806
22440 0.06591670960187912 0.04207160696387291 0.04254630208015442 imageb_547057869336
22450 0.06274301558732986 0.03989562392234802 0.04254763573408127 imageb_547024869702
22460 0.07312258332967758 0.05185296759009361 0.04252404719591141 imager_547183861871
22470 0.016501005738973618 0.011119658127427101 0.04246479272842407 imagel_547057869336
22480 0.07735763490200043 0.0501352995634079 0.04240573197603226 imageb_546921866804
22490 0.24973247945308685 0.12355872988700867 0.04236612468957901 imageb_546843855539
22500 0.039515264332294464 0.029886897653341293 0.04234059527516365 imager_546912857810
22510 0.04501261189579964 0.03076082468032837 0.04233311861753464 imaged_547011856705
22520 0.052615441381931305 0.03435508906841278 0.04231450706720352 imageb_546936881803
22530 0.0652371346950531 0.04741668701171875 0.04230877012014389 imaged_547157869236
22540 0.06934753805398941 0.045164331793785095 0.042337317019701004 imagef_547007852711
22550 0.06013912707567215 0.04430115595459938 0.04233253374695778 imaged_547160872234
22560 0.05203181877732277 0.03644518181681633 0.04231734946370125 imaged_546921866804
22570 0.06126989424228668 0.04125761613249779 0.042307619005441666 imagef_547053865336
22580 0.056716106832027435 0.036772340536117554 0.04227844625711441 imageb_546939884803
22590 0.04238450527191162 0.032072700560092926 0.04225655272603035 imager_547098876976
22600 0.07017575204372406 0.04301464557647705 0.04222067818045616 imagef_547004883077
22610 0.06604966521263123 0.04823487997055054 0.04217614606022835 imaged_547171883239
22620 0.04048966243863106 0.02709626965224743 0.04216579720377922 imaged_546989868066
22630 0.07062183320522308 0.0457024984061718 0.042176492512226105 imageu_546985864078
22640 0.031302496790885925 0.02208707667887211 0.0421740747988224 imagel_546939884803
22650 0.05451734736561775 0.03620266169309616 0.042145367711782455 imaged_546943855437
22660 0.0765516385436058 0.04773658141493797 0.042120207101106644 imagef_547162874244
22670 0.040211498737335205 0.031462814658880234 0.04208234325051308 imager_546863875543
22680 0.08887794613838196 0.055956363677978516 0.04203888773918152 imageu_546922867806
22690 0.033578284084796906 0.025608615949749947 0.04200168699026108 imagel_547194872874
22700 0.04265737906098366 0.036279745399951935 0.041993677616119385 imagel_546849861536
22710 0.07355009019374847 0.057688333094120026 0.041943132877349854 imaged_547126871606
22720 0.0717766061425209 0.04832075163722038 0.0419016070663929 imageu_547092870974
22730 0.04596799984574318 0.0369788259267807 0.041944101452827454 imager_547082860970
22740 0.04554309323430061 0.03470735624432564 0.04193217679858208 imager_546911856805
22750 0.16835588216781616 0.13292577862739563 0.0419088639318943 imagef_547194872874
22760 0.036299172788858414 0.029089054092764854 0.04189952090382576 imagel_546989868066
22770 0.031520139425992966 0.02568022347986698 0.041885584592819214 imager_546997876076
22780 0.012521971948444843 0.009911544620990753 0.04187778756022453 imagel_546992871071
22790 0.07496171444654465 0.051899999380111694 0.0418817363679409 imageu_547058870341
22800 0.04401921480894089 0.027504224330186844 0.04188782349228859 imaged_547064876339
22810 0.15835919976234436 0.10154423862695694 0.04187266156077385 imagef_546848860533
22820 0.018177293241024017 0.011406712234020233 0.04186202958226204 imagel_547004883077
22830 0.053004227578639984 0.03345200791954994 0.041844483464956284 imagef_547070882331
22840 0.07459039241075516 0.04804748296737671 0.04179571196436882 imageu_546919864808
22850 0.12034391611814499 0.08142488449811935 0.04177919402718544 imageu_546858870537
22860 0.04107701778411865 0.03193395957350731 0.041768644005060196 imager_547062874337
22870 0.05645523592829704 0.040076155215501785 0.041737936437129974 imaged_547149861238
22880 0.07746019959449768 0.04985025152564049 0.041712068021297455 imageu_546914859807
22890 0.015889160335063934 0.011024268344044685 0.0416853092610836 imagel_547120865600
22900 0.03974528610706329 0.02924385294318199 0.041638102382421494 imager_546945857437
22910 0.017894459888339043 0.014082754030823708 0.0416046567261219 imagel_547030875702
22920 0.06876370310783386 0.045597005635499954 0.041604336351156235 imageb_546973885436
22930 0.050312794744968414 0.03879746422171593 0.041581735014915466 imager_547081859975
22940 0.06399355828762054 0.0395037941634655 0.04155414178967476 imageu_547077855978
22950 0.07823048532009125 0.062274932861328125 0.041523683816194534 imaged_546875854173
22960 0.08611515164375305 0.058352917432785034 0.04149038344621658 imageu_547140885602
22970 0.042770203202962875 0.028946736827492714 0.04146353900432587 imaged_547026871704
22980 0.08502105623483658 0.051139622926712036 0.041439350694417953 imagef_546960872437
22990 0.09832204878330231 0.05140003189444542 0.04140095412731171 imageu_547167879238
23000 0.03995944932103157 0.0302576906979084 0.041348136961460114 imager_547023868703
23010 0.06055477634072304 0.040554825216531754 0.04130411148071289 imageu_546990869071
23020 0.07365000247955322 0.047849781811237335 0.04129354655742645 imaged_547203881874
23030 0.022175537422299385 0.0119529590010643 0.041297972202301025 imagel_546967879439
23040 0.0580461360514164 0.04234849661588669 0.04132869094610214 imaged_547108853603
23050 0.0451088473200798 0.028525996953248978 0.041355930268764496 imagel_547174852869
23060 0.05098685622215271 0.03992719203233719 0.041335735470056534 imager_546894873172
23070 0.05860636383295059 0.03709615767002106 0.041336797177791595 imagef_546992871071
23080 0.08415831625461578 0.05493559315800667 0.04136146232485771 imageb_547045857339
23090 0.15444864332675934 0.08568120002746582 0.0413791760802269 imagef_547206884871
23100 0.04904409870505333 0.04275321587920189 0.04137951135635376 imager_547116861604
23110 0.06229421868920326 0.038190439343452454 0.04136885330080986 imageu_547070882331
23120 0.06912609934806824 0.0437895841896534 0.041351981461048126 imageu_547104882977
23130 0.028891699388623238 0.019018443301320076 0.04130854830145836 imagel_547177855874
23140 0.05961747467517853 0.03752731904387474 0.04128361865878105 imageb_547035880703
23150 0.03858698531985283 0.027774987742304802 0.04128943756222725 imagel_547035880703
23160 0.03770509362220764 0.024271126836538315 0.04125906154513359 imaged_547094872971
23170 0.08469761908054352 0.055604297667741776 0.041233129799366 imagef_546943855437
23180 0.01199761126190424 0.009151669219136238 0.041186120361089706 imagel_547070882331
23190 0.02090790681540966 0.01397606823593378 0.041183602064847946 imagel_547111856605
23200 0.06933852285146713 0.050366971641778946 0.041169825941324234 imager_547184862870
23210 0.06133788451552391 0.039463695138692856 0.0411805659532547 imageu_546946858444
23220 0.029787709936499596 0.016794446855783463 0.041184328496456146 imageu_547203881874
23230 0.08427037298679352 0.05441431701183319 0.041166920214891434 imagef_546900879170
23240 0.10125207901000977 0.06867917627096176 0.04116741940379143 imagef_546880859173
23250 0.046325527131557465 0.037728648632764816 0.04114639759063721 imagel_547082860970
23260 0.04323544725775719 0.03662431612610817 0.041126079857349396 imager_547121866605
23270 0.08732201159000397 0.0679212212562561 0.041132982820272446 imaged_546878857194
23280 0.07714899629354477 0.048185963183641434 0.041163794696331024 imageu_546936881803
23290 0.0435149222612381 0.030574215576052666 0.041180163621902466 imaged_546990869071
23300 0.031837280839681625 0.025506766512989998 0.041183874011039734 imager_547067879338
23310 0.1006057932972908 0.06831957399845123 0.04118357226252556 imageb_547138883611
23320 0.08345954120159149 0.054251350462436676 0.04117268696427345 imageu_547135880603
23330 0.13034756481647491 0.07246819883584976 0.04117016866803169 imagef_546854866535
23340 0.03302193433046341 0.028086727485060692 0.04122838377952576 imager_546888867171
23350 0.07390967011451721 0.05010833963751793 0.04124082997441292 imageu_547033878707
23360 0.0760028138756752 0.05118757486343384 0.04124431312084198 imagef_547145857237
23370 0.09473367035388947 0.054914817214012146 0.041267767548561096 imagel_547205883874
23380 0.04828310012817383 0.03165892884135246 0.04124913737177849 imaged_546972884442
23390 0.03195153549313545 0.021960575133562088 0.041250720620155334 imagel_546943855437
23400 0.02167404815554619 0.015702957287430763 0.0412323921918869 imagel_546928873809
23410 0.02057519182562828 0.013272260315716267 0.04119988530874252 imagel_546934879798
23420 0.05111628398299217 0.03457906097173691 0.04116317257285118 imaged_546933878804
23430 0.048221655189991 0.034668903797864914 0.041142538189888 imager_547074852968
23440 0.047535598278045654 0.04113389924168587 0.04112091660499573 imager_547116861604
23450 0.07201948016881943 0.049250952899456024 0.04109637066721916 imageb_547053865336
23460 0.08654677867889404 0.05876984819769859 0.041033077985048294 imageb_547149861238
23470 0.05054110661149025 0.042380936443805695 0.040991801768541336 imager_547149861238
23480 0.029751157388091087 0.01588081195950508 0.04094565287232399 imagel_547181859871
23490 0.05998590588569641 0.03941460698843002 0.040917061269283295 imageb_546994873075
23500 0.07203131914138794 0.044437769800424576 0.040899261832237244 imagef_546950862437
23510 0.06642644852399826 0.043441321700811386 0.04096423462033272 imageu_546970882435
23520 0.05549801513552666 0.0378890186548233 0.04097917303442955 imagef_546990869071
23530 0.06072496622800827 0.03957248851656914 0.04098385199904442 imageb_547064876339
23540 0.04348259046673775 0.03158121928572655 0.04098553583025932 imager_546895874174
23550 0.07768374681472778 0.04964733123779297 0.04097602516412735 imageb_547132877611
23560 0.09277401119470596 0.06080572307109833 0.04097798094153404 imageb_547155867242
23570 0.046069320291280746 0.027842802926898003 0.04098755866289139 imaged_546982861070
23580 0.05515274405479431 0.038186486810445786 0.04097766801714897 imaged_547150862236
23590 0.07123987376689911 0.04545055702328682 0.04094070941209793 imagef_547021866708
23600 0.03180944174528122 0.023877665400505066 0.040899939835071564 imager_546975854071
23610 0.05877145752310753 0.040258850902318954 0.040872570127248764 imaged_546936881803
23620 0.14321158826351166 0.08111726492643356 0.04083019495010376 imageu_547205883874
23630 0.0785987451672554 0.05278809741139412 0.04078403487801552 imagef_547118863609
23640 0.020613107830286026 0.013234818354249 0.0407579131424427 imagel_547014859704
23650 0.025802280753850937 0.014896775595843792 0.04071994125843048 imagel_547043855348
23660 0.07177989929914474 0.04732844978570938 0.04067397862672806 imageu_546977856071
23670 0.13064564764499664 0.07789172232151031 0.04066319391131401 imagef_547184862870
23680 0.03468577563762665 0.01671246625483036 0.040669575333595276 imagel_547169881238
23690 0.03773557022213936 0.028216227889060974 0.04066440835595131 imager_546912857810
23700 0.12126917392015457 0.08167102932929993 0.04064655303955078 imageb_547205883874
23710 0.07823951542377472 0.0480516217648983 0.04059542343020439 imageu_547040885702
23720 0.012907695025205612 0.009873174130916595 0.04057217016816139 imagel_547125870610
23730 0.06606858968734741 0.04339199513196945 0.04055621102452278 imageu_547079857970
23740 0.07096732407808304 0.04380998760461807 0.04053020477294922 imageu_547023868703
23750 0.08962087333202362 0.058250050991773605 0.040502551943063736 imagef_546965877440
23760 0.11598290503025055 0.06807328760623932 0.04047461226582527 imagef_546860872536
23770 0.01471475139260292 0.01040312647819519 0.04049636051058769 imagel_547123868601
23780 0.045692428946495056 0.03441336378455162 0.040532298386096954 imager_547079857970
23790 0.06968341022729874 0.0483289398252964 0.04055757820606232 imageb_546900879170
23800 0.08987350016832352 0.05190014839172363 0.040564339607954025 imaged_546856868537
23810 0.06342849135398865 0.040471892803907394 0.04054894298315048 imageu_547016861703
23820 0.0690261498093605 0.04234936460852623 0.04052771255373955 imageu_547057869336
23830 0.030896324664354324 0.020577406510710716 0.04050889238715172 imageu_547162874244
23840 0.07477518916130066 0.04808642715215683 0.04047716036438942 imageu_546914859807
23850 0.02277127280831337 0.013938217423856258 0.040442828088998795 imagel_547021866708
23860 0.03315404802560806 0.025740373879671097 0.04040803760290146 imager_546890869170
23870 0.03945990279316902 0.03092232160270214 0.040386494249105453 imager_546965877440
23880 0.02200034074485302 0.014368530362844467 0.04037205129861832 imagel_546924869806
23890 0.08310144394636154 0.05220538750290871 0.040357619524002075 imagef_547149861238
23900 0.01839515194296837 0.012879663147032261 0.040322065353393555 imagel_547001880072
23910 0.03739125281572342 0.028410136699676514 0.04027777910232544 imager_546946858444
23920 0.030811849981546402 0.023613525554537773 0.04024917632341385 imager_546984863078
23930 0.07866772264242172 0.05098489671945572 0.040227968245744705 imagef_547120865600
23940 0.03460261970758438 0.02744222804903984 0.04019445180892944 imager_547069881338
23950 0.04876084625720978 0.030163152143359184 0.04015254229307175 imaged_547057869336
23960 0.08304215222597122 0.05307013913989067 0.04013140872120857 imageb_547094872971
23970 0.07439406216144562 0.04986128956079483 0.040109336376190186 imageu_547081859975
23980 0.07199190557003021 0.04638325795531273 0.040124550461769104 imageu_546887866191
23990 0.02522463910281658 0.02151704952120781 0.0401238389313221 imageu_547160872234
24000 0.07587051391601562 0.052549488842487335 0.04010798782110214 imagef_546980859076
24010 0.03827730193734169 0.02579902857542038 0.040100716054439545 imaged_547074852968
24020 0.04616797715425491 0.029568705707788467 0.040090613067150116 imaged_546973885436
24030 0.05971844494342804 0.03778050094842911 0.04006316512823105 imageu_547026871704
24040 0.24579209089279175 0.11969033628702164 0.040023934096097946 imageb_546839884906
24050 0.061833158135414124 0.03876157104969025 0.03999722748994827 imagef_546955867436
24060 0.17293202877044678 0.08869455754756927 0.03996792063117027 imageb_547177855874
24070 0.03934982791543007 0.030078938230872154 0.039934221655130386 imagel_546987866076
24080 0.07191815972328186 0.04879439249634743 0.03990846499800682 imager_547181859871
24090 0.04871020093560219 0.03766259923577309 0.03990834578871727 imager_547130875605
24100 0.09604799747467041 0.05972157418727875 0.03991609811782837 imaged_547200878871
24110 0.0647902861237526 0.04012669622898102 0.039898037910461426 imageu_546968880435
24120 0.23445452749729156 0.13785108923912048 0.039931006729602814 imageb_546846858536
24130 0.04620739817619324 0.03275815024971962 0.0399308018386364 imager_547075853978
24140 0.0183237474411726 0.013443843461573124 0.039911407977342606 imagel_547052864345
24150 0.12595528364181519 0.11159175634384155 0.039879947900772095 imager_547194872874
24160 0.02017137035727501 0.01273723691701889 0.039891939610242844 imagel_546931876806
24170 0.13625015318393707 0.13315953314304352 0.03986670821905136 imager_547188866869
24180 0.07135263830423355 0.04509766399860382 0.03981791064143181 imageu_546912857810
24190 0.05354927480220795 0.03676476702094078 0.03977038711309433 imaged_546967879439
24200 0.06596945971250534 0.043738871812820435 0.03972959518432617 imageb_547047859335
24210 0.023469537496566772 0.019570738077163696 0.039693668484687805 imager_546994873075
24220 0.016858132556080818 0.01177978701889515 0.0396781861782074 imagel_547057869336
24230 0.05974477902054787 0.04108103737235069 0.039641160517930984 imageb_546873885533
24240 0.04873751848936081 0.03257168456912041 0.03961862623691559 imaged_546933878804
24250 0.04159741848707199 0.029209820553660393 0.03962818160653114 imaged_547082860970
24260 0.09149973094463348 0.06145080551505089 0.03962161764502525 imagef_547150862236
24270 0.022750310599803925 0.016159476712346077 0.03962771221995354 imagel_547018863705
24280 0.03726125881075859 0.024411331862211227 0.039631571620702744 imagel_547060872343
24290 0.042137548327445984 0.03214039281010628 0.03963201120495796 imager_547058870341
24300 0.07415732741355896 0.047358229756355286 0.039646781980991364 imagef_547113858603
24310 0.05896492674946785 0.03896184265613556 0.03963281959295273 imagef_547092870974
24320 0.02450021728873253 0.015632659196853638 0.03961937129497528 imagel_546963875440
24330 0.032493963837623596 0.027291525155305862 0.039587218314409256 imager_546934879798
24340 0.07277341932058334 0.044658977538347244 0.03953978419303894 imagef_546953865434
24350 0.07792237401008606 0.04891994595527649 0.03952399641275406 imageb_547111856605
24360 0.18957650661468506 0.16077490150928497 0.03951334208250046 imageb_547188866869
24370 0.052129294723272324 0.03646751865744591 0.039496760815382004 imaged_547108853603
24380 0.20441050827503204 0.12393403798341751 0.03950107842683792 imageb_546849861536
24390 0.09837140887975693 0.0616212897002697 0.03951442241668701 imaged_546848860533
24400 0.04048147797584534 0.02728728950023651 0.03951605036854744 imaged_547047859335
24410 0.17076757550239563 0.12428159266710281 0.03953002393245697 imagef_547191869875
24420 0.1113995760679245 0.0747486799955368 0.03954905644059181 imageb_547203881874
24430 0.07658972591161728 0.04911740496754646 0.03956292197108269 imageu_546883862169
24440 0.01627487875521183 0.009966669604182243 0.03955351933836937 imagel_546936881803
24450 0.060106754302978516 0.04435703903436661 0.03951561450958252 imageu_547152864241
24460 0.03156594559550285 0.022067904472351074 0.03947196528315544 imagel_546851863543
24470 0.05671748146414757 0.03656811639666557 0.03943484649062157 imagef_547103881966
24480 0.0724005401134491 0.045725468546152115 0.03941807523369789 imagef_547060872343
24490 0.05205780640244484 0.036007534712553024 0.039406437426805496 imaged_546895874174
24500 0.08690422773361206 0.05503338947892189 0.03938744589686394 imagef_546922867806
24510 0.021364327520132065 0.013548641465604305 0.03940063342452049 imagel_547006885077
24520 0.06014152616262436 0.039060741662979126 0.03937474638223648 imageu_547064876339
24530 0.04321982339024544 0.03106645867228508 0.03935550898313522 imager_547041853338
24540 0.06713747978210449 0.03878166154026985 0.03937113285064697 imageu_546982861070
24550 0.03472444787621498 0.026666292920708656 0.03940460458397865 imager_547035880703
24560 0.06669005751609802 0.04500729963183403 0.03943641856312752 imageb_546980859076
24570 0.021522292867302895 0.01233933586627245 0.039431922137737274 imagel_546968880435
24580 0.12419799715280533 0.07499070465564728 0.039387788623571396 imageu_546851863543
24590 0.0636974573135376 0.0510580949485302 0.039370790123939514 imager_547164876237
24600 0.05485556274652481 0.038879621773958206 0.03934963792562485 imaged_547154866233
24610 0.07475557923316956 0.04846005141735077 0.03933316841721535 imageb_547109854609
24620 0.03453351557254791 0.027090804651379585 0.039308007806539536 imagel_546989868066
24630 0.04651155322790146 0.030191857367753983 0.039283860474824905 imaged_546985864078
24640 0.047216758131980896 0.031210463494062424 0.03929519280791283 imagel_547186864875
24650 0.06849439442157745 0.04309777170419693 0.039285704493522644 imageu_547011856705
24660 0.15646110475063324 0.07575073093175888 0.03926842287182808 imagef_547171883239
24670 0.05058025196194649 0.03512973710894585 0.03926682472229004 imaged_547159871241
24680 0.1527857482433319 0.08439076691865921 0.0392681285738945 imagef_547206884871
24690 0.044006988406181335 0.029954558238387108 0.03926203399896622 imagel_547189867877
24700 0.05667555332183838 0.03555800020694733 0.039245929569005966 imagef_547065877343
24710 0.07788242399692535 0.049649033695459366 0.039228376001119614 imageb_546916861809
24720 0.07168776541948318 0.04734291881322861 0.03924165666103363 imagef_546871883543
24730 0.1041267067193985 0.08317633718252182 0.03922547399997711 imagel_547198876871
24740 0.08339761197566986 0.06716462969779968 0.03920966014266014 imager_547186864875
24750 0.05142565816640854 0.042424410581588745 0.03917450085282326 imager_547053865336
24760 0.07063504308462143 0.041120655834674835 0.039179082959890366 imageu_547043855348
24770 0.06741178035736084 0.04254010319709778 0.039164405316114426 imageb_547089867973
24780 0.05951148644089699 0.038662828505039215 0.039137303829193115 imageb_547064876339
24790 0.059355586767196655 0.042628224939107895 0.03913130611181259 imaged_546887866191
24800 0.07902677357196808 0.048495255410671234 0.039107952266931534 imagef_546938883810
24810 0.13243351876735687 0.07828564196825027 0.03906949609518051 imageu_546849861536
24820 0.08265439420938492 0.05131848156452179 0.03905799239873886 imagef_546968880435
24830 0.1281973272562027 0.0746539756655693 0.0390625 imageu_547177855874
24840 0.11395446211099625 0.06229623779654503 0.0390792116522789 imagef_546856868537
24850 0.046125464141368866 0.028934797272086143 0.03910178318619728 imaged_546967879439
24860 0.05621567741036415 0.03720010444521904 0.03912445530295372 imageb_547058870341
24870 0.07588168978691101 0.0459049828350544 0.0390985831618309 imagef_546948860438
24880 0.019364232197403908 0.01436638180166483 0.03907078504562378 imagel_547160872234
24890 0.07731355726718903 0.052296195179224014 0.0390419103205204 imageu_546860872536
24900 0.03399606794118881 0.026793373748660088 0.039030324667692184 imagel_547193871872
24910 0.04408595710992813 0.025690864771604538 0.03899875655770302 imaged_546982861070
24920 0.07075481116771698 0.04818466678261757 0.038962747901678085 imagef_546871883543
24930 0.034039974212646484 0.026301294565200806 0.038945700973272324 imager_547035880703
24940 0.07511760294437408 0.04857243597507477 0.038917217403650284 imageu_546938883810
24950 0.0925300270318985 0.062043916434049606 0.03889928385615349 imagel_547200878871
24960 0.06763674318790436 0.04855385050177574 0.03889251500368118 imagef_546882861171
24970 0.08164510875940323 0.05193508788943291 0.03887944296002388 imageb_547094872971
24980 0.09401843696832657 0.056855201721191406 0.03886808082461357 imaged_546848860533
24990 0.029382390901446342 0.02461063675582409 0.0388605035841465 imager_546926871803
25000 0.06398142874240875 0.041099853813648224 0.03883187472820282 imageb_546973885436
25010 0.05240105837583542 0.03283379599452019 0.038811635226011276 imageb_546948860438
25020 0.07284638285636902 0.04089231416583061 0.03880227729678154 imageu_546967879439
25030 0.035843223333358765 0.028459418565034866 0.03878733143210411 imager_547036881708
25040 0.06116831302642822 0.038111310452222824 0.038775280117988586 imageb_546996875070
25050 0.14193668961524963 0.07850715517997742 0.03875815495848656 imageb_546858870537
25060 0.06595806777477264 0.04059724137187004 0.03874655440449715 imageu_546965877440
25070 0.04008457809686661 0.03345434367656708 0.038732729852199554 imager_547121866605
25080 0.0194028839468956 0.014240940101444721 0.03870776668190956 imagel_547118863609
25090 0.1155579537153244 0.06712658703327179 0.038666244596242905 imagef_546860872536
25100 0.0207888875156641 0.013322893530130386 0.03862736374139786 imagel_546890869170
25110 0.070159912109375 0.043656252324581146 0.03859706223011017 imageb_546863875543
25120 0.0877850204706192 0.05401435121893883 0.03858831524848938 imager_547176854870
25130 0.04397201910614967 0.03927178680896759 0.03861808404326439 imager_546987866076
25140 0.02332015335559845 0.018102990463376045 0.03862271085381508 imagel_546990869071
25150 0.03086448647081852 0.02538273110985756 0.03860286623239517 imager_546934879798
25160 0.10284017026424408 0.09354151785373688 0.038568492978811264 imager_547188866869
25170 0.07267292588949203 0.04368986189365387 0.038521554321050644 imageu_546916861809
25180 0.018460890278220177 0.012963121756911278 0.038495391607284546 imagel_547002881074
25190 0.05568721145391464 0.035640742629766464 0.038466691970825195 imagef_547092870974
25200 0.04595767334103584 0.03188566863536835 0.03843042626976967 imaged_547035880703
25210 0.06265623867511749 0.041642677038908005 0.03840479627251625 imagef_547058870341
25220 0.06970089673995972 0.040985822677612305 0.03837426006793976 imageu_546875854173
25230 0.0667060986161232 0.04431638866662979 0.03835213556885719 imagef_547121866605
25240 0.04800311103463173 0.03728027269244194 0.03832826763391495 imageb_546868880541
25250 0.10638308525085449 0.05738728120923042 0.038297634571790695 imaged_547183861871
25260 0.04046304523944855 0.03431600332260132 0.03827360272407532 imager_547125870610
25270 0.05835522711277008 0.03608306497335434 0.03825729340314865 imageu_546953865434
25280 0.048002008348703384 0.03209009766578674 0.03825091943144798 imaged_546895874174
25290 0.14491420984268188 0.09679373353719711 0.03826373815536499 imaged_547198876871
25300 0.04298534616827965 0.026567256078124046 0.0382562093436718 imaged_547064876339
25310 0.04212110862135887 0.03142483904957771 0.03826427459716797 imager_547014859704
25320 0.0459965318441391 0.03856703266501427 0.03827539458870888 imager_547138883611
25330 0.017887722700834274 0.012755976058542728 0.03828626871109009 imagel_547106884970
25340 0.03914147615432739 0.025759339332580566 0.038276489824056625 imaged_547019864709
25350 0.03882709890604019 0.02876335196197033 0.03827361389994621 imager_547009854705
25360 0.07241404801607132 0.04452301561832428 0.03825041651725769 imageb_547006885077
25370 0.08116128295660019 0.07160622626543045 0.03823409602046013 imaged_546871883543
25380 0.05855768918991089 0.036827001720666885 0.038207266479730606 imageu_546950862437
25390 0.06804917752742767 0.04115767404437065 0.03817683085799217 imageu_546919864808
25400 0.07288649678230286 0.046731431037187576 0.03818059340119362 imagef_546979858070
25410 0.06095665693283081 0.037188127636909485 0.038192398846149445 imageu_547070882331
25420 0.0405300036072731 0.033639974892139435 0.03819527104496956 imager_547118863609
25430 0.03245612233877182 0.025052383542060852 0.038178957998752594 imager_546890869170
25440 0.05973494425415993 0.04261430352926254 0.03816082701086998 imaged_547142854240
25450 0.0714455395936966 0.04600924253463745 0.038142431527376175 imageu_547115860606
25460 0.07047382742166519 0.05379282310605049 0.03812504559755325 imaged_546875854173
25470 0.031476423144340515 0.02339034527540207 0.03810181841254234 imager_546936881803
25480 0.040883731096982956 0.031195474788546562 0.038072943687438965 imagel_547082860970
25490 0.036716677248477936 0.023934241384267807 0.03804100304841995 imaged_547006885077
25500 0.1375482678413391 0.07768522948026657 0.038013312965631485 imagef_546853865537
25510 0.06572102010250092 0.04106980189681053 0.037982698529958725 imagef_547160872234
25520 0.05076483637094498 0.03314225375652313 0.03796007111668587 imaged_547116861604
25530 0.07405471056699753 0.049459122121334076 0.03794493153691292 imageb_547121866605
25540 0.020005950704216957 0.013461301103234291 0.03793253377079964 imagel_547116861604
25550 0.06762117892503738 0.04028458520770073 0.03793094679713249 imagef_546958870432
25560 0.060862988233566284 0.03637178614735603 0.03792208060622215 imageu_547077855978
25570 0.014593363739550114 0.01046508178114891 0.03790664300322533 imagel_547179857873
25580 0.02053258754312992 0.011503285728394985 0.03790231794118881 imagel_547137882603
25590 0.036641377955675125 0.028826551511883736 0.03786487132310867 imager_547001880072
25600 0.05803501978516579 0.03733834624290466 0.03783009573817253 imageb_547030875702
25610 0.06884396076202393 0.042000386863946915 0.037795741111040115 imagef_547021866708
25620 0.0518018938601017 0.03202537074685097 0.037765130400657654 imaged_546897876191
25630 0.15407241880893707 0.08289513736963272 0.03771950677037239 imagef_547169881238
25640 0.04111980274319649 0.025766989216208458 0.03767554461956024 imaged_547075853978
25650 0.05421056970953941 0.03409641236066818 0.0376460924744606 imageb_546953865434
25660 0.08759628981351852 0.04282187297940254 0.037600815296173096 imageu_547166878243
25670 0.09424569457769394 0.061735719442367554 0.03756161406636238 imageb_547157869236
25680 0.06942185759544373 0.04563333839178085 0.037597283720970154 imageu_547058870341
25690 0.05884851515293121 0.03877086564898491 0.03761734440922737 imagef_546990869071
25700 0.166634202003479 0.08834461122751236 0.03760066628456116 imageb_547176854870
25710 0.06764339655637741 0.04282192140817642 0.037585627287626266 imagef_547016861703
25720 0.030664922669529915 0.025700239464640617 0.03758811205625534 imager_546887866191
25730 0.10435663908720016 0.06559843569993973 0.03756727650761604 imagef_546878857194
25740 0.0619540810585022 0.04019764065742493 0.037550922483205795 imaged_546905884197
25750 0.06129992753267288 0.03947018086910248 0.03754205256700516 imagef_546956868435
25760 0.0678919330239296 0.045477863401174545 0.03754584491252899 imageb_546962874438
25770 0.16321150958538055 0.10606963187456131 0.037561383098363876 imageu_547193871872
25780 0.16056586802005768 0.11290864646434784 0.03759310394525528 imageu_547191869875
25790 0.062459588050842285 0.03956501558423042 0.03757932782173157 imageb_546999878077
25800 0.06783832609653473 0.040475230664014816 0.037552494555711746 imageb_546982861070
25810 0.05420413240790367 0.039587121456861496 0.037537746131420135 imaged_547016861703
25820 0.057680439203977585 0.03700874745845795 0.03754463791847229 imagef_547067879338
25830 0.03855942189693451 0.028206925839185715 0.037547189742326736 imager_546945857437
25840 0.045454323291778564 0.029080983251333237 0.037518881261348724 imaged_546973885436
25850 0.04079650714993477 0.030549215152859688 0.037533994764089584 imagel_546861873539
25860 0.04821697995066643 0.031710658222436905 0.03753582015633583 imaged_546939884803
25870 0.05403373762965202 0.03445300832390785 0.037535659968853 imageb_546958870432
25880 0.07771161943674088 0.06048255413770676 0.03750387206673622 imaged_547147859235
25890 0.03312608227133751 0.01580730266869068 0.037486445158720016 imagel_547162874244
25900 0.06098233163356781 0.039517275989055634 0.03746534883975983 imagef_547052864345
25910 0.13765163719654083 0.07887869328260422 0.03744138032197952 imagef_546851863543
25920 0.04727344959974289 0.03159768879413605 0.03742929920554161 imaged_547115860606
25930 0.018007934093475342 0.012473651207983494 0.03742275759577751 imagel_547047859335
25940 0.03617653250694275 0.022675709798932076 0.037410784512758255 imaged_547094872971
25950 0.051956743001937866 0.034329723566770554 0.03739817813038826 imageb_547014859704
25960 0.04875330254435539 0.029469400644302368 0.03738000616431236 imaged_547111856605
25970 0.11220526695251465 0.0704200267791748 0.03735455125570297 imageu_546856868537
25980 0.022100554779171944 0.011980639770627022 0.03732895851135254 imagel_546967879439
25990 0.08955187350511551 0.0515870600938797 0.03729718551039696 imaged_546856868537
26000 0.06813210248947144 0.04339490085840225 0.03728192672133446 imageb_546972884442
26010 0.014287006109952927 0.011505570262670517 0.037271011620759964 imagel_546955867436
26020 0.04667935520410538 0.03449085354804993 0.037274472415447235 imager_547043855348
26030 0.07906173169612885 0.05000266805291176 0.03727036714553833 imageb_546922867806
26040 0.06573319435119629 0.05153751000761986 0.03726206347346306 imaged_547135880603
26050 0.02267167903482914 0.013265141285955906 0.03724053502082825 imagel_546977856071
26060 0.058333754539489746 0.03859545290470123 0.03722406551241875 imageu_547018863705
26070 0.06615527719259262 0.04265867546200752 0.03723839297890663 imageu_547006885077
26080 0.018883712589740753 0.011912284418940544 0.03723103925585747 imagel_547099877967
26090 0.07839744538068771 0.050442520529031754 0.037205081433057785 imageb_547150862236
26100 0.02392251417040825 0.015251095406711102 0.03720419481396675 imagel_547137882603
26110 0.019530802965164185 0.013150984421372414 0.03720269352197647 imagel_546856868537
26120 0.06400202959775925 0.03754841536283493 0.03723572939634323 imagef_547077855978
26130 0.07441096752882004 0.045962996780872345 0.03725937008857727 imageb_547201879876
26140 0.0901365876197815 0.054333314299583435 0.03726338967680931 imagef_546911856805
26150 0.04705728590488434 0.030664797872304916 0.037252187728881836 imaged_547089867973
26160 0.08364919573068619 0.05344894900918007 0.037231724709272385 imaged_547172884238
26170 0.10398954153060913 0.05924007296562195 0.037238042801618576 imageu_546854866535
26180 0.07419110834598541 0.04849284887313843 0.03720107302069664 imagef_547118863609
26190 0.0694301500916481 0.041304584592580795 0.03717152029275894 imageu_547035880703
26200 0.04770626127719879 0.03344567120075226 0.037167131900787354 imaged_547014859704
26210 0.01343380194157362 0.009950518608093262 0.03716694191098213 imagel_547126871606
26220 0.05973967909812927 0.040853101760149 0.037131618708372116 imageb_547126871606
26230 0.051258932799100876 0.03326743468642235 0.03710496798157692 imageb_547069881338
26240 0.08445215970277786 0.05541931092739105 0.037089522927999496 imageb_547118863609
26250 0.06556776911020279 0.039483774453401566 0.03707513213157654 imageu_546965877440
26260 0.15831716358661652 0.1010933592915535 0.03705492243170738 imageu_547193871872
26270 0.06304626166820526 0.039815325289964676 0.03699781745672226 imagef_547040885702
26280 0.05420222505927086 0.033293720334768295 0.03694487363100052 imageb_547023868703
26290 0.13930770754814148 0.0672512874007225 0.03693162277340889 imagef_547172884238
26300 0.02976919338107109 0.0258155670017004 0.036929093301296234 imageu_546866878536
26310 0.06334475427865982 0.040778398513793945 0.036881186068058014 imagef_547101879972
26320 0.060081176459789276 0.04012823477387428 0.036808039993047714 imageu_546987866076
26330 0.07733994722366333 0.05022350698709488 0.03676358982920647 imageu_547137882603
26340 0.06775689125061035 0.04053517058491707 0.03673252463340759 imagef_546982861070
26350 0.0415210947394371 0.028300786390900612 0.03673945367336273 imaged_547091869975
26360 0.028257524594664574 0.022257190197706223 0.03673942759633064 imager_546956868435
26370 0.047404028475284576 0.03090730868279934 0.03671259805560112 imaged_547101879972
26380 0.05858783423900604 0.03704947978258133 0.03668234869837761 imageu_546975854071
26390 0.16098129749298096 0.1027977243065834 0.0366576686501503 imagef_547189867877
26400 0.09278979152441025 0.05608867108821869 0.03662027046084404 imagef_546967879439
26410 0.05354634299874306 0.03530307486653328 0.03657647222280502 imaged_546885864170
26420 0.013311533257365227 0.009345377795398235 0.03653489798307419 imagel_547028873712
26430 0.049340199679136276 0.03543395921587944 0.03650881350040436 imageb_546866878536
26440 0.04170061647891998 0.029879601672291756 0.03652451932430267 imager_547079857970
26450 0.042922429740428925 0.034850675612688065 0.0365651398897171 imager_547115860606
26460 0.017794368788599968 0.011695398949086666 0.03658752888441086 imagel_547086864973
26470 0.07619720697402954 0.044897183775901794 0.03658682107925415 imageb_546892871169
26480 0.060958437621593475 0.04318288341164589 0.03658520430326462 imaged_547166878243
26490 0.054007142782211304 0.039668407291173935 0.036633849143981934 imaged_547137882603
26500 0.02338300459086895 0.01852218061685562 0.03663909062743187 imageu_546863875543
26510 0.03616209700703621 0.01592503860592842 0.036591727286577225 imagel_547157869236
26520 0.04551152139902115 0.03341197967529297 0.03654494509100914 imager_547043855348
26530 0.041118331253528595 0.03250953555107117 0.03648974001407623 imager_547135880603
26540 0.0638623833656311 0.04220665618777275 0.03643837198615074 imagef_547081859975
26550 0.14491026103496552 0.07510477304458618 0.03640167415142059 imageb_546856868537
26560 0.08506155759096146 0.05364154651761055 0.03637290745973587 imagef_546887866191
26570 0.014873226173222065 0.01288293395191431 0.03634648770093918 imager_546868880541
26580 0.03978070616722107 0.028678568080067635 0.03633810207247734 imager_547016861703
26590 0.0736486166715622 0.045331861823797226 0.03634437173604965 imageb_547132877611
26600 0.0511375367641449 0.03339533880352974 0.0363403744995594 imageb_546931876806
26610 0.033815499395132065 0.0275342408567667 0.03631327673792839 imager_546914859807
26620 0.04469532147049904 0.027985822409391403 0.03629026561975479 imaged_547099877967
26630 0.06854712963104248 0.04367012158036232 0.03627757728099823 imagef_547108853603
26640 0.07319016754627228 0.05129365250468254 0.03624837473034859 imageb_547166878243
26650 0.15347887575626373 0.07239487022161484 0.036241158843040466 imagef_546843855539
26660 0.08603442460298538 0.05698627233505249 0.03625466302037239 imageb_547142854240
26670 0.06397049874067307 0.03742552176117897 0.03625500947237015 imaged_547203881874
26680 0.07154230028390884 0.043240830302238464 0.036252230405807495 imageb_547006885077
26690 0.03265546262264252 0.025322746485471725 0.03623243421316147 imagel_546989868066
26700 0.08726613968610764 0.05176486074924469 0.03621164336800575 imagef_546902881194
26710 0.12917576730251312 0.08970402926206589 0.036196861416101456 imageb_547193871872
26720 0.02861638553440571 0.023083364591002464 0.03617274761199951 imager_547033878707
26730 0.04435284435749054 0.03565245121717453 0.03614262491464615 imager_547160872234
26740 0.06568869203329086 0.0412321574985981 0.03612718731164932 imageb_547104882977
26750 0.04464586079120636 0.0286032073199749 0.03612569719552994 imaged_547140885602
26760 0.05862974002957344 0.03775343298912048 0.0361216701567173 imagef_547062874337
26770 0.05614852532744408 0.034309886395931244 0.036097779870033264 imageu_546950862437
26780 0.1568351536989212 0.10827558487653732 0.03608972951769829 imagef_547191869875
26790 0.12024342268705368 0.07985910028219223 0.036077890545129776 imageb_547205883874
26800 0.07483109086751938 0.05012374743819237 0.036055922508239746 imagef_546924869806
26810 0.02625160850584507 0.016985882073640823 0.03605634719133377 imagel_547062874337
26820 0.029982611536979675 0.017473740503191948 0.03605218604207039 imagel_546909854806
26830 0.14710307121276855 0.09746383875608444 0.03602046146988869 imageu_547196874870
26840 0.06376396119594574 0.04635322466492653 0.03597782924771309 imagef_547154866233
26850 0.018678458407521248 0.013072720728814602 0.035965654999017715 imagel_546912857810
26860 0.03581441193819046 0.027847392484545708 0.03592595085501671 imager_546963875440
26870 0.16783206164836884 0.08576507121324539 0.03591391071677208 imageb_547172884238
26880 0.05897093936800957 0.04134615510702133 0.03590625524520874 imaged_547126871606
26890 0.0635262206196785 0.04048454761505127 0.03588711470365524 imageu_546928873809
26900 0.1404201239347458 0.07014422863721848 0.03586258366703987 imageb_547179857873
26910 0.1903257668018341 0.10793935507535934 0.03586459904909134 imageb_546849861536
26920 0.15526825189590454 0.09378647804260254 0.03587803989648819 imagef_546846858536
26930 0.05859200656414032 0.03818688169121742 0.03588017821311951 imagef_547079857970
26940 0.07426240295171738 0.04431891441345215 0.03586055338382721 imagef_546919864808
26950 0.037981387227773666 0.03151636943221092 0.03588155284523964 imager_547125870610
26960 0.017504973337054253 0.010528475046157837 0.035893362015485764 imagel_546950862437
26970 0.03379793092608452 0.02652580663561821 0.03587993606925011 imager_546916861809
26980 0.15815216302871704 0.0787174329161644 0.03586776554584503 imagef_547171883239
26990 0.06147312745451927 0.0370696522295475 0.035878606140613556 imageu_546980859076
27000 0.07489819824695587 0.05044906213879585 0.03586843982338905 imager_547179857873
27010 0.048964545130729675 0.03298654034733772 0.03585287183523178 imaged_547092870974
27020 0.033778563141822815 0.02129162847995758 0.03586319461464882 imagel_547060872343
27030 0.02027699165046215 0.01213799323886633 0.03586089238524437 imagel_546960872437
27040 0.0794861689209938 0.05163392052054405 0.035847581923007965 imageb_547152864241
27050 0.05786982178688049 0.040289897471666336 0.035820312798023224 imaged_547125870610
27060 0.09498455375432968 0.06175713613629341 0.035785891115665436 imaged_546849861536
27070 0.03360169008374214 0.023577095940709114 0.03576982021331787 imaged_546999878077
27080 0.020281774923205376 0.011187151074409485 0.03576117753982544 imagel_547087865974
27090 0.0511816069483757 0.03146985173225403 0.03573945537209511 imaged_546897876191
27100 0.06546936929225922 0.042924053966999054 0.03572104498744011 imageu_547079857970
27110 0.06471872329711914 0.040311023592948914 0.03570934385061264 imager_547181859871
27120 0.06924924999475479 0.043080899864435196 0.03567715734243393 imagef_547099877967
27130 0.043719321489334106 0.02725367061793804 0.03566942736506462 imaged_547104882977
27140 0.12845326960086823 0.07582579553127289 0.03567738085985184 imagef_547200878871
27150 0.05469762161374092 0.031165918335318565 0.0356501042842865 imageb_546950862437
27160 0.04236564412713051 0.025837427005171776 0.035615094006061554 imaged_547024869702
27170 0.0619136244058609 0.03840668871998787 0.03559381514787674 imageb_547057869336
27180 0.042703863233327866 0.02733268216252327 0.03556855767965317 imaged_546924869806
27190 0.011111089959740639 0.00903975497931242 0.03555788844823837 imagel_546883862169
27200 0.024351568892598152 0.01906454749405384 0.035539280623197556 imageu_546865877539
27210 0.029249103739857674 0.02412753365933895 0.03552578389644623 imager_546924869806
27220 0.04379679635167122 0.029964687302708626 0.035481952130794525 imager_547074852968
27230 0.06245409697294235 0.04346397891640663 0.03545153886079788 imaged_546883862169
27240 0.019900841638445854 0.012394625693559647 0.03544244170188904 imagel_546951863443
27250 0.01292797178030014 0.009521737694740295 0.03542526066303253 imagel_547113858603
27260 0.11007430404424667 0.05588480457663536 0.035395339131355286 imagef_547176854870
27270 0.02008982002735138 0.013179058209061623 0.035360418260097504 imagel_547018863705
27280 0.028068160638213158 0.022861482575535774 0.03533226251602173 imager_546955867436
27290 0.04675853252410889 0.036444857716560364 0.03531939163804054 imagef_546866878536
27300 0.0366193987429142 0.023655440658330917 0.03531091287732124 imagel_546941853440
27310 0.02803138643503189 0.014093252830207348 0.03530004620552063 imagel_547181859871
27320 0.04919664189219475 0.032500844448804855 0.035317614674568176 imaged_547109854609
27330 0.06808789819478989 0.04234052821993828 0.035341527312994 imageu_547101879972
27340 0.0707811489701271 0.047129180282354355 0.0353352315723896 imageb_547164876237
27350 0.014630588702857494 0.010871385224163532 0.03530426323413849 imagel_547143855237
27360 0.0733809769153595 0.046505510807037354 0.035299528390169144 imageu_547113858603
27370 0.06779680401086807 0.04043065756559372 0.03529573604464531 imageu_546911856805
27380 0.040743205696344376 0.03091234154999256 0.035311508923769 imager_547007852711
27390 0.033114172518253326 0.020921003073453903 0.03530772402882576 imagel_547060872343
27400 0.06668068468570709 0.03975122794508934 0.0353090725839138 imagef_546953865434
27410 0.011268233880400658 0.010255489498376846 0.03530345857143402 imagel_546866878536
27420 0.10188844054937363 0.04292355105280876 0.03527342900633812 imagel_546844856539
27430 0.010506648570299149 0.007835702039301395 0.03524600341916084 imagel_546992871071
27440 0.01222477201372385 0.007725471165031195 0.03521627560257912 imagel_547179857873
27450 0.034486074000597 0.025315186008810997 0.035185590386390686 imager_547094872971
27460 0.1355026513338089 0.07477614283561707 0.03517382964491844 imageb_547184862870
27470 0.02798963151872158 0.02169206365942955 0.03516622632741928 imageu_546868880541
27480 0.06074801832437515 0.037343643605709076 0.03515675291419029 imageu_547055867337
27490 0.06705636531114578 0.04714784398674965 0.03513340651988983 imageu_547121866605
27500 0.12955904006958008 0.0689379945397377 0.03509228304028511 imageu_547169881238
27510 0.04406605660915375 0.025686467066407204 0.035046499222517014 imaged_547057869336
27520 0.019809823483228683 0.010837695561349392 0.03500087931752205 imagel_547087865974
27530 0.059777192771434784 0.04018545523285866 0.03497367352247238 imagef_547058870341
27540 0.08298517763614655 0.0531257800757885 0.03496676683425903 imageb_547118863609
27550 0.05287287384271622 0.03191531449556351 0.03496469184756279 imageb_547036881708
27560 0.06527107208967209 0.039713989943265915 0.034948937594890594 imageu_547101879972
27570 0.051113106310367584 0.03590497374534607 0.03491866588592529 imaged_547152864241
27580 0.06721651554107666 0.03913315385580063 0.03488505259156227 imagef_547043855348
27590 0.04241209849715233 0.02588513121008873 0.034836310893297195 imaged_547099877967
27600 0.06560263782739639 0.04123187065124512 0.034794703125953674 imageb_547089867973
27610 0.06159896403551102 0.03953591361641884 0.03476901352405548 imageb_546900879170
27620 0.05204278230667114 0.030919324606657028 0.034765228629112244 imaged_546892871169
27630 0.017373723909258842 0.01051271241158247 0.03474877029657364 imagel_546950862437
27640 0.01759459637105465 0.010712976567447186 0.03471974655985832 imagel_547098876976
27650 0.010947681963443756 0.009062480181455612 0.034715306013822556 imagel_546882861171
27660 0.05051538348197937 0.03202908858656883 0.03471915423870087 imageb_547069881338
27670 0.07813163846731186 0.04722218960523605 0.034715380519628525 imagef_546922867806
27680 0.03801929950714111 0.023348864167928696 0.03471885621547699 imagel_547189867877
27690 0.07670098543167114 0.04729360342025757 0.0346914604306221 imagef_547150862236
27700 0.026325184851884842 0.021303724497556686 0.03466831520199776 imager_546955867436
27710 0.07752463221549988 0.049409594386816025 0.03464403748512268 imageb_546894873172
27720 0.05706604942679405 0.03678213804960251 0.034655023366212845 imageb_546963875440
27730 0.03700623661279678 0.023467110469937325 0.03466624766588211 imagel_547196874870
27740 0.10416969656944275 0.06613348424434662 0.03462938964366913 imagef_546878857194
27750 0.03412892296910286 0.025663970038294792 0.03459995239973068 imager_547089867973
27760 0.05061839148402214 0.03145666792988777 0.03460299223661423 imageb_546945857437
27770 0.07501419633626938 0.04756372794508934 0.03460279852151871 imagef_547120865600
27780 0.14793308079242706 0.11544466763734818 0.03461838513612747 imageb_547188866869
27790 0.1687096655368805 0.13237273693084717 0.03460631147027016 imagef_547194872874
27800 0.03932993859052658 0.028895271942019463 0.034613750874996185 imager_547060872343
27810 0.1746421903371811 0.09541399031877518 0.034598592668771744 imageb_546851863543
27820 0.04081634804606438 0.030766570940613747 0.03457622975111008 imagef_546866878536
27830 0.07798531651496887 0.05155900865793228 0.03455764055252075 imageu_547137882603
27840 0.06649065762758255 0.03839750960469246 0.03453805670142174 imageu_546875854173
27850 0.05585918202996254 0.033850327134132385 0.03450964018702507 imageu_546975854071
27860 0.15700340270996094 0.09613291919231415 0.03449805825948715 imagef_546846858536
27870 0.03556770831346512 0.025829698890447617 0.03447267785668373 imager_546900879170
27880 0.023911135271191597 0.020249826833605766 0.03445311635732651 imager_546870882540
27890 0.07711634039878845 0.06025039032101631 0.03444134443998337 imager_547186864875
27900 0.14512544870376587 0.07438409328460693 0.034429363906383514 imagef_547205883874
27910 0.050119537860155106 0.04171028733253479 0.03443552926182747 imager_547145857237
27920 0.1341451108455658 0.08473993092775345 0.03445468842983246 imagef_546861873539
27930 0.020918460562825203 0.011804049834609032 0.03448027744889259 imagel_546922867806
27940 0.024179060012102127 0.01816723681986332 0.0344657339155674 imager_546999878077
27950 0.03126520663499832 0.02198933996260166 0.0344572588801384 imagel_547033878707
27960 0.043487872928380966 0.028179464861750603 0.03445024415850639 imaged_546985864078
27970 0.07982148975133896 0.047364603728055954 0.034444548189640045 imageu_546922867806
27980 0.05233752354979515 0.03412870690226555 0.03446905314922333 imaged_546890869170
27990 0.14067257940769196 0.08263283222913742 0.03448614105582237 imagef_546848860533
28000 0.0691976249217987 0.04396083578467369 0.03447570279240608 imageb_547098876976
28010 0.04569190740585327 0.03863995149731636 0.034454792737960815 imager_547126871606
28020 0.22794607281684875 0.13006217777729034 0.03444122150540352 imageu_546844856539
28030 0.05492065101861954 0.0344836600124836 0.03441924229264259 imagef_547065877343
28040 0.013683178462088108 0.009628391824662685 0.03439875319600105 imagel_546873885533
28050 0.07437539100646973 0.049257293343544006 0.03437231853604317 imageu_547013858709
28060 0.23836606740951538 0.11200637370347977 0.03438921272754669 imageb_546843855539
28070 0.0674590989947319 0.04630180448293686 0.034397490322589874 imaged_546878857194
28080 0.0759693831205368 0.04007524996995926 0.03435621038079262 imageu_547072884335
28090 0.05673240125179291 0.034913841634988785 0.0343053974211216 imagef_547064876339
28100 0.08370257914066315 0.05110864341259003 0.0342848002910614 imagef_546917862811
28110 0.02472834102809429 0.014867611229419708 0.03426093980669975 imagel_546962874438
28120 0.03011700138449669 0.024941548705101013 0.03422492370009422 imager_546934879798
28130 0.06688237190246582 0.04402035474777222 0.0342053584754467 imageb_547166878243
28140 0.07626242935657501 0.047212596982717514 0.0341920405626297 imagef_547111856605
28150 0.1636030226945877 0.10634099692106247 0.034168194979429245 imageu_547193871872
28160 0.0710449367761612 0.04312341287732124 0.03414618596434593 imageb_547048860337
28170 0.16235780715942383 0.10722276568412781 0.03413311764597893 imageu_547189867877
28180 0.0443665087223053 0.02901892177760601 0.034125566482543945 imaged_547021866708
28190 0.06227602809667587 0.03896023705601692 0.03413489833474159 imagef_547007852711
28200 0.038226354867219925 0.023477470502257347 0.03416713699698448 imaged_547023868703
28210 0.029016980901360512 0.01320688333362341 0.03418641537427902 imagel_547149861238
28220 0.0552578866481781 0.03620985522866249 0.03419787064194679 imageb_547058870341
28230 0.07798788696527481 0.05040903761982918 0.03419577330350876 imagef_547132877611
28240 0.02979832887649536 0.02234223298728466 0.03420107066631317 imager_546890869170
28250 0.07649578154087067 0.047773659229278564 0.03419501706957817 imagef_546885864170
28260 0.015256987884640694 0.010156660340726376 0.034181952476501465 imagel_547057869336
28270 0.024109099060297012 0.01371738500893116 0.034165073186159134 imagel_547043855348
28280 0.05892954394221306 0.036307740956544876 0.03416309878230095 imageb_546999878077
28290 0.07911492139101028 0.04802420362830162 0.03416319936513901 imagef_546938883810
28300 0.04914851114153862 0.031926896423101425 0.03414521366357803 imagef_547094872971
28310 0.01759418286383152 0.01102401502430439 0.0341305285692215 imagel_547115860606
28320 0.019786706194281578 0.01281498558819294 0.03410599008202553 imagel_547135880603
28330 0.060169290751218796 0.04031592607498169 0.03406409174203873 imagef_546882861171
28340 0.06848127394914627 0.04300781711935997 0.034043215215206146 imageu_547115860606
28350 0.038263950496912 0.028412407264113426 0.03403732553124428 imager_546939884803
28360 0.01499205268919468 0.008793353103101254 0.034018199890851974 imagel_546936881803
28370 0.014478076249361038 0.011765901930630207 0.03399106487631798 imagel_546885864170
28380 0.07495289295911789 0.0446787029504776 0.0339580737054348 imageu_547040885702
28390 0.06275007873773575 0.040495142340660095 0.0339222215116024 imagef_547101879972
28400 0.08552806824445724 0.05122016742825508 0.03389342874288559 imagef_546962874438
28410 0.10297349840402603 0.06531332433223724 0.03387879580259323 imageb_547203881874
28420 0.028382744640111923 0.02341875061392784 0.03387492150068283 imager_546888867171
28430 0.03771081194281578 0.026433316990733147 0.033869899809360504 imager_547016861703
28440 0.07499290257692337 0.040242839604616165 0.033854804933071136 imagel_547203881874
28450 0.07096085697412491 0.04368843510746956 0.03383078798651695 imageu_546938883810
28460 0.054057490080595016 0.034562185406684875 0.033816929906606674 imageb_546984863078
28470 0.08555778115987778 0.053800441324710846 0.033832304179668427 imagef_546965877440
28480 0.045940060168504715 0.028104962781071663 0.03385151922702789 imaged_547113858603
28490 0.1595829278230667 0.10711565613746643 0.033853620290756226 imaged_547188866869
28500 0.06110403686761856 0.04013378173112869 0.03383604437112808 imageu_546987866076
28510 0.0445663258433342 0.03008016012609005 0.03382287919521332 imager_547057869336
28520 0.06988941133022308 0.04270400106906891 0.033812254667282104 imagef_547038883711
28530 0.06610362231731415 0.04527168720960617 0.033799778670072556 imageu_547126871606
28540 0.10774590820074081 0.06607577204704285 0.03376833349466324 imagef_546914859807
28550 0.07551023364067078 0.044976700097322464 0.033739108592271805 imageu_546885864170
28560 0.03628486022353172 0.027121620252728462 0.033709555864334106 imager_546938883810
28570 0.023603826761245728 0.014693371951580048 0.03370165079832077 imagel_547013858709
28580 0.040388934314250946 0.030487364158034325 0.03368619829416275 imager_547113858603
28590 0.01753135584294796 0.012277201749384403 0.03366082161664963 imagel_547160872234
28600 0.07815969735383987 0.043400269001722336 0.033620741218328476 imageu_546892871169
28610 0.14158080518245697 0.08521634340286255 0.033604297786951065 imagef_547188866869
28620 0.04421251639723778 0.02834584191441536 0.03359248489141464 imaged_546921866804
28630 0.04011935368180275 0.025756794959306717 0.033578868955373764 imaged_547041853338
28640 0.037712711840867996 0.02921617217361927 0.03356847167015076 imager_547084862980
28650 0.13576218485832214 0.0764504224061966 0.03355655446648598 imager_546839884906
28660 0.039763566106557846 0.03025204688310623 0.03356015309691429 imager_547128873606
28670 0.07450082898139954 0.04562041163444519 0.033536557108163834 imagef_547111856605
28680 0.017159949988126755 0.010313807986676693 0.0335286408662796 imagel_546950862437
28690 0.08054818958044052 0.05199139192700386 0.03350506350398064 imageb_547115860606
28700 0.02017136849462986 0.011090331710875034 0.033482640981674194 imagel_546968880435
28710 0.07012923061847687 0.04346210137009621 0.033460743725299835 imageb_546924869806
28720 0.06699110567569733 0.04177021235227585 0.033459220081567764 imageu_546914859807
28730 0.051806043833494186 0.032205041497945786 0.03347295522689819 imageu_546994873075
28740 0.029635462909936905 0.023531831800937653 0.03347324579954147 imager_546929874807
28750 0.18706083297729492 0.10557422041893005 0.03346691280603409 imageb_546849861536
28760 0.01272991206496954 0.008914339356124401 0.03345867246389389 imagel_547142854240
28770 0.03856058791279793 0.030207980424165726 0.03344929963350296 imager_547159871241
28780 0.0474897101521492 0.029122022911906242 0.03343299403786659 imagef_547070882331
28790 0.08863171935081482 0.05444110557436943 0.03341875970363617 imaged_546849861536
28800 0.05622308701276779 0.03529166430234909 0.033384088426828384 imageb_547031876706
28810 0.05272894352674484 0.0341544970870018 0.03335817530751228 imageb_547058870341
28820 0.035238493233919144 0.025480318814516068 0.03331863135099411 imager_547096874977
28830 0.06686964631080627 0.040542326867580414 0.0332859642803669 imageu_547023868703
28840 0.021223565563559532 0.013404954224824905 0.03327290341258049 imagel_546965877440
28850 0.04069828614592552 0.025764061138033867 0.03324870392680168 imageb_546934879798
28860 0.05424141138792038 0.033795662224292755 0.03322815150022507 imageb_547016861703
28870 0.06921714544296265 0.041303444653749466 0.03319837152957916 imagef_546939884803
28880 0.07330039888620377 0.04905026778578758 0.03316469117999077 imagef_547152864241
28890 0.11759940534830093 0.07325568050146103 0.033136095851659775 imageu_547181859871
28900 0.0816209688782692 0.05108141899108887 0.03311581537127495 imaged_547172884238
28910 0.018706483766436577 0.012203719466924667 0.03312700614333153 imagel_546856868537
28920 0.0620279498398304 0.04039394482970238 0.03311983123421669 imager_547205883874
28930 0.04769357666373253 0.030482029542326927 0.033099640160799026 imageb_546938883810
28940 0.04734572768211365 0.03032817877829075 0.0330766923725605 imageb_546931876806
28950 0.0545494481921196 0.03764859214425087 0.033083248883485794 imaged_547126871606
28960 0.18930211663246155 0.08460217714309692 0.03308291360735893 imageu_546839884906
28970 0.05937361344695091 0.03269209340214729 0.03308252990245819 imagef_547072884335
28980 0.058444201946258545 0.03168389946222305 0.03308798745274544 imagel_546846858536
28990 0.03677387535572052 0.026991231366991997 0.03305831551551819 imager_547009854705
29000 0.0841836929321289 0.04892776161432266 0.03300267830491066 imageb_547167879238
29010 0.02036627009510994 0.012342789210379124 0.03295903280377388 imagel_546960872437
29020 0.07592565566301346 0.047018710523843765 0.032928716391325 imageb_547045857339
29030 0.012398182414472103 0.009523535147309303 0.03291161358356476 imagel_546887866191
29040 0.011176039464771748 0.008420069701969624 0.03287895768880844 imagel_546868880541
29050 0.0711086243391037 0.046685148030519485 0.03284753859043121 imagef_547009854705
29060 0.047817859798669815 0.033117275685071945 0.03282097727060318 imaged_547154866233
29070 0.0732322484254837 0.048622407019138336 0.032822880893945694 imaged_546877856173
29080 0.06486684083938599 0.04764731600880623 0.03282500430941582 imaged_547167879238
29090 0.05303669720888138 0.03271804004907608 0.03284231573343277 imageb_547070882331
29100 0.017187898978590965 0.011269383132457733 0.03282530978322029 imagel_547109854609
29110 0.038554511964321136 0.027729220688343048 0.03280356153845787 imager_547018863705
29120 0.07011692225933075 0.04136020690202713 0.03278694301843643 imageb_546895874174
29130 0.06988028436899185 0.0421958863735199 0.03275898098945618 imageb_546916861809
29140 0.02870916947722435 0.01643720269203186 0.03274868056178093 imagel_546909854806
29150 0.06374412029981613 0.047614119946956635 0.03272499144077301 imager_546860872536
29160 0.02943037450313568 0.02230306901037693 0.032693393528461456 imager_546980859076
29170 0.07946564257144928 0.05158683657646179 0.032679565250873566 imageb_547152864241
29180 0.013082252815365791 0.008768545463681221 0.032666634768247604 imagel_546997876076
29190 0.05000309646129608 0.035020384937524796 0.03265794739127159 imaged_547160872234
29200 0.037479810416698456 0.02642936445772648 0.03265352174639702 imagef_546868880541
29210 0.03517834097146988 0.02521027810871601 0.032655294984579086 imager_547004883077
29220 0.06006625294685364 0.041486706584692 0.03265434131026268 imaged_546883862169
29230 0.020484616979956627 0.012059631757438183 0.03264676779508591 imagel_547023868703
29240 0.035138677805662155 0.024171752855181694 0.0326383039355278 imager_546962874438
29250 0.032839585095644 0.023126617074012756 0.0326203927397728 imager_546960872437
29260 0.07626671344041824 0.04720006510615349 0.0325961597263813 imageu_547138883611
29270 0.01097024604678154 0.007726617623120546 0.03256846219301224 imagel_547094872971
29280 0.09074994176626205 0.05875200778245926 0.03255515173077583 imageb_547157869236
29290 0.06457419693470001 0.03578982502222061 0.032546233385801315 imager_547172884238
29300 0.06662249565124512 0.04062619432806969 0.032562367618083954 imageu_547001880072
29310 0.07829350233078003 0.045881953090429306 0.03254794701933861 imageu_546922867806
29320 0.09486046433448792 0.04564551264047623 0.03254401683807373 imaged_546841853547
29330 0.03558874875307083 0.022541681304574013 0.03253556042909622 imaged_546989868066
29340 0.05501239746809006 0.036361172795295715 0.03251807391643524 imageu_547062874337
29350 0.043247293680906296 0.029484614729881287 0.032503627240657806 imageb_546866878536
29360 0.06267481297254562 0.039289746433496475 0.032489221543073654 imagef_547086864973
29370 0.018663816154003143 0.01166650839149952 0.03248221054673195 imagel_546934879798
29380 0.027304084971547127 0.021912256255745888 0.03247620537877083 imager_546924869806
29390 0.04029891639947891 0.025882501155138016 0.03246072307229042 imaged_547081859975
29400 0.020813558250665665 0.012682873755693436 0.032457735389471054 imagel_547133878607
29410 0.12264378368854523 0.06787023693323135 0.03243569657206535 imagef_547201879876
29420 0.055808763951063156 0.03535277023911476 0.032417669892311096 imageb_546994873075
29430 0.05457792431116104 0.03878260776400566 0.03240640461444855 imaged_546887866191
29440 0.07329012453556061 0.045303672552108765 0.03238609433174133 imageu_547140885602
29450 0.019158679991960526 0.012626606971025467 0.03236449509859085 imagel_546975854071
29460 0.040650397539138794 0.025324692949652672 0.03234293311834335 imaged_547036881708
29470 0.08922640234231949 0.04912786930799484 0.03230609372258186 imagef_546873885533
29480 0.06366302073001862 0.040525514632463455 0.03229513019323349 imagef_547135880603
29490 0.03164223954081535 0.016610324382781982 0.03228357061743736 imagel_547154866233
29500 0.07207075506448746 0.047050055116415024 0.032257694751024246 imageu_547142854240
29510 0.07079675793647766 0.03914687782526016 0.032226644456386566 imageu_546967879439
29520 0.030907347798347473 0.023301327601075172 0.0322159118950367 imager_546916861809
29530 0.08444277197122574 0.058455388993024826 0.03221297264099121 imageu_547133878607
29540 0.0678475946187973 0.04271368682384491 0.03223251923918724 imageu_547115860606
29550 0.1447772979736328 0.09512054175138474 0.03223741799592972 imagef_547193871872
29560 0.037927184253931046 0.02921140193939209 0.032239880412817 imager_547101879972
29570 0.048127029091119766 0.029906027019023895 0.032226309180259705 imaged_547084862980
29580 0.06224958226084709 0.04021621495485306 0.03222079202532768 imageb_546973885436
29590 0.010509572923183441 0.007883009500801563 0.03222111240029335 imagel_546992871071
29600 0.020834485068917274 0.01424507237970829 0.03221840038895607 imagel_546863875543
29610 0.05358486995100975 0.03527332842350006 0.032197076827287674 imaged_546917862811
29620 0.03527625650167465 0.021315010264515877 0.03216949477791786 imaged_546962874438
29630 0.06438754498958588 0.03852260485291481 0.03216160461306572 imagef_547035880703
29640 0.0489322803914547 0.030033960938453674 0.032146062701940536 imaged_546951863443
29650 0.037601541727781296 0.022978942841291428 0.03214586526155472 imaged_546965877440
29660 0.08596436679363251 0.04103143513202667 0.032154981046915054 imageu_547166878243
29670 0.04700549691915512 0.030574515461921692 0.032169535756111145 imageb_546929874807
29680 0.05594796687364578 0.036090653389692307 0.03216592222452164 imageb_547011856705
29690 0.03852470964193344 0.028165698051452637 0.032153137028217316 imager_546858870537
29700 0.01798119582235813 0.012336507439613342 0.03213178738951683 imagel_546912857810
29710 0.06412585079669952 0.03771989047527313 0.03210734203457832 imageu_546919864808
29720 0.05770421773195267 0.039881203323602676 0.032098591327667236 imaged_546882861171
29730 0.057449810206890106 0.035701684653759 0.03207778185606003 imageu_546999878077
29740 0.056358642876148224 0.034663308411836624 0.03206755220890045 imagef_547064876339
29750 0.2135472595691681 0.12290968745946884 0.03203870728611946 imageb_546848860533
29760 0.01889161765575409 0.011552155017852783 0.03205990046262741 imagel_547006885077
29770 0.013047878630459309 0.00886853039264679 0.03208440914750099 imagel_547096874977
29780 0.01656883768737316 0.010635970160365105 0.032086387276649475 imagel_547152864241
29790 0.0616433247923851 0.03717290237545967 0.03208332881331444 imageu_547103881966
29800 0.02391732856631279 0.013381634838879108 0.032095424830913544 imagel_547043855348
29810 0.017857635393738747 0.012261570431292057 0.03208974748849869 imagel_547007852711
29820 0.04173969849944115 0.02570565976202488 0.03208040073513985 imaged_546970882435
29830 0.018941624090075493 0.01164056546986103 0.032051049172878265 imagel_547128873606
29840 0.02753879688680172 0.023321915417909622 0.03202235698699951 imager_546873885533
29850 0.03148733079433441 0.022709017619490623 0.03199630603194237 imagel_546899878172
29860 0.08186189830303192 0.047319263219833374 0.03197358176112175 imagel_547201879876
29870 0.07434526085853577 0.03904082253575325 0.03195372596383095 imageu_546907852806
29880 0.06257777661085129 0.034885473549366 0.031945254653692245 imageu_546982861070
29890 0.0534147173166275 0.029657358303666115 0.03192953020334244 imaged_546907852806
29900 0.06726111471652985 0.043258193880319595 0.03192274272441864 imageb_547099877967
29910 0.03995727002620697 0.033464282751083374 0.031941838562488556 imager_547118863609
29920 0.038070306181907654 0.026124434545636177 0.0319666713476181 imager_546895874174
29930 0.06585083901882172 0.04370070621371269 0.03198182210326195 imageu_546996875070
29940 0.08254440873861313 0.0450580008327961 0.03197279945015907 imager_547174852869
29950 0.03988145664334297 0.025883708149194717 0.031951550394296646 imaged_546894873172
29960 0.05734190344810486 0.033417753875255585 0.03194074705243111 imageu_547048860337
29970 0.07259993255138397 0.047681696712970734 0.031922534108161926 imageu_547130875605
29980 0.054431941360235214 0.03274526447057724 0.031916435807943344 imagef_547001880072
29990 0.06299170106649399 0.052509959787130356 0.03191012144088745 imageb_546870882540
30000 0.06588183343410492 0.04196399077773094 0.03190743550658226 imagef_547147859235
