10 0.2467932403087616 0.20786982774734497 0.8996490240097046 imager_546951863443
20 0.17827096581459045 0.13457433879375458 0.7982290387153625 imaged_547001880072
30 0.08133217692375183 0.06655214726924896 0.6478325128555298 imagel_547086864973
40 0.23855425417423248 0.18280375003814697 0.4843443036079407 imageu_547121866605
50 0.22037741541862488 0.16134625673294067 0.3828310966491699 imageu_546958870432
60 0.18238812685012817 0.12721580266952515 0.3368298411369324 imageu_546919864808
70 0.17110905051231384 0.12419674545526505 0.31429991126060486 imageb_546892871169
80 0.1845189779996872 0.14296849071979523 0.30105629563331604 imageb_547014859704
90 0.13943685591220856 0.10323770344257355 0.2910253405570984 imaged_546941853440
100 0.08970191329717636 0.05409354344010353 0.2819570004940033 imaged_547048860337
110 0.46306315064430237 0.36759141087532043 0.2740844488143921 imageu_546848860533
120 0.10571734607219696 0.08105315268039703 0.26754599809646606 imager_547125870610
130 0.060847409069538116 0.05071910098195076 0.2610805630683899 imagel_547084862980
140 0.05253661423921585 0.03978641703724861 0.2545407712459564 imagel_546912857810
150 0.19818352162837982 0.13828612864017487 0.2487080991268158 imaged_547169881238
160 0.08557962626218796 0.06518992781639099 0.2447090595960617 imager_546921866804
170 0.10006196796894073 0.07670252025127411 0.24030083417892456 imager_546963875440
180 0.1511911153793335 0.10829010605812073 0.23494304716587067 imaged_546929874807
190 0.1241760104894638 0.08193263411521912 0.2288016527891159 imaged_546912857810
200 0.3695225715637207 0.30796751379966736 0.22462335228919983 imagel_546846858536
210 0.1653512865304947 0.13034631311893463 0.2219022959470749 imagef_547023868703
220 0.2449008673429489 0.21929961442947388 0.21864014863967896 imager_547019864709
230 0.03878146782517433 0.03297792747616768 0.21482595801353455 imagel_546996875070
240 0.1407713145017624 0.0900808796286583 0.21196775138378143 imageu_547050862335
250 0.13138562440872192 0.10576336085796356 0.2093375325202942 imaged_546997876076
260 0.26456472277641296 0.17684487998485565 0.20708465576171875 imageb_547172884238
270 0.09892895072698593 0.07177366316318512 0.2051926702260971 imaged_547064876339
280 0.15350885689258575 0.12029973417520523 0.20315653085708618 imagef_547126871606
290 0.20548465847969055 0.16788336634635925 0.20076876878738403 imageb_547098876976
300 0.39220553636550903 0.3663078248500824 0.1989612579345703 imageu_547160872234
310 0.14245422184467316 0.10547852516174316 0.19637200236320496 imageb_547132877611
320 0.07837320864200592 0.06104746088385582 0.1933371126651764 imager_546931876806
330 0.10888976603746414 0.07228746265172958 0.1902686506509781 imaged_547121866605
340 0.11576805263757706 0.08500397205352783 0.18818318843841553 imageb_546946858444
350 0.3051639497280121 0.23905032873153687 0.18663279712200165 imageu_546851863543
360 0.047602176666259766 0.038873519748449326 0.18540503084659576 imagel_546919864808
370 0.09090481698513031 0.07135460525751114 0.18405060470104218 imager_547009854705
380 0.09826944023370743 0.06878361105918884 0.18265600502490997 imaged_547016861703
390 0.13241997361183167 0.10235582292079926 0.18123102188110352 imagef_547081859975
400 0.35712581872940063 0.2977440059185028 0.18001945316791534 imageb_547193871872
410 0.1463792324066162 0.11840277165174484 0.17862877249717712 imagef_547135880603
420 0.13235892355442047 0.10867617279291153 0.17751669883728027 imageb_546868880541
430 0.12468079477548599 0.08479061722755432 0.1765499711036682 imageu_547062874337
440 0.24877530336380005 0.22603590786457062 0.17580614984035492 imager_547167879238
450 0.13434192538261414 0.0922672227025032 0.17461815476417542 imageu_547103881966
460 0.14129967987537384 0.0969354435801506 0.17347480356693268 imageu_547006885077
470 0.12554806470870972 0.09211870282888412 0.1721152812242508 imageb_547052864345
480 0.11477531492710114 0.08477143198251724 0.17115594446659088 imaged_547089867973
490 0.2237352579832077 0.182490274310112 0.17038705945014954 imaged_547172884238
500 0.1477227360010147 0.09743715822696686 0.16932760179042816 imageu_546934879798
510 0.11851029098033905 0.11182590574026108 0.16751205921173096 imagel_547147859235
520 0.1949189454317093 0.16028645634651184 0.16579467058181763 imagef_546924869806
530 0.1613827347755432 0.12821216881275177 0.16442179679870605 imageb_547104882977
540 0.11552611738443375 0.08892892301082611 0.16315957903862 imagef_547002881074
550 0.32637423276901245 0.2573188543319702 0.1623355597257614 imagef_547198876871
560 0.1286216527223587 0.09954050928354263 0.16168564558029175 imagef_547007852711
570 0.10849106311798096 0.08285218477249146 0.1611175835132599 imagef_547069881338
580 0.1984066218137741 0.15140217542648315 0.16045169532299042 imaged_547174852869
590 0.16524943709373474 0.13659511506557465 0.1597898304462433 imageb_547162874244
600 0.12126157432794571 0.09019225835800171 0.15900085866451263 imaged_546890869170
610 0.10636096447706223 0.07450130581855774 0.1585107147693634 imageu_546866878536
620 0.1573038250207901 0.13926845788955688 0.15799710154533386 imagef_547053865336
630 0.15010955929756165 0.11840857565402985 0.1573089212179184 imagef_547111856605
640 0.12371040135622025 0.09742596745491028 0.1566663235425949 imagef_546989868066
650 0.11569777876138687 0.09178948402404785 0.15599793195724487 imagef_547065877343
660 0.11508731544017792 0.08170255273580551 0.15512482821941376 imageb_547072884335
670 0.0915294960141182 0.08001946657896042 0.15462520718574524 imager_546924869806
680 0.6638892889022827 0.6255927085876465 0.15420542657375336 imager_546861873539
690 0.14487914741039276 0.11691679805517197 0.15350212156772614 imagef_546979858070
700 0.121999092400074 0.08969109505414963 0.1527850478887558 imageb_547091869975
710 0.12774308025836945 0.08578944951295853 0.15182864665985107 imageu_547009854705
720 0.13516858220100403 0.10121607035398483 0.15117444097995758 imageb_546962874438
730 0.21294279396533966 0.20056003332138062 0.15067577362060547 imager_547164876237
740 0.11388665437698364 0.08456865698099136 0.1499452441930771 imageb_546948860438
750 0.08959393948316574 0.07317502051591873 0.14935487508773804 imager_546922867806
760 0.13491563498973846 0.09227568656206131 0.14881619811058044 imageu_546980859076
770 0.28100475668907166 0.20249664783477783 0.14842332899570465 imageu_546849861536
780 0.11296100914478302 0.0839424803853035 0.14803257584571838 imaged_546933878804
790 0.6944079995155334 0.6631729006767273 0.14765678346157074 imager_547205883874
800 0.1687551736831665 0.15127868950366974 0.14709259569644928 imagef_547164876237
810 0.15750686824321747 0.10780354589223862 0.1465781182050705 imageu_546963875440
820 0.04930860549211502 0.0418139211833477 0.14592991769313812 imagel_546853865537
830 0.051903627812862396 0.0470208078622818 0.14540995657444 imagel_546914859807
840 0.48780137300491333 0.39175423979759216 0.14495955407619476 imageu_546843855539
850 0.07944656163454056 0.06411492824554443 0.14473888278007507 imager_547094872971
860 0.19354307651519775 0.16491377353668213 0.1445406675338745 imagef_547157869236
870 0.1390424370765686 0.10451997816562653 0.14433012902736664 imageb_546997876076
880 0.4846101701259613 0.42733392119407654 0.14398282766342163 imageb_547205883874
890 0.10341990739107132 0.08034344017505646 0.14343006908893585 imaged_546996875070
900 0.11264793574810028 0.10023732483386993 0.14316700398921967 imager_547086864973
910 0.09390636533498764 0.06416283547878265 0.14292234182357788 imaged_547075853978
920 0.07766410708427429 0.06873423606157303 0.14267119765281677 imagel_546899878172
930 0.13838590681552887 0.11151263862848282 0.14236980676651 imageb_546904883185
940 0.0549459271132946 0.03830830380320549 0.14203272759914398 imagel_547132877611
950 0.17502202093601227 0.14448057115077972 0.14178566634655 imagef_547035880703
960 0.1490667164325714 0.11504242569208145 0.14160007238388062 imageb_547099877967
970 0.32424214482307434 0.25947871804237366 0.1412547379732132 imageu_547169881238
980 0.09659957885742188 0.07606985419988632 0.1409652829170227 imagef_546866878536
990 0.1156659871339798 0.0882963016629219 0.14069542288780212 imageb_547074852968
1000 0.15347124636173248 0.1250496655702591 0.14027810096740723 imageb_547089867973
1010 0.07843489944934845 0.05408744886517525 0.1399672031402588 imaged_547074852968
1020 0.10271580517292023 0.08861482888460159 0.13960301876068115 imager_546883862169
1030 0.09985814988613129 0.08270955830812454 0.13932278752326965 imagel_547149861238
1040 0.10763470828533173 0.08350756764411926 0.1390402466058731 imageb_547013858709
1050 0.04476873576641083 0.03842425346374512 0.13873204588890076 imagel_547018863705
1060 0.09820602834224701 0.08186473697423935 0.1384725719690323 imager_547149861238
1070 0.16681215167045593 0.12635347247123718 0.13829216361045837 imageu_546914859807
1080 0.12306980043649673 0.10888580977916718 0.13810737431049347 imager_547087865974
1090 0.5260463356971741 0.4813489317893982 0.1378696709871292 imaged_546849861536
1100 0.13567961752414703 0.0909532979130745 0.13748450577259064 imageu_546945857437
1110 0.1754915416240692 0.12668748199939728 0.13716275990009308 imagef_546863875543
1120 0.11482617259025574 0.1018485501408577 0.13692863285541534 imager_546900879170
1130 0.18198342621326447 0.12288302183151245 0.13655030727386475 imageb_547169881238
1140 0.3960023820400238 0.353821724653244 0.136252298951149 imageb_547203881874
1150 0.16037017107009888 0.12638244032859802 0.13598783314228058 imageb_546899878172
1160 0.4697141647338867 0.45420852303504944 0.13579611480236053 imager_547174852869
1170 0.1624830812215805 0.12381290644407272 0.1355937421321869 imagef_546902881194
1180 0.12778475880622864 0.10175085067749023 0.1352936327457428 imagef_546941853440
1190 0.11609050631523132 0.10931836068630219 0.13503098487854004 imager_546916861809
1200 0.05595821887254715 0.04828018695116043 0.13486060500144958 imagel_547137882603
1210 0.13970090448856354 0.09346463531255722 0.1346510499715805 imageu_547074852968
1220 0.27559682726860046 0.22046208381652832 0.13456328213214874 imagef_547191869875
1230 0.05974523350596428 0.055727675557136536 0.13441377878189087 imagel_547014859704
1240 0.11860094964504242 0.0872710570693016 0.1343294233083725 imaged_546936881803
1250 0.35704195499420166 0.267035573720932 0.1342061460018158 imageb_546848860533
1260 0.1079055443406105 0.09579882770776749 0.1340862214565277 imager_547064876339
1270 0.1400461047887802 0.1007605791091919 0.1339821219444275 imageu_546977856071
1280 0.05345059558749199 0.04270235821604729 0.13381828367710114 imagel_547024869702
1290 0.09489107131958008 0.07430852949619293 0.1337054818868637 imaged_547033878707
1300 0.1508197784423828 0.11755076050758362 0.13358935713768005 imagef_546894873172
1310 0.15978829562664032 0.11147937923669815 0.1334850937128067 imageu_546875854173
1320 0.16926749050617218 0.1376567929983139 0.13333526253700256 imagef_546933878804
1330 0.1217372938990593 0.08278453350067139 0.13322779536247253 imageu_547067879338
1340 0.14212989807128906 0.10809868574142456 0.1331004500389099 imagef_546946858444
1350 0.1421183943748474 0.10919905453920364 0.13295552134513855 imageu_547121866605
1360 0.2896679937839508 0.23107056319713593 0.13276627659797668 imageu_547176854870
1370 0.0685487687587738 0.05855853855609894 0.1325250267982483 imagel_547160872234
1380 0.1067686676979065 0.0817575678229332 0.1323026865720749 imagef_546996875070
1390 0.16634409129619598 0.13438792526721954 0.13212533295154572 imageb_546926871803
1400 0.12826763093471527 0.10140644013881683 0.1320352703332901 imageb_546970882435
1410 0.14033976197242737 0.1059117540717125 0.13182368874549866 imagef_546938883810
1420 0.12791341543197632 0.09929706901311874 0.13171866536140442 imagef_546956868435
1430 0.09330035746097565 0.08145616203546524 0.13162338733673096 imager_547002881074
1440 0.17430102825164795 0.13605381548404694 0.13153378665447235 imageb_546880859173
1450 0.12355006486177444 0.09401652216911316 0.13145868480205536 imaged_546921866804
1460 0.1439656764268875 0.12145701795816422 0.13134469091892242 imagef_547084862980
1470 0.11213012039661407 0.08742982149124146 0.13126012682914734 imaged_546933878804
1480 0.060179468244314194 0.04863686114549637 0.1311647593975067 imagel_546977856071
1490 0.048718247562646866 0.0407622791826725 0.13107003271579742 imagel_547075853978
1500 0.12306836992502213 0.09672317653894424 0.1309160739183426 imagef_547074852968
1510 0.15006184577941895 0.138568714261055 0.13057450950145721 imager_546897876191
1520 0.12412337213754654 0.0972362831234932 0.1304502785205841 imageb_546938883810
1530 0.49051788449287415 0.3893382251262665 0.13036514818668365 imageb_546841853547
1540 0.16026590764522552 0.12326004356145859 0.13027985394001007 imagef_546967879439
1550 0.129922017455101 0.12195813655853271 0.13022594153881073 imager_547055867337
1560 0.12002994865179062 0.09721259772777557 0.13015498220920563 imageb_546866878536
1570 0.20887961983680725 0.16057860851287842 0.13007745146751404 imaged_547198876871
1580 0.1594144105911255 0.11028525233268738 0.12989941239356995 imageu_546912857810
1590 0.05081819370388985 0.04625210911035538 0.129715695977211 imagel_547064876339
1600 0.1500139832496643 0.12334416061639786 0.12957212328910828 imagef_547016861703
1610 0.1727437525987625 0.14121347665786743 0.1293277144432068 imagel_547201879876
1620 0.16133932769298553 0.12316767126321793 0.12914299964904785 imageb_546883862169
1630 0.1141466498374939 0.09342701733112335 0.12901556491851807 imagef_547094872971
1640 0.10942402482032776 0.09971746057271957 0.12878647446632385 imager_546946858444
1650 0.17172059416770935 0.1355935037136078 0.12862180173397064 imageu_547142854240
1660 0.036334600299596786 0.030814314261078835 0.1284548044204712 imagel_547092870974
1670 0.09791219234466553 0.07243965566158295 0.12842069566249847 imaged_546960872437
1680 0.14115546643733978 0.11900210380554199 0.12835043668746948 imagef_547018863705
1690 0.13308033347129822 0.10942667722702026 0.12817560136318207 imaged_546924869806
1700 0.1611160933971405 0.12158205360174179 0.1280846744775772 imageu_546933878804
1710 0.14607128500938416 0.12398753315210342 0.1280117630958557 imageb_547164876237
1720 0.04611150920391083 0.03575143218040466 0.1279839128255844 imagel_547043855348
1730 0.05908723920583725 0.045244984328746796 0.1279093474149704 imageu_547203881874
1740 0.044378362596035004 0.036989226937294006 0.12786512076854706 imagel_546950862437
1750 0.16536183655261993 0.11932415515184402 0.1278601735830307 imageu_546892871169
1760 0.11722307652235031 0.10895010083913803 0.12781041860580444 imager_547138883611
1770 0.11253906786441803 0.08823299407958984 0.127753347158432 imaged_546992871071
1780 0.24792957305908203 0.20131610333919525 0.1277017891407013 imagef_547179857873
1790 0.14550362527370453 0.1146433874964714 0.12767593562602997 imagef_546970882435
1800 0.05473892018198967 0.03789897635579109 0.12759678065776825 imagel_547132877611
1810 0.1125144213438034 0.10753901302814484 0.12742237746715546 imager_547123868601
1820 0.2301902025938034 0.16022132337093353 0.1273021250963211 imageu_547205883874
1830 0.13774415850639343 0.11446035653352737 0.1271493285894394 imagef_547101879972
1840 0.31503742933273315 0.2406318336725235 0.12710632383823395 imageb_546844856539
1850 0.252357542514801 0.1995994746685028 0.12706302106380463 imaged_546858870537
1860 0.361689031124115 0.3743917942047119 0.12701673805713654 imager_547188866869
1870 0.24355368316173553 0.17703679203987122 0.12692934274673462 imagef_547198876871
1880 0.13703390955924988 0.09746534377336502 0.12682291865348816 imageu_546894873172
1890 0.09057560563087463 0.06983740627765656 0.126742884516716 imaged_546990869071
1900 0.11029200255870819 0.08432412147521973 0.1267223060131073 imaged_546897876191
1910 0.1585647165775299 0.11411576718091965 0.12663008272647858 imageu_546885864170
1920 0.13205331563949585 0.09246958047151566 0.1265580803155899 imageu_547028873712
1930 0.15237998962402344 0.12327433377504349 0.12646543979644775 imageb_546900879170
1940 0.12704139947891235 0.10014313459396362 0.1264062523841858 imageb_547125870610
1950 0.08243340998888016 0.07525359839200974 0.12634769082069397 imagel_547033878707
1960 0.14570121467113495 0.1193714588880539 0.12624073028564453 imageb_546929874807
1970 0.17741617560386658 0.1470227986574173 0.12614983320236206 imageb_547137882603
1980 0.13098271191120148 0.10592581331729889 0.12611274421215057 imageb_546987866076
1990 0.08538223803043365 0.0780266597867012 0.12607084214687347 imager_546985864078
2000 0.12759974598884583 0.10374406725168228 0.12606538832187653 imaged_547130875605
2010 0.07363198697566986 0.05990009009838104 0.12613418698310852 imager_546871883543
2020 0.3978096842765808 0.40331709384918213 0.12617917358875275 imager_547184862870
2030 0.12702877819538116 0.08936669677495956 0.12615518271923065 imageu_547092870974
2040 0.27614349126815796 0.23765748739242554 0.12616127729415894 imaged_546851863543
2050 0.13080942630767822 0.10367745906114578 0.12608519196510315 imageb_547070882331
2060 0.1431305855512619 0.10017524659633636 0.12600959837436676 imageu_547115860606
2070 0.14666195213794708 0.10931695997714996 0.12597191333770752 imageu_547045857339
2080 0.10039516538381577 0.09101790189743042 0.1258954107761383 imager_547116861604
2090 0.1429957002401352 0.10360406339168549 0.12587958574295044 imageu_546977856071
2100 0.10305201262235641 0.09814214706420898 0.12588068842887878 imager_546977856071
2110 0.0981748029589653 0.09020128846168518 0.12569211423397064 imager_546968880435
2120 0.1319740116596222 0.1079292818903923 0.12566976249217987 imageb_547052864345
2130 0.16857358813285828 0.11986321955919266 0.12558548152446747 imagef_546863875543
2140 0.1454910784959793 0.11884978413581848 0.1255141943693161 imageb_547033878707
2150 0.07766717672348022 0.05592058598995209 0.1254245936870575 imageu_546866878536
2160 0.12044577300548553 0.09505356103181839 0.12536810338497162 imageb_546958870432
2170 0.1278476119041443 0.09508219361305237 0.12535278499126434 imageu_546953865434
2180 0.12340918183326721 0.09454677253961563 0.12531983852386475 imaged_546909854806
2190 0.13964740931987762 0.11129754036664963 0.12527060508728027 imageb_547058870341
2200 0.20437633991241455 0.15004345774650574 0.1251911222934723 imageu_546858870537
2210 0.2271551489830017 0.1504776030778885 0.12496954947710037 imagel_546839884906
2220 0.26953238248825073 0.2681097388267517 0.12483365833759308 imager_547205883874
2230 0.14986710250377655 0.12066489458084106 0.12476854026317596 imagef_547145857237
2240 0.08610116690397263 0.07841736823320389 0.12476383149623871 imager_546951863443
2250 0.1236879751086235 0.09259407967329025 0.1248280331492424 imaged_546900879170
2260 0.0691630020737648 0.051571883261203766 0.12480352818965912 imaged_547086864973
2270 0.08633855730295181 0.07929476350545883 0.12473413348197937 imager_546929874807
2280 0.15596918761730194 0.12640756368637085 0.12469159811735153 imaged_546883862169
2290 0.14526909589767456 0.11441269516944885 0.12466204911470413 imageb_547111856605
2300 0.1334235519170761 0.1252485066652298 0.12466377019882202 imageu_547162874244
2310 0.1485034078359604 0.11339525878429413 0.12461864203214645 imagef_546883862169
2320 0.1649397909641266 0.12135068327188492 0.12470342963933945 imageu_546888867171
2330 0.11686460673809052 0.10770253092050552 0.12474792450666428 imager_547060872343
2340 0.10701818019151688 0.09500174224376678 0.12471304088830948 imager_547074852968
2350 0.11192356050014496 0.09922201931476593 0.1246718093752861 imager_546938883810
2360 0.18091002106666565 0.15527813136577606 0.12460147589445114 imageu_547154866233
2370 0.1323491930961609 0.10471406579017639 0.12447131425142288 imagef_546945857437
2380 0.1948263943195343 0.17913444340229034 0.12432972341775894 imaged_546873885533
2390 0.3460621237754822 0.31590455770492554 0.12427324056625366 imager_546860872536
2400 0.13041311502456665 0.10390545427799225 0.12417154759168625 imageb_547050862335
2410 0.1608818918466568 0.12036339938640594 0.1239791139960289 imageu_547033878707
2420 0.13903142511844635 0.10160744190216064 0.12386713922023773 imageu_547013858709
2430 0.04713798686861992 0.03857359290122986 0.1238250732421875 imagel_547079857970
2440 0.174397811293602 0.14316660165786743 0.12374121695756912 imagef_546929874807
2450 0.1787365823984146 0.14469218254089355 0.12370844185352325 imageb_546922867806
2460 0.14808180928230286 0.12549394369125366 0.12367270886898041 imagef_547128873606
2470 0.145450621843338 0.11648683249950409 0.12365926057100296 imagef_546953865434
2480 0.2680049538612366 0.17523886263370514 0.12359713017940521 imageb_546846858536
2490 0.1104532927274704 0.08863195031881332 0.1235363632440567 imageb_547011856705
2500 0.09417633712291718 0.07746027410030365 0.12358710914850235 imaged_546979858070
2510 0.09530066698789597 0.08233121782541275 0.1235746443271637 imagel_547149861238
2520 0.11313989758491516 0.08961173892021179 0.12352796643972397 imaged_547084862980
2530 0.03588125482201576 0.03310827165842056 0.12346158176660538 imagel_546882861171
2540 0.2928338050842285 0.244475856423378 0.12341174483299255 imagef_546846858536
2550 0.0868389680981636 0.06250012665987015 0.12336426973342896 imaged_547024869702
2560 0.08184819668531418 0.061580024659633636 0.12331363558769226 imaged_546962874438
2570 0.14276573061943054 0.11958605796098709 0.12331337481737137 imagef_546985864078
2580 0.2478468269109726 0.2016686648130417 0.12336776405572891 imagef_547193871872
2590 0.06342243403196335 0.059187598526477814 0.1233384907245636 imagel_546926871803
2600 0.053516365587711334 0.048189178109169006 0.12331383675336838 imagel_546877856173
2610 0.10989361256361008 0.09793452173471451 0.12311571091413498 imager_547058870341
2620 0.14054138958454132 0.10386298596858978 0.12304135411977768 imageu_547030875702
2630 0.24566660821437836 0.21873685717582703 0.12303575128316879 imageb_547196874870
2640 0.16989068686962128 0.13449609279632568 0.1230393797159195 imagef_546931876806
2650 0.11780928075313568 0.08565429598093033 0.12306330353021622 imageu_546968880435
2660 0.14848342537879944 0.10393621027469635 0.12303006649017334 imageu_546892871169
2670 0.12392333894968033 0.09421557933092117 0.12296520918607712 imageb_546967879439
2680 0.11661618202924728 0.08816918730735779 0.12288059294223785 imaged_547126871606
2690 0.14475952088832855 0.1142289787530899 0.12281642854213715 imageb_547098876976
2700 0.07237385213375092 0.050614118576049805 0.12277346104383469 imaged_546962874438
2710 0.07952253520488739 0.07110686600208282 0.12264940142631531 imagel_546899878172
2720 0.03693592548370361 0.03391006961464882 0.12257900834083557 imagel_546996875070
2730 0.1386159211397171 0.13111154735088348 0.12251481413841248 imager_547162874244
2740 0.04115604609251022 0.03685012087225914 0.12240014970302582 imagel_547126871606
2750 0.11319107562303543 0.0877121239900589 0.12228605896234512 imaged_546900879170
2760 0.09805833548307419 0.08905638009309769 0.122273288667202 imager_547126871606
2770 0.12678256630897522 0.11513121426105499 0.12229882180690765 imager_547050862335
2780 0.1886710226535797 0.1524457335472107 0.12227402627468109 imaged_546851863543
2790 0.13820165395736694 0.10895808786153793 0.12217769771814346 imaged_547147859235
2800 0.2615465819835663 0.1929616928100586 0.12208858877420425 imagef_546841853547
2810 0.23890729248523712 0.18758060038089752 0.1219877079129219 imageu_547189867877
2820 0.13070933520793915 0.1095699742436409 0.1219453439116478 imageb_546938883810
2830 0.104213647544384 0.09401995688676834 0.12198183685541153 imager_546962874438
2840 0.10485722124576569 0.09540794044733047 0.12203139811754227 imager_547062874337
2850 0.15993502736091614 0.1239989697933197 0.12202541530132294 imagef_546885864170
2860 0.14470535516738892 0.11095201224088669 0.12199818342924118 imageu_547033878707
2870 0.04533245414495468 0.03946917876601219 0.12199775129556656 imagel_547099877967
2880 0.06935343146324158 0.05700413137674332 0.12191363424062729 imagel_547191869875
2890 0.26233211159706116 0.19885723292827606 0.12175853550434113 imageu_546846858536
2900 0.0342811718583107 0.030368797481060028 0.12167045474052429 imagel_547030875702
2910 0.051557961851358414 0.0463438481092453 0.12152820080518723 imagel_546933878804
2920 0.1365187019109726 0.10506515204906464 0.12148989737033844 imagef_547057869336
2930 0.08970758318901062 0.06395158171653748 0.12145047634840012 imaged_547205883874
2940 0.06447608023881912 0.0520218200981617 0.12143312394618988 imager_546868880541
2950 0.1272345930337906 0.09691186994314194 0.12144249677658081 imageu_547070882331
2960 0.12250591814517975 0.11922367662191391 0.12147967517375946 imageu_547160872234
2970 0.11529809981584549 0.08590462058782578 0.1214301809668541 imaged_546929874807
2980 0.09948792308568954 0.07814827561378479 0.12142445892095566 imaged_546984863078
2990 0.06821587681770325 0.05274868384003639 0.12141834944486618 imagel_547186864875
3000 0.13186229765415192 0.09626612812280655 0.12136825174093246 imageu_547038883711
3010 0.34238922595977783 0.2660776376724243 0.9799124598503113 imaged_547075853978
3020 0.22990383207798004 0.17069895565509796 0.5911364555358887 imaged_547150862236
3030 0.203793466091156 0.17690178751945496 0.47197023034095764 imagef_546924869806
3040 0.12329969555139542 0.08580590039491653 0.4331313669681549 imageu_546989868066
3050 0.25259700417518616 0.20229147374629974 0.40716060996055603 imageb_547113858603
3060 0.15900541841983795 0.12505243718624115 0.385227769613266 imageb_546890869170
3070 0.17674875259399414 0.13536818325519562 0.3688341975212097 imagef_547142854240
3080 0.15001918375492096 0.11646765470504761 0.35759347677230835 imagef_547096874977
3090 0.21050487458705902 0.16520781815052032 0.34848448634147644 imagef_547150862236
3100 0.14660586416721344 0.11486057937145233 0.3399904668331146 imageb_546875854173
3110 0.166982501745224 0.12019196152687073 0.24403345584869385 imageu_546921866804
3120 0.13844940066337585 0.11800306290388107 0.23481376469135284 imageb_546970882435
3130 0.16151322424411774 0.12785397469997406 0.22559303045272827 imageb_546914859807
3140 0.13089540600776672 0.105474554002285 0.21825198829174042 imageb_547023868703
3150 0.1914554387331009 0.15275396406650543 0.21183277666568756 imageu_547150862236
3160 0.07469849288463593 0.0605965331196785 0.20683160424232483 imageu_547203881874
3170 0.04552309215068817 0.03590380400419235 0.20283927023410797 imagel_547098876976
3180 0.05152735859155655 0.03907071799039841 0.19940903782844543 imagel_547024869702
3190 0.14824751019477844 0.11788725107908249 0.19614353775978088 imagef_547133878607
3200 0.14055681228637695 0.10514143109321594 0.19298239052295685 imageu_546975854071
3210 0.14271993935108185 0.12958334386348724 0.18747276067733765 imager_546878857194
3220 0.12905500829219818 0.09129621833562851 0.18514007329940796 imageu_546999878077
3230 0.12842930853366852 0.0962512269616127 0.18306826055049896 imageu_547019864709
3240 0.13312245905399323 0.10998131334781647 0.18107500672340393 imagef_547052864345
3250 0.13839171826839447 0.09972815960645676 0.17954054474830627 imaged_547152864241
3260 0.08515191078186035 0.05936630815267563 0.17807014286518097 imaged_547069881338
3270 0.14058975875377655 0.13000701367855072 0.17644146084785461 imager_546897876191
3280 0.07940737158060074 0.07357163727283478 0.17490407824516296 imagel_547142854240
3290 0.17185157537460327 0.13984154164791107 0.17350080609321594 imaged_546887866191
3300 0.1616479903459549 0.12650585174560547 0.17224715650081635 imageb_547115860606
3310 0.14387834072113037 0.10938053578138351 0.16979721188545227 imaged_547142854240
3320 0.06728406995534897 0.05476557835936546 0.1686851680278778 imager_546871883543
3330 0.10495362430810928 0.07542377710342407 0.1677311360836029 imaged_547140885602
3340 0.14914843440055847 0.11570144444704056 0.16674064099788666 imageu_546917862811
3350 0.042086172848939896 0.035782307386398315 0.1657046228647232 imagel_546999878077
3360 0.16210731863975525 0.11376974731683731 0.1646760106086731 imaged_547186864875
3370 0.09635686129331589 0.0725519210100174 0.1636408269405365 imaged_546945857437
3380 0.18124151229858398 0.14696885645389557 0.16274507343769073 imageb_546921866804
3390 0.12830616533756256 0.10301628708839417 0.16180959343910217 imageb_546902881194
3400 0.11700206995010376 0.09078891575336456 0.1609296202659607 imaged_546917862811
3410 0.1586073338985443 0.1074824407696724 0.1592726856470108 imaged_546861873539
3420 0.03492138907313347 0.03152898699045181 0.1584681123495102 imagel_547067879338
3430 0.11455316841602325 0.08630843460559845 0.15778374671936035 imaged_546938883810
3440 0.10447948426008224 0.08584362268447876 0.157158762216568 imaged_546894873172
3450 0.15398404002189636 0.12348958104848862 0.1564745008945465 imagef_547011856705
3460 0.04429640248417854 0.037209417670965195 0.15562383830547333 imagel_547041853338
3470 0.03790411353111267 0.03264400735497475 0.1548781841993332 imagel_546868880541
3480 0.05135976895689964 0.04393227770924568 0.15408051013946533 imagel_547115860606
3490 0.13868029415607452 0.1026843935251236 0.15337878465652466 imageu_546934879798
3500 0.1026345044374466 0.08367586135864258 0.1527961790561676 imaged_547021866708
3510 0.04350263997912407 0.040174007415771484 0.15139304101467133 imagel_546916861809
3520 0.09163213521242142 0.0714690238237381 0.15080229938030243 imaged_546980859076
3530 0.12117691338062286 0.08749015629291534 0.15016478300094604 imagel_547203881874
3540 0.08747150003910065 0.0790068581700325 0.1496797502040863 imager_547031876706
3550 0.14146220684051514 0.11659479141235352 0.14928610622882843 imagef_546985864078
3560 0.07166609168052673 0.06083429604768753 0.14881378412246704 imagel_546941853440
3570 0.0881158858537674 0.07353004813194275 0.14834828674793243 imager_547043855348
3580 0.19091713428497314 0.10907641053199768 0.14789175987243652 imagel_546839884906
3590 0.11890386044979095 0.112467460334301 0.14712826907634735 imager_546914859807
3600 0.09160111099481583 0.06541766226291656 0.14638319611549377 imaged_547072884335
3610 0.04270441085100174 0.035834360867738724 0.14521163702011108 imagel_546975854071
3620 0.13079172372817993 0.11269418895244598 0.14461123943328857 imagef_547023868703
3630 0.0985400602221489 0.09153357893228531 0.14414022862911224 imagel_547150862236
3640 0.055639468133449554 0.046200357377529144 0.1437215358018875 imagel_547036881708
3650 0.13010188937187195 0.09452727437019348 0.14326795935630798 imageu_546950862437
3660 0.13162539899349213 0.10429178178310394 0.14273343980312347 imagef_546945857437
3670 0.19402866065502167 0.1423843801021576 0.1422485113143921 imaged_547191869875
3680 0.07514282315969467 0.06692132353782654 0.14188329875469208 imagel_546987866076
3690 0.15562193095684052 0.12814438343048096 0.14143285155296326 imageb_547007852711
3700 0.21710188686847687 0.18098841607570648 0.14114081859588623 imageb_547205883874
3710 0.1520778089761734 0.11093642562627792 0.1403590440750122 imageu_546880859173
3720 0.07663354277610779 0.054485272616147995 0.13999930024147034 imaged_547074852968
3730 0.14356385171413422 0.1170363649725914 0.1396227926015854 imageb_546865877539
3740 0.0872696191072464 0.0672139823436737 0.13924524188041687 imaged_547070882331
3750 0.04875563457608223 0.03557408228516579 0.1388414055109024 imagel_546982861070
3760 0.09318616986274719 0.07265887409448624 0.1384744495153427 imaged_546987866076
3770 0.16633087396621704 0.1344558149576187 0.13823191821575165 imageb_547137882603
3780 0.0430510938167572 0.03371795266866684 0.13792844116687775 imagel_546854866535
3790 0.12688584625720978 0.11862503737211227 0.13758520781993866 imager_546939884803
3800 0.09316200762987137 0.06985925883054733 0.13726463913917542 imaged_547019864709
3810 0.14727485179901123 0.12179837375879288 0.13659806549549103 imageb_546911856805
3820 0.2948596179485321 0.28429603576660156 0.13634110987186432 imager_547174852869
3830 0.054332271218299866 0.049906175583601 0.136044442653656 imagel_547007852711
3840 0.09690432995557785 0.07762392610311508 0.13571026921272278 imaged_546996875070
3850 0.16723427176475525 0.1240147277712822 0.13555847108364105 imaged_546856868537
3860 0.0997343584895134 0.066619373857975 0.13542266190052032 imagel_547159871241
3870 0.13326483964920044 0.10048779100179672 0.1353103518486023 imageu_546965877440
3880 0.09610043466091156 0.08430880308151245 0.13511918485164642 imager_547053865336
3890 0.1354331076145172 0.11056777834892273 0.1348804533481598 imageb_546973885436
3900 0.2136978954076767 0.15341047942638397 0.13466277718544006 imageb_547181859871
3910 0.11693163961172104 0.09736903011798859 0.13410310447216034 imagef_547091869975
3920 0.17246028780937195 0.1569787710905075 0.13395226001739502 imager_547193871872
3930 0.19832828640937805 0.17268481850624084 0.1337585151195526 imager_546860872536
3940 0.1283578872680664 0.10346181690692902 0.13353078067302704 imagef_546941853440
3950 0.1463371217250824 0.1120990440249443 0.13330473005771637 imagef_546897876191
3960 0.08259091526269913 0.05970669910311699 0.13308891654014587 imaged_546975854071
3970 0.05156345292925835 0.042757850140333176 0.13281698524951935 imagel_546922867806
3980 0.13931824266910553 0.1175401508808136 0.13256698846817017 imagef_547033878707
3990 0.048701923340559006 0.04143883287906647 0.1323978751897812 imagel_547120865600
4000 0.17845337092876434 0.13223376870155334 0.13209715485572815 imageu_547147859235
4010 0.1343458592891693 0.10811445116996765 0.13148215413093567 imagef_546945857437
4020 0.12323012948036194 0.09057662636041641 0.1312371790409088 imageu_547045857339
4030 0.20872944593429565 0.18669861555099487 0.13101164996623993 imaged_546868880541
4040 0.06702858954668045 0.06352587044239044 0.1307927966117859 imagel_547142854240
4050 0.2835264205932617 0.23790498077869415 0.13061387836933136 imageu_547189867877
4060 0.13158811628818512 0.10618703812360764 0.13038165867328644 imageb_546941853440
4070 0.10472829639911652 0.09073469787836075 0.1300516426563263 imager_546967879439
4080 0.12795431911945343 0.09782513231039047 0.12975072860717773 imagel_547200878871
4090 0.22765496373176575 0.17913861572742462 0.12952348589897156 imageu_547194872874
4100 0.1065368726849556 0.08274596184492111 0.12927144765853882 imaged_547123868601
4110 0.1254458725452423 0.09543602168560028 0.1287381947040558 imageu_546968880435
4120 0.1134747639298439 0.08207191526889801 0.12856478989124298 imaged_547121866605
4130 0.055082377046346664 0.04299620911478996 0.1283603310585022 imagel_547060872343
4140 0.12354347109794617 0.10194915533065796 0.12822456657886505 imagef_547096874977
4150 0.04031047224998474 0.029522722586989403 0.12810717523097992 imagel_547183861871
4160 0.16918037831783295 0.14344459772109985 0.12800145149230957 imagef_547138883611
4170 0.13645409047603607 0.11493893712759018 0.12797215580940247 imageb_546980859076
4180 0.0816463977098465 0.06018396094441414 0.12788605690002441 imaged_546958870432
4190 0.14033594727516174 0.0999295562505722 0.1277090162038803 imageu_546899878172
4200 0.09460832178592682 0.08332423120737076 0.12752118706703186 imager_547120865600
4210 0.0723523423075676 0.06266575306653976 0.1270996779203415 imager_547028873712
4220 0.042095307260751724 0.033993300050497055 0.12699538469314575 imagel_547006885077
4230 0.03692065179347992 0.031499240547418594 0.12689176201820374 imagel_546870882540
4240 0.05739397928118706 0.03945107012987137 0.12667444348335266 imagel_547162874244
4250 0.15694135427474976 0.13330772519111633 0.12642204761505127 imagef_547137882603
4260 0.05909347906708717 0.05491144582629204 0.12624356150627136 imagel_547045857339
4270 0.05058286711573601 0.04230429604649544 0.12605781853199005 imagel_546968880435
4280 0.11709175258874893 0.09677713364362717 0.1258900761604309 imagef_546990869071
4290 0.09492770582437515 0.06936502456665039 0.12584424018859863 imaged_547104882977
4300 0.11574457585811615 0.08735574036836624 0.12574315071105957 imaged_547143855237
4310 0.15991954505443573 0.1360427290201187 0.12535373866558075 imaged_546882861171
4320 0.12733380496501923 0.09360133111476898 0.12523393332958221 imageu_547011856705
4330 0.10640500485897064 0.08700254559516907 0.12510402500629425 imaged_546911856805
4340 0.21983030438423157 0.16880600154399872 0.12495972961187363 imageu_546849861536
4350 0.07788974046707153 0.057125985622406006 0.12483162432909012 imaged_547062874337
4360 0.27744463086128235 0.2782653570175171 0.12474175542593002 imager_546853865537
4370 0.09605064243078232 0.08905882388353348 0.1246081218123436 imager_546973885436
4380 0.2968384027481079 0.2491510659456253 0.12446191161870956 imagef_547188866869
4390 0.1381903439760208 0.09588742256164551 0.12432438880205154 imageu_547167879238
4400 0.12817667424678802 0.10450336337089539 0.12411056458950043 imageb_547166878243
4410 0.1623123735189438 0.12590810656547546 0.12361559271812439 imageb_546892871169
4420 0.2206471860408783 0.17318576574325562 0.12340050935745239 imageu_546854866535
4430 0.08934809267520905 0.06945494562387466 0.12322850525379181 imaged_546982861070
4440 0.0702812448143959 0.06769803911447525 0.12308904528617859 imagel_547101879972
4450 0.12077349424362183 0.09879279136657715 0.12290067970752716 imageb_546985864078
4460 0.10886619985103607 0.08612976223230362 0.12276937067508698 imaged_547014859704
4470 0.19708257913589478 0.14370623230934143 0.122705839574337 imageu_546856868537
4480 0.15357863903045654 0.12270452827215195 0.12261978536844254 imageb_547145857237
4490 0.16452832520008087 0.1290218085050583 0.12250383198261261 imageb_547147859235
4500 0.034980494529008865 0.030574776232242584 0.12238633632659912 imagel_546997876076
4510 0.10618367046117783 0.0815705955028534 0.12209181487560272 imageb_547030875702
4520 0.14601553976535797 0.11901669949293137 0.12200575321912766 imagef_547113858603
4530 0.10701984912157059 0.08273863792419434 0.12188701331615448 imaged_547109854609
4540 0.0433075912296772 0.03532654792070389 0.12178371101617813 imagel_547103881966
4550 0.10745920985937119 0.08315078914165497 0.12165549397468567 imaged_546890869170
4560 0.18245258927345276 0.1503424048423767 0.12158820033073425 imagef_547152864241
4570 0.06188271939754486 0.04430411756038666 0.12152417749166489 imageu_547201879876
4580 0.04734870791435242 0.03844394534826279 0.12139291316270828 imagel_547062874337
4590 0.1281505823135376 0.09508037567138672 0.12130556255578995 imageu_547035880703
4600 0.14932499825954437 0.1211700364947319 0.121244415640831 imagef_546948860438
4610 0.11509161442518234 0.09066524356603622 0.12095488607883453 imageb_547028873712
4620 0.10843198001384735 0.0790138840675354 0.12094938009977341 imaged_546917862811
4630 0.08631151169538498 0.06398987025022507 0.12094152718782425 imaged_547007852711
4640 0.11293095350265503 0.08806192129850388 0.12090971320867538 imaged_546892871169
4650 0.13070900738239288 0.1052975133061409 0.12087009847164154 imageu_547055867337
4660 0.04835127666592598 0.03835193067789078 0.12080647796392441 imagel_546962874438
4670 0.1361149102449417 0.1013195812702179 0.12071866542100906 imageu_546928873809
4680 0.04621390625834465 0.040729451924562454 0.12062354385852814 imagel_546990869071
4690 0.10554324090480804 0.08106188476085663 0.12053721398115158 imaged_546900879170
4700 0.14144755899906158 0.1057918444275856 0.12035305052995682 imageu_546916861809
4710 0.14036794006824493 0.11719077825546265 0.11997897177934647 imageb_546934879798
4720 0.14766772091388702 0.12788960337638855 0.11989078670740128 imageu_547154866233
4730 0.12799955904483795 0.1010141596198082 0.11985921114683151 imageb_546865877539
4740 0.11317591369152069 0.10344355553388596 0.11974465101957321 imager_546922867806
4750 0.13082876801490784 0.10823342949151993 0.11958619207143784 imageb_546945857437
4760 0.04921363294124603 0.04482124000787735 0.1194528192281723 imagel_546880859173
4770 0.0981968343257904 0.09083906561136246 0.11934485286474228 imager_546917862811
4780 0.09328524023294449 0.07379249483346939 0.11934927850961685 imaged_546965877440
4790 0.15194068849086761 0.12334843724966049 0.1192820742726326 imageb_547118863609
4800 0.13472610712051392 0.11269954591989517 0.11914360523223877 imageb_546984863078
4810 0.09073835611343384 0.07018519937992096 0.11865650117397308 imaged_546968880435
4820 0.11901246756315231 0.11813513189554214 0.11854369938373566 imager_546914859807
4830 0.1230609118938446 0.09915647655725479 0.11845284700393677 imagef_547087865974
4840 0.04782235249876976 0.042658619582653046 0.11837252229452133 imagel_546911856805
4850 0.09776201844215393 0.08035460859537125 0.11834987252950668 imaged_546972884442
4860 0.14743241667747498 0.12475477159023285 0.11827659606933594 imagef_547118863609
4870 0.07202935963869095 0.06558245420455933 0.11816815286874771 imager_546955867436
4880 0.17766700685024261 0.15256334841251373 0.11811389774084091 imagef_546926871803
4890 0.05218709632754326 0.048878688365221024 0.1180761381983757 imagel_546970882435
4900 0.12246397137641907 0.09173151105642319 0.1179427057504654 imageu_546972884442
4910 0.10475785285234451 0.09771408140659332 0.1175709068775177 imager_547150862236
4920 0.09118292480707169 0.08515849709510803 0.1174410805106163 imager_546979858070
4930 0.11748411506414413 0.09257636964321136 0.11736559122800827 imageb_547053865336
4940 0.05457204952836037 0.050126977264881134 0.11729416251182556 imagel_546948860438
4950 0.13560201227664948 0.11406026035547256 0.11717858165502548 imagef_547086864973
4960 0.04693944752216339 0.039159782230854034 0.11708806455135345 imagel_546929874807
4970 0.2031393051147461 0.13465414941310883 0.11700740456581116 imageb_546853865537
4980 0.03796195611357689 0.03206349164247513 0.11688722670078278 imagel_546871883543
4990 0.04608941078186035 0.036897074431180954 0.11676111817359924 imagel_547177855874
5000 0.12968236207962036 0.10377883911132812 0.11664364486932755 imageb_546963875440
5010 0.13516664505004883 0.13223382830619812 0.11635985970497131 imager_547092870974
5020 0.1635066270828247 0.13611403107643127 0.1163170263171196 imagef_546965877440
5030 0.14643780887126923 0.11551214009523392 0.11627862602472305 imagef_546894873172
5040 0.06731396168470383 0.06236743927001953 0.1162368655204773 imagel_547128873606
5050 0.10145165026187897 0.08060019463300705 0.11616825312376022 imaged_546902881194
5060 0.13790714740753174 0.11230418086051941 0.11610949039459229 imageb_547130875605
5070 0.20099294185638428 0.17863081395626068 0.11604968458414078 imaged_547162874244
5080 0.08710349351167679 0.08090895414352417 0.11600642651319504 imagel_547193871872
5090 0.10437518358230591 0.08725270628929138 0.1159275621175766 imaged_547077855978
5100 0.11366701871156693 0.09479215741157532 0.11591491103172302 imaged_546985864078
5110 0.07519562542438507 0.06769675016403198 0.11569108068943024 imager_547069881338
5120 0.06096840649843216 0.05001281201839447 0.11564627289772034 imager_546868880541
5130 0.044073715806007385 0.03596514090895653 0.11560370028018951 imagel_547072884335
5140 0.1721862256526947 0.13524678349494934 0.11562947928905487 imageu_547145857237
5150 0.14596104621887207 0.12618307769298553 0.11561994254589081 imageb_546868880541
5160 0.13442791998386383 0.09533325582742691 0.11553619801998138 imagel_547205883874
5170 0.12323027849197388 0.10502848774194717 0.11548290401697159 imageb_546943855437
5180 0.23383304476737976 0.1870836466550827 0.11537380516529083 imageu_547186864875
5190 0.10998724400997162 0.09102508425712585 0.1152605414390564 imagef_546868880541
5200 0.10524412244558334 0.1045510321855545 0.11512316018342972 imager_546975854071
5210 0.1408916413784027 0.11890111118555069 0.11486407369375229 imagef_547121866605
5220 0.18714319169521332 0.15734367072582245 0.11480226367712021 imagef_547152864241
5230 0.05077698454260826 0.04457302764058113 0.11475064605474472 imagel_546875854173
5240 0.12666156888008118 0.10108472406864166 0.11465007066726685 imagef_547098876976
5250 0.09706375747919083 0.07701051980257034 0.11454122513532639 imaged_546895874174
5260 0.13206633925437927 0.107962965965271 0.11446688324213028 imageb_547200878871
5270 0.06137889623641968 0.04414989426732063 0.11441044509410858 imagel_547149861238
5280 0.15121595561504364 0.12145525962114334 0.1143750250339508 imageb_546877856173
5290 0.1466398537158966 0.1179041713476181 0.11429032683372498 imageb_546899878172
5300 0.13542413711547852 0.11029531061649323 0.11420799791812897 imagef_546870882540
5310 0.09181783348321915 0.0885535255074501 0.11389988660812378 imagel_547152864241
5320 0.19556671380996704 0.1980518102645874 0.11390940845012665 imager_547188866869
5330 0.13045376539230347 0.10488069802522659 0.1139119416475296 imageu_546980859076
5340 0.1467488557100296 0.1223001629114151 0.11383726447820663 imageb_547123868601
5350 0.12796662747859955 0.09993290901184082 0.11373559385538101 imageu_547007852711
5360 0.04899654537439346 0.04221038892865181 0.11363636702299118 imagel_546926871803
5370 0.0456010103225708 0.04152299836277962 0.11356547474861145 imagel_547120865600
5380 0.12264248728752136 0.10173971205949783 0.11348096281290054 imageb_546873885533
5390 0.12961265444755554 0.10884694010019302 0.11340347677469254 imageu_547121866605
5400 0.08321492373943329 0.0626075267791748 0.11334393918514252 imaged_547045857339
5410 0.11508683860301971 0.0918959230184555 0.11306847631931305 imagef_546989868066
5420 0.11834724247455597 0.09533361345529556 0.11296404153108597 imageb_546994873075
5430 0.2114475667476654 0.1698911041021347 0.11285310238599777 imaged_547196874870
5440 0.17926953732967377 0.13157953321933746 0.112740658223629 imaged_547183861871
5450 0.1508253961801529 0.12973444163799286 0.11260609328746796 imagef_546963875440
5460 0.21219666302204132 0.1654089242219925 0.112456776201725 imageu_547194872874
5470 0.13971155881881714 0.11111754179000854 0.11234629154205322 imageu_547123868601
5480 0.15356044471263885 0.1504887193441391 0.11225999891757965 imager_547089867973
5490 0.21762484312057495 0.18032382428646088 0.11220773309469223 imageu_547183861871
5500 0.1007961556315422 0.08404407650232315 0.11216863244771957 imaged_546924869806
5510 0.06287318468093872 0.05580694228410721 0.11192311346530914 imager_546956868435
5520 0.07370329648256302 0.0635717362165451 0.11185504496097565 imagel_546941853440
5530 0.13235092163085938 0.10740983486175537 0.11176913976669312 imageb_547201879876
5540 0.0672709196805954 0.05562132969498634 0.1116291731595993 imagel_546861873539
5550 0.14259186387062073 0.12486998736858368 0.11145392060279846 imagef_547033878707
5560 0.10773641616106033 0.08288109302520752 0.11134343594312668 imageb_547053865336
5570 0.12076713889837265 0.1007593497633934 0.11126341670751572 imageb_547023868703
5580 0.1510346233844757 0.1209707260131836 0.11123447120189667 imaged_547160872234
5590 0.16154997050762177 0.11622332036495209 0.11125092953443527 imaged_546839884906
5600 0.14739805459976196 0.11431341618299484 0.11120137572288513 imageu_546914859807
5610 0.12026426941156387 0.09574101120233536 0.11100272834300995 imageb_547084862980
5620 0.04309821128845215 0.03214486688375473 0.11093419790267944 imagel_546980859076
5630 0.2215224653482437 0.18576334416866302 0.11087872087955475 imageb_547186864875
5640 0.07687757164239883 0.05230708047747612 0.11080873012542725 imagel_547171883239
5650 0.12079723924398422 0.11431001871824265 0.11070992052555084 imager_546943855437
5660 0.12645083665847778 0.09607870876789093 0.1106327548623085 imagef_547057869336
5670 0.13432677090168 0.11400958895683289 0.11060111224651337 imageb_547009854705
5680 0.12003053724765778 0.09592069685459137 0.11053413152694702 imageb_546956868435
5690 0.14714762568473816 0.1208610087633133 0.1104818731546402 imageu_547031876706
5700 0.1440332978963852 0.12134864926338196 0.1104302853345871 imagef_547099877967
5710 0.07377728074789047 0.06609980762004852 0.11024577915668488 imager_547069881338
5720 0.08878707140684128 0.07971687614917755 0.11025261133909225 imager_546883862169
5730 0.10963081568479538 0.09735389053821564 0.11025667935609818 imager_547057869336
5740 0.11142844706773758 0.0901361033320427 0.11021964997053146 imageb_547067879338
5750 0.14368709921836853 0.12057527899742126 0.1101551279425621 imageb_547132877611
5760 0.2034381777048111 0.15725077688694 0.11011538654565811 imageu_546860872536
5770 0.12474091351032257 0.11743390560150146 0.11008776724338531 imager_546885864170
5780 0.10757588595151901 0.09729417413473129 0.11004102230072021 imager_546938883810
5790 0.08162358403205872 0.06498418003320694 0.1099843829870224 imaged_547065877343
5800 0.1246151253581047 0.0910286083817482 0.10991373658180237 imageu_547043855348
5810 0.19662494957447052 0.15457968413829803 0.10969143360853195 imageu_546861873539
5820 0.15143205225467682 0.12070626020431519 0.10965333878993988 imageu_546883862169
5830 0.1453850269317627 0.118590347468853 0.10962583869695663 imagef_547113858603
5840 0.09481918811798096 0.07114537805318832 0.1096147745847702 imaged_546939884803
5850 0.09353073686361313 0.0774364247918129 0.10956521332263947 imaged_546967879439
5860 0.05357782915234566 0.051096200942993164 0.10947000235319138 imagel_547160872234
5870 0.2384074181318283 0.19695357978343964 0.10934290289878845 imageu_547181859871
5880 0.2388359010219574 0.15374326705932617 0.10925497114658356 imageb_547171883239
5890 0.04229772090911865 0.0374588780105114 0.10923042893409729 imagel_547064876339
5900 0.11214029043912888 0.09346084296703339 0.1091381162405014 imagef_546997876076
5910 0.23599301278591156 0.18592314422130585 0.10888485610485077 imagef_547189867877
5920 0.1300983875989914 0.12428570538759232 0.10879550874233246 imager_547094872971
5930 0.14786860346794128 0.1291879564523697 0.10871008038520813 imageb_546939884803
5940 0.09428983926773071 0.0745716542005539 0.1086387112736702 imaged_546938883810
5950 0.11710228770971298 0.09035941958427429 0.10861346125602722 imagef_547077855978
5960 0.18137496709823608 0.11637303978204727 0.10858365893363953 imageb_546858870537
5970 0.22685761749744415 0.1500576138496399 0.10859206318855286 imagef_547171883239
5980 0.14729394018650055 0.11771734803915024 0.10858538746833801 imagef_546970882435
5990 0.23679892718791962 0.1580270528793335 0.10854525119066238 imageb_546849861536
6000 0.12876278162002563 0.10809970647096634 0.1084391176700592 imageb_547162874244
6010 0.2721861004829407 0.24484439194202423 0.9826639890670776 imager_546946858444
6020 0.03766005113720894 0.02719590812921524 0.6707123517990112 imagel_546870882540
6030 0.18946529924869537 0.15877912938594818 0.5656799077987671 imagef_546987866076
6040 0.3593670129776001 0.2996259033679962 0.5134478211402893 imagef_547111856605
6050 0.18209169805049896 0.1489429771900177 0.47526296973228455 imageb_546921866804
6060 0.0632212907075882 0.048279982060194016 0.4474838972091675 imagel_547104882977
6070 0.033133335411548615 0.025256197899580002 0.4254244565963745 imagel_546895874174
6080 0.1461128443479538 0.11912605166435242 0.40745091438293457 imager_547121866605
6090 0.10644909739494324 0.079991914331913 0.3917641043663025 imaged_547018863705
6100 0.13439486920833588 0.10584688931703568 0.378583163022995 imagef_546984863078
6110 0.14293767511844635 0.12212203443050385 0.31071847677230835 imageb_546941853440
6120 0.26134687662124634 0.19126898050308228 0.29902616143226624 imagef_546839884906
6130 0.10814769566059113 0.08405953645706177 0.28837093710899353 imagef_546996875070
6140 0.13524417579174042 0.0944642722606659 0.2800235152244568 imageu_547002881074
6150 0.12937603890895844 0.08134641498327255 0.27299556136131287 imageu_547072884335
6160 0.13159988820552826 0.09271471202373505 0.26683714985847473 imageu_546887866191
6170 0.17902588844299316 0.12294500321149826 0.2613627016544342 imagef_546856868537
6180 0.04422018304467201 0.035221390426158905 0.2562028467655182 imagel_547014859704
6190 0.15714380145072937 0.10819002240896225 0.25180166959762573 imaged_547174852869
6200 0.16091091930866241 0.12777869403362274 0.24778074026107788 imageb_547120865600
6210 0.0650632455945015 0.05652136355638504 0.24015146493911743 imagel_546902881194
6220 0.18065017461776733 0.15494883060455322 0.23682399094104767 imageb_546926871803
6230 0.13954472541809082 0.11346157640218735 0.2337927371263504 imageb_547125870610
6240 0.1443997323513031 0.11720947176218033 0.23094740509986877 imageb_546875854173
6250 0.04926075041294098 0.04244229197502136 0.22825618088245392 imagel_547125870610
6260 0.1285567730665207 0.1010817140340805 0.22572112083435059 imagef_546939884803
6270 0.23849458992481232 0.18790316581726074 0.22344714403152466 imagef_547183861871
6280 0.1190565973520279 0.08067020028829575 0.22107800841331482 imageu_547075853978
6290 0.20188863575458527 0.14207591116428375 0.21894094347953796 imagef_546854866535
6300 0.04906022921204567 0.04291393980383873 0.2166849970817566 imagel_547123868601
6310 0.1429731547832489 0.1189541220664978 0.21165838837623596 imageb_546911856805
6320 0.13333450257778168 0.10735709965229034 0.2097603678703308 imaged_547125870610
6330 0.18488989770412445 0.13295425474643707 0.20799635350704193 imageb_547194872874
6340 0.11169379949569702 0.09926733374595642 0.2062288224697113 imager_547096874977
6350 0.19087323546409607 0.17606891691684723 0.20477913320064545 imaged_546871883543
6360 0.04861781373620033 0.04383993521332741 0.20343804359436035 imagel_547089867973
6370 0.09029928594827652 0.07564705610275269 0.20205971598625183 imager_547050862335
6380 0.22868235409259796 0.1751980185508728 0.20060929656028748 imageu_547188866869
6390 0.13333973288536072 0.10964266210794449 0.1991254687309265 imagef_547101879972
6400 0.08348938822746277 0.06394696235656738 0.19769449532032013 imageu_546868880541
6410 0.11162637919187546 0.07506689429283142 0.19481103122234344 imaged_547200878871
6420 0.12158790230751038 0.09516768157482147 0.19340188801288605 imageb_546973885436
6430 0.21977607905864716 0.17268693447113037 0.19198665022850037 imagef_546863875543
6440 0.11661495268344879 0.09105570614337921 0.19070251286029816 imagef_547048860337
6450 0.11165250837802887 0.08873847872018814 0.18960677087306976 imageb_547069881338
6460 0.08619903028011322 0.07554187625646591 0.18863312900066376 imager_547004883077
6470 0.237338587641716 0.18885813653469086 0.18772698938846588 imagef_547167879238
6480 0.058167215436697006 0.03940541297197342 0.18660691380500793 imagel_547162874244
6490 0.08174910396337509 0.0688437819480896 0.18541495501995087 imager_547053865336
6500 0.1162073165178299 0.08165637403726578 0.18427066504955292 imageu_547001880072
6510 0.20386651158332825 0.15167513489723206 0.182491272687912 imagef_546861873539
6520 0.17222830653190613 0.12173761427402496 0.18143011629581451 imaged_547184862870
6530 0.31281721591949463 0.2946697175502777 0.18035975098609924 imager_547177855874
6540 0.13676267862319946 0.10550181567668915 0.17929285764694214 imageb_547094872971
6550 0.1513093262910843 0.11755838245153427 0.17822636663913727 imagef_547147859235
6560 0.10882319509983063 0.07559378445148468 0.1774178296327591 imageu_547084862980
6570 0.10871466249227524 0.08285776525735855 0.17663025856018066 imageb_547028873712
6580 0.14134885370731354 0.12474536150693893 0.17597919702529907 imager_546907852806
6590 0.12171782553195953 0.10110443085432053 0.17539674043655396 imageb_546946858444
6600 0.11112738400697708 0.07471165806055069 0.174854576587677 imaged_547200878871
6610 0.1348041146993637 0.10642635822296143 0.1733986884355545 imagef_547035880703
6620 0.07484361529350281 0.05669147148728371 0.1727697104215622 imaged_547079857970
6630 0.10906831175088882 0.09735710918903351 0.17211660742759705 imager_546909854806
6640 0.17405088245868683 0.15759748220443726 0.1714213788509369 imager_546854866535
6650 0.0777953490614891 0.059110600501298904 0.17062914371490479 imagef_546866878536
6660 0.07420457154512405 0.06179754436016083 0.16973687708377838 imager_547009854705
6670 0.07370501756668091 0.0520058311522007 0.16903303563594818 imaged_547062874337
6680 0.19461597502231598 0.14539624750614166 0.16825009882450104 imaged_547191869875
6690 0.08849810063838959 0.06784071773290634 0.16733738780021667 imaged_547106884970
6700 0.09831565618515015 0.07442715018987656 0.1665848195552826 imageu_547014859704
6710 0.06329183280467987 0.055885035544633865 0.165420264005661 imager_546999878077
6720 0.1005728542804718 0.07747221738100052 0.1650078296661377 imaged_547152864241
6730 0.1664924919605255 0.1418037712574005 0.16461949050426483 imageb_547152864241
6740 0.11335970461368561 0.08551056683063507 0.1641506403684616 imageu_546985864078
6750 0.12201366573572159 0.09718150645494461 0.16373085975646973 imagef_546882861171
6760 0.23597858846187592 0.18612246215343475 0.16320857405662537 imageu_547189867877
6770 0.11968452483415604 0.0960393100976944 0.1626172661781311 imageb_546970882435
6780 0.17437583208084106 0.1481505185365677 0.1620616763830185 imageb_546914859807
6790 0.12907801568508148 0.11207791417837143 0.1614367663860321 imageb_546870882540
6800 0.22363445162773132 0.2253878116607666 0.16083423793315887 imager_547186864875
6810 0.12729984521865845 0.10265909880399704 0.15984398126602173 imageu_547092870974
6820 0.1064341738820076 0.07462500035762787 0.159337118268013 imagel_547200878871
6830 0.2109133005142212 0.14880986511707306 0.15886490046977997 imageu_547172884238
6840 0.22145996987819672 0.13795560598373413 0.1584097445011139 imageb_547172884238
6850 0.21886885166168213 0.17105050384998322 0.15789185464382172 imagef_547179857873
6860 0.09821213781833649 0.09022364020347595 0.15731270611286163 imager_546890869170
6870 0.05258779600262642 0.04305584356188774 0.1568392515182495 imagel_546943855437
6880 0.04026700183749199 0.034438833594322205 0.15640610456466675 imagel_546990869071
6890 0.1007203757762909 0.07631466537714005 0.15596327185630798 imageu_547018863705
6900 0.23475368320941925 0.18621622025966644 0.15567916631698608 imageu_547186864875
6910 0.03569734841585159 0.028090540319681168 0.1550094336271286 imagel_547004883077
6920 0.12788578867912292 0.11029228568077087 0.15472948551177979 imagef_547089867973
6930 0.12399802356958389 0.11083845794200897 0.15436923503875732 imaged_546933878804
6940 0.13779756426811218 0.1143316775560379 0.15396389365196228 imagef_547135880603
6950 0.153969407081604 0.1279405653476715 0.15357771515846252 imagef_547113858603
6960 0.1382109671831131 0.1143047958612442 0.1531556248664856 imageb_547133878607
6970 0.07579995691776276 0.0749828889966011 0.15276917815208435 imager_547200878871
6980 0.12010548263788223 0.08490214496850967 0.15236309170722961 imageu_547040885702
6990 0.12869760394096375 0.10383464395999908 0.15190882980823517 imageu_547094872971
7000 0.0668182224035263 0.048263996839523315 0.1515035778284073 imaged_547050862335
7010 0.07962534576654434 0.05246122181415558 0.15068690478801727 imaged_547205883874
7020 0.028879808261990547 0.023589536547660828 0.1503847986459732 imagel_546956868435
7030 0.12718290090560913 0.10136431455612183 0.15017922222614288 imageb_546865877539
7040 0.11097162961959839 0.08717360347509384 0.14989638328552246 imaged_547128873606
7050 0.18541079759597778 0.12754090130329132 0.1496555507183075 imagef_546854866535
7060 0.10205230861902237 0.0803317129611969 0.14936725795269012 imagef_547062874337
7070 0.07542278617620468 0.06933319568634033 0.1490262746810913 imagel_547193871872
7080 0.0828237235546112 0.07212939858436584 0.14869920909404755 imager_547060872343
7090 0.13503167033195496 0.10163721442222595 0.14835059642791748 imageu_546912857810
7100 0.13454891741275787 0.10768973082304001 0.14791864156723022 imagef_547154866233
7110 0.15857067704200745 0.1345408856868744 0.14713960886001587 imageu_546921866804
7120 0.1529647409915924 0.12308432161808014 0.1467197686433792 imageb_547138883611
7130 0.06924020498991013 0.059922605752944946 0.14632131159305573 imager_547069881338
7140 0.13360927999019623 0.10499028116464615 0.1459733247756958 imageu_546928873809
7150 0.11341547220945358 0.08965577930212021 0.14569950103759766 imagef_547055867337
7160 0.17704156041145325 0.13099317252635956 0.14544476568698883 imagef_546877856173
7170 0.06843908131122589 0.052037227898836136 0.14516210556030273 imaged_547023868703
7180 0.16658064723014832 0.1527070850133896 0.144821435213089 imager_547206884871
7190 0.07481305301189423 0.05546506494283676 0.14445696771144867 imaged_547043855348
7200 0.08192513883113861 0.07484638690948486 0.14423318207263947 imager_547126871606
7210 0.07921043783426285 0.055529095232486725 0.1437419205904007 imaged_547099877967
7220 0.18549615144729614 0.1643705815076828 0.14356215298175812 imager_546849861536
7230 0.04810444638133049 0.044345028698444366 0.14334292709827423 imagel_546953865434
7240 0.10990924388170242 0.08667949587106705 0.14306877553462982 imageb_546945857437
7250 0.036850690841674805 0.030945077538490295 0.1428089439868927 imagel_546873885533
7260 0.13561242818832397 0.10430669039487839 0.1425647884607315 imagef_546968880435
7270 0.09958899021148682 0.09215687215328217 0.14229390025138855 imager_547038883711
7280 0.11038027703762054 0.08761876821517944 0.1420431286096573 imagef_547052864345
7290 0.1526355892419815 0.12909024953842163 0.14192786812782288 imageb_547135880603
7300 0.13145066797733307 0.09677283465862274 0.14181016385555267 imageu_546911856805
7310 0.033034831285476685 0.026407191529870033 0.14133529365062714 imagel_546856868537
7320 0.05609288066625595 0.04469545930624008 0.14115139842033386 imagel_547060872343
7330 0.13333268463611603 0.10739199817180634 0.14087072014808655 imageb_546989868066
7340 0.11445140093564987 0.09171807765960693 0.14058715105056763 imageb_546951863443
7350 0.11697091162204742 0.0865972638130188 0.14033931493759155 imageu_547004883077
7360 0.11774741858243942 0.10282012075185776 0.14012397825717926 imaged_546934879798
7370 0.1499927043914795 0.14230190217494965 0.13992524147033691 imager_546883862169
7380 0.033005490899086 0.02897215448319912 0.13972248136997223 imagel_546894873172
7390 0.051851700991392136 0.04988474398851395 0.13942305743694305 imagel_547113858603
7400 0.20722685754299164 0.13767561316490173 0.1391221284866333 imagef_547172884238
7410 0.07817962020635605 0.05832996964454651 0.13854095339775085 imaged_547055867337
7420 0.09765756875276566 0.07333805412054062 0.13828535377979279 imagef_547064876339
7430 0.13722066581249237 0.11004220694303513 0.1380501091480255 imagef_547155867242
7440 0.0922635868191719 0.07476445287466049 0.13784892857074738 imaged_546939884803
7450 0.1470368206501007 0.11861180514097214 0.1376572698354721 imagef_546883862169
7460 0.12010125070810318 0.09636634588241577 0.1374950408935547 imagef_546985864078
7470 0.07650820910930634 0.05973806232213974 0.13740994036197662 imaged_547024869702
7480 0.10475537925958633 0.09796766191720963 0.13729116320610046 imager_547150862236
7490 0.1066981852054596 0.08662591129541397 0.13722781836986542 imaged_546911856805
7500 0.03496426343917847 0.025947025045752525 0.13701602816581726 imagel_547072884335
7510 0.10197985917329788 0.07951831072568893 0.13658955693244934 imagef_547001880072
7520 0.09653864055871964 0.07527033239603043 0.13641448318958282 imaged_546919864808
7530 0.06973791867494583 0.05227094888687134 0.13625669479370117 imaged_546963875440
7540 0.13078589737415314 0.09899531304836273 0.136078879237175 imagef_546885864170
7550 0.17132332921028137 0.1435324102640152 0.13598547875881195 imageb_546922867806
7560 0.22054444253444672 0.20169265568256378 0.13583092391490936 imaged_547169881238
7570 0.11109114438295364 0.10347692668437958 0.1357579082250595 imager_547162874244
7580 0.1949869841337204 0.1570843905210495 0.13563844561576843 imagef_546914859807
7590 0.1553104668855667 0.1305108666419983 0.1354740411043167 imagef_546948860438
7600 0.14253203570842743 0.12883548438549042 0.13522863388061523 imager_547171883239
7610 0.20007798075675964 0.1419355422258377 0.13463234901428223 imagef_546849861536
7620 0.04572632163763046 0.039013560861349106 0.13441944122314453 imagel_546924869806
7630 0.15329141914844513 0.1295313537120819 0.13414430618286133 imaged_546887866191
7640 0.07386105507612228 0.06263654679059982 0.1338670402765274 imager_547006885077
7650 0.04054149612784386 0.034015949815511703 0.1336425393819809 imagel_546931876806
7660 0.13385741412639618 0.1011621281504631 0.1334555745124817 imageu_546899878172
7670 0.07883623242378235 0.07639198005199432 0.13323386013507843 imagel_546885864170
7680 0.06800398230552673 0.05107518658041954 0.1330377161502838 imaged_546990869071
7690 0.1257106214761734 0.10503055900335312 0.13282625377178192 imageb_546934879798
7700 0.11098186671733856 0.08412490785121918 0.1326504945755005 imageu_547070882331
7710 0.09381227940320969 0.08712916821241379 0.13228252530097961 imager_547016861703
7720 0.16442285478115082 0.13465063273906708 0.1321970820426941 imagef_546880859173
7730 0.10914479941129684 0.08041064441204071 0.13211756944656372 imageu_547098876976
7740 0.03749377280473709 0.02857637032866478 0.13197879493236542 imagel_547104882977
7750 0.1452382206916809 0.11508802324533463 0.131799578666687 imagef_546897876191
7760 0.12487350404262543 0.10445284843444824 0.13166236877441406 imageb_546904883185
7770 0.10840046405792236 0.10225673019886017 0.1314878910779953 imager_547154866233
7780 0.08875660598278046 0.07608198374509811 0.13129359483718872 imager_547074852968
7790 0.1148686334490776 0.09493730217218399 0.1311061680316925 imageb_547125870610
7800 0.1618717908859253 0.143352210521698 0.13096360862255096 imagef_546963875440
7810 0.09047117084264755 0.08197560161352158 0.13053536415100098 imager_547155867242
7820 0.10730217397212982 0.08593429625034332 0.13045820593833923 imageu_547014859704
7830 0.11882973462343216 0.09559621661901474 0.1303429752588272 imagef_547084862980
7840 0.12950952351093292 0.10244108736515045 0.13019415736198425 imagef_547109854609
7850 0.13078853487968445 0.10204345732927322 0.1300583779811859 imageu_546909854806
7860 0.0993431881070137 0.07703615725040436 0.12988170981407166 imagef_546989868066
7870 0.04593418538570404 0.039753858000040054 0.1296679824590683 imagel_547045857339
7880 0.2838042378425598 0.19455476105213165 0.12950941920280457 imageb_546846858536
7890 0.10604053735733032 0.0974300280213356 0.12932558357715607 imager_547162874244
7900 0.1431192010641098 0.11326304078102112 0.12904883921146393 imageb_547145857237
7910 0.17858247458934784 0.12363461405038834 0.1285206824541092 imager_546844856539
7920 0.17021557688713074 0.14247262477874756 0.12824951112270355 imageb_547189867877
7930 0.0610085055232048 0.04593051224946976 0.1279735416173935 imageu_547200878871
7940 0.1171783059835434 0.09049074351787567 0.1278582364320755 imagef_547099877967
7950 0.11336219310760498 0.08890774846076965 0.12780120968818665 imageu_547007852711
7960 0.14413675665855408 0.11792490631341934 0.12772081792354584 imageu_547133878607
7970 0.12651771306991577 0.12442000955343246 0.1276058703660965 imager_547189867877
7980 0.026896797120571136 0.023907558992505074 0.12738770246505737 imagel_547070882331
7990 0.11011522263288498 0.08583297580480576 0.12717445194721222 imagef_547024869702
8000 0.11717654019594193 0.07807052135467529 0.12702588737010956 imagel_547205883874
8010 0.07093381136655807 0.03731444850564003 0.12667688727378845 imagel_547166878243
8020 0.06670013815164566 0.05435365438461304 0.12651070952415466 imager_547047859335
8030 0.11362029612064362 0.08984941244125366 0.12636806070804596 imageu_547121866605
8040 0.03716835752129555 0.030347134917974472 0.1261977106332779 imagel_546875854173
8050 0.08371187001466751 0.0659237653017044 0.1259651780128479 imaged_546967879439
8060 0.18134242296218872 0.13437573611736298 0.1257665455341339 imageu_546854866535
8070 0.15084290504455566 0.12532691657543182 0.12556558847427368 imageb_546890869170
8080 0.11749106645584106 0.09478095918893814 0.12536628544330597 imageb_546977856071
8090 0.16739745438098907 0.15470807254314423 0.1252041459083557 imager_546853865537
8100 0.03277423605322838 0.0299337487667799 0.12501876056194305 imagel_547125870610
8110 0.08884240686893463 0.06520009785890579 0.12474764883518219 imagef_547064876339
8120 0.14697930216789246 0.11168209463357925 0.12459481507539749 imagef_546892871169
8130 0.11839377135038376 0.09622117877006531 0.12444666773080826 imageb_547024869702
8140 0.1865004450082779 0.1636335253715515 0.12429201602935791 imageb_547191869875
8150 0.2689286172389984 0.25564852356910706 0.12414322793483734 imager_546861873539
8160 0.03870810940861702 0.03188295289874077 0.12397871166467667 imagel_547041853338
8170 0.2780221998691559 0.23899488151073456 0.12380775809288025 imager_546843855539
8180 0.11451335996389389 0.08413977921009064 0.1236724704504013 imageb_547111856605
8190 0.14667582511901855 0.1282878816127777 0.1235240027308464 imagel_547198876871
8200 0.13464684784412384 0.09498564898967743 0.12334643304347992 imaged_546860872536
8210 0.07484973222017288 0.06506574153900146 0.12299129366874695 imager_547006885077
8220 0.09232548624277115 0.07304065674543381 0.1228698343038559 imagef_546997876076
8230 0.13469266891479492 0.10420922935009003 0.12271638214588165 imagef_546970882435
8240 0.10670118033885956 0.08248361200094223 0.1225767582654953 imaged_546905884197
8250 0.20149503648281097 0.15180306136608124 0.1224353015422821 imagef_546861873539
8260 0.10430747270584106 0.08282170444726944 0.12230118364095688 imagef_547079857970
8270 0.21217100322246552 0.15802784264087677 0.1221587210893631 imagef_546851863543
8280 0.11850833892822266 0.1131541058421135 0.12198491394519806 imager_547101879972
8290 0.07937183976173401 0.06427109241485596 0.12183241546154022 imaged_547070882331
8300 0.08519307523965836 0.06377687305212021 0.12171483784914017 imaged_547092870974
8310 0.13361890614032745 0.1064433604478836 0.12147404253482819 imagef_547155867242
8320 0.06843914091587067 0.051816675812006 0.1213638037443161 imaged_546989868066
8330 0.10790445655584335 0.0844348669052124 0.12125802040100098 imagef_547028873712
8340 0.02854311279952526 0.02417704276740551 0.12111181765794754 imagel_547067879338
8350 0.07965459674596786 0.06369911879301071 0.12094954401254654 imaged_547045857339
8360 0.028460323810577393 0.02201380580663681 0.12079780548810959 imagel_547086864973
8370 0.07476984709501266 0.057624079287052155 0.12063039839267731 imaged_547052864345
8380 0.23293828964233398 0.1952906996011734 0.12050563097000122 imageu_547183861871
8390 0.14121480286121368 0.106963150203228 0.12036463618278503 imageb_547154866233
8400 0.11563634127378464 0.09256323426961899 0.120261549949646 imagef_546941853440
8410 0.10242076218128204 0.07667079567909241 0.11993339657783508 imageu_547028873712
8420 0.036492720246315 0.02761860378086567 0.11982101947069168 imagel_546968880435
8430 0.11371271312236786 0.09034422039985657 0.11966411769390106 imagef_547031876706
8440 0.13901780545711517 0.13359248638153076 0.11952191591262817 imager_546905884197
8450 0.08897282928228378 0.08292359858751297 0.11943498253822327 imager_547160872234
8460 0.14214393496513367 0.12971115112304688 0.11936130374670029 imager_546873885533
8470 0.18814174830913544 0.14237654209136963 0.1192462369799614 imageu_547179857873
8480 0.13121674954891205 0.10330242663621902 0.11910080909729004 imagef_546950862437
8490 0.11112060397863388 0.0864110141992569 0.11897028982639313 imageu_546955867436
8500 0.08252141624689102 0.07757259160280228 0.11884801089763641 imager_546888867171
8510 0.12663252651691437 0.1202845498919487 0.11850079149007797 imager_546909854806
8520 0.13308779895305634 0.11155954003334045 0.11834631860256195 imagef_547121866605
8530 0.11398562788963318 0.10792726278305054 0.11823803186416626 imager_547007852711
8540 0.1225750595331192 0.10628405213356018 0.11812897026538849 imaged_547142854240
8550 0.11662593483924866 0.09144531190395355 0.11802729964256287 imageb_547089867973
8560 0.21791304647922516 0.16561917960643768 0.11791425943374634 imageu_547174852869
8570 0.09207779914140701 0.07444708794355392 0.11774180829524994 imaged_546895874174
8580 0.11534297466278076 0.0893392562866211 0.11758394539356232 imageu_546985864078
8590 0.0935429111123085 0.07446593046188354 0.11745301634073257 imaged_546919864808
8600 0.13981993496418 0.12133391946554184 0.11731128394603729 imageu_546931876806
8610 0.1773323118686676 0.1507537066936493 0.11707355082035065 imagef_546931876806
8620 0.15535539388656616 0.12335153669118881 0.11698667705059052 imageb_547155867242
8630 0.07284169644117355 0.057594187557697296 0.1169392392039299 imaged_547004883077
8640 0.11053478717803955 0.09042336046695709 0.11688733845949173 imageb_547125870610
8650 0.2011924684047699 0.15062588453292847 0.11684129387140274 imageu_546848860533
8660 0.06988009065389633 0.06395679712295532 0.11683956533670425 imager_547065877343
8670 0.14244495332241058 0.11629928648471832 0.11679013073444366 imageb_547118863609
8680 0.18273817002773285 0.1288522481918335 0.11669759452342987 imaged_547177855874
8690 0.09908495843410492 0.08914798498153687 0.116652712225914 imager_547050862335
8700 0.1657230257987976 0.1341913640499115 0.11661713570356369 imageb_546880859173
8710 0.07619864493608475 0.05697114020586014 0.11628837138414383 imaged_547055867337
8720 0.08227171003818512 0.05177631974220276 0.11613782495260239 imaged_547206884871
8730 0.045573800802230835 0.042852841317653656 0.11600358039140701 imagel_547069881338
8740 0.1034407913684845 0.07603739947080612 0.11591170728206635 imageu_546956868435
8750 0.038501761853694916 0.033746570348739624 0.11588290333747864 imagel_547106884970
8760 0.11231404542922974 0.08228449523448944 0.11580848693847656 imageu_547057869336
8770 0.0675058662891388 0.06198666989803314 0.11571577191352844 imager_547067879338
8780 0.09972398728132248 0.07815143465995789 0.11562210321426392 imageb_547052864345
8790 0.13354358077049255 0.11005262285470963 0.11553087085485458 imagef_547009854705
8800 0.15652121603488922 0.12271669507026672 0.1154714971780777 imaged_546863875543
8810 0.155134916305542 0.12256977707147598 0.11521866172552109 imagef_546911856805
8820 0.21421436965465546 0.15234121680259705 0.11513092368841171 imagef_547203881874
8830 0.11424259096384048 0.0938248559832573 0.11502375453710556 imagef_547052864345
8840 0.17719365656375885 0.15701961517333984 0.11492493003606796 imageb_546928873809
8850 0.10568822920322418 0.08961715549230576 0.11482664197683334 imaged_546899878172
8860 0.07225784659385681 0.05890931189060211 0.11477622389793396 imaged_547018863705
8870 0.039237573742866516 0.02902114950120449 0.11475889384746552 imagel_546962874438
8880 0.12117041647434235 0.09973914176225662 0.11468099802732468 imagef_546977856071
8890 0.05100805312395096 0.03982912003993988 0.11459889262914658 imageu_546866878536
8900 0.09190575033426285 0.08510860800743103 0.11455566436052322 imager_546962874438
8910 0.15742598474025726 0.14980696141719818 0.11430288106203079 imager_546899878172
8920 0.03185883164405823 0.025523237884044647 0.11417055875062943 imagel_546999878077
8930 0.12266452610492706 0.09642814099788666 0.11401010304689407 imageu_547115860606
8940 0.14568117260932922 0.12135489284992218 0.11387978494167328 imaged_547160872234
8950 0.12234694510698318 0.10186336934566498 0.11382308602333069 imageb_546951863443
8960 0.13319244980812073 0.09744184464216232 0.1137789934873581 imaged_547201879876
8970 0.1699245572090149 0.1406184881925583 0.11372343450784683 imaged_546861873539
8980 0.15102306008338928 0.12457363307476044 0.11365003138780594 imagef_546919864808
8990 0.07448460161685944 0.07049322873353958 0.11352235078811646 imager_546975854071
9000 0.14764952659606934 0.1396293044090271 0.11344923824071884 imagel_547196874870
9010 0.503583550453186 0.43882039189338684 0.9757343530654907 imageu_547111856605
9020 0.14169585704803467 0.11330955475568771 0.4765787720680237 imageu_546914859807
9030 0.11237259954214096 0.10230701416730881 0.3790135681629181 imager_546916861809
9040 0.10654833912849426 0.08277375251054764 0.3447374105453491 imageb_546866878536
9050 0.15590441226959229 0.11335287988185883 0.32102248072624207 imageu_547098876976
9060 0.07463699579238892 0.054266080260276794 0.303572416305542 imaged_546945857437
9070 0.25937220454216003 0.2369828224182129 0.29070568084716797 imageu_547155867242
9080 0.11601114273071289 0.10896208137273788 0.279512494802475 imager_546982861070
9090 0.11027811467647552 0.09526973217725754 0.2702940106391907 imager_547133878607
9100 0.16248778998851776 0.1313031166791916 0.2628330588340759 imageb_547138883611
9110 0.12572965025901794 0.10547500848770142 0.22711579501628876 imageu_547018863705
9120 0.1113298162817955 0.08988312631845474 0.22117795050144196 imagef_547030875702
9130 0.11183220148086548 0.09003975242376328 0.2163187563419342 imageb_546936881803
9140 0.19340741634368896 0.1593823879957199 0.21172617375850677 imageb_547113858603
9150 0.14913944900035858 0.12171787023544312 0.2070208042860031 imageu_547143855237
9160 0.044381171464920044 0.036237768828868866 0.2031196653842926 imagel_546934879798
9170 0.2165675163269043 0.16856130957603455 0.19966961443424225 imagef_547186864875
9180 0.12422002851963043 0.09205380827188492 0.1964164525270462 imaged_546849861536
9190 0.172240749001503 0.14062638580799103 0.19295473396778107 imagef_547138883611
9200 0.13447099924087524 0.10907970368862152 0.1897648423910141 imageb_546875854173
9210 0.16219401359558105 0.13177509605884552 0.18396572768688202 imageu_546892871169
9220 0.04523643106222153 0.03537728637456894 0.1811177283525467 imagel_546962874438
9230 0.10081088542938232 0.07667392492294312 0.1788589507341385 imageu_546994873075
9240 0.11385650187730789 0.08800115436315536 0.17700865864753723 imageu_546997876076
9250 0.08945392817258835 0.0647009089589119 0.175224170088768 imagef_547001880072
9260 0.15554220974445343 0.13173367083072662 0.17303040623664856 imageb_546926871803
9270 0.18222364783287048 0.14452770352363586 0.17106005549430847 imaged_546863875543
9280 0.08187303692102432 0.0619027353823185 0.16929516196250916 imaged_547043855348
9290 0.1374414563179016 0.11689555644989014 0.16769108176231384 imager_547157869236
9300 0.13235165178775787 0.10882449895143509 0.16582629084587097 imageb_547132877611
9310 0.12498282641172409 0.1041344553232193 0.16316702961921692 imageb_546968880435
9320 0.17254416644573212 0.08866842091083527 0.16176250576972961 imagel_546843855539
9330 0.10690333694219589 0.0740666538476944 0.1603538542985916 imagef_547057869336
9340 0.1124231293797493 0.08354734629392624 0.15848855674266815 imageb_547109854609
9350 0.09670275449752808 0.07581007480621338 0.15677648782730103 imaged_547133878607
9360 0.13487103581428528 0.10753422975540161 0.15539199113845825 imageu_546905884197
9370 0.1345723420381546 0.11669998615980148 0.15420731902122498 imagef_547019864709
9380 0.13991717994213104 0.1205022931098938 0.15300309658050537 imageb_546897876191
9390 0.11728647351264954 0.09977752715349197 0.1517665982246399 imaged_546885864170
9400 0.15786050260066986 0.11872830241918564 0.15063725411891937 imageu_547147859235
9410 0.10834414511919022 0.08462224900722504 0.1486685574054718 imagef_547104882977
9420 0.1250065267086029 0.09905649721622467 0.1475840061903 imageb_547121866605
9430 0.14923498034477234 0.12481532990932465 0.1465838998556137 imageu_546912857810
9440 0.10480699688196182 0.08416261523962021 0.1456449180841446 imageb_546985864078
9450 0.10725617408752441 0.0832555890083313 0.1446608155965805 imagef_546870882540
9460 0.0878543108701706 0.06634146720170975 0.14370456337928772 imagef_546996875070
9470 0.10858354717493057 0.0879841297864914 0.1431157886981964 imaged_547116861604
9480 0.11048812419176102 0.07990219444036484 0.1424202173948288 imageu_547001880072
9490 0.1121506616473198 0.08522073179483414 0.1417645364999771 imageb_547026871704
9500 0.163410022854805 0.1318293958902359 0.14090578258037567 imageu_546877856173
9510 0.051598891615867615 0.04608422517776489 0.13930867612361908 imagel_546890869170
9520 0.13646957278251648 0.11071386933326721 0.13845905661582947 imagef_547123868601
9530 0.10531391203403473 0.0933532863855362 0.137786403298378 imager_547159871241
9540 0.07138857990503311 0.055107999593019485 0.1369355022907257 imaged_546970882435
9550 0.04240488260984421 0.03349560126662254 0.13621535897254944 imagel_547077855978
9560 0.2352965623140335 0.19353753328323364 0.13575145602226257 imagef_547191869875
9570 0.10170679539442062 0.09385161846876144 0.13525766134262085 imager_546882861171
9580 0.10509484261274338 0.0804089680314064 0.13469848036766052 imageb_547086864973
9590 0.1310228556394577 0.10779319703578949 0.13413341343402863 imageb_546931876806
9600 0.05296370014548302 0.04350990429520607 0.1335226148366928 imagel_546899878172
9610 0.12333779036998749 0.08797301352024078 0.1323443204164505 imaged_547160872234
9620 0.06489141285419464 0.04911953955888748 0.13176237046718597 imagel_547169881238
9630 0.13148656487464905 0.10858338326215744 0.13104109466075897 imagef_547133878607
9640 0.04300728067755699 0.035951580852270126 0.13042230904102325 imagel_547104882977
9650 0.03966229408979416 0.0329783670604229 0.1297730654478073 imagel_546931876806
9660 0.12969180941581726 0.10064461082220078 0.1291448324918747 imagef_547035880703
9670 0.12271352857351303 0.09373462200164795 0.1284693479537964 imageu_546939884803
9680 0.06703684478998184 0.053971435874700546 0.12783782184123993 imaged_547001880072
9690 0.12836961448192596 0.09725577384233475 0.12734992802143097 imageu_546916861809
9700 0.06456363201141357 0.055221542716026306 0.12688787281513214 imager_547028873712
9710 0.11162412911653519 0.08419303596019745 0.12598545849323273 imageu_547041853338
9720 0.1602628380060196 0.1262703537940979 0.12567077577114105 imageb_547154866233
9730 0.10306889563798904 0.0821516141295433 0.12530148029327393 imagef_547053865336
9740 0.06321627646684647 0.04676760360598564 0.12464003264904022 imagel_547172884238
9750 0.10700146108865738 0.07922106981277466 0.12403550744056702 imageu_547028873712
9760 0.030049368739128113 0.025620613247156143 0.1236024871468544 imagel_547094872971
9770 0.11431781947612762 0.08317418396472931 0.12322191894054413 imageu_547035880703
9780 0.11453486979007721 0.0901758000254631 0.12279912084341049 imageu_547079857970
9790 0.0443890206515789 0.03505464643239975 0.12240342795848846 imagel_547062874337
9800 0.07296815514564514 0.05239294469356537 0.12203367054462433 imaged_547072884335
9810 0.03251611813902855 0.028945831581950188 0.12125000357627869 imagel_546916861809
9820 0.1401672214269638 0.12495316565036774 0.12078790366649628 imagel_547188866869
9830 0.14699381589889526 0.11293870210647583 0.1203874945640564 imagef_546888867171
9840 0.09574691206216812 0.0751744881272316 0.12006334960460663 imagef_546994873075
9850 0.13222487270832062 0.1109752282500267 0.1197667345404625 imaged_547147859235
9860 0.14925718307495117 0.1295779049396515 0.11950919032096863 imageu_546933878804
9870 0.15213416516780853 0.1293402463197708 0.11930318176746368 imagef_547160872234
9880 0.16976051032543182 0.12662704288959503 0.11888384819030762 imaged_547186864875
9890 0.05240442976355553 0.04414014518260956 0.11843706667423248 imagel_546989868066
9900 0.03299969434738159 0.02892850525677204 0.11803840100765228 imagel_546880859173
9910 0.10793272405862808 0.08648910373449326 0.11728149652481079 imaged_547118863609
9920 0.14322049915790558 0.11638239026069641 0.1169091984629631 imagef_546936881803
9930 0.31672337651252747 0.20037181675434113 0.11652505397796631 imageb_546839884906
9940 0.07848852872848511 0.07149214297533035 0.11612312495708466 imager_547033878707
9950 0.08744597434997559 0.08138222992420197 0.11583057045936584 imager_546938883810
9960 0.11343243718147278 0.09905959665775299 0.11559595912694931 imageu_547155867242
9970 0.24048666656017303 0.19845545291900635 0.1152741014957428 imageu_546848860533
9980 0.08134078979492188 0.07434430718421936 0.11486983299255371 imager_547104882977
9990 0.10516033321619034 0.07995422184467316 0.1146133542060852 imageu_547002881074
10000 0.18264879286289215 0.13390642404556274 0.11434344947338104 imagef_547184862870
10010 0.10302047431468964 0.093770332634449 0.11378087848424911 imaged_546984863078
10020 0.12463735789060593 0.09930156916379929 0.11347950249910355 imageb_547201879876
10030 0.11228138208389282 0.08424496650695801 0.11319693922996521 imageu_547013858709
10040 0.21854473650455475 0.14643369615077972 0.11285506933927536 imagef_546843855539
10050 0.09470625221729279 0.07893107086420059 0.11255140602588654 imaged_546900879170
10060 0.03868214786052704 0.033948689699172974 0.11233918368816376 imagel_547160872234
10070 0.14767184853553772 0.11787912249565125 0.11207698285579681 imageb_547152864241
10080 0.08941793441772461 0.08392561972141266 0.1117488220334053 imager_547160872234
10090 0.1548861414194107 0.12597119808197021 0.11143811047077179 imagef_547145857237
10100 0.13983802497386932 0.11167016625404358 0.11120789498090744 imaged_546865877539
10110 0.16733168065547943 0.14941638708114624 0.11074211448431015 imagef_546982861070
10120 0.07942025363445282 0.0726417824625969 0.11049200594425201 imager_547024869702
10130 0.2031741887331009 0.14405599236488342 0.11031777411699295 imagef_547174852869
10140 0.1721072793006897 0.13955383002758026 0.11014300584793091 imageb_546885864170
10150 0.12377012521028519 0.10081438720226288 0.10995923727750778 imageb_546973885436
10160 0.09756667912006378 0.07189575582742691 0.10984611511230469 imagef_547026871704
10170 0.1222931295633316 0.09695414453744888 0.10964308679103851 imageb_546962874438
10180 0.1672777682542801 0.14174345135688782 0.10941150784492493 imageb_547149861238
10190 0.14109833538532257 0.1167558804154396 0.10917859524488449 imaged_547159871241
10200 0.09654754400253296 0.07271281629800797 0.10898660868406296 imageb_547091869975
10210 0.051531821489334106 0.046277448534965515 0.1085355281829834 imagel_546924869806
10220 0.1785404235124588 0.1679750680923462 0.10832060128450394 imager_547193871872
10230 0.08082009106874466 0.06286580115556717 0.1080886498093605 imaged_547041853338
10240 0.030284447595477104 0.026689624413847923 0.10784998536109924 imagel_546870882540
10250 0.12653854489326477 0.10395519435405731 0.10760413855314255 imagef_546984863078
10260 0.13066373765468597 0.10746505856513977 0.10745065659284592 imagef_547137882603
10270 0.1411827951669693 0.1292639821767807 0.10727224498987198 imageu_547152864241
10280 0.10227148234844208 0.09707246720790863 0.10711021721363068 imager_547135880603
10290 0.09153205156326294 0.07517184317111969 0.10690530389547348 imagef_546999878077
10300 0.04257415607571602 0.031668711453676224 0.10669567435979843 imagel_547024869702
10310 0.07252360135316849 0.040499504655599594 0.10623285174369812 imagel_547166878243
10320 0.11324067413806915 0.08267349749803543 0.10603337734937668 imageu_547004883077
10330 0.1209837794303894 0.1036483496427536 0.10579058527946472 imageb_546938883810
10340 0.11217755079269409 0.08528447151184082 0.10555999726057053 imageu_547115860606
10350 0.14514261484146118 0.11837707459926605 0.10532820969820023 imagef_547013858709
10360 0.07442373037338257 0.056957412511110306 0.1051095649600029 imaged_546945857437
10370 0.09384331852197647 0.0885755866765976 0.10491732507944107 imager_546970882435
10380 0.13133937120437622 0.1275535672903061 0.1047167032957077 imager_547087865974
10390 0.08293275535106659 0.06716325879096985 0.10454383492469788 imaged_546946858444
10400 0.13649825751781464 0.10477699339389801 0.10434471815824509 imaged_547200878871
10410 0.07475487887859344 0.0683538168668747 0.10396919399499893 imagel_547152864241
10420 0.11936075240373611 0.11766936630010605 0.1037634015083313 imager_546984863078
10430 0.09067372977733612 0.07214874774217606 0.10354496538639069 imaged_546897876191
10440 0.1619257777929306 0.10969612747430801 0.10333006829023361 imagef_547181859871
10450 0.10486184805631638 0.07941583544015884 0.10314027965068817 imageb_547101879972
10460 0.16474586725234985 0.11976640671491623 0.10295553505420685 imaged_547186864875
10470 0.299216628074646 0.17947369813919067 0.10273449867963791 imageb_546843855539
10480 0.105006143450737 0.09859990328550339 0.10253109037876129 imager_547142854240
10490 0.04019546136260033 0.03351305052638054 0.10231709480285645 imagel_546892871169
10500 0.03144529461860657 0.026265770196914673 0.1020699068903923 imagel_547121866605
10510 0.2170821577310562 0.18201345205307007 0.10168692469596863 imageb_547186864875
10520 0.10822387784719467 0.08681613206863403 0.10143925249576569 imageu_546951863443
10530 0.2305137664079666 0.15697453916072845 0.10121049731969833 imageb_546851863543
10540 0.07540815323591232 0.05900490656495094 0.10100392997264862 imaged_547055867337
10550 0.06996423751115799 0.0576043501496315 0.10084164142608643 imager_547052864345
10560 0.15997855365276337 0.13242459297180176 0.10069005191326141 imageb_546922867806
10570 0.16598980128765106 0.15190252661705017 0.10047871619462967 imageu_547116861604
10580 0.0800369381904602 0.06385208666324615 0.10023833066225052 imaged_547089867973
10590 0.07347192615270615 0.0647154226899147 0.10000983625650406 imager_547086864973
10600 0.09635615348815918 0.0863289013504982 0.0998481810092926 imager_546894873172
10610 0.1286192387342453 0.10468223690986633 0.0995430201292038 imaged_547159871241
10620 0.07588845491409302 0.07281939685344696 0.09941918402910233 imager_546980859076
10630 0.032395992428064346 0.029391590505838394 0.0992770567536354 imagel_547055867337
10640 0.12164679914712906 0.10122791677713394 0.09913146495819092 imageb_546900879170
10650 0.1336217224597931 0.11341898143291473 0.0989747866988182 imaged_547157869236
10660 0.12777253985404968 0.10338608175516129 0.09880867600440979 imageu_546938883810
10670 0.09255082905292511 0.06792797148227692 0.09858421236276627 imagef_547028873712
10680 0.0754578486084938 0.06198621541261673 0.09839031100273132 imaged_547019864709
10690 0.02336134761571884 0.018231147900223732 0.09824782609939575 imagel_547026871704
10700 0.08727949112653732 0.081295445561409 0.09808941930532455 imager_546890869170
10710 0.23688974976539612 0.1334487795829773 0.09775503724813461 imageu_546843855539
10720 0.038780078291893005 0.03178070858120918 0.09750060737133026 imagel_546919864808
10730 0.05537443235516548 0.05012312904000282 0.0972839742898941 imagel_546865877539
10740 0.07111159712076187 0.05156760662794113 0.09709791094064713 imaged_547092870974
10750 0.11008544266223907 0.08880762755870819 0.096955306828022 imageu_546941853440
10760 0.14211741089820862 0.11736608296632767 0.09676478803157806 imaged_547169881238
10770 0.11374489963054657 0.09119813144207001 0.09670232236385345 imageb_546994873075
10780 0.0373389795422554 0.03149483725428581 0.09655311703681946 imagel_546948860438
10790 0.10518310964107513 0.06848786026239395 0.0964023619890213 imageb_547167879238
10800 0.2146102786064148 0.12847557663917542 0.09628546237945557 imageb_547174852869
10810 0.11109674721956253 0.08821588009595871 0.09598202258348465 imageu_546980859076
10820 0.1490098237991333 0.11385882645845413 0.09581709653139114 imagef_547166878243
10830 0.15407264232635498 0.12896449863910675 0.09565320611000061 imagef_546965877440
10840 0.07619361579418182 0.05974647030234337 0.09551399946212769 imaged_546972884442
10850 0.10074091702699661 0.08343358337879181 0.0954352468252182 imageu_547018863705
10860 0.07688645273447037 0.061410825699567795 0.09541432559490204 imaged_546982861070
10870 0.16988199949264526 0.11762025207281113 0.09531150013208389 imagef_547201879876
10880 0.07271640002727509 0.06609901785850525 0.09517750144004822 imager_546958870432
10890 0.1019364595413208 0.0772012248635292 0.09502160549163818 imageu_547098876976
10900 0.09176784008741379 0.06549236178398132 0.09494190663099289 imageu_547104882977
10910 0.13442371785640717 0.10646592080593109 0.09471264481544495 imaged_546849861536
10920 0.11331430822610855 0.09427685290575027 0.09469723701477051 imageb_546953865434
10930 0.07709689438343048 0.07568320631980896 0.09462229162454605 imager_546926871803
10940 0.1402554214000702 0.12612153589725494 0.09450864046812057 imager_546875854173
10950 0.12393703311681747 0.09862232953310013 0.09439688920974731 imageb_547001880072
10960 0.1163991317152977 0.09675688296556473 0.09429217875003815 imageu_546946858444
10970 0.09284728765487671 0.07163044065237045 0.09418840706348419 imagef_547001880072
10980 0.10072703659534454 0.08140189200639725 0.09410695731639862 imageb_547011856705
10990 0.0661102682352066 0.05224884673953056 0.09398490935564041 imaged_547018863705
11000 0.02841000258922577 0.022704729810357094 0.09386096149682999 imagel_546912857810
11010 0.07139067351818085 0.03888119012117386 0.09356463700532913 imagel_547167879238
11020 0.12537391483783722 0.10143942385911942 0.09344036877155304 imagef_547135880603
11030 0.07712595164775848 0.07305289059877396 0.09334633499383926 imager_546975854071
11040 0.10305897891521454 0.07696988433599472 0.09322761744260788 imageb_547047859335
11050 0.13174891471862793 0.1069786325097084 0.09314203262329102 imagef_547132877611
11060 0.1038406640291214 0.0834125503897667 0.09303831309080124 imageb_547062874337
11070 0.040447577834129333 0.031191455200314522 0.09290766716003418 imageu_546868880541
11080 0.12523704767227173 0.12237783521413803 0.09280405938625336 imager_546951863443
11090 0.13109497725963593 0.10489057004451752 0.09265775978565216 imagef_546950862437
11100 0.10504097491502762 0.07752008736133575 0.09249679744243622 imaged_547160872234
11110 0.21159633994102478 0.1458844095468521 0.09224946796894073 imageb_546853865537
11120 0.10177941620349884 0.07714547961950302 0.0921260192990303 imagef_547031876706
11130 0.055076152086257935 0.04617577791213989 0.09205272793769836 imagel_546987866076
11140 0.0902966782450676 0.0705111101269722 0.09198641777038574 imageb_547069881338
11150 0.13628935813903809 0.11173499375581741 0.09186691790819168 imagef_546946858444
11160 0.08502852916717529 0.07288376241922379 0.09172246605157852 imaged_547033878707
11170 0.11098045855760574 0.08938715606927872 0.0916074812412262 imageu_546987866076
11180 0.04280297830700874 0.03507394343614578 0.0915106013417244 imagel_547013858709
11190 0.0947040542960167 0.07000117003917694 0.0914100930094719 imageu_547053865336
11200 0.08219443261623383 0.05881441384553909 0.0912620946764946 imaged_547132877611
11210 0.026747100055217743 0.0234738327562809 0.09098890423774719 imagel_546868880541
11220 0.02361864037811756 0.0193956196308136 0.0908660814166069 imagel_547096874977
11230 0.07987512648105621 0.07390023022890091 0.09077506512403488 imager_546916861809
11240 0.14206239581108093 0.12058307975530624 0.09068875759840012 imagef_546865877539
11250 0.11496385186910629 0.08664431422948837 0.09061112254858017 imageu_546905884197
11260 0.09257405996322632 0.07749463617801666 0.09050658345222473 imaged_547101879972
11270 0.03481697291135788 0.03154286369681358 0.09038744121789932 imagel_547143855237
11280 0.10911067575216293 0.08541309833526611 0.09028016775846481 imageb_546973885436
11290 0.07091964036226273 0.053707148879766464 0.0901859700679779 imagel_547149861238
11300 0.04635325446724892 0.044356826692819595 0.09007162600755692 imagel_547142854240
11310 0.07080939412117004 0.05150032788515091 0.08985742926597595 imagel_547157869236
11320 0.02442874014377594 0.020019665360450745 0.08980289846658707 imagel_546972884442
11330 0.09425877779722214 0.06854262202978134 0.0896715521812439 imageb_547104882977
11340 0.10823149979114532 0.07686322182416916 0.08956435322761536 imagel_547201879876
11350 0.05486658960580826 0.046291474252939224 0.08946490287780762 imagel_547081859975
11360 0.09720145910978317 0.07459012418985367 0.08934754878282547 imageb_547050862335
11370 0.03835524618625641 0.03572319820523262 0.08923772722482681 imagel_547125870610
11380 0.3155253231525421 0.22824899852275848 0.08910118788480759 imageu_546844856539
11390 0.06763968616724014 0.062457725405693054 0.08890698850154877 imager_546956868435
11400 0.13987208902835846 0.11138558387756348 0.08874469995498657 imagel_547200878871
11410 0.1266803741455078 0.10465778410434723 0.08849254250526428 imageu_546895874174
11420 0.09044598042964935 0.07903797179460526 0.08837559819221497 imager_547154866233
11430 0.0857774093747139 0.07381448894739151 0.08827678114175797 imaged_547007852711
11440 0.1523798108100891 0.12695762515068054 0.08819969743490219 imageb_547150862236
11450 0.0812888890504837 0.06727151572704315 0.08814091235399246 imageu_547200878871
11460 0.08878118544816971 0.07567280530929565 0.08803646266460419 imaged_546958870432
11470 0.024960260838270187 0.020891858264803886 0.08794964104890823 imagel_546887866191
11480 0.10804729908704758 0.09072528034448624 0.08794725686311722 imageb_546985864078
11490 0.05177976191043854 0.04346303641796112 0.08793836832046509 imagel_546939884803
11500 0.2032071202993393 0.15670807659626007 0.08787740021944046 imageu_547196874870
11510 0.03152688965201378 0.023411231115460396 0.0876808762550354 imagel_547023868703
11520 0.1212933138012886 0.10169476270675659 0.08761531114578247 imageb_546970882435
11530 0.07868883013725281 0.06407569348812103 0.08750734478235245 imaged_546895874174
11540 0.1508808583021164 0.12293758243322372 0.08737172186374664 imagef_546900879170
11550 0.019556423649191856 0.01600491814315319 0.08728831261396408 imagel_546994873075
11560 0.17430417239665985 0.15097030997276306 0.08719418942928314 imagef_546968880435
11570 0.08604960888624191 0.07908158004283905 0.08711403608322144 imager_546882861171
11580 0.07109952718019485 0.05040217190980911 0.08700412511825562 imaged_547057869336
11590 0.07114928215742111 0.06590937077999115 0.0868760496377945 imagel_547152864241
11600 0.08302168548107147 0.07841357588768005 0.08676189184188843 imager_547106884970
11610 0.18148887157440186 0.16001024842262268 0.08657767623662949 imageb_546914859807
11620 0.10547690838575363 0.08520057052373886 0.08651720732450485 imageu_547009854705
11630 0.09445944428443909 0.08368975669145584 0.08644047379493713 imaged_546941853440
11640 0.18380169570446014 0.13443703949451447 0.08636952936649323 imageu_547177855874
11650 0.10556332021951675 0.08946222066879272 0.08632310479879379 imaged_547125870610
11660 0.10289835929870605 0.10208213329315186 0.0862894207239151 imager_546979858070
11670 0.09962409734725952 0.07448927313089371 0.08622308075428009 imageu_547058870341
11680 0.08309197425842285 0.07159717381000519 0.08613705635070801 imager_547057869336
11690 0.06074902042746544 0.05027832090854645 0.08603011071681976 imager_547040885702
11700 0.06735214591026306 0.05565937981009483 0.0859064981341362 imager_547043855348
11710 0.06612277030944824 0.05787364020943642 0.085697703063488 imager_547070882331
11720 0.11507585644721985 0.093618243932724 0.08565934002399445 imageu_547116861604
11730 0.09872212260961533 0.07147270441055298 0.08565464615821838 imageu_547024869702
11740 0.06246175244450569 0.05254397168755531 0.08561164885759354 imager_547060872343
11750 0.09959633648395538 0.07156924158334732 0.08550941199064255 imageu_547045857339
11760 0.1216866672039032 0.09793347865343094 0.08540172874927521 imageu_546902881194
11770 0.0618126355111599 0.04843606799840927 0.08530278503894806 imageu_547164876237
11780 0.1378369778394699 0.10858405381441116 0.08521317690610886 imagef_546968880435
11790 0.08976965397596359 0.0657186359167099 0.08512835204601288 imageb_547082860970
11800 0.1699884980916977 0.1487470120191574 0.08516566455364227 imaged_546854866535
11810 0.20535142719745636 0.13973499834537506 0.08505786210298538 imagef_547205883874
11820 0.03939387574791908 0.02998475730419159 0.08500778675079346 imagel_546902881194
11830 0.0671042799949646 0.05545814335346222 0.08491936326026917 imaged_547002881074
11840 0.0757145881652832 0.06058920919895172 0.08480421453714371 imaged_546977856071
11850 0.13473162055015564 0.10885865241289139 0.08467617630958557 imagef_547011856705
11860 0.16271163523197174 0.1550867259502411 0.08457458764314651 imager_547183861871
11870 0.1895693838596344 0.15432579815387726 0.08450237661600113 imageb_547193871872
11880 0.0940999984741211 0.07185108214616776 0.08442311733961105 imageb_547050862335
11890 0.16169516742229462 0.13711455464363098 0.08436506986618042 imaged_546851863543
11900 0.07036232203245163 0.0627245306968689 0.08432678133249283 imager_547030875702
11910 0.0947250947356224 0.07757619023323059 0.08420398086309433 imageb_546905884197
11920 0.14048472046852112 0.10734321177005768 0.08414367586374283 imagef_547147859235
11930 0.14048856496810913 0.1192810907959938 0.08404619991779327 imageu_547137882603
11940 0.2082677036523819 0.16066113114356995 0.08393008261919022 imagef_547167879238
11950 0.06678426265716553 0.04597124084830284 0.08382561057806015 imageb_547074852968
11960 0.0842069461941719 0.07129541039466858 0.08373729884624481 imaged_546992871071
11970 0.059725966304540634 0.055037084966897964 0.0836382731795311 imagel_547176854870
11980 0.1699581742286682 0.16439977288246155 0.08352785557508469 imager_547184862870
11990 0.07304050028324127 0.0583144947886467 0.08343981951475143 imaged_547096874977
12000 0.04064769670367241 0.0363880880177021 0.08337340503931046 imagel_547109854609
12010 0.3005639910697937 0.26259535551071167 0.9695057272911072 imagef_547082860970
12020 0.41655436158180237 0.4165768325328827 0.3674168884754181 imager_547160872234
12030 0.03295381739735603 0.023874005302786827 0.24481569230556488 imagel_547011856705
12040 0.048497576266527176 0.03463606908917427 0.2142682820558548 imagel_546982861070
12050 0.141616553068161 0.11804911494255066 0.19670473039150238 imagef_547009854705
12060 0.034589983522892 0.032036516815423965 0.18487298488616943 imagel_546883862169
12070 0.16415952146053314 0.13747626543045044 0.1762680560350418 imageb_547189867877
12080 0.08360758423805237 0.06937102228403091 0.168550506234169 imager_547075853978
12090 0.10299158096313477 0.0740860104560852 0.1625538468360901 imageu_547096874977
12100 0.10271214693784714 0.08193688094615936 0.1581599861383438 imageb_546873885533
12110 0.13208819925785065 0.11179164797067642 0.1474752426147461 imagef_546882861171
12120 0.13150779902935028 0.0963301956653595 0.14444850385189056 imagef_547159871241
12130 0.19622808694839478 0.1613442301750183 0.14168691635131836 imageb_547143855237
12140 0.04483351111412048 0.04154933616518974 0.13869145512580872 imagel_547069881338
12150 0.043748270720243454 0.0332660935819149 0.13617552816867828 imagel_546980859076
12160 0.1347833126783371 0.1103462427854538 0.1341005116701126 imagef_546946858444
12170 0.1435462087392807 0.1157582551240921 0.1321869045495987 imageu_547149861238
12180 0.11619775742292404 0.08978966623544693 0.13038596510887146 imageu_547013858709
12190 0.09663025289773941 0.0929570123553276 0.12875157594680786 imagel_547194872874
12200 0.0998292937874794 0.07509858161211014 0.12718139588832855 imageu_547053865336
12210 0.10510645806789398 0.07789644598960876 0.12391247600317001 imageu_547058870341
12220 0.06599856168031693 0.051507119089365005 0.12259254604578018 imaged_547069881338
12230 0.10723640769720078 0.08480752259492874 0.121408611536026 imaged_547147859235
12240 0.13578644394874573 0.1061553806066513 0.1202409565448761 imagef_546965877440
12250 0.030256809666752815 0.02196822129189968 0.11905409395694733 imagel_547099877967
12260 0.09511818736791611 0.0697353184223175 0.11787191033363342 imageu_547060872343
12270 0.11585645377635956 0.08954781293869019 0.11662723869085312 imagef_547040885702
12280 0.10953738540410995 0.08264738321304321 0.115468330681324 imageu_546861873539
12290 0.12903936207294464 0.12496451288461685 0.11444741487503052 imager_546922867806
12300 0.06429540365934372 0.0587606206536293 0.11356864869594574 imager_546956868435
12310 0.21945013105869293 0.13952435553073883 0.11169276386499405 imageb_546844856539
12320 0.10887610912322998 0.09108559787273407 0.11080016940832138 imagef_547091869975
12330 0.21951442956924438 0.22481319308280945 0.10990852862596512 imager_547115860606
12340 0.03902832046151161 0.03175310045480728 0.10900294780731201 imagel_546892871169
12350 0.1159578189253807 0.0876181498169899 0.10818442702293396 imageu_547036881708
12360 0.08681213855743408 0.06912451237440109 0.10745828598737717 imaged_546931876806
12370 0.08168287575244904 0.07147742807865143 0.10669343173503876 imaged_546979858070
12380 0.02904858998954296 0.02240799553692341 0.1058938205242157 imagel_546999878077
12390 0.04124404862523079 0.033666446805000305 0.10505024343729019 imagel_547128873606
12400 0.08208277076482773 0.06886521726846695 0.10429909825325012 imaged_546984863078
12410 0.08294811844825745 0.06801220029592514 0.1027926355600357 imaged_546972884442
12420 0.21872961521148682 0.17184098064899445 0.10214708745479584 imaged_547191869875
12430 0.1319662481546402 0.10964550077915192 0.10151810944080353 imageu_547115860606
12440 0.036619000136852264 0.02641613781452179 0.10090041905641556 imagel_546962874438
12450 0.12029959261417389 0.07578272372484207 0.10026570409536362 imageu_547167879238
12460 0.0423419289290905 0.032961178570985794 0.09961828589439392 imagel_546943855437
12470 0.08037754893302917 0.07317423820495605 0.09896445274353027 imager_547103881966
12480 0.07736862450838089 0.051374420523643494 0.09835002571344376 imaged_547205883874
12490 0.1087733805179596 0.11225509643554688 0.0977642834186554 imager_547200878871
12500 0.1952086240053177 0.13676458597183228 0.0971517264842987 imageb_547184862870
12510 0.10936249047517776 0.08938944339752197 0.09625174850225449 imagel_546846858536
12520 0.1912449449300766 0.12397828698158264 0.09570837020874023 imageb_546856868537
12530 0.12763594090938568 0.10467375069856644 0.09509493410587311 imageb_546972884442
12540 0.07923101633787155 0.0671863928437233 0.0945482924580574 imaged_547004883077
12550 0.06388919800519943 0.045021217316389084 0.09401146322488785 imaged_547062874337
12560 0.08348875492811203 0.07085654884576797 0.0935233011841774 imager_547048860337
12570 0.10959082096815109 0.08697406202554703 0.09304396063089371 imageu_547128873606
12580 0.1810966581106186 0.12994931638240814 0.09259378910064697 imager_546839884906
12590 0.11242715269327164 0.10196103900671005 0.0919925794005394 imagel_547186864875
12600 0.10880371183156967 0.0777089074254036 0.09142710268497467 imageu_546967879439
12610 0.04118812084197998 0.03489482402801514 0.09060388058423996 imagel_546985864078
12620 0.19055074453353882 0.16876541078090668 0.09008972346782684 imageu_546931876806
12630 0.0734369307756424 0.06147199124097824 0.08957702666521072 imager_547043855348
12640 0.10638812929391861 0.08375731855630875 0.08908439427614212 imageu_547079857970
12650 0.09713605046272278 0.07160843908786774 0.08856917172670364 imageb_547057869336
12660 0.08887579292058945 0.08356203138828278 0.08811208605766296 imager_546982861070
12670 0.09001713991165161 0.08342486619949341 0.08770924061536789 imager_547092870974
12680 0.10671461373567581 0.0853460431098938 0.08731641620397568 imageu_546955867436
12690 0.0256863534450531 0.019506197422742844 0.08696521073579788 imagel_546912857810
12700 0.12567347288131714 0.09685447812080383 0.08666744828224182 imagef_546894873172
12710 0.128791943192482 0.10539909452199936 0.08602849394083023 imageu_546984863078
12720 0.14502312242984772 0.11307825893163681 0.08575447648763657 imagef_546962874438
12730 0.18022464215755463 0.1322745531797409 0.08542107790708542 imagef_547200878871
12740 0.07041551172733307 0.06820997595787048 0.08508095890283585 imager_546928873809
12750 0.10264169424772263 0.09970635175704956 0.08472590148448944 imager_547036881708
12760 0.12627750635147095 0.09955061972141266 0.0844014510512352 imagef_546953865434
12770 0.15008141100406647 0.13073840737342834 0.08408612012863159 imageu_546933878804
12780 0.09156348556280136 0.06873418390750885 0.08377048373222351 imagef_547058870341
12790 0.03967537730932236 0.037163347005844116 0.08345688879489899 imagel_546994873075
12800 0.08736953139305115 0.07481534034013748 0.08316615223884583 imaged_546997876076
12810 0.027689550071954727 0.024179328233003616 0.08267083764076233 imagel_546953865434
12820 0.08171309530735016 0.0681181252002716 0.08242282271385193 imager_547072884335
12830 0.16247262060642242 0.12890732288360596 0.08223117142915726 imagef_546887866191
12840 0.04219099134206772 0.03731055557727814 0.0819738432765007 imagel_547118863609
12850 0.023670027032494545 0.019930269569158554 0.08164402842521667 imagel_547094872971
12860 0.04754849150776863 0.04316936433315277 0.08127599954605103 imagel_547111856605
12870 0.19055546820163727 0.11258172988891602 0.0809205025434494 imagef_547171883239
12880 0.1594310998916626 0.13471773266792297 0.08061502128839493 imaged_546849861536
12890 0.14096376299858093 0.1304280161857605 0.08029810339212418 imaged_546880859173
12900 0.1876847743988037 0.11538597196340561 0.07997005432844162 imageb_547179857873
12910 0.05175231769680977 0.0345371812582016 0.07945189625024796 imageu_547201879876
12920 0.09487136453390121 0.07247819006443024 0.0791214257478714 imageb_547058870341
12930 0.094039186835289 0.0862140953540802 0.07885690778493881 imager_547040885702
12940 0.029550721868872643 0.02231440134346485 0.07861856371164322 imagel_547074852968
12950 0.08316775411367416 0.06655749678611755 0.07836295664310455 imaged_547101879972
12960 0.1355947107076645 0.11006054282188416 0.0781305804848671 imageb_547118863609
12970 0.02564815804362297 0.020315611734986305 0.07785656303167343 imagel_547057869336
12980 0.11821045726537704 0.11296209692955017 0.07754833996295929 imager_547130875605
12990 0.14823751151561737 0.11676058918237686 0.07725034654140472 imageb_546885864170
13000 0.140543133020401 0.12818460166454315 0.07705757021903992 imager_547169881238
13010 0.1645602583885193 0.1498563438653946 0.0766955018043518 imageu_547113858603
13020 0.03211439400911331 0.025526491925120354 0.07650215178728104 imagel_546979858070
13030 0.12882260978221893 0.10399622470140457 0.07627519220113754 imageu_547145857237
13040 0.03121142089366913 0.024009965360164642 0.0760318785905838 imagel_547006885077
13050 0.12080447375774384 0.10122703015804291 0.07577987015247345 imagef_547086864973
13060 0.10031889379024506 0.0752137154340744 0.07552668452262878 imageb_547089867973
13070 0.09020614624023438 0.07034482806921005 0.07526541501283646 imaged_547132877611
13080 0.10080679506063461 0.07972322404384613 0.07503704726696014 imagef_547157869236
13090 0.07070083171129227 0.058372050523757935 0.0747697651386261 imager_547081859975
13100 0.12215567380189896 0.09363297373056412 0.07445287704467773 imageb_547142854240
13110 0.09595328569412231 0.07132001966238022 0.07403365522623062 imageu_546960872437
13120 0.08778461813926697 0.06475653499364853 0.07376907765865326 imageb_547070882331
13130 0.16648361086845398 0.12501069903373718 0.0735340565443039 imagef_546875854173
13140 0.10582542419433594 0.08184488117694855 0.07327184826135635 imageu_547101879972
13150 0.1297726035118103 0.11669925600290298 0.07302252948284149 imager_546865877539
13160 0.022185198962688446 0.020304249599575996 0.07277394086122513 imagel_546866878536
13170 0.2016192376613617 0.19550856947898865 0.07251601666212082 imageu_547150862236
13180 0.0831136628985405 0.0733579471707344 0.07229851931333542 imager_546909854806
13190 0.11058381199836731 0.09253965318202972 0.07210153341293335 imageb_546939884803
13200 0.043036818504333496 0.03236789628863335 0.07187890261411667 imagel_547164876237
13210 0.1032760739326477 0.10145987570285797 0.0715213268995285 imager_546984863078
13220 0.11810241639614105 0.08730950951576233 0.0712842047214508 imageb_547041853338
13230 0.20046798884868622 0.14499905705451965 0.07114585489034653 imagef_546846858536
13240 0.20742344856262207 0.12231762707233429 0.07100696116685867 imageb_547177855874
13250 0.11909964680671692 0.09356318414211273 0.07084038108587265 imageb_546982861070
13260 0.11115289479494095 0.10505963861942291 0.07069189101457596 imager_547120865600
13270 0.029345236718654633 0.02397823892533779 0.07054030150175095 imagel_546897876191
13280 0.08546583354473114 0.07089162617921829 0.07034698128700256 imaged_547108853603
13290 0.07488849014043808 0.05955082178115845 0.07015983015298843 imagel_547157869236
13300 0.11932531744241714 0.11762216687202454 0.0700136050581932 imageu_547164876237
13310 0.1413988173007965 0.12283925712108612 0.06972169876098633 imageu_547113858603
13320 0.07162698358297348 0.05915004387497902 0.06955555826425552 imaged_547033878707
13330 0.14003115892410278 0.11656215041875839 0.06939058750867844 imageu_546936881803
13340 0.10973824560642242 0.08688385039567947 0.06924889981746674 imageu_547098876976
13350 0.10575387626886368 0.07815627008676529 0.069112129509449 imageu_546962874438
13360 0.12988752126693726 0.10268345475196838 0.06897851824760437 imageu_546883862169
13370 0.1412259042263031 0.12371472269296646 0.06881316006183624 imageu_546931876806
13380 0.2642855942249298 0.22412537038326263 0.0686492994427681 imageu_547186864875
13390 0.08960682898759842 0.07278748601675034 0.06847570836544037 imaged_546890869170
13400 0.04476850479841232 0.041582316160202026 0.06827861070632935 imager_546994873075
13410 0.09005552530288696 0.09025968611240387 0.06797648966312408 imager_546928873809
13420 0.1095670685172081 0.10922053456306458 0.06777957826852798 imager_547203881874
13430 0.04196937754750252 0.03519241511821747 0.06755992025136948 imagel_547013858709
13440 0.07655704021453857 0.06815717369318008 0.06733877211809158 imager_547060872343
13450 0.07488991320133209 0.06339631974697113 0.06716884672641754 imaged_546941853440
13460 0.15168434381484985 0.15469714999198914 0.06701648235321045 imager_547137882603
13470 0.12979978322982788 0.10055707395076752 0.06686438620090485 imageb_547152864241
13480 0.09469564259052277 0.06877288967370987 0.06669165194034576 imageu_547096874977
13490 0.09344881772994995 0.0691690444946289 0.06654047220945358 imageb_547035880703
13500 0.050349343568086624 0.040156010538339615 0.0664154440164566 imagel_547035880703
13510 0.11053863912820816 0.08684109896421432 0.06622351706027985 imageb_547098876976
13520 0.08824138343334198 0.08065778017044067 0.06610940396785736 imager_547128873606
13530 0.06393416225910187 0.05782876908779144 0.0659511536359787 imager_546917862811
13540 0.126716747879982 0.11919303238391876 0.06578484922647476 imager_546895874174
13550 0.07145755738019943 0.05873044952750206 0.06563302874565125 imaged_547004883077
13560 0.02769562602043152 0.019842110574245453 0.06548269838094711 imagel_546960872437
13570 0.1302977055311203 0.10849856585264206 0.06539379805326462 imageb_547132877611
13580 0.18806326389312744 0.12137620896100998 0.06527107208967209 imageb_546856868537
13590 0.07868902385234833 0.07225959748029709 0.06515733897686005 imager_547024869702
13600 0.10387919098138809 0.0976775735616684 0.06502661854028702 imager_547126871606
13610 0.11219622939825058 0.11369059234857559 0.06480428576469421 imager_546934879798
13620 0.16488167643547058 0.1577962040901184 0.06462408602237701 imager_547183861871
13630 0.18706344068050385 0.15203280746936798 0.06443744897842407 imageu_547184862870
13640 0.09484284371137619 0.07647021859884262 0.06430232524871826 imagef_547053865336
13650 0.03275856375694275 0.02766438014805317 0.06415384262800217 imagel_547109854609
13660 0.09713387489318848 0.07198096811771393 0.0640152171254158 imageb_547092870974
13670 0.07835084944963455 0.058776456862688065 0.0638728067278862 imaged_547111856605
13680 0.20426267385482788 0.18251435458660126 0.0637536495923996 imageb_547189867877
13690 0.22853271663188934 0.15026187896728516 0.06364084780216217 imageb_546844856539
13700 0.10191444307565689 0.08797968924045563 0.06350840628147125 imaged_547126871606
13710 0.09544765204191208 0.06400058418512344 0.06328926980495453 imagef_547057869336
13720 0.23133952915668488 0.18749527633190155 0.06315222382545471 imageu_547196874870
13730 0.07163554430007935 0.06314413249492645 0.0630137100815773 imager_547143855237
13740 0.07173266261816025 0.05825161188840866 0.06291889399290085 imaged_547011856705
13750 0.11439785361289978 0.09136222302913666 0.06280263513326645 imageu_547142854240
13760 0.24567849934101105 0.20248928666114807 0.06269025802612305 imagef_547186864875
13770 0.11096567660570145 0.09045227617025375 0.06259613484144211 imageb_547018863705
13780 0.10782083868980408 0.08621559292078018 0.06247175857424736 imageb_546902881194
13790 0.2075403779745102 0.15551155805587769 0.06236657127737999 imageu_547193871872
13800 0.038034722208976746 0.03218137100338936 0.06224645674228668 imagel_546931876806
13810 0.10785293579101562 0.10506516695022583 0.062035802751779556 imager_546951863443
13820 0.07781049609184265 0.06762919574975967 0.06192798167467117 imaged_546987866076
13830 0.0315839909017086 0.024614432826638222 0.061834320425987244 imagel_547077855978
13840 0.1437089443206787 0.11615754663944244 0.06173077970743179 imagef_547147859235
13850 0.15129585564136505 0.12404432892799377 0.0616360642015934 imagef_546900879170
13860 0.030787676572799683 0.02396758645772934 0.06153467297554016 imagel_546924869806
13870 0.1224031001329422 0.12220848351716995 0.061430469155311584 imager_547140885602
13880 0.11423398554325104 0.10379176586866379 0.06139512360095978 imaged_546928873809
13890 0.09674128890037537 0.09323790669441223 0.06128981336951256 imager_547001880072
13900 0.08896631002426147 0.08527056127786636 0.06115584447979927 imager_547138883611
13910 0.07839789241552353 0.05788377672433853 0.06095937266945839 imagef_547067879338
13920 0.11730269342660904 0.09316743165254593 0.06084198132157326 imagef_546984863078
13930 0.025082005187869072 0.0208941288292408 0.06079550087451935 imagel_547053865336
13940 0.10837316513061523 0.09135234355926514 0.06071344017982483 imageu_547019864709
13950 0.1186310201883316 0.09661068022251129 0.06062183156609535 imageb_547033878707
13960 0.20020531117916107 0.14912056922912598 0.0605350062251091 imagef_546861873539
13970 0.10462028533220291 0.10279329866170883 0.06042921915650368 imager_546858870537
13980 0.2136722356081009 0.21772454679012299 0.06024935096502304 imager_547194872874
13990 0.07989231497049332 0.06657542288303375 0.060093265026807785 imaged_546955867436
14000 0.10202715545892715 0.08270145207643509 0.059999074786901474 imageb_546904883185
14010 0.04650800675153732 0.035008497536182404 0.05984536185860634 imagel_547060872343
14020 0.09141900390386581 0.06870263069868088 0.05972602590918541 imagel_546846858536
14030 0.08475737273693085 0.06594027578830719 0.059564653784036636 imaged_546897876191
14040 0.021394744515419006 0.017260717228055 0.05942244082689285 imagel_547096874977
14050 0.07686080783605576 0.07512757182121277 0.05931294336915016 imager_546953865434
14060 0.08758898824453354 0.0675613284111023 0.05922139808535576 imageb_547067879338
14070 0.03798919543623924 0.03614915907382965 0.05914045870304108 imagel_546887866191
14080 0.08538783341646194 0.07602197676897049 0.059036195278167725 imager_547154866233
14090 0.14672277867794037 0.1252533346414566 0.05889593064785004 imagef_547035880703
14100 0.11326832324266434 0.090238556265831 0.05880818888545036 imageu_547033878707
14110 0.11696376651525497 0.0919768214225769 0.05869065225124359 imageb_547121866605
14120 0.10128028690814972 0.07939065992832184 0.05864976719021797 imageb_546956868435
14130 0.23863182961940765 0.16752563416957855 0.058581240475177765 imageb_546851863543
14140 0.13639819622039795 0.12588344514369965 0.058528292924165726 imaged_547142854240
14150 0.14390334486961365 0.11532413959503174 0.05844550207257271 imagef_546968880435
14160 0.07863523811101913 0.0673409253358841 0.05834965407848358 imaged_546968880435
14170 0.13622434437274933 0.10067560523748398 0.05826006084680557 imagef_546907852806
14180 0.13112683594226837 0.1084664836525917 0.05817033722996712 imageu_546919864808
14190 0.27464747428894043 0.2364932894706726 0.0580907016992569 imagef_546877856173
14200 0.0959133580327034 0.07616967707872391 0.05799786373972893 imageb_546955867436
14210 0.07036902010440826 0.0683714747428894 0.05775722488760948 imager_546990869071
14220 0.14815303683280945 0.12296600639820099 0.05764595791697502 imageb_546887866191
14230 0.0467652827501297 0.04308127611875534 0.057554006576538086 imagel_547135880603
14240 0.1618872880935669 0.150979146361351 0.057494521141052246 imaged_546880859173
14250 0.023347901180386543 0.020977890118956566 0.05747855082154274 imagel_546992871071
14260 0.1410289704799652 0.12325240671634674 0.057455431669950485 imaged_546877856173
14270 0.019450560212135315 0.01474661286920309 0.0573931485414505 imagel_547123868601
14280 0.1454065442085266 0.12314968556165695 0.05730397254228592 imagef_547014859704
14290 0.14699846506118774 0.11407232284545898 0.05723872408270836 imaged_547201879876
14300 0.16123680770397186 0.13361471891403198 0.057170599699020386 imaged_546846858536
14310 0.24347102642059326 0.203019917011261 0.05703304708003998 imageu_546848860533
14320 0.11733423918485641 0.08995606750249863 0.056999385356903076 imageu_546939884803
14330 0.06729034334421158 0.056006405502557755 0.05696771293878555 imaged_547006885077
14340 0.037038661539554596 0.02953389473259449 0.05691046267747879 imageu_546868880541
14350 0.13091257214546204 0.1096566766500473 0.056815922260284424 imageb_546926871803
14360 0.01642698049545288 0.013206633739173412 0.05671237036585808 imagel_547091869975
14370 0.10697028785943985 0.08771300315856934 0.056603968143463135 imaged_547147859235
14380 0.08718178421258926 0.06854254752397537 0.05650906264781952 imageb_546943855437
14390 0.06419970095157623 0.05134078115224838 0.05645422264933586 imaged_546968880435
14400 0.12130089104175568 0.09298679977655411 0.056403998285532 imageu_546911856805
14410 0.06793224811553955 0.054173581302165985 0.05627139285206795 imager_546866878536
14420 0.14751508831977844 0.09778289496898651 0.05619033798575401 imagef_546858870537
14430 0.02602187730371952 0.01726277358829975 0.056129880249500275 imagel_547137882603
14440 0.062136195600032806 0.05147671699523926 0.056031886488199234 imager_547043855348
14450 0.10538999736309052 0.07766814529895782 0.05594686046242714 imageb_547004883077
14460 0.025610793381929398 0.017023226246237755 0.05583493411540985 imagel_547072884335
14470 0.09975951910018921 0.07584074139595032 0.055717095732688904 imageu_546965877440
14480 0.15798261761665344 0.10889314860105515 0.055611804127693176 imagef_547184862870
14490 0.09156902134418488 0.06768717616796494 0.05551888421177864 imageb_547072884335
14500 0.10707356780767441 0.08664921671152115 0.05543890595436096 imageb_546902881194
14510 0.08526704460382462 0.06890606880187988 0.055326029658317566 imaged_547084862980
14520 0.11334049701690674 0.08839447051286697 0.05527901649475098 imageb_547132877611
14530 0.10354561358690262 0.08068104833364487 0.05522812530398369 imageu_546972884442
14540 0.029267003759741783 0.02392144873738289 0.05516393482685089 imagel_547109854609
14550 0.06860385835170746 0.05207779258489609 0.055074021220207214 imaged_547106884970
14560 0.0385991632938385 0.029608886688947678 0.05498393252491951 imagel_546962874438
14570 0.10732235014438629 0.07776744663715363 0.05490170046687126 imageb_546997876076
14580 0.10217195749282837 0.08058227598667145 0.05482752248644829 imageu_547089867973
14590 0.1041175052523613 0.08864005655050278 0.05474943295121193 imaged_547149861238
14600 0.04829709231853485 0.03888564556837082 0.0546991266310215 imagel_546900879170
14610 0.10089270025491714 0.07590778172016144 0.05457185581326485 imageb_546999878077
14620 0.09274940937757492 0.0812065601348877 0.054506558924913406 imaged_546950862437
14630 0.1264360100030899 0.09681552648544312 0.054423924535512924 imagef_546970882435
14640 0.04302426427602768 0.03663560375571251 0.05432162806391716 imagel_546965877440
14650 0.07335720211267471 0.0674743503332138 0.05423828586935997 imager_547026871704
14660 0.09867596626281738 0.09077885746955872 0.05420120432972908 imaged_546984863078
14670 0.16553612053394318 0.0819205567240715 0.054158203303813934 imagel_546839884906
14680 0.11412844806909561 0.09695281088352203 0.05412468686699867 imageb_547018863705
14690 0.11035536974668503 0.08645153045654297 0.05408164858818054 imaged_547206884871
14700 0.09581640362739563 0.07059868425130844 0.054016269743442535 imagef_547040885702
14710 0.05101890489459038 0.03336778283119202 0.05385982617735863 imagel_547172884238
14720 0.13900163769721985 0.09583732485771179 0.05377449467778206 imageb_546861873539
14730 0.05340235307812691 0.03929333761334419 0.053705524653196335 imaged_547086864973
14740 0.06816042959690094 0.054840970784425735 0.05364253744482994 imaged_546955867436
14750 0.17949365079402924 0.11876177042722702 0.05357981100678444 imagef_547174852869
14760 0.08112841099500656 0.07179057598114014 0.05350792407989502 imaged_547065877343
14770 0.12274143844842911 0.09362079203128815 0.05343034863471985 imageu_546890869170
14780 0.16975852847099304 0.1261981576681137 0.05332513898611069 imaged_547196874870
14790 0.11802724003791809 0.09925813972949982 0.0532306432723999 imageb_546911856805
14800 0.16480901837348938 0.13771957159042358 0.05318845808506012 imaged_546848860533
14810 0.02300257980823517 0.018903305754065514 0.05308124050498009 imagel_546871883543
14820 0.08952499181032181 0.07196193188428879 0.053020767867565155 imageu_547082860970
14830 0.09600836783647537 0.07260432839393616 0.05297010764479637 imageb_547021866708
14840 0.07056868821382523 0.059169575572013855 0.05291769281029701 imageu_546863875543
14850 0.06121594458818436 0.053184401243925095 0.05289158970117569 imager_547159871241
14860 0.10241341590881348 0.07531525939702988 0.052761029452085495 imageu_546962874438
14870 0.0994022786617279 0.06509128957986832 0.052694905549287796 imageu_547072884335
14880 0.15237724781036377 0.12647269666194916 0.05263742431998253 imagef_546894873172
14890 0.06929033994674683 0.061768531799316406 0.05259667709469795 imager_547009854705
14900 0.032535526901483536 0.025894777849316597 0.052539609372615814 imagel_547140885602
14910 0.07727545499801636 0.06447682529687881 0.05240516737103462 imaged_546924869806
14920 0.08685129135847092 0.07737576216459274 0.052323415875434875 imager_547132877611
14930 0.14352305233478546 0.12714092433452606 0.05225464329123497 imaged_547167879238
14940 0.19580437242984772 0.17886795103549957 0.05226649343967438 imagef_546922867806
14950 0.07072267681360245 0.06556150317192078 0.05223395302891731 imager_546890869170
14960 0.19267284870147705 0.1440056711435318 0.05220901966094971 imageu_546848860533
14970 0.10055772960186005 0.07954279333353043 0.052188415080308914 imagef_547030875702
14980 0.04480523616075516 0.03779454529285431 0.052142880856990814 imagel_546854866535
14990 0.06228267773985863 0.052367594093084335 0.05209190398454666 imager_547040885702
15000 0.027071963995695114 0.021237367764115334 0.0520460270345211 imagel_547145857237
15010 0.06249648332595825 0.05717676132917404 0.05200418084859848 imager_547091869975
15020 0.14667116105556488 0.11975026875734329 0.05195661261677742 imageb_546877856173
15030 0.13070645928382874 0.109163299202919 0.051895108073949814 imageb_546882861171
15040 0.08643124997615814 0.06658823788166046 0.05183863639831543 imagef_546994873075
15050 0.02429879643023014 0.020680945366621017 0.05177607387304306 imagel_547126871606
15060 0.08389880508184433 0.07083162665367126 0.051693499088287354 imaged_546967879439
15070 0.10081800073385239 0.08655703067779541 0.051610689610242844 imaged_546951863443
15080 0.11552386730909348 0.09616141021251678 0.05153796076774597 imageb_547031876706
15090 0.10193376988172531 0.0948939323425293 0.05148088559508324 imager_547150862236
15100 0.09912358969449997 0.08074688166379929 0.05143396183848381 imagef_547053865336
15110 0.0356847383081913 0.030939606949687004 0.051412440836429596 imager_546868880541
15120 0.1410251259803772 0.1247919425368309 0.05137956142425537 imageu_547115860606
15130 0.0857447162270546 0.08196863532066345 0.05133555084466934 imager_546958870432
15140 0.08429615944623947 0.07821916043758392 0.051268428564071655 imager_546880859173
15150 0.11461875587701797 0.08790221810340881 0.05118841305375099 imageu_546888867171
15160 0.13156244158744812 0.09895441681146622 0.0511179156601429 imaged_546860872536
15170 0.13650159537792206 0.10780441761016846 0.05105891823768616 imageb_546892871169
15180 0.08575484156608582 0.06360558420419693 0.051005493849515915 imageu_547070882331
15190 0.11471116542816162 0.0772494301199913 0.05097884312272072 imaged_546858870537
15200 0.12965433299541473 0.11328241974115372 0.05095416307449341 imagef_547154866233
15210 0.09931036829948425 0.07379552721977234 0.05095158889889717 imageu_547024869702
15220 0.07417599856853485 0.06299388408660889 0.05092327669262886 imager_546967879439
15230 0.11124233156442642 0.0874282568693161 0.05088876560330391 imager_547177855874
15240 0.02591356448829174 0.02033837139606476 0.050846587866544724 imagel_547106884970
15250 0.1635456681251526 0.12888997793197632 0.05080612003803253 imaged_546861873539
15260 0.08943001180887222 0.06607652455568314 0.05076036602258682 imagef_547084862980
15270 0.12361399084329605 0.12690973281860352 0.05070176348090172 imager_547203881874
15280 0.10318529605865479 0.08011089265346527 0.05067915469408035 imagef_547028873712
15290 0.19938132166862488 0.15701605379581451 0.05064027011394501 imaged_547198876871
15300 0.1265486776828766 0.1062149778008461 0.05057709664106369 imageu_547113858603
15310 0.0939272940158844 0.0764419287443161 0.050500188022851944 imageb_546938883810
15320 0.030475474894046783 0.022815875709056854 0.050433360040187836 imagel_547023868703
15330 0.1511189341545105 0.12786100804805756 0.050353921949863434 imaged_547172884238
15340 0.05178171396255493 0.04467916488647461 0.05028378218412399 imagel_546848860533
15350 0.11599036306142807 0.09943617135286331 0.050211574882268906 imageu_547030875702
15360 0.06913632154464722 0.05693601816892624 0.05013396218419075 imager_547075853978
15370 0.12380489706993103 0.098881296813488 0.050058845430612564 imagef_547011856705
15380 0.037945203483104706 0.032853394746780396 0.04998122155666351 imager_546871883543
15390 0.13454431295394897 0.13258622586727142 0.049914561212062836 imager_546887866191
15400 0.12591682374477386 0.10261829197406769 0.049859728664159775 imageb_546992871071
15410 0.0862966775894165 0.06499923765659332 0.049837611615657806 imageb_547052864345
15420 0.11061113327741623 0.10280320793390274 0.04980011656880379 imager_547147859235
15430 0.1331535428762436 0.1108274832367897 0.049770426005125046 imageb_546982861070
15440 0.08262546360492706 0.07918805629014969 0.0497233010828495 imager_546951863443
15450 0.03398580476641655 0.027430672198534012 0.04966939240694046 imagel_546890869170
15460 0.0671435073018074 0.051673077046871185 0.04961644113063812 imaged_547024869702
15470 0.06348481774330139 0.05063271149992943 0.049581099301576614 imaged_547069881338
15480 0.08975323289632797 0.08252114057540894 0.04954087361693382 imager_546875854173
15490 0.14954066276550293 0.11083611100912094 0.04948846623301506 imagef_546916861809
15500 0.1010674461722374 0.07504246383905411 0.049438025802373886 imageb_547096874977
15510 0.028070898726582527 0.020537197589874268 0.049425020813941956 imagel_547011856705
15520 0.1999230682849884 0.14671066403388977 0.04938585311174393 imagef_546849861536
15530 0.09609005600214005 0.07209204137325287 0.04933461546897888 imagef_547106884970
15540 0.11278979480266571 0.09175758808851242 0.0493028499186039 imageu_547103881966
15550 0.12450047582387924 0.11507275700569153 0.04927566275000572 imager_546877856173
15560 0.13753961026668549 0.11625250428915024 0.04922358691692352 imagef_547035880703
15570 0.10609623044729233 0.09585309028625488 0.04916755110025406 imaged_547115860606
15580 0.12424853444099426 0.10015930980443954 0.049135055392980576 imagef_547140885602
15590 0.09585356712341309 0.08589792251586914 0.04914001747965813 imaged_546992871071
15600 0.10712910443544388 0.08423779159784317 0.04912358894944191 imageb_546975854071
15610 0.025097467005252838 0.021153638139367104 0.049096737056970596 imagel_547052864345
15620 0.1077776625752449 0.07758288085460663 0.049054186791181564 imageu_546967879439
15630 0.07716931402683258 0.07344744354486465 0.04899417608976364 imager_546972884442
15640 0.016194753348827362 0.01291265431791544 0.04895181581377983 imagel_547125870610
15650 0.10567206144332886 0.08944913744926453 0.04893195629119873 imageu_547126871606
15660 0.15767015516757965 0.16175471246242523 0.04891364276409149 imager_547203881874
15670 0.16850785911083221 0.13772240281105042 0.04889213666319847 imageb_547206884871
15680 0.03255891054868698 0.023615479469299316 0.048868101090192795 imagel_546977856071
15690 0.052555665373802185 0.0426529124379158 0.04883337765932083 imagel_547035880703
15700 0.08388078957796097 0.06364722549915314 0.048785801976919174 imageb_546945857437
15710 0.13792093098163605 0.11174050718545914 0.048725564032793045 imaged_547194872874
15720 0.1015876904129982 0.07854749262332916 0.04867301881313324 imagef_547040885702
15730 0.06132147088646889 0.050064582377672195 0.04863913357257843 imaged_547006885077
15740 0.0772431343793869 0.06495043635368347 0.04858485981822014 imaged_546992871071
15750 0.08462516218423843 0.06092768535017967 0.04853217676281929 imagef_547055867337
15760 0.04363654553890228 0.034800317138433456 0.04847508668899536 imager_547064876339
15770 0.03464357554912567 0.02103695459663868 0.04841979220509529 imagel_547181859871
15780 0.06379511207342148 0.053025439381599426 0.048360563814640045 imageu_546863875543
15790 0.12297824025154114 0.11123436689376831 0.04832235723733902 imager_547171883239
15800 0.1635415256023407 0.12013489007949829 0.04827677458524704 imageu_546856868537
15810 0.08422131836414337 0.06719516217708588 0.048235341906547546 imageb_546938883810
15820 0.07174991071224213 0.0659693107008934 0.04820708930492401 imager_547106884970
15830 0.10529542714357376 0.08215437829494476 0.04818830266594887 imageb_546999878077
15840 0.20258107781410217 0.13689367473125458 0.048162512481212616 imagef_547205883874
15850 0.05760316178202629 0.05016876757144928 0.04811933636665344 imager_547024869702
15860 0.1257496029138565 0.10384287685155869 0.04806503280997276 imageb_546926871803
15870 0.027769992128014565 0.020339567214250565 0.048001278191804886 imagel_547006885077
15880 0.11405596882104874 0.1014879047870636 0.04793618246912956 imager_547183861871
15890 0.03849365934729576 0.028322994709014893 0.047875527292490005 imagel_546980859076
15900 0.022255906835198402 0.017131123691797256 0.04782978072762489 imagel_547106884970
15910 0.14541499316692352 0.12654176354408264 0.047825999557971954 imagef_546982861070
15920 0.08459949493408203 0.06705140322446823 0.047804269939661026 imageu_547018863705
15930 0.1982605755329132 0.17901484668254852 0.04779104143381119 imageb_547191869875
15940 0.11099187284708023 0.08673427999019623 0.04776458814740181 imageu_547140885602
15950 0.17665113508701324 0.1152033880352974 0.04773830249905586 imagef_547174852869
15960 0.07740820944309235 0.05539761483669281 0.047729313373565674 imageb_547070882331
15970 0.0950000062584877 0.06951486319303513 0.04774037376046181 imageb_546967879439
15980 0.027147000655531883 0.020105009898543358 0.047713760286569595 imagel_547045857339
15990 0.02725885808467865 0.02041373960673809 0.04768216237425804 imagel_546975854071
16000 0.09508731216192245 0.06752469390630722 0.0476275272667408 imagef_546945857437
16010 0.03324182331562042 0.032529450953006744 0.047595176845788956 imagel_546882861171
16020 0.06786052137613297 0.04652237147092819 0.04755910113453865 imageu_547159871241
16030 0.07278262078762054 0.05041421204805374 0.047528382390737534 imageb_547058870341
16040 0.07061170786619186 0.06249411031603813 0.047517381608486176 imager_547021866708
16050 0.10258352011442184 0.07728330045938492 0.047492437064647675 imagef_546871883543
16060 0.14131425321102142 0.11000695079565048 0.04745020344853401 imagef_547149861238
16070 0.09483316540718079 0.08152475953102112 0.047428667545318604 imaged_546900879170
16080 0.060833606868982315 0.04899466037750244 0.047386668622493744 imagel_547189867877
16090 0.06733564287424088 0.04861638322472572 0.04733562842011452 imaged_546919864808
16100 0.10902911424636841 0.07802080363035202 0.04728175327181816 imageb_547137882603
16110 0.10110016167163849 0.07779261469841003 0.04725582152605057 imagef_547121866605
16120 0.06656882166862488 0.05795988813042641 0.04724761098623276 imager_547128873606
16130 0.11796961724758148 0.08389231562614441 0.04721152037382126 imaged_547174852869
16140 0.02210303395986557 0.018479641526937485 0.047142546623945236 imagel_546917862811
16150 0.08986866474151611 0.060816261917352676 0.04709777235984802 imageb_547048860337
16160 0.255836546421051 0.1990312784910202 0.04707616567611694 imagef_547172884238
16170 0.036058101803064346 0.028577670454978943 0.04708142951130867 imagel_546965877440
16180 0.16571645438671112 0.15122035145759583 0.04706747084856033 imager_546878857194
16190 0.049822062253952026 0.03703788295388222 0.04704012721776962 imagel_547154866233
16200 0.09253033250570297 0.0798645094037056 0.04700503498315811 imageb_546871883543
16210 0.052175525575876236 0.04369854927062988 0.04693315550684929 imagel_546987866076
16220 0.10986994206905365 0.09296144545078278 0.046848099678754807 imageb_546929874807
16230 0.2179790735244751 0.16893979907035828 0.04680340737104416 imagef_546848860533
16240 0.1574668139219284 0.12539982795715332 0.046772949397563934 imageb_547203881874
16250 0.04139098897576332 0.024931497871875763 0.046743303537368774 imagel_547162874244
16260 0.05368228629231453 0.04043396934866905 0.0467371828854084 imaged_546962874438
16270 0.0491817407310009 0.03965535759925842 0.04670818895101547 imager_547070882331
16280 0.0340576209127903 0.0298257227987051 0.04667875915765762 imagel_546933878804
16290 0.05918930470943451 0.04407750442624092 0.04665933921933174 imaged_547035880703
16300 0.1182502955198288 0.08591915667057037 0.04664039611816406 imageb_547113858603
16310 0.05501462519168854 0.04820387065410614 0.046590812504291534 imager_546917862811
16320 0.22462685406208038 0.16709032654762268 0.046523384749889374 imagef_547198876871
16330 0.10414830595254898 0.0800815299153328 0.046486299484968185 imageu_547001880072
16340 0.11771416664123535 0.09151817858219147 0.046448323875665665 imageb_547152864241
16350 0.08334173262119293 0.06226467341184616 0.046396009624004364 imaged_546907852806
16360 0.09505150467157364 0.06991033256053925 0.04635702446103096 imageu_547081859975
16370 0.0846322774887085 0.06225775554776192 0.04632899537682533 imageb_547028873712
16380 0.14269857108592987 0.09830223768949509 0.04630906134843826 imageu_546854866535
16390 0.07121127843856812 0.05010761693120003 0.04630514234304428 imageu_547062874337
16400 0.030867818742990494 0.020397977903485298 0.04630712419748306 imagel_546905884197
16410 0.034825198352336884 0.029132377356290817 0.04627669230103493 imagel_546934879798
16420 0.13452070951461792 0.1006729006767273 0.0462406724691391 imagef_546892871169
16430 0.1211027130484581 0.09202433377504349 0.04619581252336502 imageu_546885864170
16440 0.04232901334762573 0.033846572041511536 0.04615773260593414 imagel_547033878707
16450 0.10203664004802704 0.08419372141361237 0.04611903056502342 imageu_547128873606
16460 0.12511104345321655 0.10391974449157715 0.04608407989144325 imageb_547200878871
16470 0.08867134898900986 0.06893383711576462 0.04605551064014435 imagef_547157869236
16480 0.09550703316926956 0.07002309709787369 0.046038996428251266 imagef_547021866708
16490 0.021767117083072662 0.014497587457299232 0.046047501266002655 imagel_547103881966
16500 0.09993274509906769 0.09603298455476761 0.04604337736964226 imager_546890869170
16510 0.06246403977274895 0.050173014402389526 0.046018850058317184 imaged_547033878707
16520 0.09221331775188446 0.07317709177732468 0.045996781438589096 imageu_546992871071
16530 0.055393967777490616 0.04899244010448456 0.045982975512742996 imager_547092870974
16540 0.1808326691389084 0.1356460005044937 0.04597068950533867 imagef_547191869875
16550 0.07767251133918762 0.06563879549503326 0.0459701232612133 imaged_546956868435
16560 0.14281322062015533 0.10932519286870956 0.045985475182533264 imageu_547132877611
16570 0.09609615802764893 0.07357224822044373 0.04598692059516907 imageu_547031876706
16580 0.15983763337135315 0.14822819828987122 0.04599672928452492 imageu_546931876806
16590 0.10851452499628067 0.08491901308298111 0.04599432274699211 imageu_546965877440
16600 0.2735452353954315 0.15059736371040344 0.04599935561418533 imageb_546841853547
16610 0.0704159066081047 0.051800571382045746 0.04598493501543999 imaged_546943855437
16620 0.019367007538676262 0.016439838334918022 0.045969899743795395 imagel_547094872971
16630 0.08830363303422928 0.0607357881963253 0.045925673097372055 imageu_547041853338
16640 0.0949040949344635 0.0676933005452156 0.045893799513578415 imagef_547038883711
16650 0.12676604092121124 0.09468813240528107 0.0458834245800972 imageb_547155867242
16660 0.08815004676580429 0.08554358780384064 0.04588467627763748 imager_546963875440
16670 0.06176687031984329 0.04238183796405792 0.04587693139910698 imaged_547087865974
16680 0.10067426413297653 0.07994765788316727 0.04585784301161766 imagef_547154866233
16690 0.06064222753047943 0.046896688640117645 0.04584228992462158 imaged_547038883711
16700 0.1861841231584549 0.10788500308990479 0.0458071306347847 imagef_547171883239
16710 0.11541552096605301 0.09961092472076416 0.04576664790511131 imageu_547121866605
16720 0.1186678409576416 0.08339516818523407 0.045732997357845306 imagef_546917862811
16730 0.0646631196141243 0.06263350695371628 0.0457441546022892 imager_546928873809
16740 0.14098677039146423 0.11387554556131363 0.04573417827486992 imageb_547154866233
16750 0.06725969165563583 0.05551223084330559 0.045726556330919266 imaged_546980859076
16760 0.11514701694250107 0.08133833855390549 0.045730654150247574 imaged_547200878871
16770 0.21835166215896606 0.16932331025600433 0.045748818665742874 imageu_547193871872
16780 0.05861746892333031 0.046061981469392776 0.0457649864256382 imager_547048860337
16790 0.07704071700572968 0.04708995670080185 0.04576737806200981 imaged_547206884871
16800 0.13746611773967743 0.09024493396282196 0.04574825242161751 imaged_546843855539
16810 0.06138605251908302 0.0467490553855896 0.045723266899585724 imaged_546970882435
16820 0.06873887032270432 0.05227203667163849 0.045704957097768784 imaged_546973885436
16830 0.08300694823265076 0.0651744157075882 0.04567680135369301 imageb_546985864078
16840 0.09628767520189285 0.06703335791826248 0.045632995665073395 imagef_547120865600
16850 0.1807115226984024 0.14701862633228302 0.04558432847261429 imageu_546860872536
16860 0.08971802890300751 0.062388740479946136 0.04554181545972824 imagef_547098876976
16870 0.1670667827129364 0.1429465115070343 0.04552309215068817 imagef_546883862169
16880 0.06837935000658035 0.05438108742237091 0.045517344027757645 imaged_547009854705
16890 0.10784327983856201 0.06900229305028915 0.04547543451189995 imagel_547205883874
16900 0.06582312285900116 0.059411801397800446 0.04544152691960335 imager_547084862980
16910 0.08202996104955673 0.07187803089618683 0.04543604329228401 imager_546892871169
16920 0.11539207398891449 0.09135028719902039 0.04542992636561394 imageu_547138883611
16930 0.08450043201446533 0.07190470397472382 0.04543524235486984 imageu_547152864241
16940 0.07578059285879135 0.0596792958676815 0.04542660713195801 imaged_547121866605
16950 0.1580943614244461 0.13643887639045715 0.04541410133242607 imaged_546866878536
16960 0.06626995652914047 0.06357007473707199 0.04538852721452713 imager_546980859076
16970 0.08479971438646317 0.07186131179332733 0.04538131132721901 imaged_546900879170
16980 0.05655786767601967 0.046408429741859436 0.04535720497369766 imagef_546866878536
16990 0.022860748693346977 0.015620504505932331 0.04535948112607002 imagel_547099877967
17000 0.21237526834011078 0.16964273154735565 0.04535193741321564 imageu_547194872874
17010 0.07066617906093597 0.0564018152654171 0.0453140027821064 imaged_547115860606
17020 0.05250467732548714 0.04842935502529144 0.04530490189790726 imager_546929874807
17030 0.09314213693141937 0.06615053862333298 0.04529678821563721 imageu_547038883711
17040 0.16283994913101196 0.07575250416994095 0.045290280133485794 imagel_546841853547
17050 0.06115439534187317 0.04598629102110863 0.04527198523283005 imaged_547077855978
17060 0.08194553852081299 0.05729798227548599 0.045235127210617065 imageb_547092870974
17070 0.06563986092805862 0.046956781297922134 0.04522709175944328 imaged_547123868601
17080 0.08231130242347717 0.05736546218395233 0.0452454499900341 imageb_547047859335
17090 0.07885760068893433 0.06064828112721443 0.04525883495807648 imaged_546917862811
17100 0.08761724829673767 0.06272649019956589 0.04525207355618477 imageu_547011856705
17110 0.08854951709508896 0.05393005535006523 0.045224349945783615 imagel_547203881874
17120 0.08885964751243591 0.061683233827352524 0.04518619179725647 imagef_547038883711
17130 0.11632882058620453 0.10382029414176941 0.04516538605093956 imager_547205883874
17140 0.15457502007484436 0.11716682463884354 0.04512742534279823 imageu_547184862870
17150 0.08768072724342346 0.06426442414522171 0.04508666321635246 imagef_547086864973
17160 0.07886456698179245 0.06414614617824554 0.045040473341941833 imager_547166878243
17170 0.08554816991090775 0.0628938227891922 0.04498319327831268 imageb_547026871704
17180 0.034612491726875305 0.02330121211707592 0.04495769739151001 imagel_547024869702
17190 0.04832754656672478 0.037898462265729904 0.0449257455766201 imager_547040885702
17200 0.18892976641654968 0.14052541553974152 0.04489073157310486 imaged_547191869875
17210 0.058616992086172104 0.04374974966049194 0.04485089331865311 imaged_547140885602
17220 0.07483883947134018 0.05609209090471268 0.04481382295489311 imageb_547126871606
17230 0.08885842561721802 0.0651513859629631 0.044779468327760696 imageb_547130875605
17240 0.04981236532330513 0.04330078884959221 0.04474662244319916 imager_547118863609
17250 0.08035580813884735 0.05870840698480606 0.044720109552145004 imageu_547009854705
17260 0.027696626260876656 0.022588156163692474 0.044708214700222015 imagel_546933878804
17270 0.11247570067644119 0.08467278629541397 0.044684603810310364 imageu_546877856173
17280 0.08834295719861984 0.06555282324552536 0.04465819522738457 imageb_546977856071
17290 0.168937087059021 0.11435556411743164 0.044642768800258636 imagef_546851863543
17300 0.09106619656085968 0.07511299848556519 0.04465118795633316 imaged_546936881803
17310 0.06192076578736305 0.05870585888624191 0.04464486613869667 imager_546888867171
17320 0.19256046414375305 0.16387376189231873 0.044616930186748505 imagef_546878857194
17330 0.10303191095590591 0.08557924628257751 0.04457332193851471 imager_546853865537
17340 0.06430415064096451 0.044394344091415405 0.044578272849321365 imagef_547070882331
17350 0.09640110284090042 0.07164771854877472 0.04457356035709381 imageu_546878857194
17360 0.06524286419153214 0.05881315469741821 0.04453819990158081 imager_547137882603
17370 0.06098518520593643 0.024491462856531143 0.0444987453520298 imagel_547159871241
17380 0.1016431599855423 0.07722817361354828 0.04445577785372734 imageb_546914859807
17390 0.05295439064502716 0.0465056449174881 0.04442688077688217 imager_547035880703
17400 0.023636845871806145 0.01560381893068552 0.04439800977706909 imagel_546960872437
17410 0.06294365227222443 0.05217733606696129 0.04436897486448288 imaged_546979858070
17420 0.10555946081876755 0.08765265345573425 0.04435135796666145 imageu_546931876806
17430 0.11909060925245285 0.07683826237916946 0.044342223554849625 imaged_547176854870
17440 0.1793552041053772 0.12888577580451965 0.04433168098330498 imaged_547188866869
17450 0.025475598871707916 0.01805497333407402 0.04433313012123108 imagel_546890869170
17460 0.09306773543357849 0.07297927886247635 0.04434451460838318 imageb_546904883185
17470 0.08297234773635864 0.0587875097990036 0.0443604551255703 imageu_546963875440
17480 0.09636141359806061 0.06609729677438736 0.044374167919158936 imageu_546905884197
17490 0.0288399588316679 0.01853756047785282 0.04441077262163162 imagel_546905884197
17500 0.01706560142338276 0.01301667932420969 0.04443017393350601 imagel_547126871606
17510 0.1662362813949585 0.12392251193523407 0.04443230852484703 imagef_546877856173
17520 0.07056085020303726 0.05455620214343071 0.04443908482789993 imageb_546866878536
17530 0.08461270481348038 0.0646248310804367 0.04446101933717728 imageb_547011856705
17540 0.21443745493888855 0.18257056176662445 0.04449235275387764 imagef_547194872874
17550 0.026819396764039993 0.021472956985235214 0.044520165771245956 imagel_546984863078
17560 0.1277461051940918 0.10239669680595398 0.04453684762120247 imagef_547152864241
17570 0.06182682141661644 0.058709777891635895 0.044562991708517075 imager_546953865434
17580 0.047048475593328476 0.04319596290588379 0.04455346614122391 imager_546885864170
17590 0.11872371286153793 0.09031276404857635 0.0445365309715271 imagef_546894873172
17600 0.060147080570459366 0.04821727052330971 0.044524457305669785 imaged_546987866076
17610 0.06401965767145157 0.04844594746828079 0.04451168328523636 imaged_546946858444
17620 0.0852290615439415 0.058831315487623215 0.044486645609140396 imageu_547087865974
17630 0.08534019440412521 0.06537384539842606 0.04445004090666771 imageb_546953865434
17640 0.1399063915014267 0.09597799926996231 0.04443763941526413 imagef_546875854173
17650 0.05089762434363365 0.03530687466263771 0.04446020349860191 imaged_547053865336
17660 0.20438921451568604 0.1574794054031372 0.044488951563835144 imaged_547189867877
17670 0.09158182144165039 0.06906088441610336 0.04448113963007927 imageb_547031876706
17680 0.056861355900764465 0.05275414139032364 0.044485803693532944 imager_546984863078
17690 0.029393168166279793 0.022681355476379395 0.044480156153440475 imagel_546951863443
17700 0.06169850751757622 0.05128162354230881 0.04445140063762665 imager_547043855348
17710 0.07589269429445267 0.06027737632393837 0.04444397613406181 imaged_547142854240
17720 0.08129230886697769 0.06671316176652908 0.044425006955862045 imager_547167879238
17730 0.07295473664999008 0.052951619029045105 0.044401925057172775 imagef_547091869975
17740 0.10109832137823105 0.06300362199544907 0.04438050463795662 imaged_546858870537
17750 0.06044040620326996 0.0451950877904892 0.04436831176280975 imageu_546871883543
17760 0.08066608756780624 0.060022130608558655 0.04435061290860176 imageb_546958870432
17770 0.07884792238473892 0.05725141614675522 0.0443527027964592 imageb_547016861703
17780 0.2806154787540436 0.19184602797031403 0.04433842748403549 imageb_546846858536
17790 0.16879455745220184 0.10117431730031967 0.044299788773059845 imagef_547206884871
17800 0.21126224100589752 0.16626901924610138 0.04426230862736702 imageu_547186864875
17810 0.15857960283756256 0.07513702660799026 0.044219888746738434 imagel_546843855539
17820 0.08114999532699585 0.06999196857213974 0.0441715307533741 imaged_547007852711
17830 0.1227312758564949 0.09344259649515152 0.044138066470623016 imagef_546965877440
17840 0.10508588701486588 0.08383545279502869 0.04414091631770134 imageu_546934879798
17850 0.1164914146065712 0.09451079368591309 0.04416598379611969 imager_547172884238
17860 0.023329656571149826 0.017599686980247498 0.04416409879922867 imagel_547009854705
17870 0.11834032088518143 0.08777865022420883 0.044151671230793 imageb_547154866233
17880 0.10110373795032501 0.09806380420923233 0.0441739521920681 imager_547152864241
17890 0.07944627106189728 0.05684525519609451 0.04419649392366409 imageb_546994873075
17900 0.016607675701379776 0.011820885352790356 0.044216521084308624 imagel_547120865600
17910 0.09062812477350235 0.06982029974460602 0.04420246183872223 imagef_547019864709
17920 0.04923642799258232 0.03145685791969299 0.04420175030827522 imagel_547172884238
17930 0.09330885112285614 0.06788015365600586 0.04419144243001938 imageb_546996875070
17940 0.06218542158603668 0.04311848059296608 0.044186536222696304 imaged_547087865974
17950 0.07973826676607132 0.05531111732125282 0.0441889762878418 imageu_547055867337
17960 0.1558288186788559 0.12891454994678497 0.044200703501701355 imager_547176854870
17970 0.02356785163283348 0.01644767075777054 0.04418976232409477 imagel_547138883611
17980 0.07127249985933304 0.052043866366147995 0.04415731877088547 imagef_547164876237
17990 0.014440600760281086 0.011913232505321503 0.04413123056292534 imagel_547070882331
18000 0.1121247410774231 0.08278455585241318 0.04411628842353821 imagef_546885864170
18010 0.04197052866220474 0.0370413213968277 0.04409926012158394 imager_546956868435
18020 0.10689769685268402 0.07899007946252823 0.04408261924982071 imageu_546916861809
18030 0.07423481345176697 0.04687453806400299 0.04406733438372612 imagef_547072884335
18040 0.08791779726743698 0.060552988201379776 0.044049330055713654 imagef_547118863609
18050 0.09649869054555893 0.0692315474152565 0.04403248056769371 imageb_546863875543
18060 0.018666718155145645 0.015150115825235844 0.04400936886668205 imagel_547065877343
18070 0.08566764742136002 0.0608358308672905 0.044005561619997025 imaged_547203881874
18080 0.0522514171898365 0.044372715055942535 0.044019266963005066 imager_546941853440
18090 0.11492278426885605 0.08792450278997421 0.04404228553175926 imageb_546883862169
18100 0.015078923664987087 0.010978973470628262 0.04403865337371826 imagel_547092870974
18110 0.0837465152144432 0.05892166867852211 0.04404245689511299 imageu_547106884970
18120 0.08069872111082077 0.05594619736075401 0.044063545763492584 imageu_547058870341
18130 0.11759360879659653 0.0990639328956604 0.044110007584095 imageb_547133878607
18140 0.05009819567203522 0.041760899126529694 0.04414624720811844 imager_547135880603
18150 0.0915306955575943 0.06946206837892532 0.04415656626224518 imageu_546956868435
18160 0.024143870919942856 0.019148146733641624 0.044151704758405685 imagel_547001880072
18170 0.07728005200624466 0.0492560900747776 0.04414504021406174 imagef_547075853978
18180 0.10648266971111298 0.07876627147197723 0.04416109248995781 imagef_546938883810
18190 0.07930898666381836 0.05825366452336311 0.04415126517415047 imagef_547104882977
18200 0.07768139988183975 0.05882139503955841 0.044150210916996 imageb_546873885533
18210 0.09546734392642975 0.06664927303791046 0.04414680227637291 imageb_547142854240
18220 0.1556158810853958 0.15602658689022064 0.04416970536112785 imager_547196874870
18230 0.042309150099754333 0.03415794298052788 0.04418380185961723 imagel_546848860533
18240 0.043817780911922455 0.03623555228114128 0.044190749526023865 imager_547092870974
18250 0.08066035062074661 0.07558155804872513 0.04419109597802162 imager_546912857810
18260 0.0801871046423912 0.06128479912877083 0.04418795555830002 imageb_546931876806
18270 0.15816153585910797 0.09110633283853531 0.044243697077035904 imageb_547181859871
18280 0.10990571975708008 0.07839015126228333 0.044272616505622864 imagef_546909854806
18290 0.1366349756717682 0.13547395169734955 0.04429831728339195 imager_547196874870
18300 0.05231804773211479 0.040349651128053665 0.0442722886800766 imager_547052864345
18310 0.06089404970407486 0.040040984749794006 0.04422535002231598 imagef_547065877343
18320 0.12261654436588287 0.08499966561794281 0.04417894780635834 imageu_546858870537
18330 0.09900230169296265 0.07973974943161011 0.04415053129196167 imagel_547198876871
18340 0.12667618691921234 0.07627341896295547 0.04412103071808815 imaged_547179857873
18350 0.1045587956905365 0.08309944719076157 0.044093336910009384 imageu_547115860606
18360 0.06867600232362747 0.048096973448991776 0.044073719531297684 imagef_546996875070
18370 0.0865466296672821 0.06338237971067429 0.044067710638046265 imageu_546997876076
18380 0.20876044034957886 0.15069836378097534 0.044056475162506104 imageu_547198876871
18390 0.08651335537433624 0.0659957006573677 0.04403874650597572 imageu_547143855237
18400 0.07270951569080353 0.0479518324136734 0.044023748487234116 imageu_547058870341
18410 0.08411134034395218 0.06964235752820969 0.04403471574187279 imageb_546871883543
18420 0.08212120085954666 0.05684155970811844 0.044032175093889236 imageb_547106884970
18430 0.02157769724726677 0.01792134903371334 0.04402643442153931 imagel_546880859173
18440 0.03042738512158394 0.016474056988954544 0.04401174187660217 imagel_547181859871
18450 0.06463509052991867 0.031670115888118744 0.043988171964883804 imagel_547167879238
18460 0.12384040653705597 0.09848460555076599 0.043983880430459976 imaged_547172884238
18470 0.020681455731391907 0.01549685187637806 0.044007472693920135 imagel_547001880072
18480 0.09273312985897064 0.06505897641181946 0.04401223734021187 imageu_547109854609
18490 0.04506839066743851 0.03654419630765915 0.044012125581502914 imager_547089867973
18500 0.03329049423336983 0.02584158070385456 0.04399272799491882 imagel_547176854870
18510 0.018156202509999275 0.01562315784394741 0.04397891089320183 imagel_546885864170
18520 0.04345369711518288 0.03497921675443649 0.04395374283194542 imager_547055867337
18530 0.08396469801664352 0.06169891729950905 0.043946582823991776 imageb_547036881708
18540 0.016331419348716736 0.011826236732304096 0.04394945874810219 imagel_547123868601
18550 0.025250134989619255 0.022798405960202217 0.04393533617258072 imager_546868880541
18560 0.09247855842113495 0.06726016849279404 0.043915990740060806 imageu_547108853603
18570 0.04338308423757553 0.035718269646167755 0.0439099445939064 imagel_546899878172
18580 0.053706392645835876 0.040827855467796326 0.04391751438379288 imaged_546980859076
18590 0.13031327724456787 0.10415603965520859 0.043939124792814255 imagef_546922867806
18600 0.09920232743024826 0.07135464251041412 0.043954890221357346 imageb_546888867171
18610 0.06980736553668976 0.04567815735936165 0.043955493718385696 imageu_547084862980
18620 0.05387738719582558 0.04711732640862465 0.04397321119904518 imager_546941853440
18630 0.10375986248254776 0.08158465474843979 0.04398130998015404 imageb_546926871803
18640 0.07953927665948868 0.0745328813791275 0.04398899897933006 imager_547007852711
18650 0.034996677190065384 0.024836447089910507 0.04398023337125778 imagel_547150862236
18660 0.0931721031665802 0.06875430047512054 0.043940119445323944 imageb_546890869170
18670 0.014249090105295181 0.011512450873851776 0.04391171783208847 imagel_547070882331
18680 0.2685636281967163 0.17422044277191162 0.04388198256492615 imageu_546844856539
18690 0.09164883941411972 0.06816478073596954 0.04385208338499069 imager_547172884238
18700 0.042155180126428604 0.02641637623310089 0.04384135827422142 imaged_547075853978
18710 0.0920899361371994 0.06686984747648239 0.043855536729097366 imagef_546871883543
18720 0.055296219885349274 0.048303086310625076 0.043860360980033875 imager_547135880603
18730 0.07267603278160095 0.050123732537031174 0.0438527874648571 imagef_546989868066
18740 0.055331792682409286 0.046784140169620514 0.0438692681491375 imager_547126871606
18750 0.08334655314683914 0.06225632131099701 0.043899454176425934 imageu_547128873606
18760 0.03815782442688942 0.02868579886853695 0.04391655698418617 imager_547070882331
18770 0.17670755088329315 0.11834388226270676 0.043945420533418655 imagef_546846858536
18780 0.10428690165281296 0.07208653539419174 0.04396941140294075 imageb_546917862811
18790 0.10691399872303009 0.07865948230028152 0.04399143159389496 imagef_547152864241
18800 0.052722662687301636 0.04620762914419174 0.04400620982050896 imager_547138883611
18810 0.11106209456920624 0.08352705091238022 0.04400927573442459 imagef_546938883810
18820 0.0990152582526207 0.07161180675029755 0.04401842877268791 imageb_546982861070
18830 0.032085102051496506 0.021062444895505905 0.04403328523039818 imagel_546980859076
18840 0.09183432906866074 0.06679607927799225 0.0440334752202034 imageu_546984863078
18850 0.08061877638101578 0.05611293762922287 0.044035233557224274 imageb_547123868601
18860 0.11856640130281448 0.08389801532030106 0.0440358966588974 imaged_546863875543
18870 0.0840994268655777 0.06253060698509216 0.0440109521150589 imagef_546975854071
18880 0.07441791146993637 0.052544619888067245 0.043985720723867416 imagef_547096874977
18890 0.027383452281355858 0.02249554917216301 0.043950844556093216 imagel_546990869071
18900 0.020558787509799004 0.016456035897135735 0.04391228035092354 imagel_546888867171
18910 0.04985538870096207 0.03582068905234337 0.04388377070426941 imaged_547038883711
18920 0.08657144755125046 0.0678744986653328 0.04388764500617981 imageu_547126871606
18930 0.11481653898954391 0.08595823496580124 0.04387550801038742 imageu_546897876191
18940 0.019681448116898537 0.013874093070626259 0.04386281594634056 imagel_547145857237
18950 0.1922501027584076 0.10569920390844345 0.04386542737483978 imageb_547177855874
18960 0.18772190809249878 0.13691289722919464 0.04386470466852188 imager_546844856539
18970 0.16456840932369232 0.09480816125869751 0.04386478662490845 imageb_546856868537
18980 0.06339868903160095 0.056685131043195724 0.04387125000357628 imager_547103881966
18990 0.02537301741540432 0.016504118219017982 0.043876610696315765 imagel_546922867806
19000 0.06887997686862946 0.05932775139808655 0.043887265026569366 imager_546863875543
19010 0.06527701020240784 0.04394733905792236 0.04388997331261635 imagef_547062874337
19020 0.020900003612041473 0.016225341707468033 0.0438762828707695 imagel_547058870341
19030 0.06711646169424057 0.04689403623342514 0.04384157434105873 imagef_547092870974
19040 0.10110871493816376 0.08065994828939438 0.043827123939991 imagef_546882861171
19050 0.09862717241048813 0.07400721311569214 0.043824926018714905 imageu_546938883810
19060 0.1642937958240509 0.11972105503082275 0.0438457615673542 imaged_547196874870
19070 0.09413483738899231 0.06489714980125427 0.043856363743543625 imaged_546854866535
19080 0.07121879607439041 0.043791115283966064 0.043838560581207275 imagef_547072884335
19090 0.07967926561832428 0.05736144259572029 0.043819788843393326 imageb_547031876706
19100 0.09048929810523987 0.06269475072622299 0.04381934553384781 imageu_547075853978
19110 0.07767792046070099 0.05545674264431 0.04384339973330498 imageu_546945857437
19120 0.05751461163163185 0.0422976128757 0.043870870023965836 imaged_547036881708
19130 0.06706094741821289 0.044337593019008636 0.04387638345360756 imageb_547070882331
19140 0.15806809067726135 0.09188157320022583 0.04388998821377754 imagef_547203881874
19150 0.2118310183286667 0.16124671697616577 0.0438847653567791 imageu_547193871872
19160 0.0616731159389019 0.055352941155433655 0.04388885572552681 imager_546948860438
19170 0.10031262785196304 0.0704028308391571 0.043885841965675354 imageb_546922867806
19180 0.017989739775657654 0.011880566366016865 0.04389452561736107 imagel_547121866605
19190 0.07609059661626816 0.05742189288139343 0.0438680574297905 imageu_547018863705
19200 0.07913440465927124 0.05644017457962036 0.043844036757946014 imageb_547024869702
19210 0.16058847308158875 0.12513650953769684 0.04382472485303879 imageb_547205883874
19220 0.10189539939165115 0.07317093014717102 0.043795160949230194 imageb_546895874174
19230 0.01948884315788746 0.012851507402956486 0.0437718890607357 imagel_547115860606
19240 0.07697179168462753 0.0525180846452713 0.04375658556818962 imageb_547092870974
19250 0.06385012716054916 0.04942719265818596 0.043749015778303146 imaged_547016861703
19260 0.024702442809939384 0.013667427934706211 0.04374924302101135 imagel_547147859235
19270 0.07269684970378876 0.05356152355670929 0.0437571220099926 imagef_547091869975
19280 0.07784460484981537 0.05394388735294342 0.04377686232328415 imageb_547047859335
19290 0.07222889363765717 0.05234580859541893 0.04381348565220833 imaged_546917862811
19300 0.11268189549446106 0.08195900171995163 0.043828897178173065 imaged_546851863543
19310 0.04055248200893402 0.03006277047097683 0.043815601617097855 imager_547082860970
19320 0.07101596891880035 0.04901565983891487 0.043786704540252686 imageb_546979858070
19330 0.13305261731147766 0.1129973828792572 0.0437915176153183 imagef_546933878804
19340 0.03982127457857132 0.027652082964777946 0.043794721364974976 imagel_547060872343
19350 0.1221289336681366 0.08649113029241562 0.043776724487543106 imageu_547132877611
19360 0.08261936157941818 0.050964996218681335 0.04375767707824707 imagef_547057869336
19370 0.11294426023960114 0.08928115665912628 0.04373632371425629 imageu_546882861171
19380 0.09414759278297424 0.06797468662261963 0.04371698573231697 imageu_546919864808
19390 0.054778747260570526 0.03772686421871185 0.04371124878525734 imaged_547101879972
19400 0.05144022777676582 0.042222414165735245 0.04371486231684685 imagel_546861873539
19410 0.02287016622722149 0.0143054760992527 0.04370849207043648 imagel_547104882977
19420 0.03692376986145973 0.02227708324790001 0.04373125731945038 imagel_547154866233
19430 0.047899793833494186 0.042255885899066925 0.0437503419816494 imager_546883862169
19440 0.04946150630712509 0.03557276725769043 0.04377482086420059 imaged_546975854071
19450 0.11558901518583298 0.09496007859706879 0.043790943920612335 imagef_546934879798
19460 0.10833697766065598 0.07527980208396912 0.04383266344666481 imagef_546970882435
19470 0.05665300786495209 0.04864829033613205 0.043886132538318634 imager_546962874438
19480 0.1621006429195404 0.11293916404247284 0.04393293336033821 imagef_547200878871
19490 0.05303066596388817 0.04886722192168236 0.043954670429229736 imager_546873885533
19500 0.04965384304523468 0.03343460336327553 0.043977249413728714 imaged_547062874337
19510 0.01796349510550499 0.014315882697701454 0.043998267501592636 imagel_546873885533
19520 0.09709357470273972 0.07054439187049866 0.043990358710289 imageu_546936881803
19530 0.07642173022031784 0.0546858087182045 0.0439988449215889 imageb_547052864345
19540 0.11605574190616608 0.07959165424108505 0.04400726407766342 imagef_546892871169
19550 0.10778544843196869 0.07497305423021317 0.044000282883644104 imageu_546922867806
19560 0.08920918405056 0.058899324387311935 0.04399735853075981 imageb_547041853338
19570 0.08815915137529373 0.06386435031890869 0.044009216129779816 imageu_546887866191
19580 0.08927597105503082 0.06796982139348984 0.04399414733052254 imageb_546907852806
19590 0.09550312161445618 0.07379793375730515 0.04397023096680641 imageu_546926871803
19600 0.041619546711444855 0.02642517164349556 0.043971944600343704 imaged_547075853978
19610 0.01639927178621292 0.01284290011972189 0.04398135095834732 imagel_547142854240
19620 0.0862492099404335 0.06508433818817139 0.04397415369749069 imageu_546953865434
19630 0.05564216524362564 0.036127928644418716 0.04395228624343872 imagef_547070882331
19640 0.1258028745651245 0.09900177270174026 0.04393717274069786 imagef_546922867806
19650 0.047935016453266144 0.03977365046739578 0.043932341039180756 imager_547023868703
19660 0.06885305792093277 0.04868461191654205 0.04395166039466858 imagef_547053865336
19670 0.08346610516309738 0.060982510447502136 0.04396805167198181 imagef_547133878607
19680 0.04374582692980766 0.03522307425737381 0.043996021151542664 imager_547024869702
19690 0.0731596052646637 0.05162439122796059 0.04401199147105217 imageb_547016861703
19700 0.07676824182271957 0.05366126447916031 0.044000621885061264 imageb_547164876237
19710 0.06042022630572319 0.04240574315190315 0.04397590458393097 imaged_547123868601
19720 0.06196053326129913 0.054398439824581146 0.04397339001297951 imager_546982861070
19730 0.11036109924316406 0.08540390431880951 0.04397447407245636 imagef_547116861604
19740 0.05379624292254448 0.04423002526164055 0.043979790061712265 imager_547133878607
19750 0.09434708207845688 0.06127925217151642 0.043958891183137894 imageu_546892871169
19760 0.10111664980649948 0.0701645016670227 0.04392777383327484 imageb_546917862811
19770 0.08028276264667511 0.05458137020468712 0.04390043765306473 imageb_547104882977
19780 0.01772887632250786 0.013889088295400143 0.0438784658908844 imagel_546880859173
19790 0.024248410016298294 0.016139281913638115 0.04387873783707619 imagel_547155867242
19800 0.07164826989173889 0.04650558903813362 0.043867096304893494 imagef_547041853338
19810 0.11764071881771088 0.11205197870731354 0.04386952891945839 imager_547196874870
19820 0.09724973142147064 0.06725003570318222 0.043874341994524 imageu_546911856805
19830 0.07851796597242355 0.051404282450675964 0.04388640448451042 imagef_547021866708
19840 0.06842095404863358 0.046765830367803574 0.043880216777324677 imageb_547062874337
19850 0.07606226950883865 0.04691242054104805 0.04388798028230667 imagef_547043855348
19860 0.03386903926730156 0.0158010832965374 0.043908677995204926 imagel_547169881238
19870 0.07024054229259491 0.050180427730083466 0.04391210153698921 imageb_546941853440
19880 0.04821745306253433 0.035169847309589386 0.04390784353017807 imaged_546980859076
19890 0.06511066854000092 0.04407249391078949 0.04391643777489662 imagef_547082860970
19900 0.059694983065128326 0.04273727163672447 0.04393869638442993 imaged_547121866605
19910 0.02988465316593647 0.025414545089006424 0.043932367116212845 imager_546870882540
19920 0.19786939024925232 0.13925409317016602 0.04391846805810928 imageu_547198876871
19930 0.027966110035777092 0.021070867776870728 0.0439184345304966 imagel_546931876806
19940 0.09160629659891129 0.06153516843914986 0.04391263797879219 imaged_546854866535
19950 0.06309980154037476 0.042012449353933334 0.04388613998889923 imageb_547064876339
19960 0.06629764288663864 0.04408383369445801 0.043893441557884216 imagef_547058870341
19970 0.07479623705148697 0.05919566750526428 0.04389810562133789 imaged_546899878172
19980 0.038614965975284576 0.03536428511142731 0.043882500380277634 imager_546992871071
19990 0.26204913854599 0.13676519691944122 0.043864134699106216 imageb_546843855539
20000 0.05133897811174393 0.0323520228266716 0.04382893070578575 imaged_547072884335
20010 0.07444895058870316 0.04941137507557869 0.04380858317017555 imageu_547104882977
20020 0.11304203420877457 0.08972813189029694 0.043804336339235306 imagef_546924869806
20030 0.04557296633720398 0.04167985916137695 0.04381446912884712 imager_546955867436
20040 0.06642703711986542 0.04755832627415657 0.04382629320025444 imagef_547157869236
20050 0.058322466909885406 0.043295588344335556 0.04387638717889786 imaged_546977856071
20060 0.028571659699082375 0.01856408268213272 0.04391805827617645 imagel_546962874438
20070 0.11262325197458267 0.07711774855852127 0.04395366087555885 imagef_546890869170
20080 0.10893026739358902 0.06982538849115372 0.043999332934617996 imagef_546967879439
20090 0.05514941364526749 0.03859621658921242 0.044006749987602234 imaged_547013858709
20100 0.04636191576719284 0.037885479629039764 0.04399372264742851 imager_547142854240
20110 0.07784458249807358 0.052674755454063416 0.043981410562992096 imageb_547106884970
20120 0.24609260261058807 0.20814718306064606 0.043971236795186996 imaged_547188866869
20130 0.09227252006530762 0.06620272248983383 0.04395012557506561 imagef_547143855237
20140 0.03415801748633385 0.025552742183208466 0.043949734419584274 imagel_546938883810
20150 0.08280295878648758 0.06102394312620163 0.04392790421843529 imageb_546897876191
20160 0.06842992454767227 0.048241522163152695 0.04388502985239029 imageb_547125870610
20170 0.12655211985111237 0.06557929515838623 0.04384804517030716 imagef_547177855874
20180 0.08343607932329178 0.05814683437347412 0.04383262246847153 imageb_547121866605
20190 0.06876873970031738 0.057030387222766876 0.043822482228279114 imager_547164876237
20200 0.045779209583997726 0.03219277039170265 0.043792009353637695 imaged_547058870341
20210 0.08219943940639496 0.05943836271762848 0.043774448335170746 imageu_547007852711
20220 0.08373568207025528 0.058073919266462326 0.04376521334052086 imagef_546958870432
20230 0.07866452634334564 0.05229585990309715 0.043770719319581985 imagef_547004883077
20240 0.038848139345645905 0.02624969370663166 0.04377595707774162 imagel_547060872343
20250 0.03858206048607826 0.03193572908639908 0.04378000646829605 imagel_546860872536
20260 0.09279010444879532 0.06532517820596695 0.04379808157682419 imageu_546909854806
20270 0.04972478002309799 0.04112277925014496 0.04381997138261795 imager_547026871704
20280 0.07889074832201004 0.07179373502731323 0.04380577430129051 imager_546865877539
20290 0.04796530306339264 0.039491117000579834 0.043781179934740067 imager_546968880435
20300 0.021025052294135094 0.015321110375225544 0.043763887137174606 imagel_547152864241
20310 0.07418103516101837 0.0523785799741745 0.04375381022691727 imaged_546905884197
20320 0.09361076354980469 0.06516095995903015 0.04375232383608818 imagef_546897876191
20330 0.10300914198160172 0.0792553648352623 0.04375069588422775 imagef_546963875440
20340 0.08522013574838638 0.06173714995384216 0.043776001781225204 imageu_546900879170
20350 0.09424146264791489 0.06448990851640701 0.043826550245285034 imageb_546922867806
20360 0.01893126219511032 0.01360465306788683 0.04384588077664375 imagel_546858870537
20370 0.04988636076450348 0.04375947266817093 0.043818846344947815 imager_546951863443
20380 0.05780620500445366 0.04330182820558548 0.043791744858026505 imagel_547186864875
20390 0.05315753445029259 0.04212411120533943 0.04376399517059326 imager_547087865974
20400 0.0463276132941246 0.03759462386369705 0.04375132918357849 imager_546919864808
20410 0.08166251331567764 0.05523737519979477 0.04374607279896736 imageb_547043855348
20420 0.018367890268564224 0.014080947265028954 0.04375087842345238 imagel_546894873172
20430 0.08449078351259232 0.05837045982480049 0.04373868927359581 imagef_547113858603
20440 0.10434993356466293 0.08289975672960281 0.04375478997826576 imageu_546921866804
20450 0.07442627102136612 0.04553213715553284 0.0437777154147625 imagef_547162874244
20460 0.07127442955970764 0.05035492405295372 0.04380039498209953 imageu_547019864709
20470 0.09844399988651276 0.06668142229318619 0.04383806511759758 imageb_546919864808
20480 0.06261322647333145 0.047018736600875854 0.04387027025222778 imaged_547142854240
20490 0.09865882247686386 0.06996694207191467 0.043905362486839294 imageb_546877856173
20500 0.06769595295190811 0.04758977144956589 0.043944332748651505 imageb_546948860438
20510 0.05151377618312836 0.04012647643685341 0.04397471621632576 imager_547111856605
20520 0.04662024974822998 0.03712921217083931 0.04398574307560921 imager_547143855237
20530 0.0766083374619484 0.0566125325858593 0.043977536261081696 imageb_546912857810
20540 0.02177225425839424 0.014236711896955967 0.04398642107844353 imagel_547041853338
20550 0.0725131407380104 0.06297221034765244 0.043990179896354675 imager_546856868537
20560 0.04952586442232132 0.034743789583444595 0.043982457369565964 imaged_547091869975
20570 0.023749545216560364 0.01369863748550415 0.04396935924887657 imagel_546967879439
20580 0.03975578024983406 0.029606377705931664 0.04396117106080055 imager_547096874977
20590 0.09506653249263763 0.0652952492237091 0.04393627867102623 imageb_546894873172
20600 0.18790045380592346 0.13994812965393066 0.043913085013628006 imaged_547189867877
20610 0.08435378968715668 0.057346321642398834 0.04388504475355148 imageu_547118863609
20620 0.03904871270060539 0.034309033304452896 0.04389294609427452 imager_546989868066
20630 0.18753521144390106 0.10998616367578506 0.043920863419771194 imagef_546839884906
20640 0.0443902313709259 0.036347728222608566 0.043934229761362076 imager_546941853440
20650 0.0733112320303917 0.04542131721973419 0.04394008591771126 imageu_547057869336
20660 0.06962858885526657 0.049076300114393234 0.04398433864116669 imageu_546992871071
20670 0.031146381050348282 0.02458111196756363 0.04401133954524994 imager_547067879338
20680 0.08911312371492386 0.0625162124633789 0.044012486934661865 imageu_546919864808
20690 0.14018614590168 0.07920751720666885 0.04403187334537506 imageb_547183861871
20700 0.058519039303064346 0.04572216793894768 0.044047676026821136 imaged_546997876076
20710 0.06049170345067978 0.04633678123354912 0.044052839279174805 imaged_546960872437
20720 0.0564953051507473 0.054170552641153336 0.04407195746898651 imager_546933878804
20730 0.07127145677804947 0.048170119524002075 0.04407553747296333 imageb_547028873712
20740 0.07123611867427826 0.04795144870877266 0.0440748855471611 imageu_547084862980
20750 0.19231794774532318 0.1160581037402153 0.0440659373998642 imagef_547171883239
20760 0.08933906257152557 0.06164360046386719 0.044058993458747864 imageb_546899878172
20770 0.09759833663702011 0.06500136107206345 0.044043973088264465 imageb_547154866233
20780 0.10697721689939499 0.07089190185070038 0.04406079649925232 imaged_546863875543
20790 0.04571564868092537 0.03529465198516846 0.0440734401345253 imager_547157869236
20800 0.08218751102685928 0.05326804146170616 0.04407987743616104 imaged_547206884871
20810 0.03958624228835106 0.020819714292883873 0.04409606754779816 imagel_546907852806
20820 0.0898306667804718 0.06390127539634705 0.044093258678913116 imagef_547036881708
20830 0.049315206706523895 0.038827039301395416 0.04408203065395355 imager_547021866708
20840 0.11999315023422241 0.07830224931240082 0.044074736535549164 imagef_546863875543
20850 0.061102431267499924 0.03988150134682655 0.04408770054578781 imaged_547118863609
20860 0.05854590982198715 0.05041613057255745 0.044082704931497574 imager_547018863705
20870 0.04898060858249664 0.0363810770213604 0.044067155569791794 imaged_547019864709
20880 0.08410719037055969 0.056007031351327896 0.044059958308935165 imageu_546899878172
20890 0.03965255245566368 0.025994157418608665 0.044077228754758835 imaged_547086864973
20900 0.016360174864530563 0.013266567140817642 0.04411522299051285 imagel_547069881338
20910 0.023821068927645683 0.01720871776342392 0.04410471022129059 imagel_546975854071
20920 0.07962389290332794 0.05456911399960518 0.044089339673519135 imageu_546965877440
20930 0.07902033627033234 0.0506034679710865 0.044073864817619324 imageb_547060872343
20940 0.043344274163246155 0.03517477959394455 0.044054675847291946 imagel_546848860533
20950 0.04600454494357109 0.032184042036533356 0.04404011368751526 imager_547048860337
20960 0.04857180267572403 0.03382322937250137 0.044026948511600494 imaged_546958870432
20970 0.16529473662376404 0.14128777384757996 0.04399477317929268 imageb_547189867877
20980 0.2064201831817627 0.10122036188840866 0.04395930841565132 imageu_546839884906
20990 0.07588527351617813 0.056097980588674545 0.04395186901092529 imageu_547126871606
21000 0.19171208143234253 0.143757164478302 0.04394334927201271 imageu_547186864875
21010 0.0900023877620697 0.0626000463962555 0.04392274469137192 imageb_547007852711
21020 0.10868266969919205 0.07848422974348068 0.04390398785471916 imagef_546928873809
21030 0.08058130741119385 0.05346523970365524 0.043890222907066345 imageu_547108853603
21040 0.025891631841659546 0.020800333470106125 0.04389128461480141 imagel_546990869071
21050 0.1286306381225586 0.07884085178375244 0.04387884959578514 imageu_547176854870
21060 0.046832941472530365 0.03825350105762482 0.043863847851753235 imager_546912857810
21070 0.05179097503423691 0.03511686995625496 0.04385557398200035 imaged_547138883611
21080 0.08691862225532532 0.07352174818515778 0.04386206343770027 imager_546860872536
21090 0.017559625208377838 0.013152244500815868 0.043855879455804825 imagel_547064876339
21100 0.06722134351730347 0.042479850351810455 0.04383687302470207 imageu_547055867337
21110 0.06830807030200958 0.045139819383621216 0.04383440688252449 imageu_547079857970
21120 0.053520653396844864 0.04403800144791603 0.0438089482486248 imager_547013858709
21130 0.0434492863714695 0.030599934980273247 0.04379081353545189 imaged_547031876706
21140 0.07715071737766266 0.07046590745449066 0.04378964751958847 imager_546878857194
21150 0.2343362718820572 0.18874959647655487 0.0437818206846714 imagef_547188866869
21160 0.07186754047870636 0.05384722724556923 0.04376569762825966 imaged_546880859173
21170 0.10012855380773544 0.07160836458206177 0.04375670105218887 imageb_546878857194
21180 0.022656474262475967 0.015313678421080112 0.04377143457531929 imagel_546979858070
21190 0.04430700093507767 0.03531702235341072 0.043775223195552826 imager_547038883711
21200 0.07441335916519165 0.048052795231342316 0.0437786802649498 imageb_547135880603
21210 0.07636439800262451 0.05460890382528305 0.04379025474190712 imaged_546922867806
21220 0.04583047330379486 0.038661736994981766 0.04380252957344055 imager_547002881074
21230 0.04957324638962746 0.038830555975437164 0.043812792748212814 imager_547021866708
21240 0.014299166388809681 0.010015593841671944 0.04383076727390289 imagel_546997876076
21250 0.13023778796195984 0.08326154947280884 0.043845754116773605 imaged_547186864875
21260 0.06730977445840836 0.042928531765937805 0.04386403411626816 imageu_547086864973
21270 0.11644342541694641 0.06944985687732697 0.043875571340322495 imaged_546841853547
21280 0.05950210988521576 0.0382605642080307 0.043873511254787445 imageb_547064876339
21290 0.03961310163140297 0.025216219946742058 0.043885648250579834 imaged_547069881338
21300 0.09839687496423721 0.051639389246702194 0.04389046132564545 imageu_547167879238
21310 0.06745206564664841 0.04699878394603729 0.043876804411411285 imageu_546992871071
21320 0.07919533550739288 0.05401286855340004 0.0438869409263134 imageu_547115860606
21330 0.08879274874925613 0.07235760241746902 0.043900731950998306 imaged_547166878243
21340 0.05053030699491501 0.0364152193069458 0.043949466198682785 imager_546967879439
21350 0.03461902588605881 0.01963542029261589 0.043984055519104004 imagel_547154866233
21360 0.09244490414857864 0.06503905355930328 0.0439695380628109 imagef_547150862236
21370 0.04687069356441498 0.0367760956287384 0.04398510977625847 imager_547157869236
21380 0.0787716805934906 0.04967634752392769 0.04401431232690811 imagef_547142854240
21390 0.03456676006317139 0.031845636665821075 0.044006913900375366 imager_546994873075
21400 0.036143481731414795 0.02815847285091877 0.0439881905913353 imager_547030875702
21410 0.06488079577684402 0.047069109976291656 0.04397609084844589 imaged_547125870610
21420 0.035306915640830994 0.025657791644334793 0.04398057982325554 imagel_547081859975
21430 0.019116077572107315 0.013011387549340725 0.043982647359371185 imagel_546912857810
21440 0.05018370971083641 0.03413611650466919 0.04399491101503372 imaged_547106884970
21450 0.082069531083107 0.05831797420978546 0.04398063197731972 imageu_546900879170
21460 0.09868311136960983 0.06471864134073257 0.04398086294531822 imagef_546968880435
21470 0.05543920397758484 0.03942503407597542 0.04397793486714363 imaged_547149861238
21480 0.02042357064783573 0.013315560296177864 0.04396457597613335 imagel_547111856605
21490 0.021457873284816742 0.01718183234333992 0.04394130781292915 imagel_547108853603
21500 0.014582660980522633 0.011558967642486095 0.043914370238780975 imagel_547094872971
21510 0.08574151247739792 0.06753486394882202 0.043893687427043915 imageb_546931876806
21520 0.06515278667211533 0.04584236815571785 0.04388147592544556 imaged_546897876191
21530 0.06262282282114029 0.03907077759504318 0.04389844089746475 imageu_547069881338
21540 0.08461962640285492 0.056247565895318985 0.043947938829660416 imageb_546982861070
21550 0.06032931059598923 0.023848645389080048 0.04397498816251755 imagel_547159871241
21560 0.06895297020673752 0.04557587951421738 0.04397822916507721 imageu_547016861703
21570 0.1043524369597435 0.07853382080793381 0.043992191553115845 imagef_546926871803
21580 0.06832870841026306 0.048216208815574646 0.04402570426464081 imageb_546939884803
21590 0.07523105293512344 0.04846327006816864 0.044044338166713715 imagef_547038883711
21600 0.05765145644545555 0.03304320201277733 0.04405716806650162 imageb_547072884335
21610 0.04730166867375374 0.04352673143148422 0.044064056128263474 imager_546888867171
21620 0.0959736704826355 0.06672656536102295 0.044065531343221664 imagef_546938883810
21630 0.03820624575018883 0.03310780227184296 0.044063590466976166 imager_546989868066
21640 0.07189660519361496 0.048521216958761215 0.044076740741729736 imageb_547033878707
21650 0.08464214950799942 0.05954479053616524 0.044092271476984024 imageu_546878857194
21660 0.08611925691366196 0.06343241780996323 0.04410887882113457 imageb_546926871803
21670 0.05084642022848129 0.03386075794696808 0.04411431401968002 imaged_547108853603
21680 0.07846219092607498 0.04880821704864502 0.04411594569683075 imageu_547043855348
21690 0.08557694405317307 0.06153750792145729 0.044126883149147034 imageu_546924869806
21700 0.03702084347605705 0.02316003479063511 0.044130776077508926 imaged_547094872971
21710 0.017580896615982056 0.011154104955494404 0.044158756732940674 imagel_547086864973
21720 0.08464738726615906 0.05856938660144806 0.04416106641292572 imageu_546917862811
21730 0.06197430565953255 0.0466281957924366 0.04414372146129608 imaged_546939884803
21740 0.029674191027879715 0.019822703674435616 0.044105593115091324 imagel_546902881194
21750 0.0438024140894413 0.03494929149746895 0.04406740888953209 imager_547023868703
21760 0.060921262949705124 0.04259747639298439 0.044054076075553894 imagef_547033878707
21770 0.044656671583652496 0.03672045096755028 0.044065020978450775 imager_546941853440
21780 0.07239168882369995 0.04868912696838379 0.04406817629933357 imagef_547086864973
21790 0.07207725942134857 0.04852095618844032 0.044072821736335754 imagef_547030875702
21800 0.11449571698904037 0.08302779495716095 0.04407210275530815 imagef_546931876806
21810 0.022897392511367798 0.01546231284737587 0.04407211393117905 imagel_546890869170
21820 0.07120762020349503 0.04939170554280281 0.0440826416015625 imagef_547002881074
21830 0.20844028890132904 0.10327498614788055 0.04409382864832878 imageu_546841853547
21840 0.08699670433998108 0.05630616843700409 0.04408937320113182 imagel_547200878871
21850 0.04974842444062233 0.033704131841659546 0.04408977925777435 imaged_547103881966
21860 0.07528318464756012 0.046876151114702225 0.044083938002586365 imageu_547038883711
21870 0.06873131543397903 0.050222255289554596 0.044077903032302856 imaged_546916861809
21880 0.056728437542915344 0.038139428943395615 0.04407855495810509 imaged_547120865600
21890 0.08034703880548477 0.05625389143824577 0.04407444968819618 imageu_547116861604
21900 0.06606636941432953 0.06445331871509552 0.04407433792948723 imager_546992871071
21910 0.042926836758852005 0.03724989295005798 0.044072654098272324 imager_546883862169
21920 0.08005212247371674 0.05520036816596985 0.044071659445762634 imageb_547121866605
21930 0.0610317625105381 0.040810998529195786 0.04406050592660904 imageu_547064876339
21940 0.08361437916755676 0.05687808617949486 0.044052038341760635 imagef_547125870610
21950 0.18651165068149567 0.09866692870855331 0.04404882341623306 imageb_547174852869
21960 0.056283313781023026 0.04246905818581581 0.04403839632868767 imaged_546955867436
21970 0.015847597271203995 0.011944727040827274 0.0440509207546711 imagel_546873885533
21980 0.11061255633831024 0.07791217416524887 0.044057536870241165 imaged_546849861536
21990 0.0588885135948658 0.0436195507645607 0.04406247287988663 imaged_547152864241
22000 0.09773639589548111 0.05865279957652092 0.04409134015440941 imagel_547206884871
22010 0.06892349570989609 0.04674419388175011 0.04410956799983978 imageu_547014859704
22020 0.050485510379076004 0.03601137921214104 0.04414668306708336 imaged_547140885602
22030 0.046717237681150436 0.04402671381831169 0.04417195916175842 imager_546924869806
22040 0.01290563028305769 0.01035364717245102 0.044172149151563644 imagel_547070882331
22050 0.16547371447086334 0.11807134747505188 0.044162310659885406 imagef_547191869875
22060 0.08311213552951813 0.06403431296348572 0.04415315389633179 imager_547183861871
22070 0.07460599392652512 0.052542440593242645 0.04413357377052307 imageb_546897876191
22080 0.08233200013637543 0.05843373388051987 0.04412670060992241 imageu_546977856071
22090 0.13150514662265778 0.08260061591863632 0.04412684589624405 imageu_546851863543
22100 0.08126061409711838 0.06039166823029518 0.04411335662007332 imageb_546928873809
22110 0.10222472250461578 0.0664389505982399 0.044092871248722076 imagef_546911856805
22120 0.1215425655245781 0.07680517435073853 0.044085413217544556 imagef_546875854173
22130 0.11427558958530426 0.05983443930745125 0.044077709317207336 imagef_547176854870
22140 0.0935187041759491 0.05830054357647896 0.04408244043588638 imagef_546902881194
22150 0.07767889648675919 0.04758870601654053 0.044096335768699646 imageu_547040885702
22160 0.055811718106269836 0.03738998994231224 0.04410569742321968 imagef_546997876076
22170 0.06762253493070602 0.04760252311825752 0.04410265013575554 imagef_547006885077
22180 0.11097592860460281 0.08332760632038116 0.04410887137055397 imagef_546922867806
22190 0.07354959845542908 0.05079208314418793 0.04411173239350319 imageu_547125870610
22200 0.013589699752628803 0.009774219244718552 0.044113174080848694 imagel_547126871606
22210 0.06375812739133835 0.04181819036602974 0.04409199208021164 imageb_547036881708
22220 0.09000301361083984 0.060033880174160004 0.04407774284482002 imagef_546938883810
22230 0.05244298651814461 0.03751799836754799 0.044084079563617706 imager_547162874244
22240 0.04662776365876198 0.03041933663189411 0.044081222265958786 imaged_547104882977
22250 0.058541882783174515 0.04598730057477951 0.044098205864429474 imaged_546955867436
22260 0.06450442224740982 0.03967784717679024 0.04410495609045029 imagef_547041853338
22270 0.03523389622569084 0.03111143596470356 0.04411003366112709 imager_546885864170
22280 0.020068220794200897 0.013104195706546307 0.044109392911195755 imagel_547016861703
22290 0.05069350078701973 0.03245177119970322 0.04410446435213089 imaged_547155867242
22300 0.034112393856048584 0.02684173174202442 0.04408971592783928 imager_547031876706
22310 0.06611979007720947 0.043207552284002304 0.04407082125544548 imageb_547033878707
22320 0.04266906529664993 0.032876431941986084 0.04405299574136734 imager_546858870537
22330 0.04426473379135132 0.031260356307029724 0.044033490121364594 imaged_547031876706
22340 0.10798545926809311 0.07580836862325668 0.0440293550491333 imagef_546931876806
22350 0.13004177808761597 0.08953488618135452 0.04404348134994507 imageu_547183861871
22360 0.043633170425891876 0.027810808271169662 0.04405103623867035 imaged_547052864345
22370 0.0665418729186058 0.04425177350640297 0.04403797909617424 imageu_546945857437
22380 0.092339888215065 0.05824204161763191 0.04404529929161072 imagef_546917862811
22390 0.04760807752609253 0.032842762768268585 0.044090304523706436 imageu_546871883543
22400 0.049879882484674454 0.04077409580349922 0.04412788897752762 imager_546962874438
22410 0.06639368087053299 0.044399160891771317 0.044112708419561386 imaged_547162874244
22420 0.07406654208898544 0.044776320457458496 0.04409746080636978 imageu_547036881708
22430 0.057604219764471054 0.04890914633870125 0.04407511651515961 imager_546922867806
22440 0.06291744112968445 0.03883083537220955 0.04406123235821724 imageb_547057869336
22450 0.06895749270915985 0.04600079730153084 0.04405863210558891 imageb_547024869702
22460 0.08634329587221146 0.06840133666992188 0.04405243322253227 imager_547183861871
22470 0.016880890354514122 0.011749500408768654 0.04402768239378929 imagel_547057869336
22480 0.08661096543073654 0.05975291505455971 0.044012151658535004 imageb_546921866804
22490 0.25565600395202637 0.12969069182872772 0.04400067403912544 imageb_546843855539
22500 0.044388603419065475 0.035238247364759445 0.043986085802316666 imager_546912857810
22510 0.046208251267671585 0.032130371779203415 0.04398133233189583 imaged_547011856705
22520 0.06815668195486069 0.051841817796230316 0.04398409277200699 imageb_546936881803
22530 0.047655366361141205 0.03144272789359093 0.0439903661608696 imaged_547157869236
22540 0.0747513547539711 0.05167525261640549 0.044024478644132614 imagef_547007852711
22550 0.04820842295885086 0.03236568719148636 0.04403822869062424 imaged_547160872234
22560 0.05325039476156235 0.03747700899839401 0.04406720772385597 imaged_546921866804
22570 0.05968292057514191 0.03946209326386452 0.0440966933965683 imagef_547053865336
22580 0.06418858468532562 0.04479778930544853 0.0440853089094162 imageb_546939884803
22590 0.037982892245054245 0.02694239281117916 0.04407205432653427 imager_547098876976
22600 0.07349703460931778 0.04681601747870445 0.04405685141682625 imagef_547004883077
22610 0.05793384090065956 0.04184460639953613 0.04403096064925194 imaged_547171883239
22620 0.043330125510692596 0.030472001060843468 0.04401666298508644 imaged_546989868066
22630 0.07694036513566971 0.0522528737783432 0.04401745647192001 imageu_546985864078
22640 0.030815044417977333 0.021263454109430313 0.0440179780125618 imagel_546939884803
22650 0.05714172124862671 0.0390482135117054 0.04401069134473801 imaged_546943855437
22660 0.06700325012207031 0.03777202591300011 0.04400395601987839 imagef_547162874244
22670 0.048466138541698456 0.03851165995001793 0.04397803172469139 imager_546863875543
22680 0.10135570913553238 0.06990817189216614 0.04393412917852402 imageu_546922867806
22690 0.03377076983451843 0.02546011097729206 0.043895281851291656 imagel_547194872874
22700 0.03246055915951729 0.025864897295832634 0.04387157782912254 imagel_546849861536
22710 0.06171650439500809 0.04520490765571594 0.04384693130850792 imaged_547126871606
22720 0.06415508687496185 0.04061950743198395 0.04386494308710098 imageu_547092870974
22730 0.03593488782644272 0.025741243734955788 0.04389066621661186 imager_547082860970
22740 0.049886833876371384 0.039392709732055664 0.043895173817873 imager_546911856805
22750 0.17473402619361877 0.13878007233142853 0.04388155788183212 imagef_547194872874
22760 0.031824108213186264 0.02404516562819481 0.043858110904693604 imagel_546989868066
22770 0.041245125234127045 0.03585212305188179 0.04382538050413132 imager_546997876076
22780 0.012427108362317085 0.00983344204723835 0.04382634535431862 imagel_546992871071
22790 0.06552715599536896 0.04051228612661362 0.043829336762428284 imageu_547058870341
22800 0.04162273928523064 0.02545168437063694 0.043859273195266724 imaged_547064876339
22810 0.15511801838874817 0.09867298603057861 0.04388120770454407 imagef_546848860533
22820 0.018939388915896416 0.012050183489918709 0.04389519244432449 imagel_547004883077
22830 0.050769396126270294 0.03192649409174919 0.04391402751207352 imagef_547070882331
22840 0.08094966411590576 0.05485808104276657 0.043913789093494415 imageu_546919864808
22850 0.1109684407711029 0.07399741560220718 0.04391348361968994 imageu_546858870537
22860 0.03884517401456833 0.029902717098593712 0.04392626881599426 imager_547062874337
22870 0.05394047498703003 0.03770219534635544 0.04392348974943161 imaged_547149861238
22880 0.08250697702169418 0.055249735713005066 0.04392804577946663 imageu_546914859807
22890 0.014957710169255733 0.009975144639611244 0.04392391815781593 imagel_547120865600
22900 0.04490381479263306 0.035075441002845764 0.043922536075115204 imager_546945857437
22910 0.016615083441138268 0.01250182744115591 0.04392465576529503 imagel_547030875702
22920 0.06685788184404373 0.04446142539381981 0.04391752928495407 imageb_546973885436
22930 0.04202282428741455 0.02975621446967125 0.043897949159145355 imager_547081859975
22940 0.0628681555390358 0.03824453428387642 0.04388755187392235 imageu_547077855978
22950 0.07194767892360687 0.054268728941679 0.04389405623078346 imaged_546875854173
22960 0.08143860101699829 0.05432039126753807 0.04388274624943733 imageu_547140885602
22970 0.04325324296951294 0.02905808389186859 0.04387737065553665 imaged_547026871704
22980 0.09216485172510147 0.058794036507606506 0.04387505725026131 imagef_546960872437
22990 0.09916122257709503 0.052336856722831726 0.043867506086826324 imageu_547167879238
23000 0.04460878670215607 0.03618619590997696 0.0438605397939682 imager_547023868703
23010 0.06838993728160858 0.04924025759100914 0.04384911432862282 imageu_546990869071
23020 0.07592948526144028 0.04954114928841591 0.04383644834160805 imaged_547203881874
23030 0.022084692493081093 0.011965488083660603 0.04381893575191498 imagel_546967879439
23040 0.047004058957099915 0.030428431928157806 0.04382200166583061 imaged_547108853603
23050 0.04499543458223343 0.028334008529782295 0.0438564158976078 imagel_547174852869
23060 0.06297753006219864 0.052824586629867554 0.043873533606529236 imager_546894873172
23070 0.0642654076218605 0.04290381819009781 0.04388192668557167 imagef_546992871071
23080 0.07798462361097336 0.049324434250593185 0.043916232883930206 imageb_547045857339
23090 0.15297283232212067 0.08370010554790497 0.04394405335187912 imagef_547206884871
23100 0.04911837726831436 0.04300699755549431 0.04396001622080803 imager_547116861604
23110 0.05990247800946236 0.03630105033516884 0.043962858617305756 imageu_547070882331
23120 0.0682443156838417 0.042787451297044754 0.04396649822592735 imageu_547104882977
23130 0.0266160499304533 0.01619565300643444 0.04396950080990791 imagel_547177855874
23140 0.060977671295404434 0.03893110901117325 0.043931230902671814 imageb_547035880703
23150 0.03789781779050827 0.02660473808646202 0.04389367625117302 imagel_547035880703
23160 0.035515155643224716 0.022097179666161537 0.043861113488674164 imaged_547094872971
23170 0.08605343103408813 0.056534525007009506 0.04385244473814964 imagef_546943855437
23180 0.012090428732335567 0.009463219903409481 0.04384252056479454 imagel_547070882331
23190 0.020767884328961372 0.013824044726788998 0.04383871704339981 imagel_547111856605
23200 0.07536397874355316 0.05746150761842728 0.043820835649967194 imager_547184862870
23210 0.06862536072731018 0.047643136233091354 0.04380267485976219 imageu_546946858444
23220 0.031731702387332916 0.018695207312703133 0.04379037022590637 imageu_547203881874
23230 0.08741218596696854 0.05688229575753212 0.043807368725538254 imagef_546900879170
23240 0.12533006072044373 0.09497343003749847 0.04384668543934822 imagef_546880859173
23250 0.0393621101975441 0.029329968616366386 0.043856024742126465 imagel_547082860970
23260 0.0380343422293663 0.030970461666584015 0.04386239871382713 imager_547121866605
23270 0.11830935627222061 0.1003100574016571 0.0438678078353405 imaged_546878857194
23280 0.08606214821338654 0.05841534957289696 0.04389278590679169 imageu_546936881803
23290 0.043235864490270615 0.03033258207142353 0.04390738159418106 imaged_546990869071
23300 0.028024790808558464 0.021681660786271095 0.04390847682952881 imager_547067879338
23310 0.08524399995803833 0.055939722806215286 0.043915390968322754 imageb_547138883611
23320 0.07888094335794449 0.05153888091444969 0.04392175003886223 imageu_547135880603
23330 0.14220283925533295 0.08593952655792236 0.04393576830625534 imagef_546854866535
23340 0.04283080995082855 0.03854970261454582 0.04395251348614693 imager_546888867171
23350 0.0754798874258995 0.05144854262471199 0.04395580664277077 imageu_547033878707
23360 0.06446649879217148 0.04162776097655296 0.043990280479192734 imagef_547145857237
23370 0.09723050892353058 0.05781906470656395 0.044025782495737076 imagel_547205883874
23380 0.053320225328207016 0.036996468901634216 0.04404013231396675 imaged_546972884442
23390 0.030265385285019875 0.020159291103482246 0.044073328375816345 imagel_546943855437
23400 0.023997362703084946 0.018282292410731316 0.0440785251557827 imagel_546928873809
23410 0.026535475626587868 0.01974678970873356 0.04407566785812378 imagel_546934879798
23420 0.07355058938264847 0.05939687043428421 0.04407285898923874 imaged_546933878804
23430 0.04224661737680435 0.027990883216261864 0.04406795650720596 imager_547074852968
23440 0.04429727420210838 0.03790535032749176 0.04406055435538292 imager_547116861604
23450 0.0624128133058548 0.03926556929945946 0.04405448958277702 imageb_547053865336
23460 0.06872585415840149 0.04229288920760155 0.04403164982795715 imageb_547149861238
23470 0.04338708519935608 0.03484475612640381 0.04400517791509628 imager_547149861238
23480 0.028700362890958786 0.014662260189652443 0.04398256167769432 imagel_547181859871
23490 0.05938997492194176 0.039208557456731796 0.04396906867623329 imageb_546994873075
23500 0.08511058241128922 0.057827744632959366 0.0439768061041832 imagef_546950862437
23510 0.06769917160272598 0.04462289437651634 0.04401904344558716 imageu_546970882435
23520 0.05686067044734955 0.03805369511246681 0.04405296593904495 imagef_546990869071
23530 0.05325239151716232 0.033259645104408264 0.044072072952985764 imageb_547064876339
23540 0.05233079195022583 0.04134618490934372 0.04407091066241264 imager_546895874174
23550 0.07406149804592133 0.047157853841781616 0.04405646026134491 imageb_547132877611
23560 0.0782068595290184 0.04762179031968117 0.04403669759631157 imageb_547155867242
23570 0.04588420316576958 0.028095902875065804 0.04404371231794357 imaged_546982861070
23580 0.050520896911621094 0.03417002782225609 0.04404802620410919 imaged_547150862236
23590 0.07087132334709167 0.04403278976678848 0.044044796377420425 imagef_547021866708
23600 0.036377131938934326 0.02897961065173149 0.044051412492990494 imager_546975854071
23610 0.06582735478878021 0.04745888337492943 0.04406638815999031 imaged_546936881803
23620 0.1483534425497055 0.0858319029211998 0.044060785323381424 imageu_547205883874
23630 0.06912252306938171 0.04232800006866455 0.04406487196683884 imagef_547118863609
23640 0.021743223071098328 0.014476664364337921 0.044080305844545364 imagel_547014859704
23650 0.024603769183158875 0.014090273529291153 0.04406982660293579 imagel_547043855348
23660 0.07053156942129135 0.04586231708526611 0.044052522629499435 imageu_546977856071
23670 0.12825539708137512 0.07828602939844131 0.04405324533581734 imagef_547184862870
23680 0.032197460532188416 0.01379602961242199 0.04406411200761795 imagel_547169881238
23690 0.046034712344408035 0.03748251125216484 0.044077299535274506 imager_546912857810
23700 0.12942098081111908 0.09051871299743652 0.04407348483800888 imageb_547205883874
23710 0.07687798887491226 0.046193115413188934 0.04405323415994644 imageu_547040885702
23720 0.012178288772702217 0.008968168869614601 0.04404686391353607 imagel_547125870610
23730 0.06475763022899628 0.0427221916615963 0.04403705522418022 imageu_547079857970
23740 0.07247141003608704 0.046336911618709564 0.04402419924736023 imageu_547023868703
23750 0.09004805237054825 0.05845031142234802 0.04401201754808426 imagef_546965877440
23760 0.12954451143741608 0.08062266558408737 0.04399274289608002 imagef_546860872536
23770 0.014723571948707104 0.01049708854407072 0.04397750645875931 imagel_547123868601
23780 0.04057888686656952 0.02870590053498745 0.043965693563222885 imager_547079857970
23790 0.0694345235824585 0.04711197316646576 0.04395623877644539 imageb_546900879170
23800 0.09097126871347427 0.0531434565782547 0.043949879705905914 imaged_546856868537
23810 0.06803705543279648 0.04527341201901436 0.04394005239009857 imageu_547016861703
23820 0.06104304641485214 0.03400712460279465 0.043931744992733 imageu_547057869336
23830 0.03540997952222824 0.02624717727303505 0.043951284140348434 imageu_547162874244
23840 0.07731524854898453 0.04912605881690979 0.04395020008087158 imageu_546914859807
23850 0.023220406845211983 0.014546938240528107 0.04394715279340744 imagel_547021866708
23860 0.04712079465389252 0.0406939797103405 0.04393099248409271 imager_546890869170
23870 0.04501737654209137 0.03718951717019081 0.04391191154718399 imager_546965877440
23880 0.021700579673051834 0.01441636960953474 0.043926842510700226 imagel_546924869806
23890 0.07804868370294571 0.047710709273815155 0.043915633112192154 imagef_547149861238
23900 0.017334509640932083 0.012186921201646328 0.043911442160606384 imagel_547001880072
23910 0.042898137122392654 0.03448410704731941 0.04389320686459541 imager_546946858444
23920 0.038447313010692596 0.03243241086602211 0.04387867450714111 imager_546984863078
23930 0.06967830657958984 0.04135269671678543 0.043879907578229904 imagef_547120865600
23940 0.029139941558241844 0.021523835137486458 0.043878860771656036 imager_547069881338
23950 0.04573942720890045 0.026853252202272415 0.04387030005455017 imaged_547057869336
23960 0.074867382645607 0.04585608094930649 0.043870117515325546 imageb_547094872971
23970 0.06674131751060486 0.04268649220466614 0.043862130492925644 imageu_547081859975
23980 0.0768233984708786 0.0517444908618927 0.04388531669974327 imageu_546887866191
23990 0.023274170234799385 0.019075913354754448 0.04388812184333801 imageu_547160872234
24000 0.0752893015742302 0.05239301919937134 0.04385856166481972 imagef_546980859076
24010 0.032781921327114105 0.020089661702513695 0.043828822672367096 imaged_547074852968
24020 0.047825418412685394 0.03150554746389389 0.04380139708518982 imaged_546973885436
24030 0.060931939631700516 0.039477139711380005 0.043791092932224274 imageu_547026871704
24040 0.2483765333890915 0.12246311455965042 0.04378091171383858 imageb_546839884906
24050 0.06660573929548264 0.04363662004470825 0.04375746473670006 imagef_546955867436
24060 0.17348162829875946 0.08703073859214783 0.043733906000852585 imageb_547177855874
24070 0.03992212563753128 0.030180497094988823 0.043722063302993774 imagel_546987866076
24080 0.07269031554460526 0.04994840547442436 0.0437132902443409 imager_547181859871
24090 0.04251070320606232 0.03079765848815441 0.0436953566968441 imager_547130875605
24100 0.11404278129339218 0.08016012609004974 0.04370320960879326 imaged_547200878871
24110 0.0689639151096344 0.044786740094423294 0.04369519278407097 imageu_546968880435
24120 0.25195127725601196 0.15822084248065948 0.043708812445402145 imageb_546846858536
24130 0.04302852973341942 0.029250845313072205 0.04370516911149025 imager_547075853978
24140 0.017413031309843063 0.012917290441691875 0.04369881749153137 imagel_547052864345
24150 0.1621062308549881 0.15532608330249786 0.04368304833769798 imager_547194872874
24160 0.028799686580896378 0.022444775328040123 0.04369897022843361 imagel_546931876806
24170 0.1372145116329193 0.13223353028297424 0.04369664937257767 imager_547188866869
24180 0.075081005692482 0.04925334453582764 0.04368004947900772 imageu_546912857810
24190 0.051759663969278336 0.03460213169455528 0.04366212710738182 imaged_546967879439
24200 0.06195329874753952 0.039816148579120636 0.04366482049226761 imageb_547047859335
24210 0.02904430404305458 0.025924744084477425 0.04366600513458252 imager_546994873075
24220 0.016741711646318436 0.011478676460683346 0.04367302358150482 imagel_547057869336
24230 0.05912087857723236 0.04039914533495903 0.04367891699075699 imageb_546873885533
24240 0.06714363396167755 0.05283946171402931 0.043680064380168915 imaged_546933878804
24250 0.03494984284043312 0.02270696684718132 0.04367196187376976 imaged_547082860970
24260 0.08422038704156876 0.0564107820391655 0.043665699660778046 imagef_547150862236
24270 0.02194461040198803 0.015007696114480495 0.04367108270525932 imagel_547018863705
24280 0.03431493416428566 0.02163289301097393 0.04368249326944351 imagel_547060872343
24290 0.03588555380702019 0.025623347610235214 0.043669819831848145 imager_547058870341
24300 0.07258735597133636 0.045857902616262436 0.04367049038410187 imagef_547113858603
24310 0.05744354799389839 0.03759358078241348 0.04367876425385475 imagef_547092870974
24320 0.02521747723221779 0.016624607145786285 0.04370059445500374 imagel_546963875440
24330 0.049287088215351105 0.04584617167711258 0.04369945079088211 imager_546934879798
24340 0.0789533257484436 0.05130806565284729 0.043685559183359146 imagef_546953865434
24350 0.07700934261083603 0.047523099929094315 0.043680787086486816 imageb_547111856605
24360 0.1661306768655777 0.13331885635852814 0.043688200414180756 imageb_547188866869
24370 0.04558933526277542 0.028746826574206352 0.04368632286787033 imaged_547108853603
24380 0.19532085955142975 0.1133873388171196 0.043688371777534485 imageb_546849861536
24390 0.09896481037139893 0.06217207759618759 0.04368742182850838 imaged_546848860533
24400 0.03851917386054993 0.025111235678195953 0.04368538782000542 imaged_547047859335
24410 0.15841616690158844 0.10955891758203506 0.04370413348078728 imagef_547191869875
24420 0.12522241473197937 0.09060697257518768 0.043723538517951965 imageb_547203881874
24430 0.09127584844827652 0.06540970504283905 0.04374789446592331 imageu_546883862169
24440 0.01586247608065605 0.009646608494222164 0.043758127838373184 imagel_546936881803
24450 0.06360823661088943 0.04899447411298752 0.0437554232776165 imageu_547152864241
24460 0.03498205542564392 0.026032820343971252 0.04375970736145973 imagel_546851863543
24470 0.057988736778497696 0.03812325745820999 0.04374773055315018 imagef_547103881966
24480 0.07088713347911835 0.043658848851919174 0.043750278651714325 imagef_547060872343
24490 0.054187044501304626 0.038036443293094635 0.04377281665802002 imaged_546895874174
24500 0.10500822216272354 0.07615777105093002 0.04381129890680313 imagef_546922867806
24510 0.020445384085178375 0.012774358503520489 0.04385289177298546 imagel_547006885077
24520 0.09097755700349808 0.07512439787387848 0.043872009962797165 imageu_547064876339
24530 0.038308244198560715 0.02604556828737259 0.04387957602739334 imager_547041853338
24540 0.07392074167728424 0.04630563035607338 0.0438842698931694 imageu_546982861070
24550 0.03717959672212601 0.029274895787239075 0.04388886317610741 imager_547035880703
24560 0.0662931501865387 0.04509541392326355 0.043895941227674484 imageb_546980859076
24570 0.02247048169374466 0.013385607860982418 0.043900761753320694 imagel_546968880435
24580 0.12511195242404938 0.07664347440004349 0.04388090595602989 imageu_546851863543
24590 0.05676880478858948 0.04256812483072281 0.043880827724933624 imager_547164876237
24600 0.043383218348026276 0.028422895818948746 0.04387562349438667 imaged_547154866233
24610 0.07110246270895004 0.04540548846125603 0.04388076066970825 imageb_547109854609
24620 0.03447146713733673 0.026403285562992096 0.04387334734201431 imagel_546989868066
24630 0.049731556326150894 0.035265788435935974 0.04385970160365105 imaged_546985864078
24640 0.0429840125143528 0.026818644255399704 0.04387548193335533 imagel_547186864875
24650 0.06842004507780075 0.04310786724090576 0.04389975592494011 imageu_547011856705
24660 0.15891283750534058 0.07881545275449753 0.04392904043197632 imagef_547171883239
24670 0.045465901494026184 0.030597183853387833 0.04393793269991875 imaged_547159871241
24680 0.15176573395729065 0.08256800472736359 0.0439644381403923 imagef_547206884871
24690 0.04349963739514351 0.028984643518924713 0.043968427926301956 imagel_547189867877
24700 0.05402688682079315 0.033358678221702576 0.04395310580730438 imagef_547065877343
24710 0.0793517529964447 0.05079450085759163 0.04394072666764259 imageb_546916861809
24720 0.07337430119514465 0.04890281707048416 0.04395392909646034 imagef_546871883543
24730 0.08097659796476364 0.06133916974067688 0.04394577443599701 imagel_547198876871
24740 0.07538479566574097 0.05777449533343315 0.043930958956480026 imager_547186864875
24750 0.03530367836356163 0.024358462542295456 0.043905097991228104 imager_547053865336
24760 0.07182718813419342 0.04246479645371437 0.04388226196169853 imageu_547043855348
24770 0.060530342161655426 0.036956675350666046 0.04386254772543907 imageb_547089867973
24780 0.050665222108364105 0.031055636703968048 0.04385271295905113 imageb_547064876339
24790 0.06436806917190552 0.048288460820913315 0.043865688145160675 imaged_546887866191
24800 0.08688131719827652 0.056828077882528305 0.043857745826244354 imagef_546938883810
24810 0.1435125768184662 0.09041741490364075 0.04383977875113487 imageu_546849861536
24820 0.08587321639060974 0.05286126211285591 0.04382289573550224 imagef_546968880435
24830 0.12229853868484497 0.06810607016086578 0.04382145032286644 imageu_547177855874
24840 0.11796186119318008 0.06558343023061752 0.04383974149823189 imagef_546856868537
24850 0.04749871417880058 0.030584020540118217 0.043850015848875046 imaged_546967879439
24860 0.05109921842813492 0.032293353229761124 0.04386044666171074 imageb_547058870341
24870 0.08286388963460922 0.053359631448984146 0.043854568153619766 imagef_546948860438
24880 0.016283521428704262 0.01061816606670618 0.04385080188512802 imagel_547160872234
24890 0.07680951803922653 0.0551321916282177 0.04385427385568619 imageu_546860872536
24900 0.04165966436266899 0.03483901545405388 0.04385598748922348 imagel_547193871872
24910 0.04385799542069435 0.025964280590415 0.04384269937872887 imaged_546982861070
24920 0.06875342130661011 0.044465258717536926 0.04382132738828659 imagef_546871883543
24930 0.03584351763129234 0.02835717611014843 0.043790556490421295 imager_547035880703
24940 0.09277676790952682 0.06853901594877243 0.04375334456562996 imageu_546938883810
24950 0.0784732922911644 0.0467669777572155 0.04372610151767731 imagel_547200878871
24960 0.0689188688993454 0.04812757298350334 0.04370655119419098 imagef_546882861171
24970 0.07055885344743729 0.0424589179456234 0.04368801787495613 imageb_547094872971
24980 0.0992528647184372 0.06243560090661049 0.0436774343252182 imaged_546848860533
24990 0.0311503354460001 0.026522483676671982 0.04367078095674515 imager_546926871803
25000 0.060686539858579636 0.039225004613399506 0.04366772994399071 imageb_546973885436
25010 0.05596433952450752 0.036359068006277084 0.04366770386695862 imageb_546948860438
25020 0.07363851368427277 0.04198645427823067 0.043670762330293655 imageu_546967879439
25030 0.04080962389707565 0.03424137458205223 0.043659765273332596 imager_547036881708
25040 0.062001824378967285 0.03995933756232262 0.043644193559885025 imageb_546996875070
25050 0.12955494225025177 0.0659625381231308 0.04363683983683586 imageb_546858870537
25060 0.06601845473051071 0.041019197553396225 0.04364582523703575 imageu_546965877440
25070 0.03544962406158447 0.028238587081432343 0.04365386441349983 imager_547121866605
25080 0.016964705660939217 0.011454804800450802 0.04366249591112137 imagel_547118863609
25090 0.12677650153636932 0.0777430310845375 0.04364972189068794 imagef_546860872536
25100 0.02042412757873535 0.012845898978412151 0.043626122176647186 imagel_546890869170
25110 0.08030835539102554 0.05355390906333923 0.04359883815050125 imageb_546863875543
25120 0.08830450475215912 0.05554225295782089 0.043581705540418625 imager_547176854870
25130 0.07293771207332611 0.07164420932531357 0.043586306273937225 imager_546987866076
25140 0.02031024545431137 0.014934636652469635 0.04359513148665428 imagel_546990869071
25150 0.045727089047431946 0.04173825681209564 0.043576907366514206 imager_546934879798
25160 0.10600630193948746 0.09672190994024277 0.043558552861213684 imager_547188866869
25170 0.07983534038066864 0.05105825886130333 0.04352305829524994 imageu_546916861809
25180 0.017115842550992966 0.011562091298401356 0.043505582958459854 imagel_547002881074
25190 0.053915541619062424 0.034235451370477676 0.04350191354751587 imagef_547092870974
25200 0.039456676691770554 0.024987321346998215 0.04349232837557793 imaged_547035880703
25210 0.056573688983917236 0.03541724383831024 0.043480053544044495 imagef_547058870341
25220 0.08010835945606232 0.05207979306578636 0.04348662868142128 imageu_546875854173
25230 0.05773881450295448 0.035634350031614304 0.043488793075084686 imagef_547121866605
25240 0.04513035714626312 0.0337519496679306 0.04346603527665138 imageb_546868880541
25250 0.11725416779518127 0.06898128241300583 0.04345336928963661 imaged_547183861871
25260 0.038833994418382645 0.03251529484987259 0.043438758701086044 imager_547125870610
25270 0.06894056499004364 0.047679003328084946 0.04345770180225372 imageu_546953865434
25280 0.05119067803025246 0.03511747345328331 0.043475233018398285 imaged_546895874174
25290 0.13323286175727844 0.08484077453613281 0.04348514974117279 imaged_547198876871
25300 0.04042484611272812 0.0246859323233366 0.04348985478281975 imaged_547064876339
25310 0.04499435052275658 0.03490161895751953 0.04349535331130028 imager_547014859704
25320 0.03784734010696411 0.029983794316649437 0.04349662736058235 imager_547138883611
25330 0.01748730055987835 0.01231486164033413 0.04348129779100418 imagel_547106884970
25340 0.04222054407000542 0.029390506446361542 0.043452147394418716 imaged_547019864709
25350 0.041582923382520676 0.03207424655556679 0.04342953860759735 imager_547009854705
25360 0.0698670744895935 0.04154495894908905 0.0434088334441185 imageb_547006885077
25370 0.06925291568040848 0.05886360630393028 0.0433930829167366 imaged_546871883543
25380 0.06165359914302826 0.040195927023887634 0.04337862506508827 imageu_546950862437
25390 0.07626571506261826 0.050383731722831726 0.043359819799661636 imageu_546919864808
25400 0.07044639438390732 0.0448274202644825 0.04335528984665871 imagef_546979858070
25410 0.05713823065161705 0.033840153366327286 0.043367162346839905 imageu_547070882331
25420 0.035866957157850266 0.028962736949324608 0.04339825361967087 imager_547118863609
25430 0.043616462498903275 0.03699598088860512 0.04341216757893562 imager_546890869170
25440 0.054758328944444656 0.040167391300201416 0.04341041296720505 imaged_547142854240
25450 0.07277451455593109 0.04804912582039833 0.043426111340522766 imageu_547115860606
25460 0.06341804563999176 0.044862184673547745 0.043445561081171036 imaged_546875854173
25470 0.04078540951013565 0.03361557424068451 0.043456654995679855 imager_546936881803
25480 0.033804841339588165 0.024171359837055206 0.04345790296792984 imagel_547082860970
25490 0.036839380860328674 0.024111531674861908 0.04345617815852165 imaged_547006885077
25500 0.14244386553764343 0.08324629068374634 0.0434504933655262 imagef_546853865537
25510 0.06044790521264076 0.035932641476392746 0.043431807309389114 imagef_547160872234
25520 0.05072971433401108 0.03378060832619667 0.04340595006942749 imaged_547116861604
25530 0.06919542700052261 0.04556357115507126 0.043399978429079056 imageb_547121866605
25540 0.020055757835507393 0.013291477225720882 0.04339580610394478 imagel_547116861604
25550 0.06786099821329117 0.04155699908733368 0.04338429123163223 imagef_546958870432
25560 0.05890287458896637 0.03446586802601814 0.04338245093822479 imageu_547077855978
25570 0.014113069511950016 0.009893669746816158 0.043370846658945084 imagel_547179857873
25580 0.01988295651972294 0.010799050331115723 0.04336262121796608 imagel_547137882603
25590 0.041073109954595566 0.03382490575313568 0.04336009547114372 imager_547001880072
25600 0.05318566784262657 0.032995134592056274 0.043348152190446854 imageb_547030875702
25610 0.0678139254450798 0.04169052839279175 0.043343883007764816 imagef_547021866708
25620 0.056794002652168274 0.03685005009174347 0.04334968701004982 imaged_546897876191
25630 0.15350165963172913 0.08310569822788239 0.04335656389594078 imagef_547169881238
25640 0.035530149936676025 0.021107196807861328 0.04337531328201294 imaged_547075853978
25650 0.0584581196308136 0.039366837590932846 0.0433749258518219 imageb_546953865434
25660 0.08529724180698395 0.040619321167469025 0.04336892068386078 imageu_547166878243
25670 0.07840799540281296 0.04796893894672394 0.04336531460285187 imageb_547157869236
25680 0.06076457351446152 0.036266837269067764 0.04339186102151871 imageu_547058870341
25690 0.05714887008070946 0.03711394593119621 0.04340624436736107 imagef_546990869071
25700 0.16215425729751587 0.08132705092430115 0.04341926425695419 imageb_547176854870
25710 0.07024391740560532 0.04593697562813759 0.04343929514288902 imagef_547016861703
25720 0.03611879423260689 0.03208167850971222 0.04345307871699333 imager_546887866191
25730 0.11985673010349274 0.08419057726860046 0.043439917266368866 imagef_546878857194
25740 0.06512989103794098 0.042987216264009476 0.043410565704107285 imaged_546905884197
25750 0.06372483819723129 0.04232589900493622 0.04339861497282982 imagef_546956868435
25760 0.06173448637127876 0.038768187165260315 0.04340289905667305 imageb_546962874438
25770 0.1610225886106491 0.10372491925954819 0.043441832065582275 imageu_547193871872
25780 0.17233651876449585 0.12515093386173248 0.04346044734120369 imageu_547191869875
25790 0.05984371528029442 0.037391334772109985 0.0434432178735733 imageb_546999878077
25800 0.06956077367067337 0.04165630042552948 0.04342528432607651 imageb_546982861070
25810 0.04697735607624054 0.03142690286040306 0.043431855738162994 imaged_547016861703
25820 0.05187402665615082 0.03198263794183731 0.043448302894830704 imagef_547067879338
25830 0.03953288495540619 0.029082508757710457 0.04345361888408661 imager_546945857437
25840 0.046997860074043274 0.030580809339880943 0.04344337061047554 imaged_546973885436
25850 0.05901588872075081 0.04736664146184921 0.04343511536717415 imagel_546861873539
25860 0.05352116376161575 0.03760811313986778 0.04342631995677948 imaged_546939884803
25870 0.05344637110829353 0.034911490976810455 0.04341868683695793 imageb_546958870432
25880 0.05186214670538902 0.032260533422231674 0.04341200366616249 imaged_547147859235
25890 0.03268256410956383 0.01513949315994978 0.043416086584329605 imagel_547162874244
25900 0.0576033741235733 0.0357997789978981 0.04340841621160507 imagef_547052864345
25910 0.1452459841966629 0.08776069432497025 0.04341409355401993 imagef_546851863543
25920 0.045539699494838715 0.02982989512383938 0.04343201592564583 imaged_547115860606
25930 0.01678003929555416 0.011069330386817455 0.04345228150486946 imagel_547047859335
25940 0.03402560204267502 0.0204910971224308 0.04345552995800972 imaged_547094872971
25950 0.054792411625385284 0.036416683346033096 0.043453384190797806 imageb_547014859704
25960 0.04552643001079559 0.027050813660025597 0.04344039782881737 imaged_547111856605
25970 0.10469616204500198 0.06175892800092697 0.043414924293756485 imageu_546856868537
25980 0.021473944187164307 0.011398483999073505 0.04340372234582901 imagel_546967879439
25990 0.08855216950178146 0.050539519637823105 0.04340311139822006 imaged_546856868537
26000 0.06782890111207962 0.0433693528175354 0.043404772877693176 imageb_546972884442
26010 0.012980518862605095 0.009885624051094055 0.04341346397995949 imagel_546955867436
26020 0.04291772469878197 0.030675895512104034 0.04341709613800049 imager_547043855348
26030 0.0820774957537651 0.053623054176568985 0.04341837018728256 imageb_546922867806
26040 0.044081542640924454 0.028038635849952698 0.04341194033622742 imaged_547135880603
26050 0.02378605678677559 0.014444750733673573 0.043395958840847015 imagel_546977856071
26060 0.057279668748378754 0.03839271515607834 0.04339851066470146 imageu_547018863705
26070 0.06682708114385605 0.04373234882950783 0.04340575635433197 imageu_547006885077
26080 0.018901333212852478 0.011914892122149467 0.04339800775051117 imagel_547099877967
26090 0.0672411173582077 0.04136533662676811 0.04339837282896042 imageb_547150862236
26100 0.02033383399248123 0.011347895488142967 0.043413709849119186 imagel_547137882603
26110 0.017589595168828964 0.010682079941034317 0.04341467469930649 imagel_546856868537
26120 0.061587247997522354 0.03552025556564331 0.043419357389211655 imagef_547077855978
26130 0.07681693881750107 0.04832086339592934 0.04342840611934662 imageb_547201879876
26140 0.08682352304458618 0.051272399723529816 0.043429113924503326 imagef_546911856805
26150 0.041797008365392685 0.02614980936050415 0.04342463240027428 imaged_547089867973
26160 0.08150087296962738 0.05544624477624893 0.0434119813144207 imaged_547172884238
26170 0.1095387414097786 0.06495199352502823 0.04339192807674408 imageu_546854866535
26180 0.06345198303461075 0.03722690790891647 0.04338720813393593 imagef_547118863609
26190 0.06644629687070847 0.03893386945128441 0.043377816677093506 imageu_547035880703
26200 0.047211699187755585 0.03269023820757866 0.04338085278868675 imaged_547014859704
26210 0.013360085897147655 0.009724934585392475 0.04339559003710747 imagel_547126871606
26220 0.050007302314043045 0.032368723303079605 0.04337095469236374 imageb_547126871606
26230 0.04616929590702057 0.028562862426042557 0.043348949402570724 imageb_547069881338
26240 0.07679586857557297 0.04820990562438965 0.04335165396332741 imageb_547118863609
26250 0.06189647689461708 0.036734987050294876 0.0433545745909214 imageu_546965877440
26260 0.15524174273014069 0.09806155413389206 0.043338529765605927 imageu_547193871872
26270 0.05733188986778259 0.03462148457765579 0.04329074174165726 imagef_547040885702
26280 0.05189952626824379 0.03202703222632408 0.04325523227453232 imageb_547023868703
26290 0.1430012583732605 0.07236422598361969 0.04325062036514282 imagef_547172884238
26300 0.01782052218914032 0.013559051789343357 0.04323730245232582 imageu_546866878536
26310 0.05630876496434212 0.034151993691921234 0.043204620480537415 imagef_547101879972
26320 0.06666641682386398 0.047565121203660965 0.043177079409360886 imageu_546987866076
26330 0.07152286916971207 0.046893417835235596 0.043150220066308975 imageu_547137882603
26340 0.07366608083248138 0.04810134321451187 0.043151140213012695 imagef_546982861070
26350 0.038226086646318436 0.02520500123500824 0.04315396398305893 imaged_547091869975
26360 0.03071422688663006 0.02473752200603485 0.043145328760147095 imager_546956868435
26370 0.04255811497569084 0.02635897509753704 0.04313614219427109 imaged_547101879972
26380 0.060746386647224426 0.03909986838698387 0.04313651844859123 imageu_546975854071
26390 0.21634957194328308 0.16070795059204102 0.043139491230249405 imagef_547189867877
26400 0.0895795002579689 0.051833804696798325 0.04312555864453316 imagef_546967879439
26410 0.05699765682220459 0.038597989827394485 0.043115001171827316 imaged_546885864170
26420 0.012406552210450172 0.00829862430691719 0.043096188455820084 imagel_547028873712
26430 0.04089838266372681 0.027531025931239128 0.04307498782873154 imageb_546866878536
26440 0.03784046694636345 0.025641072541475296 0.04307413101196289 imager_547079857970
26450 0.04032299667596817 0.03183937072753906 0.04310017451643944 imager_547115860606
26460 0.01647110842168331 0.010052964091300964 0.04311027750372887 imagel_547086864973
26470 0.07884782552719116 0.049302052706480026 0.04310750588774681 imageb_546892871169
26480 0.06616360694169998 0.04928509518504143 0.043105632066726685 imaged_547166878243
26490 0.041278354823589325 0.026261301711201668 0.043132636696100235 imaged_547137882603
26500 0.029100565239787102 0.023713314905762672 0.043129757046699524 imageu_546863875543
26510 0.036305539309978485 0.016251245513558388 0.04310903698205948 imagel_547157869236
26520 0.04244532063603401 0.030839556828141212 0.043089359998703 imager_547043855348
26530 0.03606504946947098 0.02707551419734955 0.04305097833275795 imager_547135880603
26540 0.058237772434949875 0.037151437252759933 0.043006688356399536 imagef_547081859975
26550 0.14075662195682526 0.07178953289985657 0.042973827570676804 imageb_546856868537
26560 0.08593220263719559 0.05435425788164139 0.042962901294231415 imagef_546887866191
26570 0.016191991046071053 0.014159479178488255 0.04295356199145317 imager_546868880541
26580 0.04705623909831047 0.03742292523384094 0.04295144975185394 imager_547016861703
26590 0.06633935868740082 0.03917544707655907 0.042939458042383194 imageb_547132877611
26600 0.058514680713415146 0.041100919246673584 0.04293202608823776 imageb_546931876806
26610 0.03262126445770264 0.025907715782523155 0.04292915761470795 imager_546914859807
26620 0.04006525129079819 0.024106502532958984 0.042922038584947586 imaged_547099877967
26630 0.06205767020583153 0.038498587906360626 0.04292021319270134 imagef_547108853603
26640 0.05854314565658569 0.035518188029527664 0.042906325310468674 imageb_547166878243
26650 0.16208218038082123 0.0814860388636589 0.04291323572397232 imagef_546843855539
26660 0.06572377681732178 0.03974262624979019 0.04292845353484154 imageb_547142854240
26670 0.06973004341125488 0.04318913444876671 0.04294193536043167 imaged_547203881874
26680 0.06834227591753006 0.04110455885529518 0.042943015694618225 imageb_547006885077
26690 0.029705794528126717 0.021430134773254395 0.042944617569446564 imagel_546989868066
26700 0.08724428713321686 0.05235778167843819 0.042937785387039185 imagef_546902881194
26710 0.13998903334140778 0.10464780032634735 0.04292415827512741 imageb_547193871872
26720 0.027804888784885406 0.022043835371732712 0.04289790987968445 imager_547033878707
26730 0.04073222354054451 0.03144170716404915 0.042872339487075806 imager_547160872234
26740 0.06165819242596626 0.037291519343853 0.04286094382405281 imageb_547104882977
26750 0.04188301041722298 0.027272848412394524 0.042871974408626556 imaged_547140885602
26760 0.0543086901307106 0.03331600874662399 0.04289077967405319 imagef_547062874337
26770 0.06199938803911209 0.041135840117931366 0.042892564088106155 imageu_546950862437
26780 0.1780044436454773 0.12820205092430115 0.04289217293262482 imagef_547191869875
26790 0.12073696404695511 0.07995747029781342 0.042877379804849625 imageb_547205883874
26800 0.08426850289106369 0.061906054615974426 0.04286128655076027 imagef_546924869806
26810 0.02534843049943447 0.01590823195874691 0.04285949468612671 imagel_547062874337
26820 0.03016875497996807 0.017198782414197922 0.04286029562354088 imagel_546909854806
26830 0.1564936488866806 0.1085289940237999 0.04284581169486046 imageu_547196874870
26840 0.0599592961370945 0.04436837136745453 0.042830005288124084 imagef_547154866233
26850 0.01944628357887268 0.013565109111368656 0.04281578212976456 imagel_546912857810
26860 0.039666835218667984 0.032332487404346466 0.042793676257133484 imager_546963875440
26870 0.16790497303009033 0.08409540355205536 0.042777687311172485 imageb_547172884238
26880 0.053306080400943756 0.036560334265232086 0.04278334230184555 imaged_547126871606
26890 0.06793338060379028 0.04571143165230751 0.04278898984193802 imageu_546928873809
26900 0.14093957841396332 0.07038808614015579 0.04279108718037605 imageb_547179857873
26910 0.190829336643219 0.10895540565252304 0.04280872270464897 imageb_546849861536
26920 0.15461255609989166 0.09335853159427643 0.042820632457733154 imagef_546846858536
26930 0.05539070442318916 0.03589015454053879 0.04281701147556305 imagef_547079857970
26940 0.07745390385389328 0.0477287694811821 0.0428137443959713 imagef_546919864808
26950 0.039256270974874496 0.03296989947557449 0.042850248515605927 imager_547125870610
26960 0.018212100490927696 0.01119945291429758 0.04288581386208534 imagel_546950862437
26970 0.03445787355303764 0.0271258894354105 0.0428837351500988 imager_546916861809
26980 0.15395501255989075 0.07435009628534317 0.042888861149549484 imagef_547171883239
26990 0.061777789145708084 0.03802836686372757 0.042901020497083664 imageu_546980859076
27000 0.07474356889724731 0.05112297832965851 0.042886700481176376 imager_547179857873
27010 0.04253361374139786 0.02712813764810562 0.04286344349384308 imaged_547092870974
27020 0.032748378813266754 0.02001083269715309 0.042865194380283356 imagel_547060872343
27030 0.01975804939866066 0.011404636316001415 0.04287136718630791 imagel_546960872437
27040 0.06447364389896393 0.03920647129416466 0.04286780208349228 imageb_547152864241
27050 0.05609787255525589 0.039137013256549835 0.04285694286227226 imaged_547125870610
27060 0.09463942050933838 0.06100030243396759 0.042849715799093246 imaged_546849861536
27070 0.031128833070397377 0.02114890143275261 0.04285813495516777 imaged_546999878077
27080 0.02013247460126877 0.010973453521728516 0.04286692664027214 imagel_547087865974
27090 0.055731046944856644 0.035915471613407135 0.042846884578466415 imaged_546897876191
27100 0.05919265374541283 0.037116724997758865 0.04284430295228958 imageu_547079857970
27110 0.06460914760828018 0.040346089750528336 0.04284439608454704 imager_547181859871
27120 0.064630426466465 0.03877812996506691 0.04282047227025032 imagef_547099877967
27130 0.04126182198524475 0.025837240740656853 0.04281700402498245 imaged_547104882977
27140 0.12804155051708221 0.07535092532634735 0.04282722249627113 imagef_547200878871
27150 0.058714911341667175 0.03522821515798569 0.04280244931578636 imageb_546950862437
27160 0.04190123453736305 0.025299346074461937 0.04277674853801727 imaged_547024869702
27170 0.05717439949512482 0.03368576616048813 0.042771853506565094 imageb_547057869336
27180 0.04676422104239464 0.031922366470098495 0.042760834097862244 imaged_546924869806
27190 0.012562062591314316 0.010659140534698963 0.04275241494178772 imagel_546883862169
27200 0.03470885381102562 0.02746724896132946 0.04273402318358421 imageu_546865877539
27210 0.03466502204537392 0.03027968667447567 0.042716946452856064 imager_546924869806
27220 0.03970355913043022 0.02559044025838375 0.04269905760884285 imager_547074852968
27230 0.06912843137979507 0.05081676319241524 0.0427030511200428 imaged_546883862169
27240 0.01967853121459484 0.012162606231868267 0.04269978776574135 imagel_546951863443
27250 0.013395478948950768 0.010065684095025063 0.04269196093082428 imagel_547113858603
27260 0.10597466677427292 0.05277544632554054 0.042690787464380264 imagef_547176854870
27270 0.02078750543296337 0.013904484920203686 0.04268312081694603 imagel_547018863705
27280 0.030248653143644333 0.02516370266675949 0.04267031326889992 imager_546955867436
27290 0.036224331706762314 0.026289300993084908 0.04266024008393288 imagef_546866878536
27300 0.03585153445601463 0.022640785202383995 0.04265953600406647 imagel_546941853440
27310 0.02755517140030861 0.013517535291612148 0.042662449181079865 imagel_547181859871
27320 0.04646412283182144 0.03052220679819584 0.04265384376049042 imaged_547109854609
27330 0.07329337298870087 0.04816285893321037 0.04267112910747528 imageu_547101879972
27340 0.06412109732627869 0.04005322977900505 0.04268975928425789 imageb_547164876237
27350 0.013542959466576576 0.009632086381316185 0.04268459230661392 imagel_547143855237
27360 0.06839510798454285 0.042399536818265915 0.04265972971916199 imageu_547113858603
27370 0.07066947966814041 0.04471256583929062 0.04263743758201599 imageu_546911856805
27380 0.04308636486530304 0.03328302502632141 0.04262487217783928 imager_547007852711
27390 0.03288008272647858 0.02047456055879593 0.04259320721030235 imagel_547060872343
27400 0.06955849379301071 0.04249440133571625 0.04257651045918465 imagef_546953865434
27410 0.01039695180952549 0.009335302747786045 0.04256121441721916 imagel_546866878536
27420 0.11138863861560822 0.05378231033682823 0.042539630085229874 imagel_546844856539
27430 0.01138649694621563 0.008701584301888943 0.04251376911997795 imagel_546992871071
27440 0.012624695897102356 0.008213215507566929 0.04248936474323273 imagel_547179857873
27450 0.031676311045885086 0.022846102714538574 0.04246657341718674 imager_547094872971
27460 0.13435795903205872 0.07440228760242462 0.042452819645404816 imageb_547184862870
27470 0.0244979839771986 0.018742244690656662 0.04247310385107994 imageu_546868880541
27480 0.057026542723178864 0.033837754279375076 0.04246821254491806 imageu_547055867337
27490 0.05679815635085106 0.03569406270980835 0.04247260093688965 imageu_547121866605
27500 0.12037589401006699 0.058811288326978683 0.042462121695280075 imageu_547169881238
27510 0.04192265868186951 0.024133265018463135 0.04245178773999214 imaged_547057869336
27520 0.019577162340283394 0.01045940164476633 0.04242748022079468 imagel_547087865974
27530 0.05248873308300972 0.03273046389222145 0.042403969913721085 imagef_547058870341
27540 0.07285836338996887 0.04382031410932541 0.04239664226770401 imageb_547118863609
27550 0.05387301370501518 0.0339304618537426 0.04239078611135483 imageb_547036881708
27560 0.06667330116033554 0.04248001426458359 0.042381059378385544 imageu_547101879972
27570 0.04315708950161934 0.02994333952665329 0.04236889258027077 imaged_547152864241
27580 0.06534122675657272 0.0376308336853981 0.04235599935054779 imagef_547043855348
27590 0.039911456406116486 0.024320976808667183 0.04233263060450554 imaged_547099877967
27600 0.05699402838945389 0.03400794789195061 0.04230578988790512 imageb_547089867973
27610 0.058890022337436676 0.03773442283272743 0.04227602854371071 imageb_546900879170
27620 0.05181834101676941 0.030504362657666206 0.042275283485651016 imaged_546892871169
27630 0.018528558313846588 0.011621185578405857 0.04227114096283913 imagel_546950862437
27640 0.017207099124789238 0.01030413992702961 0.04225606843829155 imagel_547098876976
27650 0.011099706403911114 0.009226379916071892 0.04225010797381401 imagel_546882861171
27660 0.04436389356851578 0.027383651584386826 0.04225151613354683 imageb_547069881338
27670 0.09047756344079971 0.06213899701833725 0.04225612059235573 imagef_546922867806
27680 0.038950201123952866 0.02431529574096203 0.04225561022758484 imagel_547189867877
27690 0.07076042890548706 0.04409654811024666 0.04224827513098717 imagef_547150862236
27700 0.02811291627585888 0.023112088441848755 0.0422445572912693 imager_546955867436
27710 0.07150653004646301 0.04389822110533714 0.04222683236002922 imageb_546894873172
27720 0.05780217796564102 0.03888943791389465 0.04223461449146271 imageb_546963875440
27730 0.07915997505187988 0.06627913564443588 0.04225197061896324 imagel_547196874870
27740 0.10367438197135925 0.06697889417409897 0.042224131524562836 imagef_546878857194
27750 0.030660999938845634 0.022401602938771248 0.04219658300280571 imager_547089867973
27760 0.05424230918288231 0.035385020077228546 0.04219510033726692 imageb_546945857437
27770 0.062270455062389374 0.034963782876729965 0.0421895869076252 imagef_547120865600
27780 0.14169350266456604 0.10794985294342041 0.04220046475529671 imageb_547188866869
27790 0.18251590430736542 0.14785316586494446 0.04219893738627434 imagef_547194872874
27800 0.03588663041591644 0.025643380358815193 0.042197104543447495 imager_547060872343
27810 0.17889074981212616 0.10062895715236664 0.04218484088778496 imageb_546851863543
27820 0.03951254487037659 0.029752790927886963 0.042162470519542694 imagef_546866878536
27830 0.06990966200828552 0.04549328610301018 0.042141031473875046 imageu_547137882603
27840 0.07579347491264343 0.048748284578323364 0.04212808236479759 imageu_546875854173
27850 0.061167798936367035 0.040062978863716125 0.042118944227695465 imageu_546975854071
27860 0.15338826179504395 0.0922059416770935 0.04212768375873566 imagef_546846858536
27870 0.039686452597379684 0.03020794689655304 0.042126014828681946 imager_546900879170
27880 0.02208453230559826 0.018433943390846252 0.04211542382836342 imager_546870882540
27890 0.08323759585618973 0.0672527626156807 0.042103689163923264 imager_547186864875
27900 0.14259788393974304 0.07244873046875 0.04209797456860542 imagef_547205883874
27910 0.035885266959667206 0.025702040642499924 0.04211372882127762 imager_547145857237
27920 0.1173548698425293 0.06864354014396667 0.042143017053604126 imagef_546861873539
27930 0.021038657054305077 0.01183664333075285 0.042155683040618896 imagel_546922867806
27940 0.02693350799381733 0.021304015070199966 0.04214411973953247 imager_546999878077
27950 0.029470311477780342 0.02002527192234993 0.0421377494931221 imagel_547033878707
27960 0.04203059524297714 0.02787848748266697 0.042143113911151886 imaged_546985864078
27970 0.08196999877691269 0.05020584911108017 0.04215135797858238 imageu_546922867806
27980 0.052243657410144806 0.03419153019785881 0.042149871587753296 imaged_546890869170
27990 0.1774141639471054 0.12541353702545166 0.042148590087890625 imagef_546848860533
28000 0.0635431632399559 0.039072927087545395 0.04212047532200813 imageb_547098876976
28010 0.034710194915533066 0.027027640491724014 0.042112983763217926 imager_547126871606
28020 0.2160601168870926 0.1170094907283783 0.04211679846048355 imageu_546844856539
28030 0.05000515282154083 0.030125681310892105 0.042122770100831985 imagef_547065877343
28040 0.015813041478395462 0.012106546200811863 0.042113665491342545 imagel_546873885533
28050 0.07117754966020584 0.04654581472277641 0.0420847050845623 imageu_547013858709
28060 0.23929807543754578 0.11289630830287933 0.04208147153258324 imageb_546843855539
28070 0.07184614986181259 0.05121460184454918 0.042068906128406525 imaged_546878857194
28080 0.07303062826395035 0.03689097985625267 0.04205165058374405 imageu_547072884335
28090 0.051158659160137177 0.02994336374104023 0.04205017909407616 imagef_547064876339
28100 0.07917387783527374 0.04643303155899048 0.04204945266246796 imagef_546917862811
28110 0.02266996167600155 0.012718034908175468 0.042053911834955215 imagel_546962874438
28120 0.03661997988820076 0.0317859873175621 0.042053304612636566 imager_546934879798
28130 0.05747479572892189 0.0343489944934845 0.04206334054470062 imageb_547166878243
28140 0.07234467566013336 0.043827954679727554 0.0420733317732811 imagef_547111856605
28150 0.1498698592185974 0.09115475416183472 0.042084261775016785 imageu_547193871872
28160 0.06208634376525879 0.03613590449094772 0.04208605736494064 imageb_547048860337
28170 0.17018844187259674 0.1161511093378067 0.042085859924554825 imageu_547189867877
28180 0.04306446760892868 0.02811092883348465 0.04208672419190407 imaged_547021866708
28190 0.06353994458913803 0.04093630984425545 0.042094599455595016 imagef_547007852711
28200 0.03650233894586563 0.02214265614748001 0.04210279509425163 imaged_547023868703
28210 0.029255585744976997 0.013394895941019058 0.04213114082813263 imagel_547149861238
28220 0.04652160778641701 0.028897600248456 0.042149994522333145 imageb_547058870341
28230 0.06972622126340866 0.042609330266714096 0.042149391025304794 imagef_547132877611
28240 0.03699129447340965 0.03003975935280323 0.04216240718960762 imager_546890869170
28250 0.07825229316949844 0.04946830868721008 0.042170703411102295 imagef_546885864170
28260 0.015166746452450752 0.00986034981906414 0.04216195270419121 imagel_547057869336
28270 0.02354484237730503 0.013118669390678406 0.04214945808053017 imagel_547043855348
28280 0.055829472839832306 0.034367986023426056 0.04215732216835022 imageb_546999878077
28290 0.08696075528860092 0.057225294411182404 0.042172133922576904 imagef_546938883810
28300 0.04819062724709511 0.031643640249967575 0.04216090962290764 imagef_547094872971
28310 0.01788206957280636 0.011303151957690716 0.04215244948863983 imagel_547115860606
28320 0.020187711343169212 0.013336476869881153 0.04212746024131775 imagel_547135880603
28330 0.06773155182600021 0.04845092445611954 0.042104460299015045 imagef_546882861171
28340 0.06603342294692993 0.04121173173189163 0.04208352044224739 imageu_547115860606
28350 0.04239112511277199 0.03347942605614662 0.042081013321876526 imager_546939884803
28360 0.01602018252015114 0.009932822547852993 0.042071178555488586 imagel_546936881803
28370 0.01342989131808281 0.010571729391813278 0.04204286262392998 imagel_546885864170
28380 0.06957057863473892 0.03956634923815727 0.04200565814971924 imageu_547040885702
28390 0.05635441839694977 0.03423309698700905 0.04199524223804474 imagef_547101879972
28400 0.07928906381130219 0.04710272699594498 0.04198961704969406 imagef_546962874438
28410 0.09811627119779587 0.06015632301568985 0.0420043021440506 imageb_547203881874
28420 0.034497275948524475 0.029834691435098648 0.04199977591633797 imager_546888867171
28430 0.03883661329746246 0.02803915925323963 0.041971515864133835 imager_547016861703
28440 0.07816962152719498 0.04330603778362274 0.04194942116737366 imagel_547203881874
28450 0.07596402615308762 0.04969225823879242 0.04193092882633209 imageu_546938883810
28460 0.051875919103622437 0.03323722258210182 0.04191656410694122 imageb_546984863078
28470 0.07902445644140244 0.04765120521187782 0.041910842061042786 imagef_546965877440
28480 0.042938943952322006 0.026319053024053574 0.04190222546458244 imaged_547113858603
28490 0.16509321331977844 0.11295734345912933 0.041900910437107086 imaged_547188866869
28500 0.0646708607673645 0.04483037814497948 0.0419076532125473 imageu_546987866076
28510 0.041768379509449005 0.02756231650710106 0.04193511977791786 imager_547057869336
28520 0.06575410068035126 0.039067283272743225 0.041946638375520706 imagef_547038883711
28530 0.059248656034469604 0.038553256541490555 0.041946329176425934 imageu_547126871606
28540 0.09806498140096664 0.05675600469112396 0.04194001853466034 imagef_546914859807
28550 0.08265180140733719 0.05285755917429924 0.0419401153922081 imageu_546885864170
28560 0.0409870408475399 0.03231319412589073 0.041921794414520264 imager_546938883810
28570 0.02315049059689045 0.014481811784207821 0.04191036894917488 imagel_547013858709
28580 0.03572504594922066 0.02619505487382412 0.0419028103351593 imager_547113858603
28590 0.014884769916534424 0.008999858051538467 0.04189816489815712 imagel_547160872234
28600 0.07763296365737915 0.04401574656367302 0.04191146045923233 imageu_546892871169
28610 0.1479709893465042 0.0924917683005333 0.04191853106021881 imagef_547188866869
28620 0.04458315297961235 0.028849447146058083 0.04191206768155098 imaged_546921866804
28630 0.039078257977962494 0.025273079052567482 0.041905730962753296 imaged_547041853338
28640 0.035816892981529236 0.027212750166654587 0.04191291704773903 imager_547084862980
28650 0.13341863453388214 0.074264757335186 0.041930172592401505 imager_546839884906
28660 0.03525010496377945 0.02567620389163494 0.04193791002035141 imager_547128873606
28670 0.06909441202878952 0.04086732864379883 0.04193289950489998 imagef_547111856605
28680 0.01712859980762005 0.010061634704470634 0.04191521182656288 imagel_546950862437
28690 0.07597581297159195 0.04660086706280708 0.04188207909464836 imageb_547115860606
28700 0.020152512937784195 0.01101878471672535 0.04184853658080101 imagel_546968880435
28710 0.0709289163351059 0.04482360556721687 0.04182326793670654 imageb_546924869806
28720 0.0669359639286995 0.04246086627244949 0.04181286320090294 imageu_546914859807
28730 0.04970249906182289 0.03124694898724556 0.0418228879570961 imageu_546994873075
28740 0.03527795523405075 0.030099967494606972 0.041831232607364655 imager_546929874807
28750 0.1864376664161682 0.10526260733604431 0.04183809831738472 imageb_546849861536
28760 0.012658401392400265 0.0087750144302845 0.04184179753065109 imagel_547142854240
28770 0.03328896313905716 0.02487107366323471 0.04183058813214302 imager_547159871241
28780 0.04352681338787079 0.026091016829013824 0.04180916026234627 imagef_547070882331
28790 0.09006226062774658 0.055996835231781006 0.04179446026682854 imaged_546849861536
28800 0.0510605089366436 0.03174389526247978 0.041786544024944305 imageb_547031876706
28810 0.045874327421188354 0.028252722695469856 0.041792433708906174 imageb_547058870341
28820 0.030377445742487907 0.020748158916831017 0.04177366942167282 imager_547096874977
28830 0.06502912193536758 0.03939216583967209 0.0417657233774662 imageu_547023868703
28840 0.020137537270784378 0.012256382033228874 0.04176517203450203 imagel_546965877440
28850 0.0460994727909565 0.03166281804442406 0.04174579307436943 imageb_546934879798
28860 0.0536644384264946 0.03340187668800354 0.04172375053167343 imageb_547016861703
28870 0.07072781771421432 0.04277094826102257 0.04170827567577362 imagef_546939884803
28880 0.06644518673419952 0.0440983884036541 0.041702449321746826 imagef_547152864241
28890 0.10530634224414825 0.0602046400308609 0.041711386293172836 imageu_547181859871
28900 0.07187194377183914 0.04506094753742218 0.04170725867152214 imaged_547172884238
28910 0.018551001325249672 0.012061373330652714 0.04169655218720436 imagel_546856868537
28920 0.06863734871149063 0.04838936775922775 0.04168422520160675 imager_547205883874
28930 0.05442245304584503 0.038048502057790756 0.04167480766773224 imageb_546938883810
28940 0.05723525211215019 0.04128338396549225 0.041651662439107895 imageb_546931876806
28950 0.04825549200177193 0.03280773386359215 0.04163657873868942 imaged_547126871606
28960 0.18668454885482788 0.08280382305383682 0.04163732752203941 imageu_546839884906
28970 0.05590515956282616 0.029844209551811218 0.04163805767893791 imagef_547072884335
28980 0.06621624529361725 0.04074130207300186 0.04163536801934242 imagel_546846858536
28990 0.03879772126674652 0.03007863461971283 0.041621629148721695 imager_547009854705
29000 0.0744652971625328 0.039092134684324265 0.04160597175359726 imageb_547167879238
29010 0.019998587667942047 0.011841101571917534 0.04161255806684494 imagel_546960872437
29020 0.06609661877155304 0.039237622171640396 0.0416005440056324 imageb_547045857339
29030 0.013850457035005093 0.011073431931436062 0.04158030077815056 imagel_546887866191
29040 0.011555121280252934 0.008816963993012905 0.0415484756231308 imagel_546868880541
29050 0.07317112386226654 0.050000663846731186 0.041511356830596924 imagef_547009854705
29060 0.03727061301469803 0.02348148263990879 0.04149094596505165 imaged_547154866233
29070 0.07237378507852554 0.04758482053875923 0.04148338362574577 imaged_546877856173
29080 0.054710905998945236 0.0401262603700161 0.04149041324853897 imaged_547167879238
29090 0.0470721498131752 0.027980152517557144 0.04150724038481712 imageb_547070882331
29100 0.0166192427277565 0.0104837566614151 0.041510023176670074 imagel_547109854609
29110 0.041846323758363724 0.031873542815446854 0.04150588810443878 imager_547018863705
29120 0.06763070821762085 0.04158005863428116 0.041483405977487564 imageb_546895874174
29130 0.06417625397443771 0.03826833516359329 0.04145949333906174 imageb_546916861809
29140 0.027285713702440262 0.014526191167533398 0.04144245386123657 imagel_546909854806
29150 0.07463449984788895 0.05980216711759567 0.04143568128347397 imager_546860872536
29160 0.03314995393157005 0.026599125936627388 0.04141747206449509 imager_546980859076
29170 0.06113692745566368 0.03647546097636223 0.041405390948057175 imageb_547152864241
29180 0.013134955428540707 0.008922203443944454 0.04139898344874382 imagel_546997876076
29190 0.04164185747504234 0.027194848284125328 0.041408129036426544 imaged_547160872234
29200 0.03785651549696922 0.02733227238059044 0.04143069311976433 imagef_546868880541
29210 0.0351484939455986 0.025538373738527298 0.04143473133444786 imager_547004883077
29220 0.0616278350353241 0.04339070990681648 0.04143045097589493 imaged_546883862169
29230 0.021167010068893433 0.012749707326292992 0.041414525359869 imagel_547023868703
29240 0.04093177616596222 0.031059466302394867 0.04139380529522896 imager_546962874438
29250 0.036751773208379745 0.027952641248703003 0.04138240963220596 imager_546960872437
29260 0.07424870133399963 0.0475735180079937 0.04137439653277397 imageu_547138883611
29270 0.011730274185538292 0.008615061640739441 0.04137716814875603 imagel_547094872971
29280 0.07160666584968567 0.042444657534360886 0.04138324037194252 imageb_547157869236
29290 0.06805763393640518 0.040089692920446396 0.041379544883966446 imager_547172884238
29300 0.0645550861954689 0.03972453624010086 0.04137013107538223 imageu_547001880072
29310 0.07918646931648254 0.04776919633150101 0.04136437922716141 imageu_546922867806
29320 0.0991390123963356 0.049888137727975845 0.04137089103460312 imaged_546841853547
29330 0.03804139047861099 0.0257656741887331 0.04136569797992706 imaged_546989868066
29340 0.04264805093407631 0.026296360418200493 0.041344013065099716 imageu_547062874337
29350 0.03710147365927696 0.024581294506788254 0.0413435734808445 imageb_546866878536
29360 0.058135636150836945 0.03538931533694267 0.04132714867591858 imagef_547086864973
29370 0.020406289026141167 0.013275180011987686 0.04133373871445656 imagel_546934879798
29380 0.03245015814900398 0.028042808175086975 0.0413389690220356 imager_546924869806
29390 0.035114776343107224 0.021367989480495453 0.0413258858025074 imaged_547081859975
29400 0.022326713427901268 0.01440284214913845 0.04133005812764168 imagel_547133878607
29410 0.12068866193294525 0.06588926911354065 0.041311826556921005 imagef_547201879876
29420 0.04565533250570297 0.028205102309584618 0.041294924914836884 imageb_546994873075
29430 0.06013423204421997 0.04531008377671242 0.041283007711172104 imaged_546887866191
29440 0.06878980249166489 0.04112763702869415 0.04127487167716026 imageu_547140885602
29450 0.018595289438962936 0.012132556177675724 0.041266538202762604 imagel_546975854071
29460 0.04054081812500954 0.02555156871676445 0.04124360531568527 imaged_547036881708
29470 0.08945289999246597 0.04876195266842842 0.0412093922495842 imagef_546873885533
29480 0.05780896171927452 0.0353446900844574 0.041199665516614914 imagef_547135880603
29490 0.030569061636924744 0.015012478455901146 0.04120275750756264 imagel_547154866233
29500 0.06276542693376541 0.040002644062042236 0.041193246841430664 imageu_547142854240
29510 0.06939096748828888 0.0385800376534462 0.041193556040525436 imageu_546967879439
29520 0.029950875788927078 0.022662075236439705 0.0412098690867424 imager_546916861809
29530 0.06989961862564087 0.04418884962797165 0.04122111201286316 imageu_547133878607
29540 0.07692255079746246 0.0545361265540123 0.04121942073106766 imageu_547115860606
29550 0.1504603773355484 0.10148026794195175 0.04120619595050812 imagef_547193871872
29560 0.0343068428337574 0.025785988196730614 0.0412023551762104 imager_547101879972
29570 0.04526550695300102 0.027432089671492577 0.0411989800632 imaged_547084862980
29580 0.05483214184641838 0.03480572998523712 0.04121696949005127 imageb_546973885436
29590 0.011341230943799019 0.008712421171367168 0.04121515154838562 imagel_546992871071
29600 0.022896772250533104 0.016242319718003273 0.04122239351272583 imagel_546863875543
29610 0.05017443373799324 0.03244177997112274 0.04121362045407295 imaged_546917862811
29620 0.036911919713020325 0.023603923618793488 0.041204486042261124 imaged_546962874438
29630 0.06391985714435577 0.039591170847415924 0.04119975492358208 imagef_547035880703
29640 0.051653601229190826 0.033422429114580154 0.04119482263922691 imaged_546951863443
29650 0.03679651394486427 0.02337035723030567 0.0412026047706604 imaged_546965877440
29660 0.08641113340854645 0.04230017960071564 0.04121695086359978 imageu_547166878243
29670 0.05761244520545006 0.04249965772032738 0.04120281711220741 imageb_546929874807
29680 0.0545661561191082 0.03506598249077797 0.041186295449733734 imageb_547011856705
29690 0.03633115813136101 0.02549067698419094 0.04116615653038025 imager_546858870537
29700 0.017686035484075546 0.01176678016781807 0.04113418981432915 imagel_546912857810
29710 0.06620804220438004 0.04072856903076172 0.041115131229162216 imageu_546919864808
29720 0.055364713072776794 0.03777758777141571 0.04111368581652641 imaged_546882861171
29730 0.055522095412015915 0.03434155136346817 0.04109678044915199 imageu_546999878077
29740 0.05056092515587807 0.02969471551477909 0.04107833281159401 imagef_547064876339
29750 0.2087567150592804 0.11788386851549149 0.041048623621463776 imageb_546848860533
29760 0.021280743181705475 0.014010729268193245 0.04104738309979439 imagel_547006885077
29770 0.012888681143522263 0.008687199093401432 0.041049543768167496 imagel_547096874977
29780 0.016677405685186386 0.010604076087474823 0.041042301803827286 imagel_547152864241
29790 0.06028762459754944 0.03724217042326927 0.04105051979422569 imageu_547103881966
29800 0.022858183830976486 0.012438468635082245 0.04105919599533081 imagel_547043855348
29810 0.018762540072202682 0.013160563074052334 0.04105495661497116 imagel_547007852711
29820 0.03862111270427704 0.023472173139452934 0.041042178869247437 imaged_546970882435
29830 0.019150029867887497 0.011778750456869602 0.04102874919772148 imagel_547128873606
29840 0.026002053171396255 0.022428229451179504 0.04102743789553642 imager_546873885533
29850 0.029469136148691177 0.020336106419563293 0.041025128215551376 imagel_546899878172
29860 0.08105973154306412 0.04735199362039566 0.04100639000535011 imagel_547201879876
29870 0.0838041678071022 0.05123203992843628 0.04099001735448837 imageu_546907852806
29880 0.07025846093893051 0.04354068264365196 0.040999457240104675 imageu_546982861070
29890 0.053259044885635376 0.02993248961865902 0.04099119454622269 imaged_546907852806
29900 0.0614844486117363 0.03791018947958946 0.04098837822675705 imageb_547099877967
29910 0.029388943687081337 0.021448448300361633 0.04099150747060776 imager_547118863609
29920 0.039714135229587555 0.027971142902970314 0.04100710526108742 imager_546895874174
29930 0.058337774127721786 0.03591997176408768 0.04102284833788872 imageu_546996875070
29940 0.2265477478504181 0.20849905908107758 0.04103850573301315 imager_547174852869
29950 0.040281347930431366 0.02642517164349556 0.04103327915072441 imaged_546894873172
29960 0.051181141287088394 0.028707820922136307 0.04103775694966316 imageu_547048860337
29970 0.0661061629652977 0.041274748742580414 0.04105130210518837 imageu_547130875605
29980 0.05421144515275955 0.03273340314626694 0.04104526340961456 imagef_547001880072
29990 0.046406108886003494 0.03815092146396637 0.041039638221263885 imageb_546870882540
30000 0.055005528032779694 0.03184216096997261 0.04101987183094025 imagef_547147859235
